providerField,canonicalKey,acquisitionSurface,providerTimestamp,synqReceivedAt,requestStartedAt,requestCompletedAt,sequenceNumber,numericValue,rawValueJson,physicalSampleFingerprint,requestedInterval,requestedAggregation,aggregateBucketIdentity,hfWindowFrom,hfWindowTo,hfActualQueryTo,acquisitionOrdinal
obdEngineLoad,CAN_ENGINE_LOAD,LATEST_LIVE,2026-09-02T17:48:54.000Z,2026-09-02T18:59:15.949Z,2026-09-02T18:59:15.730Z,2026-09-02T18:59:15.949Z,1,0,"{""value"":0,""timestamp"":""2026-09-02T17:48:54Z""}",,,,,,,,1
obdEngineLoad,CAN_ENGINE_LOAD,LATEST_LIVE,2026-09-02T17:48:54.000Z,2026-09-02T18:59:22.101Z,2026-09-02T18:59:21.772Z,2026-09-02T18:59:22.101Z,32,0,"{""value"":0,""timestamp"":""2026-09-02T17:48:54Z""}",,,,,,,,12
obdEngineLoad,CAN_ENGINE_LOAD,LATEST_LIVE,2026-09-02T17:48:54.000Z,2026-09-02T18:59:28.041Z,2026-09-02T18:59:27.805Z,2026-09-02T18:59:28.041Z,37,0,"{""value"":0,""timestamp"":""2026-09-02T17:48:54Z""}",,,,,,,,17
obdEngineLoad,CAN_ENGINE_LOAD,LATEST_LIVE,2026-09-02T17:48:54.000Z,2026-09-02T18:59:34.101Z,2026-09-02T18:59:33.640Z,2026-09-02T18:59:34.101Z,42,0,"{""value"":0,""timestamp"":""2026-09-02T17:48:54Z""}",,,,,,,,22
obdEngineLoad,CAN_ENGINE_LOAD,LATEST_LIVE,2026-09-02T17:48:54.000Z,2026-09-02T18:59:39.958Z,2026-09-02T18:59:39.672Z,2026-09-02T18:59:39.958Z,47,0,"{""value"":0,""timestamp"":""2026-09-02T17:48:54Z""}",,,,,,,,27
obdEngineLoad,CAN_ENGINE_LOAD,LATEST_LIVE,2026-09-02T17:48:54.000Z,2026-09-02T18:59:45.643Z,2026-09-02T18:59:45.415Z,2026-09-02T18:59:45.643Z,52,0,"{""value"":0,""timestamp"":""2026-09-02T17:48:54Z""}",,,,,,,,32
obdEngineLoad,CAN_ENGINE_LOAD,LATEST_LIVE,2026-09-02T18:59:47.000Z,2026-09-02T18:59:51.860Z,2026-09-02T18:59:51.544Z,2026-09-02T18:59:51.860Z,83,24.70588235294118,"{""value"":24.70588235294118,""timestamp"":""2026-09-02T18:59:47Z""}",,,,,,,,43
obdEngineLoad,CAN_ENGINE_LOAD,HF_HISTORICAL,2026-09-02T18:59:45.646Z,2026-09-02T18:59:52.125Z,2026-09-02T18:59:51.863Z,2026-09-02T18:59:52.125Z,88,0,0,80ef109472d2cb3566f0e21fa80c70641a5e9aae76e032819ac0dfee6d454bfc,1s,AVG,80ef109472d2cb3566f0e21fa80c70641a5e9aae76e032819ac0dfee6d454bfc,2026-09-02T18:59:43.646Z,2026-09-02T18:59:51.863Z,2026-09-02T18:59:51.863Z,48
obdEngineLoad,CAN_ENGINE_LOAD,HF_HISTORICAL,2026-09-02T18:59:46.646Z,2026-09-02T18:59:52.125Z,2026-09-02T18:59:51.863Z,2026-09-02T18:59:52.125Z,93,24.70588235294118,24.70588235294118,cf96727d6ec90b8ab0ecc25113c2f1930a6797c359458b498cdfc0c453c52be7,1s,AVG,cf96727d6ec90b8ab0ecc25113c2f1930a6797c359458b498cdfc0c453c52be7,2026-09-02T18:59:43.646Z,2026-09-02T18:59:51.863Z,2026-09-02T18:59:51.863Z,53
obdEngineLoad,CAN_ENGINE_LOAD,LATEST_LIVE,2026-09-02T18:59:53.000Z,2026-09-02T18:59:57.781Z,2026-09-02T18:59:57.480Z,2026-09-02T18:59:57.781Z,98,25.09803921568627,"{""value"":25.09803921568627,""timestamp"":""2026-09-02T18:59:53Z""}",,,,,,,,58
obdEngineLoad,CAN_ENGINE_LOAD,HF_HISTORICAL,2026-09-02T18:59:49.863Z,2026-09-02T18:59:58.032Z,2026-09-02T18:59:57.784Z,2026-09-02T18:59:58.032Z,103,25.49019607843137,25.49019607843137,d7a0e5de3a18218c6ba2bafa3e039686eae5a898feada9545c298bcab8bbbe38,1s,AVG,d7a0e5de3a18218c6ba2bafa3e039686eae5a898feada9545c298bcab8bbbe38,2026-09-02T18:59:49.863Z,2026-09-02T18:59:57.784Z,2026-09-02T18:59:57.784Z,63
obdEngineLoad,CAN_ENGINE_LOAD,HF_HISTORICAL,2026-09-02T18:59:50.863Z,2026-09-02T18:59:58.032Z,2026-09-02T18:59:57.784Z,2026-09-02T18:59:58.032Z,108,24.70588235294118,24.70588235294118,1648db7bcffa2a95173a6a09eee8b486b66f555f661bff6f0017d89cb6636446,1s,AVG,1648db7bcffa2a95173a6a09eee8b486b66f555f661bff6f0017d89cb6636446,2026-09-02T18:59:49.863Z,2026-09-02T18:59:57.784Z,2026-09-02T18:59:57.784Z,68
obdEngineLoad,CAN_ENGINE_LOAD,HF_HISTORICAL,2026-09-02T18:59:52.863Z,2026-09-02T18:59:58.032Z,2026-09-02T18:59:57.784Z,2026-09-02T18:59:58.032Z,113,25.09803921568627,25.09803921568627,f956db78090c211351d09ce8936d1b2d5e46edbd5378eb0bd44a3e304fedfa55,1s,AVG,f956db78090c211351d09ce8936d1b2d5e46edbd5378eb0bd44a3e304fedfa55,2026-09-02T18:59:49.863Z,2026-09-02T18:59:57.784Z,2026-09-02T18:59:57.784Z,73
obdEngineLoad,CAN_ENGINE_LOAD,LATEST_LIVE,2026-09-02T18:59:57.000Z,2026-09-02T19:00:03.829Z,2026-09-02T19:00:03.423Z,2026-09-02T19:00:03.829Z,118,25.49019607843137,"{""value"":25.49019607843137,""timestamp"":""2026-09-02T18:59:57Z""}",,,,,,,,78
obdEngineLoad,CAN_ENGINE_LOAD,HF_HISTORICAL,2026-09-02T18:59:56.784Z,2026-09-02T19:00:04.205Z,2026-09-02T19:00:03.835Z,2026-09-02T19:00:04.205Z,123,25.49019607843137,25.49019607843137,5a6c88fb9df5df1fee9393be5d86cc8dd62a9f537801b44af24537d1271158ca,1s,AVG,5a6c88fb9df5df1fee9393be5d86cc8dd62a9f537801b44af24537d1271158ca,2026-09-02T18:59:55.784Z,2026-09-02T19:00:03.835Z,2026-09-02T19:00:03.835Z,83
obdEngineLoad,CAN_ENGINE_LOAD,LATEST_LIVE,2026-09-02T18:59:59.000Z,2026-09-02T19:00:10.422Z,2026-09-02T19:00:10.054Z,2026-09-02T19:00:10.422Z,128,25.49019607843137,"{""value"":25.49019607843137,""timestamp"":""2026-09-02T18:59:59Z""}",,,,,,,,88
obdEngineLoad,CAN_ENGINE_LOAD,LATEST_LIVE,2026-09-02T18:59:59.000Z,2026-09-02T19:00:16.365Z,2026-09-02T19:00:16.117Z,2026-09-02T19:00:16.365Z,133,25.49019607843137,"{""value"":25.49019607843137,""timestamp"":""2026-09-02T18:59:59Z""}",,,,,,,,93
obdEngineLoad,CAN_ENGINE_LOAD,LATEST_LIVE,2026-09-02T18:59:59.000Z,2026-09-02T19:00:22.201Z,2026-09-02T19:00:21.969Z,2026-09-02T19:00:22.201Z,138,25.49019607843137,"{""value"":25.49019607843137,""timestamp"":""2026-09-02T18:59:59Z""}",,,,,,,,98
obdEngineLoad,CAN_ENGINE_LOAD,LATEST_LIVE,2026-09-02T19:00:18.000Z,2026-09-02T19:00:28.267Z,2026-09-02T19:00:27.998Z,2026-09-02T19:00:28.267Z,169,25.49019607843137,"{""value"":25.49019607843137,""timestamp"":""2026-09-02T19:00:18Z""}",,,,,,,,109
obdEngineLoad,CAN_ENGINE_LOAD,LATEST_LIVE,2026-09-02T19:00:18.000Z,2026-09-02T19:00:34.036Z,2026-09-02T19:00:33.754Z,2026-09-02T19:00:34.036Z,174,25.49019607843137,"{""value"":25.49019607843137,""timestamp"":""2026-09-02T19:00:18Z""}",,,,,,,,114
obdEngineLoad,CAN_ENGINE_LOAD,LATEST_LIVE,2026-09-02T19:00:18.000Z,2026-09-02T19:00:39.888Z,2026-09-02T19:00:39.577Z,2026-09-02T19:00:39.888Z,179,25.49019607843137,"{""value"":25.49019607843137,""timestamp"":""2026-09-02T19:00:18Z""}",,,,,,,,119
obdEngineLoad,CAN_ENGINE_LOAD,LATEST_LIVE,2026-09-02T19:00:18.000Z,2026-09-02T19:00:45.903Z,2026-09-02T19:00:45.637Z,2026-09-02T19:00:45.903Z,184,25.49019607843137,"{""value"":25.49019607843137,""timestamp"":""2026-09-02T19:00:18Z""}",,,,,,,,124
obdEngineLoad,CAN_ENGINE_LOAD,LATEST_LIVE,2026-09-02T19:00:18.000Z,2026-09-02T19:00:51.651Z,2026-09-02T19:00:51.457Z,2026-09-02T19:00:51.651Z,189,25.49019607843137,"{""value"":25.49019607843137,""timestamp"":""2026-09-02T19:00:18Z""}",,,,,,,,129
obdEngineLoad,CAN_ENGINE_LOAD,LATEST_LIVE,2026-09-02T19:00:18.000Z,2026-09-02T19:00:57.427Z,2026-09-02T19:00:57.200Z,2026-09-02T19:00:57.427Z,194,25.49019607843137,"{""value"":25.49019607843137,""timestamp"":""2026-09-02T19:00:18Z""}",,,,,,,,134
obdEngineLoad,CAN_ENGINE_LOAD,LATEST_LIVE,2026-09-02T19:00:18.000Z,2026-09-02T19:01:04.063Z,2026-09-02T19:01:03.474Z,2026-09-02T19:01:04.063Z,225,25.49019607843137,"{""value"":25.49019607843137,""timestamp"":""2026-09-02T19:00:18Z""}",,,,,,,,145
obdEngineLoad,CAN_ENGINE_LOAD,LATEST_LIVE,2026-09-02T19:00:18.000Z,2026-09-02T19:01:10.175Z,2026-09-02T19:01:09.888Z,2026-09-02T19:01:10.175Z,230,25.49019607843137,"{""value"":25.49019607843137,""timestamp"":""2026-09-02T19:00:18Z""}",,,,,,,,150
obdEngineLoad,CAN_ENGINE_LOAD,LATEST_LIVE,2026-09-02T19:00:18.000Z,2026-09-02T19:01:16.049Z,2026-09-02T19:01:15.704Z,2026-09-02T19:01:16.049Z,235,25.49019607843137,"{""value"":25.49019607843137,""timestamp"":""2026-09-02T19:00:18Z""}",,,,,,,,155
obdEngineLoad,CAN_ENGINE_LOAD,LATEST_LIVE,2026-09-02T19:00:18.000Z,2026-09-02T19:01:21.877Z,2026-09-02T19:01:21.651Z,2026-09-02T19:01:21.877Z,240,25.49019607843137,"{""value"":25.49019607843137,""timestamp"":""2026-09-02T19:00:18Z""}",,,,,,,,160
obdEngineLoad,CAN_ENGINE_LOAD,LATEST_LIVE,2026-09-02T19:00:18.000Z,2026-09-02T19:01:27.688Z,2026-09-02T19:01:27.383Z,2026-09-02T19:01:27.688Z,245,25.49019607843137,"{""value"":25.49019607843137,""timestamp"":""2026-09-02T19:00:18Z""}",,,,,,,,165
obdEngineLoad,CAN_ENGINE_LOAD,LATEST_LIVE,2026-09-02T19:00:18.000Z,2026-09-02T19:01:33.671Z,2026-09-02T19:01:33.425Z,2026-09-02T19:01:33.671Z,250,25.49019607843137,"{""value"":25.49019607843137,""timestamp"":""2026-09-02T19:00:18Z""}",,,,,,,,170
obdEngineLoad,CAN_ENGINE_LOAD,LATEST_LIVE,2026-09-02T19:00:18.000Z,2026-09-02T19:01:39.674Z,2026-09-02T19:01:39.454Z,2026-09-02T19:01:39.674Z,281,25.49019607843137,"{""value"":25.49019607843137,""timestamp"":""2026-09-02T19:00:18Z""}",,,,,,,,181
obdEngineLoad,CAN_ENGINE_LOAD,LATEST_LIVE,2026-09-02T19:00:18.000Z,2026-09-02T19:01:45.526Z,2026-09-02T19:01:45.290Z,2026-09-02T19:01:45.526Z,286,25.49019607843137,"{""value"":25.49019607843137,""timestamp"":""2026-09-02T19:00:18Z""}",,,,,,,,186
obdEngineLoad,CAN_ENGINE_LOAD,LATEST_LIVE,2026-09-02T19:00:18.000Z,2026-09-02T19:01:51.285Z,2026-09-02T19:01:50.993Z,2026-09-02T19:01:51.285Z,291,25.49019607843137,"{""value"":25.49019607843137,""timestamp"":""2026-09-02T19:00:18Z""}",,,,,,,,191
obdEngineLoad,CAN_ENGINE_LOAD,LATEST_LIVE,2026-09-02T19:00:18.000Z,2026-09-02T19:01:57.205Z,2026-09-02T19:01:56.972Z,2026-09-02T19:01:57.205Z,296,25.49019607843137,"{""value"":25.49019607843137,""timestamp"":""2026-09-02T19:00:18Z""}",,,,,,,,196
obdEngineLoad,CAN_ENGINE_LOAD,LATEST_LIVE,2026-09-02T19:00:18.000Z,2026-09-02T19:02:03.161Z,2026-09-02T19:02:02.764Z,2026-09-02T19:02:03.161Z,301,25.49019607843137,"{""value"":25.49019607843137,""timestamp"":""2026-09-02T19:00:18Z""}",,,,,,,,201
obdEngineLoad,CAN_ENGINE_LOAD,LATEST_LIVE,2026-09-02T19:00:18.000Z,2026-09-02T19:02:08.905Z,2026-09-02T19:02:08.660Z,2026-09-02T19:02:08.905Z,306,25.49019607843137,"{""value"":25.49019607843137,""timestamp"":""2026-09-02T19:00:18Z""}",,,,,,,,206
obdEngineLoad,CAN_ENGINE_LOAD,LATEST_LIVE,2026-09-02T19:00:18.000Z,2026-09-02T19:02:14.934Z,2026-09-02T19:02:14.629Z,2026-09-02T19:02:14.934Z,337,25.49019607843137,"{""value"":25.49019607843137,""timestamp"":""2026-09-02T19:00:18Z""}",,,,,,,,217
obdEngineLoad,CAN_ENGINE_LOAD,LATEST_LIVE,2026-09-02T19:00:18.000Z,2026-09-02T19:02:20.752Z,2026-09-02T19:02:20.483Z,2026-09-02T19:02:20.752Z,342,25.49019607843137,"{""value"":25.49019607843137,""timestamp"":""2026-09-02T19:00:18Z""}",,,,,,,,222
obdEngineLoad,CAN_ENGINE_LOAD,LATEST_LIVE,2026-09-02T19:00:18.000Z,2026-09-02T19:02:26.617Z,2026-09-02T19:02:26.398Z,2026-09-02T19:02:26.617Z,347,25.49019607843137,"{""value"":25.49019607843137,""timestamp"":""2026-09-02T19:00:18Z""}",,,,,,,,227
obdEngineLoad,CAN_ENGINE_LOAD,LATEST_LIVE,2026-09-02T19:00:18.000Z,2026-09-02T19:02:32.648Z,2026-09-02T19:02:32.227Z,2026-09-02T19:02:32.648Z,352,25.49019607843137,"{""value"":25.49019607843137,""timestamp"":""2026-09-02T19:00:18Z""}",,,,,,,,232
obdEngineLoad,CAN_ENGINE_LOAD,LATEST_LIVE,2026-09-02T19:00:18.000Z,2026-09-02T19:02:38.941Z,2026-09-02T19:02:38.653Z,2026-09-02T19:02:38.941Z,357,25.49019607843137,"{""value"":25.49019607843137,""timestamp"":""2026-09-02T19:00:18Z""}",,,,,,,,237
obdEngineLoad,CAN_ENGINE_LOAD,LATEST_LIVE,2026-09-02T19:00:18.000Z,2026-09-02T19:02:44.730Z,2026-09-02T19:02:44.485Z,2026-09-02T19:02:44.730Z,362,25.49019607843137,"{""value"":25.49019607843137,""timestamp"":""2026-09-02T19:00:18Z""}",,,,,,,,242
obdEngineLoad,CAN_ENGINE_LOAD,LATEST_LIVE,2026-09-02T19:00:18.000Z,2026-09-02T19:02:50.829Z,2026-09-02T19:02:50.543Z,2026-09-02T19:02:50.829Z,393,25.49019607843137,"{""value"":25.49019607843137,""timestamp"":""2026-09-02T19:00:18Z""}",,,,,,,,253
obdEngineLoad,CAN_ENGINE_LOAD,LATEST_LIVE,2026-09-02T19:00:18.000Z,2026-09-02T19:02:56.638Z,2026-09-02T19:02:56.365Z,2026-09-02T19:02:56.638Z,398,25.49019607843137,"{""value"":25.49019607843137,""timestamp"":""2026-09-02T19:00:18Z""}",,,,,,,,258
obdEngineLoad,CAN_ENGINE_LOAD,LATEST_LIVE,2026-09-02T19:00:18.000Z,2026-09-02T19:03:02.397Z,2026-09-02T19:03:02.121Z,2026-09-02T19:03:02.397Z,403,25.49019607843137,"{""value"":25.49019607843137,""timestamp"":""2026-09-02T19:00:18Z""}",,,,,,,,263
obdEngineLoad,CAN_ENGINE_LOAD,LATEST_LIVE,2026-09-02T19:00:18.000Z,2026-09-02T19:03:08.475Z,2026-09-02T19:03:07.953Z,2026-09-02T19:03:08.475Z,408,25.49019607843137,"{""value"":25.49019607843137,""timestamp"":""2026-09-02T19:00:18Z""}",,,,,,,,268
obdEngineLoad,CAN_ENGINE_LOAD,LATEST_LIVE,2026-09-02T19:00:18.000Z,2026-09-02T19:03:14.327Z,2026-09-02T19:03:14.077Z,2026-09-02T19:03:14.327Z,413,25.49019607843137,"{""value"":25.49019607843137,""timestamp"":""2026-09-02T19:00:18Z""}",,,,,,,,273
obdEngineLoad,CAN_ENGINE_LOAD,LATEST_LIVE,2026-09-02T19:00:18.000Z,2026-09-02T19:03:20.417Z,2026-09-02T19:03:20.133Z,2026-09-02T19:03:20.417Z,418,25.49019607843137,"{""value"":25.49019607843137,""timestamp"":""2026-09-02T19:00:18Z""}",,,,,,,,278
obdEngineLoad,CAN_ENGINE_LOAD,LATEST_LIVE,2026-09-02T19:00:18.000Z,2026-09-02T19:03:26.994Z,2026-09-02T19:03:26.754Z,2026-09-02T19:03:26.994Z,449,25.49019607843137,"{""value"":25.49019607843137,""timestamp"":""2026-09-02T19:00:18Z""}",,,,,,,,289
obdEngineLoad,CAN_ENGINE_LOAD,LATEST_LIVE,2026-09-02T19:03:24.000Z,2026-09-02T19:03:33.385Z,2026-09-02T19:03:32.510Z,2026-09-02T19:03:33.385Z,454,0,"{""value"":0,""timestamp"":""2026-09-02T19:03:24Z""}",,,,,,,,294
obdEngineLoad,CAN_ENGINE_LOAD,LATEST_LIVE,2026-09-02T19:03:24.000Z,2026-09-02T19:03:39.521Z,2026-09-02T19:03:39.031Z,2026-09-02T19:03:39.521Z,459,0,"{""value"":0,""timestamp"":""2026-09-02T19:03:24Z""}",,,,,,,,299
obdEngineLoad,CAN_ENGINE_LOAD,LATEST_LIVE,2026-09-02T19:03:41.000Z,2026-09-02T19:03:45.421Z,2026-09-02T19:03:45.176Z,2026-09-02T19:03:45.421Z,464,0,"{""value"":0,""timestamp"":""2026-09-02T19:03:41Z""}",,,,,,,,304
obdEngineLoad,CAN_ENGINE_LOAD,HF_HISTORICAL,2026-09-02T19:03:39.522Z,2026-09-02T19:03:45.616Z,2026-09-02T19:03:45.423Z,2026-09-02T19:03:45.616Z,469,0,0,7a857fc2ba8835aa60a32e82cd65247b04df636d4727452c3f0379abf708b7a2,1s,AVG,7a857fc2ba8835aa60a32e82cd65247b04df636d4727452c3f0379abf708b7a2,2026-09-02T19:03:37.522Z,2026-09-02T19:03:45.423Z,2026-09-02T19:03:45.423Z,309
obdEngineLoad,CAN_ENGINE_LOAD,HF_HISTORICAL,2026-09-02T19:03:40.522Z,2026-09-02T19:03:45.616Z,2026-09-02T19:03:45.423Z,2026-09-02T19:03:45.616Z,474,0,0,cb85d2abb6f4fe326bf8e4bfd967f19c167db7b91ad945684ecf1aa826e2845e,1s,AVG,cb85d2abb6f4fe326bf8e4bfd967f19c167db7b91ad945684ecf1aa826e2845e,2026-09-02T19:03:37.522Z,2026-09-02T19:03:45.423Z,2026-09-02T19:03:45.423Z,314
obdEngineLoad,CAN_ENGINE_LOAD,LATEST_LIVE,2026-09-02T19:03:46.000Z,2026-09-02T19:03:51.189Z,2026-09-02T19:03:50.897Z,2026-09-02T19:03:51.189Z,479,39.21568627450981,"{""value"":39.21568627450981,""timestamp"":""2026-09-02T19:03:46Z""}",,,,,,,,319
obdEngineLoad,CAN_ENGINE_LOAD,HF_HISTORICAL,2026-09-02T19:03:44.423Z,2026-09-02T19:03:51.378Z,2026-09-02T19:03:51.190Z,2026-09-02T19:03:51.378Z,484,39.21568627450981,39.21568627450981,50b61b189ecfe8541ae6f6e1504ff88cfa7cad5e32b39ec242a436086717ba11,1s,AVG,50b61b189ecfe8541ae6f6e1504ff88cfa7cad5e32b39ec242a436086717ba11,2026-09-02T19:03:43.423Z,2026-09-02T19:03:51.190Z,2026-09-02T19:03:51.190Z,324
obdEngineLoad,CAN_ENGINE_LOAD,HF_HISTORICAL,2026-09-02T19:03:45.423Z,2026-09-02T19:03:51.378Z,2026-09-02T19:03:51.190Z,2026-09-02T19:03:51.378Z,489,39.21568627450981,39.21568627450981,86cdafad9d8f25d535afa099b3d5e22f5c2d0594902020ce6b1dc70236815d7f,1s,AVG,86cdafad9d8f25d535afa099b3d5e22f5c2d0594902020ce6b1dc70236815d7f,2026-09-02T19:03:43.423Z,2026-09-02T19:03:51.190Z,2026-09-02T19:03:51.190Z,329
obdEngineLoad,CAN_ENGINE_LOAD,LATEST_LIVE,2026-09-02T19:03:53.000Z,2026-09-02T19:03:56.904Z,2026-09-02T19:03:56.660Z,2026-09-02T19:03:56.904Z,494,32.54901960784314,"{""value"":32.54901960784314,""timestamp"":""2026-09-02T19:03:53Z""}",,,,,,,,334
obdEngineLoad,CAN_ENGINE_LOAD,HF_HISTORICAL,2026-09-02T19:03:49.190Z,2026-09-02T19:03:57.120Z,2026-09-02T19:03:56.905Z,2026-09-02T19:03:57.120Z,499,36.07843137254902,36.07843137254902,50ea454eb7faa3fdd58a13a4a6c061d1cf36ccd62c1b76425eba98eb9bd01c4f,1s,AVG,50ea454eb7faa3fdd58a13a4a6c061d1cf36ccd62c1b76425eba98eb9bd01c4f,2026-09-02T19:03:49.190Z,2026-09-02T19:03:56.905Z,2026-09-02T19:03:56.905Z,339
obdEngineLoad,CAN_ENGINE_LOAD,HF_HISTORICAL,2026-09-02T19:03:52.190Z,2026-09-02T19:03:57.120Z,2026-09-02T19:03:56.905Z,2026-09-02T19:03:57.120Z,504,32.54901960784314,32.54901960784314,0e72bedaaf57b121e8a5c7856f8c5fbb659470b2f3c3cad216cd80160caccbf7,1s,AVG,0e72bedaaf57b121e8a5c7856f8c5fbb659470b2f3c3cad216cd80160caccbf7,2026-09-02T19:03:49.190Z,2026-09-02T19:03:56.905Z,2026-09-02T19:03:56.905Z,344
obdEngineLoad,CAN_ENGINE_LOAD,LATEST_LIVE,2026-09-02T19:03:57.000Z,2026-09-02T19:04:02.951Z,2026-09-02T19:04:02.688Z,2026-09-02T19:04:02.951Z,535,6.274509803921569,"{""value"":6.274509803921569,""timestamp"":""2026-09-02T19:03:57Z""}",,,,,,,,355
obdEngineLoad,CAN_ENGINE_LOAD,HF_HISTORICAL,2026-09-02T19:03:56.905Z,2026-09-02T19:04:03.167Z,2026-09-02T19:04:02.952Z,2026-09-02T19:04:03.167Z,540,6.274509803921569,6.274509803921569,9df789239450fd7998e890d97c2139362ddcb1ebc3162c8399fb0d623488733e,1s,AVG,9df789239450fd7998e890d97c2139362ddcb1ebc3162c8399fb0d623488733e,2026-09-02T19:03:54.905Z,2026-09-02T19:04:02.952Z,2026-09-02T19:04:02.952Z,360
obdEngineLoad,CAN_ENGINE_LOAD,LATEST_LIVE,2026-09-02T19:04:04.000Z,2026-09-02T19:04:08.756Z,2026-09-02T19:04:08.514Z,2026-09-02T19:04:08.756Z,544,0,"{""value"":0,""timestamp"":""2026-09-02T19:04:04Z""}",,,,,,,,364
obdEngineLoad,CAN_ENGINE_LOAD,HF_HISTORICAL,2026-09-02T19:04:03.952Z,2026-09-02T19:04:09.005Z,2026-09-02T19:04:08.760Z,2026-09-02T19:04:09.005Z,549,0,0,caaeef67959dccc0192db255171c57626b3afffe27d9da5636572053264c1676,1s,AVG,caaeef67959dccc0192db255171c57626b3afffe27d9da5636572053264c1676,2026-09-02T19:04:00.952Z,2026-09-02T19:04:08.760Z,2026-09-02T19:04:08.760Z,369
obdEngineLoad,CAN_ENGINE_LOAD,LATEST_LIVE,2026-09-02T19:04:10.000Z,2026-09-02T19:04:14.643Z,2026-09-02T19:04:14.347Z,2026-09-02T19:04:14.643Z,554,0,"{""value"":0,""timestamp"":""2026-09-02T19:04:10Z""}",,,,,,,,374
obdEngineLoad,CAN_ENGINE_LOAD,HF_HISTORICAL,2026-09-02T19:04:07.760Z,2026-09-02T19:04:14.991Z,2026-09-02T19:04:14.644Z,2026-09-02T19:04:14.991Z,559,0,0,f922a6208cf4d5dcc458f95130dcadeb38d1b23c7503f784eae6b1b7bc774ac2,1s,AVG,f922a6208cf4d5dcc458f95130dcadeb38d1b23c7503f784eae6b1b7bc774ac2,2026-09-02T19:04:06.760Z,2026-09-02T19:04:14.644Z,2026-09-02T19:04:14.644Z,379
obdEngineLoad,CAN_ENGINE_LOAD,HF_HISTORICAL,2026-09-02T19:04:09.760Z,2026-09-02T19:04:14.991Z,2026-09-02T19:04:14.644Z,2026-09-02T19:04:14.991Z,564,0,0,c85ad2420ae7f0d3f18a36985de167a04b29c4bbd78acf38a3135c5179987fd3,1s,AVG,c85ad2420ae7f0d3f18a36985de167a04b29c4bbd78acf38a3135c5179987fd3,2026-09-02T19:04:06.760Z,2026-09-02T19:04:14.644Z,2026-09-02T19:04:14.644Z,384
obdEngineLoad,CAN_ENGINE_LOAD,LATEST_LIVE,2026-09-02T19:04:16.000Z,2026-09-02T19:04:20.522Z,2026-09-02T19:04:20.291Z,2026-09-02T19:04:20.522Z,569,0,"{""value"":0,""timestamp"":""2026-09-02T19:04:16Z""}",,,,,,,,389
obdEngineLoad,CAN_ENGINE_LOAD,HF_HISTORICAL,2026-09-02T19:04:15.644Z,2026-09-02T19:04:20.732Z,2026-09-02T19:04:20.523Z,2026-09-02T19:04:20.732Z,574,0,0,b2ec8e54422458b209cc5a3212b0f91a1fd5ed978aff40b3abdc3a0f53778319,1s,AVG,b2ec8e54422458b209cc5a3212b0f91a1fd5ed978aff40b3abdc3a0f53778319,2026-09-02T19:04:12.644Z,2026-09-02T19:04:20.523Z,2026-09-02T19:04:20.523Z,394
obdEngineLoad,CAN_ENGINE_LOAD,LATEST_LIVE,2026-09-02T19:04:20.000Z,2026-09-02T19:04:26.342Z,2026-09-02T19:04:26.124Z,2026-09-02T19:04:26.342Z,579,18.82352941176471,"{""value"":18.82352941176471,""timestamp"":""2026-09-02T19:04:20Z""}",,,,,,,,399
obdEngineLoad,CAN_ENGINE_LOAD,HF_HISTORICAL,2026-09-02T19:04:19.523Z,2026-09-02T19:04:26.548Z,2026-09-02T19:04:26.344Z,2026-09-02T19:04:26.548Z,584,18.82352941176471,18.82352941176471,de90678c95b18cf178aaeb50055e5d8afa9e04522da17f8dcb817ebe37368056,1s,AVG,de90678c95b18cf178aaeb50055e5d8afa9e04522da17f8dcb817ebe37368056,2026-09-02T19:04:18.523Z,2026-09-02T19:04:26.344Z,2026-09-02T19:04:26.344Z,404
obdEngineLoad,CAN_ENGINE_LOAD,HF_HISTORICAL,2026-09-02T19:04:22.523Z,2026-09-02T19:04:26.548Z,2026-09-02T19:04:26.344Z,2026-09-02T19:04:26.548Z,589,18.82352941176471,18.82352941176471,895673d7793ec6dae8e3c65ff3bfe40bae8e2357c7686a883aa7a958ac800cc5,1s,AVG,895673d7793ec6dae8e3c65ff3bfe40bae8e2357c7686a883aa7a958ac800cc5,2026-09-02T19:04:18.523Z,2026-09-02T19:04:26.344Z,2026-09-02T19:04:26.344Z,409
obdEngineLoad,CAN_ENGINE_LOAD,LATEST_LIVE,2026-09-02T19:04:23.000Z,2026-09-02T19:04:32.120Z,2026-09-02T19:04:31.857Z,2026-09-02T19:04:32.120Z,594,18.82352941176471,"{""value"":18.82352941176471,""timestamp"":""2026-09-02T19:04:23Z""}",,,,,,,,414
obdEngineLoad,CAN_ENGINE_LOAD,LATEST_LIVE,2026-09-02T19:04:23.000Z,2026-09-02T19:04:38.281Z,2026-09-02T19:04:37.907Z,2026-09-02T19:04:38.281Z,625,18.82352941176471,"{""value"":18.82352941176471,""timestamp"":""2026-09-02T19:04:23Z""}",,,,,,,,425
obdEngineLoad,CAN_ENGINE_LOAD,LATEST_LIVE,2026-09-02T19:04:23.000Z,2026-09-02T19:04:43.976Z,2026-09-02T19:04:43.761Z,2026-09-02T19:04:43.976Z,630,18.82352941176471,"{""value"":18.82352941176471,""timestamp"":""2026-09-02T19:04:23Z""}",,,,,,,,430
obdEngineLoad,CAN_ENGINE_LOAD,LATEST_LIVE,2026-09-02T19:04:46.000Z,2026-09-02T19:04:49.842Z,2026-09-02T19:04:49.478Z,2026-09-02T19:04:49.842Z,635,47.84313725490196,"{""value"":47.84313725490196,""timestamp"":""2026-09-02T19:04:46Z""}",,,,,,,,435
obdEngineLoad,CAN_ENGINE_LOAD,HF_HISTORICAL,2026-09-02T19:04:41.977Z,2026-09-02T19:04:50.130Z,2026-09-02T19:04:49.844Z,2026-09-02T19:04:50.130Z,640,18.82352941176471,18.82352941176471,868211fb00a8c4c39257dd465bc911fcb3cc15833864a4369ba6ca5773d25f9f,1s,AVG,868211fb00a8c4c39257dd465bc911fcb3cc15833864a4369ba6ca5773d25f9f,2026-09-02T19:04:41.977Z,2026-09-02T19:04:49.844Z,2026-09-02T19:04:49.844Z,440
obdEngineLoad,CAN_ENGINE_LOAD,HF_HISTORICAL,2026-09-02T19:04:43.977Z,2026-09-02T19:04:50.130Z,2026-09-02T19:04:49.844Z,2026-09-02T19:04:50.130Z,645,34.90196078431372,34.90196078431372,dcbe19c8da28b979bcabda44f9f6565a0cec2c6368a29ae76e97c4b8e5b15633,1s,AVG,dcbe19c8da28b979bcabda44f9f6565a0cec2c6368a29ae76e97c4b8e5b15633,2026-09-02T19:04:41.977Z,2026-09-02T19:04:49.844Z,2026-09-02T19:04:49.844Z,445
obdEngineLoad,CAN_ENGINE_LOAD,HF_HISTORICAL,2026-09-02T19:04:45.977Z,2026-09-02T19:04:50.130Z,2026-09-02T19:04:49.844Z,2026-09-02T19:04:50.130Z,650,47.84313725490196,47.84313725490196,130303b48c41824cd64333ab86fd02565c43f0d644da7591abaceda8c3780295,1s,AVG,130303b48c41824cd64333ab86fd02565c43f0d644da7591abaceda8c3780295,2026-09-02T19:04:41.977Z,2026-09-02T19:04:49.844Z,2026-09-02T19:04:49.844Z,450
obdEngineLoad,CAN_ENGINE_LOAD,LATEST_LIVE,2026-09-02T19:04:50.000Z,2026-09-02T19:04:55.644Z,2026-09-02T19:04:55.414Z,2026-09-02T19:04:55.644Z,654,20,"{""value"":20,""timestamp"":""2026-09-02T19:04:50Z""}",,,,,,,,454
obdEngineLoad,CAN_ENGINE_LOAD,HF_HISTORICAL,2026-09-02T19:04:48.844Z,2026-09-02T19:04:55.854Z,2026-09-02T19:04:55.648Z,2026-09-02T19:04:55.854Z,659,20,20,1203c9e601286533fa694a311213b6391aba4a0ac1243a8de06814466b315017,1s,AVG,1203c9e601286533fa694a311213b6391aba4a0ac1243a8de06814466b315017,2026-09-02T19:04:47.844Z,2026-09-02T19:04:55.648Z,2026-09-02T19:04:55.648Z,459
obdEngineLoad,CAN_ENGINE_LOAD,HF_HISTORICAL,2026-09-02T19:04:49.844Z,2026-09-02T19:04:55.854Z,2026-09-02T19:04:55.648Z,2026-09-02T19:04:55.854Z,664,20,20,d36e205154af38148fe54cf624467d4130e313d192e623ec657fe114ddefd37b,1s,AVG,d36e205154af38148fe54cf624467d4130e313d192e623ec657fe114ddefd37b,2026-09-02T19:04:47.844Z,2026-09-02T19:04:55.648Z,2026-09-02T19:04:55.648Z,464
obdEngineLoad,CAN_ENGINE_LOAD,LATEST_LIVE,2026-09-02T19:04:50.000Z,2026-09-02T19:05:01.853Z,2026-09-02T19:05:01.430Z,2026-09-02T19:05:01.853Z,669,20,"{""value"":20,""timestamp"":""2026-09-02T19:04:50Z""}",,,,,,,,469
obdEngineLoad,CAN_ENGINE_LOAD,LATEST_LIVE,2026-09-02T19:04:54.000Z,2026-09-02T19:05:08.118Z,2026-09-02T19:05:07.876Z,2026-09-02T19:05:08.118Z,674,30.98039215686275,"{""value"":30.98039215686275,""timestamp"":""2026-09-02T19:04:54Z""}",,,,,,,,474
obdEngineLoad,CAN_ENGINE_LOAD,LATEST_LIVE,2026-09-02T19:05:09.000Z,2026-09-02T19:05:14.269Z,2026-09-02T19:05:13.980Z,2026-09-02T19:05:14.269Z,705,0,"{""value"":0,""timestamp"":""2026-09-02T19:05:09Z""}",,,,,,,,485
obdEngineLoad,CAN_ENGINE_LOAD,HF_HISTORICAL,2026-09-02T19:05:06.123Z,2026-09-02T19:05:14.506Z,2026-09-02T19:05:14.273Z,2026-09-02T19:05:14.506Z,710,30.98039215686275,30.98039215686275,135daefe89c9528cdb3162783e454b78421c15685ba5c6cce77de0cc64b3d423,1s,AVG,135daefe89c9528cdb3162783e454b78421c15685ba5c6cce77de0cc64b3d423,2026-09-02T19:05:06.123Z,2026-09-02T19:05:14.272Z,2026-09-02T19:05:14.272Z,490
obdEngineLoad,CAN_ENGINE_LOAD,HF_HISTORICAL,2026-09-02T19:05:07.123Z,2026-09-02T19:05:14.506Z,2026-09-02T19:05:14.273Z,2026-09-02T19:05:14.506Z,713,0,0,d372db50df0410c1e72f83e4b3ce0afc794679713098aede3da3d96a8972af53,1s,AVG,d372db50df0410c1e72f83e4b3ce0afc794679713098aede3da3d96a8972af53,2026-09-02T19:05:06.123Z,2026-09-02T19:05:14.272Z,2026-09-02T19:05:14.272Z,493
obdEngineLoad,CAN_ENGINE_LOAD,HF_HISTORICAL,2026-09-02T19:05:08.123Z,2026-09-02T19:05:14.506Z,2026-09-02T19:05:14.273Z,2026-09-02T19:05:14.506Z,715,0,0,ba323bdb4926e816de3d3e82800e11585c501953b76d2c09aab9bdcbf70e7e47,1s,AVG,ba323bdb4926e816de3d3e82800e11585c501953b76d2c09aab9bdcbf70e7e47,2026-09-02T19:05:06.123Z,2026-09-02T19:05:14.272Z,2026-09-02T19:05:14.272Z,495
obdEngineLoad,CAN_ENGINE_LOAD,HF_HISTORICAL,2026-09-02T19:05:09.123Z,2026-09-02T19:05:14.506Z,2026-09-02T19:05:14.273Z,2026-09-02T19:05:14.506Z,717,0,0,43931b2cd39bd80637fc6f5e99008140c1cc4dd898f89e847c3748f775f3b1fc,1s,AVG,43931b2cd39bd80637fc6f5e99008140c1cc4dd898f89e847c3748f775f3b1fc,2026-09-02T19:05:06.123Z,2026-09-02T19:05:14.272Z,2026-09-02T19:05:14.272Z,497
obdEngineLoad,CAN_ENGINE_LOAD,HF_HISTORICAL,2026-09-02T19:05:10.123Z,2026-09-02T19:05:14.506Z,2026-09-02T19:05:14.273Z,2026-09-02T19:05:14.506Z,719,0,0,669aaa169c3fdb580cc71b11e20515444225a8314c67bd4a7a7b713570218c07,1s,AVG,669aaa169c3fdb580cc71b11e20515444225a8314c67bd4a7a7b713570218c07,2026-09-02T19:05:06.123Z,2026-09-02T19:05:14.272Z,2026-09-02T19:05:14.272Z,499
obdEngineLoad,CAN_ENGINE_LOAD,LATEST_LIVE,2026-09-02T19:05:15.000Z,2026-09-02T19:05:20.314Z,2026-09-02T19:05:19.945Z,2026-09-02T19:05:20.314Z,721,0,"{""value"":0,""timestamp"":""2026-09-02T19:05:15Z""}",,,,,,,,501
obdEngineLoad,CAN_ENGINE_LOAD,HF_HISTORICAL,2026-09-02T19:05:12.272Z,2026-09-02T19:05:20.531Z,2026-09-02T19:05:20.315Z,2026-09-02T19:05:20.531Z,726,0,0,cf7be44848441b1b1cab3846986d501b227eda027935aded4fcb029b72578556,1s,AVG,cf7be44848441b1b1cab3846986d501b227eda027935aded4fcb029b72578556,2026-09-02T19:05:12.272Z,2026-09-02T19:05:20.315Z,2026-09-02T19:05:20.315Z,506
obdEngineLoad,CAN_ENGINE_LOAD,HF_HISTORICAL,2026-09-02T19:05:13.272Z,2026-09-02T19:05:20.531Z,2026-09-02T19:05:20.315Z,2026-09-02T19:05:20.531Z,728,0,0,dc65c7896876c35f4011798032c25ec9ce75a0d43caa1832846ba94f53178928,1s,AVG,dc65c7896876c35f4011798032c25ec9ce75a0d43caa1832846ba94f53178928,2026-09-02T19:05:12.272Z,2026-09-02T19:05:20.315Z,2026-09-02T19:05:20.315Z,508
obdEngineLoad,CAN_ENGINE_LOAD,HF_HISTORICAL,2026-09-02T19:05:14.272Z,2026-09-02T19:05:20.531Z,2026-09-02T19:05:20.315Z,2026-09-02T19:05:20.531Z,730,0,0,e863e49de5be98a4adc1636cfa5533cdeadf5755680c8e4916d2f99dca35d69e,1s,AVG,e863e49de5be98a4adc1636cfa5533cdeadf5755680c8e4916d2f99dca35d69e,2026-09-02T19:05:12.272Z,2026-09-02T19:05:20.315Z,2026-09-02T19:05:20.315Z,510
obdEngineLoad,CAN_ENGINE_LOAD,HF_HISTORICAL,2026-09-02T19:05:15.272Z,2026-09-02T19:05:20.531Z,2026-09-02T19:05:20.315Z,2026-09-02T19:05:20.531Z,732,0,0,2a056e94d99d77b8de4d2814f4464b8b121aa7494b426ce9a61cf420244346ef,1s,AVG,2a056e94d99d77b8de4d2814f4464b8b121aa7494b426ce9a61cf420244346ef,2026-09-02T19:05:12.272Z,2026-09-02T19:05:20.315Z,2026-09-02T19:05:20.315Z,512
obdEngineLoad,CAN_ENGINE_LOAD,LATEST_LIVE,2026-09-02T19:05:21.000Z,2026-09-02T19:05:26.205Z,2026-09-02T19:05:25.954Z,2026-09-02T19:05:26.205Z,734,0,"{""value"":0,""timestamp"":""2026-09-02T19:05:21Z""}",,,,,,,,514
obdEngineLoad,CAN_ENGINE_LOAD,HF_HISTORICAL,2026-09-02T19:05:18.315Z,2026-09-02T19:05:26.392Z,2026-09-02T19:05:26.207Z,2026-09-02T19:05:26.392Z,739,0,0,1d76bb57be0364eb34f00822ad161f5d84cfedfe32dcdf421912be6056b69cd2,1s,AVG,1d76bb57be0364eb34f00822ad161f5d84cfedfe32dcdf421912be6056b69cd2,2026-09-02T19:05:18.315Z,2026-09-02T19:05:26.207Z,2026-09-02T19:05:26.207Z,519
obdEngineLoad,CAN_ENGINE_LOAD,HF_HISTORICAL,2026-09-02T19:05:19.315Z,2026-09-02T19:05:26.392Z,2026-09-02T19:05:26.207Z,2026-09-02T19:05:26.392Z,741,0,0,ac1c11f050ca188e650fe87846f191ae7744ae0b723e26032e1504498a04b13f,1s,AVG,ac1c11f050ca188e650fe87846f191ae7744ae0b723e26032e1504498a04b13f,2026-09-02T19:05:18.315Z,2026-09-02T19:05:26.207Z,2026-09-02T19:05:26.207Z,521
obdEngineLoad,CAN_ENGINE_LOAD,HF_HISTORICAL,2026-09-02T19:05:20.315Z,2026-09-02T19:05:26.392Z,2026-09-02T19:05:26.207Z,2026-09-02T19:05:26.392Z,743,0,0,d42d3f547bb761540628333285f681a59493c6f361fb967bfd8709366afc2589,1s,AVG,d42d3f547bb761540628333285f681a59493c6f361fb967bfd8709366afc2589,2026-09-02T19:05:18.315Z,2026-09-02T19:05:26.207Z,2026-09-02T19:05:26.207Z,523
obdEngineLoad,CAN_ENGINE_LOAD,LATEST_LIVE,2026-09-02T19:05:26.000Z,2026-09-02T19:05:31.889Z,2026-09-02T19:05:31.682Z,2026-09-02T19:05:31.889Z,745,0,"{""value"":0,""timestamp"":""2026-09-02T19:05:26Z""}",,,,,,,,525
obdEngineLoad,CAN_ENGINE_LOAD,HF_HISTORICAL,2026-09-02T19:05:24.207Z,2026-09-02T19:05:32.127Z,2026-09-02T19:05:31.891Z,2026-09-02T19:05:32.127Z,750,0,0,d59406e3233d9b4e37c7dc7b0f6774b986fa48736224f7ec3f97b3b1b45b1e53,1s,AVG,d59406e3233d9b4e37c7dc7b0f6774b986fa48736224f7ec3f97b3b1b45b1e53,2026-09-02T19:05:24.207Z,2026-09-02T19:05:31.891Z,2026-09-02T19:05:31.891Z,530
obdEngineLoad,CAN_ENGINE_LOAD,HF_HISTORICAL,2026-09-02T19:05:25.207Z,2026-09-02T19:05:32.127Z,2026-09-02T19:05:31.891Z,2026-09-02T19:05:32.127Z,752,0,0,f6901f362a5fb52aebb8784edfa557b3f1df8cf9941e0f81520043b5ae0f55e6,1s,AVG,f6901f362a5fb52aebb8784edfa557b3f1df8cf9941e0f81520043b5ae0f55e6,2026-09-02T19:05:24.207Z,2026-09-02T19:05:31.891Z,2026-09-02T19:05:31.891Z,532
obdEngineLoad,CAN_ENGINE_LOAD,LATEST_LIVE,2026-09-02T19:05:34.000Z,2026-09-02T19:05:37.655Z,2026-09-02T19:05:37.417Z,2026-09-02T19:05:37.655Z,754,41.96078431372549,"{""value"":41.96078431372549,""timestamp"":""2026-09-02T19:05:34Z""}",,,,,,,,534
obdEngineLoad,CAN_ENGINE_LOAD,HF_HISTORICAL,2026-09-02T19:05:29.891Z,2026-09-02T19:05:37.895Z,2026-09-02T19:05:37.656Z,2026-09-02T19:05:37.895Z,759,0,0,7abd01fc2e54e0c8d3814fe7ab31cea954234689603f4afcfa1648ecb733a5c9,1s,AVG,7abd01fc2e54e0c8d3814fe7ab31cea954234689603f4afcfa1648ecb733a5c9,2026-09-02T19:05:29.891Z,2026-09-02T19:05:37.656Z,2026-09-02T19:05:37.656Z,539
obdEngineLoad,CAN_ENGINE_LOAD,HF_HISTORICAL,2026-09-02T19:05:30.891Z,2026-09-02T19:05:37.895Z,2026-09-02T19:05:37.656Z,2026-09-02T19:05:37.895Z,763,23.52941176470588,23.52941176470588,a13d329193d4028340a56fcfb0cbdf74b354753e9b22afce8a6b59211d5bb480,1s,AVG,a13d329193d4028340a56fcfb0cbdf74b354753e9b22afce8a6b59211d5bb480,2026-09-02T19:05:29.891Z,2026-09-02T19:05:37.656Z,2026-09-02T19:05:37.656Z,543
obdEngineLoad,CAN_ENGINE_LOAD,HF_HISTORICAL,2026-09-02T19:05:32.891Z,2026-09-02T19:05:37.895Z,2026-09-02T19:05:37.656Z,2026-09-02T19:05:37.895Z,768,20.3921568627451,20.3921568627451,3dfe2e36ae491ca8d07496046e8970c47afd61fd210b99ae6688c499fdc2d952,1s,AVG,3dfe2e36ae491ca8d07496046e8970c47afd61fd210b99ae6688c499fdc2d952,2026-09-02T19:05:29.891Z,2026-09-02T19:05:37.656Z,2026-09-02T19:05:37.656Z,548
obdEngineLoad,CAN_ENGINE_LOAD,HF_HISTORICAL,2026-09-02T19:05:33.891Z,2026-09-02T19:05:37.895Z,2026-09-02T19:05:37.656Z,2026-09-02T19:05:37.895Z,773,41.96078431372549,41.96078431372549,91f5a7dbca4c828f695504a1b01a4562b644c207494594fb55ffa3b01ecb5f1a,1s,AVG,91f5a7dbca4c828f695504a1b01a4562b644c207494594fb55ffa3b01ecb5f1a,2026-09-02T19:05:29.891Z,2026-09-02T19:05:37.656Z,2026-09-02T19:05:37.656Z,553
obdEngineLoad,CAN_ENGINE_LOAD,LATEST_LIVE,2026-09-02T19:05:40.000Z,2026-09-02T19:05:43.572Z,2026-09-02T19:05:43.263Z,2026-09-02T19:05:43.572Z,778,31.76470588235294,"{""value"":31.76470588235294,""timestamp"":""2026-09-02T19:05:40Z""}",,,,,,,,558
obdEngineLoad,CAN_ENGINE_LOAD,HF_HISTORICAL,2026-09-02T19:05:36.656Z,2026-09-02T19:05:43.895Z,2026-09-02T19:05:43.574Z,2026-09-02T19:05:43.895Z,783,32.54901960784314,32.54901960784314,896bb0d5a000124c378717888254da472effaf236e080d938fa33527afbc1e3f,1s,AVG,896bb0d5a000124c378717888254da472effaf236e080d938fa33527afbc1e3f,2026-09-02T19:05:35.656Z,2026-09-02T19:05:43.574Z,2026-09-02T19:05:43.574Z,563
obdEngineLoad,CAN_ENGINE_LOAD,HF_HISTORICAL,2026-09-02T19:05:39.656Z,2026-09-02T19:05:43.895Z,2026-09-02T19:05:43.574Z,2026-09-02T19:05:43.895Z,788,31.76470588235294,31.76470588235294,49468f7c5488a15f706549d4e3c539de2ab115e9141ecb3bd50b7e12d9262e30,1s,AVG,49468f7c5488a15f706549d4e3c539de2ab115e9141ecb3bd50b7e12d9262e30,2026-09-02T19:05:35.656Z,2026-09-02T19:05:43.574Z,2026-09-02T19:05:43.574Z,568
obdEngineLoad,CAN_ENGINE_LOAD,LATEST_LIVE,2026-09-02T19:05:46.000Z,2026-09-02T19:05:50.560Z,2026-09-02T19:05:49.504Z,2026-09-02T19:05:50.560Z,819,0,"{""value"":0,""timestamp"":""2026-09-02T19:05:46Z""}",,,,,,,,579
obdEngineLoad,CAN_ENGINE_LOAD,HF_HISTORICAL,2026-09-02T19:05:42.574Z,2026-09-02T19:05:50.895Z,2026-09-02T19:05:50.561Z,2026-09-02T19:05:50.895Z,824,0,0,a02e37c178f160f69df1fc343f12a1f73b61054202b2cb3fdf62096b0e0a8d5d,1s,AVG,a02e37c178f160f69df1fc343f12a1f73b61054202b2cb3fdf62096b0e0a8d5d,2026-09-02T19:05:41.574Z,2026-09-02T19:05:50.561Z,2026-09-02T19:05:50.561Z,584
obdEngineLoad,CAN_ENGINE_LOAD,HF_HISTORICAL,2026-09-02T19:05:43.574Z,2026-09-02T19:05:50.895Z,2026-09-02T19:05:50.561Z,2026-09-02T19:05:50.895Z,829,57.64705882352941,57.64705882352941,74b3856a892357e1c5e28700115d77db2b215ed8fc3d19d37c19a159076483e8,1s,AVG,74b3856a892357e1c5e28700115d77db2b215ed8fc3d19d37c19a159076483e8,2026-09-02T19:05:41.574Z,2026-09-02T19:05:50.561Z,2026-09-02T19:05:50.561Z,589
obdEngineLoad,CAN_ENGINE_LOAD,HF_HISTORICAL,2026-09-02T19:05:44.574Z,2026-09-02T19:05:50.895Z,2026-09-02T19:05:50.561Z,2026-09-02T19:05:50.895Z,834,38.43137254901961,38.43137254901961,82409bf5c5321fa2f775037b741b865093e08046897321ca817066c9145c6db6,1s,AVG,82409bf5c5321fa2f775037b741b865093e08046897321ca817066c9145c6db6,2026-09-02T19:05:41.574Z,2026-09-02T19:05:50.561Z,2026-09-02T19:05:50.561Z,594
obdEngineLoad,CAN_ENGINE_LOAD,HF_HISTORICAL,2026-09-02T19:05:45.574Z,2026-09-02T19:05:50.895Z,2026-09-02T19:05:50.561Z,2026-09-02T19:05:50.895Z,838,0,0,32e48d53ed65bd5047975633c0c698fbba0eb89cc52843834296559cbbc9df81,1s,AVG,32e48d53ed65bd5047975633c0c698fbba0eb89cc52843834296559cbbc9df81,2026-09-02T19:05:41.574Z,2026-09-02T19:05:50.561Z,2026-09-02T19:05:50.561Z,598
obdEngineLoad,CAN_ENGINE_LOAD,LATEST_LIVE,2026-09-02T19:05:52.000Z,2026-09-02T19:05:56.479Z,2026-09-02T19:05:56.231Z,2026-09-02T19:05:56.479Z,842,11.76470588235294,"{""value"":11.76470588235294,""timestamp"":""2026-09-02T19:05:52Z""}",,,,,,,,602
obdEngineLoad,CAN_ENGINE_LOAD,HF_HISTORICAL,2026-09-02T19:05:48.561Z,2026-09-02T19:05:56.707Z,2026-09-02T19:05:56.482Z,2026-09-02T19:05:56.707Z,847,23.52941176470588,23.52941176470588,12b1d1bc0d9acd9060d9ec19524c108eca554301fdd4cea96a5b99937b9ee85f,1s,AVG,12b1d1bc0d9acd9060d9ec19524c108eca554301fdd4cea96a5b99937b9ee85f,2026-09-02T19:05:48.561Z,2026-09-02T19:05:56.481Z,2026-09-02T19:05:56.481Z,607
obdEngineLoad,CAN_ENGINE_LOAD,HF_HISTORICAL,2026-09-02T19:05:49.561Z,2026-09-02T19:05:56.707Z,2026-09-02T19:05:56.482Z,2026-09-02T19:05:56.707Z,851,0,0,9c4e67db9ad457ac254444b61a09117c6830d4e050b061456412a45225696d23,1s,AVG,9c4e67db9ad457ac254444b61a09117c6830d4e050b061456412a45225696d23,2026-09-02T19:05:48.561Z,2026-09-02T19:05:56.481Z,2026-09-02T19:05:56.481Z,611
obdEngineLoad,CAN_ENGINE_LOAD,HF_HISTORICAL,2026-09-02T19:05:50.561Z,2026-09-02T19:05:56.707Z,2026-09-02T19:05:56.482Z,2026-09-02T19:05:56.707Z,855,0,0,12b18cc75160e8de78ff5caa5e6ffe7ceb06bcedc173e18574f804af2c6fe9c1,1s,AVG,12b18cc75160e8de78ff5caa5e6ffe7ceb06bcedc173e18574f804af2c6fe9c1,2026-09-02T19:05:48.561Z,2026-09-02T19:05:56.481Z,2026-09-02T19:05:56.481Z,615
obdEngineLoad,CAN_ENGINE_LOAD,HF_HISTORICAL,2026-09-02T19:05:51.561Z,2026-09-02T19:05:56.707Z,2026-09-02T19:05:56.482Z,2026-09-02T19:05:56.707Z,860,11.76470588235294,11.76470588235294,adb8504678aa8b2919392af38111fee957e68570c749c57480cb87b5417587f7,1s,AVG,adb8504678aa8b2919392af38111fee957e68570c749c57480cb87b5417587f7,2026-09-02T19:05:48.561Z,2026-09-02T19:05:56.481Z,2026-09-02T19:05:56.481Z,620
obdEngineLoad,CAN_ENGINE_LOAD,LATEST_LIVE,2026-09-02T19:05:58.000Z,2026-09-02T19:06:02.472Z,2026-09-02T19:06:02.186Z,2026-09-02T19:06:02.472Z,865,0,"{""value"":0,""timestamp"":""2026-09-02T19:05:58Z""}",,,,,,,,625
obdEngineLoad,CAN_ENGINE_LOAD,HF_HISTORICAL,2026-09-02T19:05:54.481Z,2026-09-02T19:06:02.727Z,2026-09-02T19:06:02.479Z,2026-09-02T19:06:02.727Z,870,84.70588235294117,84.70588235294117,1de2d2082457c57007b0aea2b595c52b36f4f1addd428803280c63eb07b83872,1s,AVG,1de2d2082457c57007b0aea2b595c52b36f4f1addd428803280c63eb07b83872,2026-09-02T19:05:54.481Z,2026-09-02T19:06:02.478Z,2026-09-02T19:06:02.478Z,630
obdEngineLoad,CAN_ENGINE_LOAD,HF_HISTORICAL,2026-09-02T19:05:55.481Z,2026-09-02T19:06:02.727Z,2026-09-02T19:06:02.479Z,2026-09-02T19:06:02.727Z,875,47.84313725490196,47.84313725490196,1913528ea356c8acd6b74d3535a2927c707b37d7b3b6f747f63873f65adc0bba,1s,AVG,1913528ea356c8acd6b74d3535a2927c707b37d7b3b6f747f63873f65adc0bba,2026-09-02T19:05:54.481Z,2026-09-02T19:06:02.478Z,2026-09-02T19:06:02.478Z,635
obdEngineLoad,CAN_ENGINE_LOAD,HF_HISTORICAL,2026-09-02T19:05:57.481Z,2026-09-02T19:06:02.727Z,2026-09-02T19:06:02.479Z,2026-09-02T19:06:02.727Z,879,0,0,9d72b9bcad987c43f0d0389b75984067b528241540d50b7ae5976f4c25a2e906,1s,AVG,9d72b9bcad987c43f0d0389b75984067b528241540d50b7ae5976f4c25a2e906,2026-09-02T19:05:54.481Z,2026-09-02T19:06:02.478Z,2026-09-02T19:06:02.478Z,639
obdEngineLoad,CAN_ENGINE_LOAD,LATEST_LIVE,2026-09-02T19:06:04.000Z,2026-09-02T19:06:08.425Z,2026-09-02T19:06:08.133Z,2026-09-02T19:06:08.425Z,883,0,"{""value"":0,""timestamp"":""2026-09-02T19:06:04Z""}",,,,,,,,643
obdEngineLoad,CAN_ENGINE_LOAD,HF_HISTORICAL,2026-09-02T19:06:00.478Z,2026-09-02T19:06:08.650Z,2026-09-02T19:06:08.428Z,2026-09-02T19:06:08.650Z,888,49.41176470588236,49.41176470588236,7a254209731cd59973c7158ead1d26595cc7b6fe475bb4e9dbbc950e0e3514ca,1s,AVG,7a254209731cd59973c7158ead1d26595cc7b6fe475bb4e9dbbc950e0e3514ca,2026-09-02T19:06:00.478Z,2026-09-02T19:06:08.428Z,2026-09-02T19:06:08.428Z,648
obdEngineLoad,CAN_ENGINE_LOAD,HF_HISTORICAL,2026-09-02T19:06:01.478Z,2026-09-02T19:06:08.650Z,2026-09-02T19:06:08.428Z,2026-09-02T19:06:08.650Z,893,49.41176470588236,49.41176470588236,1f8e8af9dfb74d7979e2c6b4b4beeadb481d1b07608e6edf7d073daba45e2f1d,1s,AVG,1f8e8af9dfb74d7979e2c6b4b4beeadb481d1b07608e6edf7d073daba45e2f1d,2026-09-02T19:06:00.478Z,2026-09-02T19:06:08.428Z,2026-09-02T19:06:08.428Z,653
obdEngineLoad,CAN_ENGINE_LOAD,HF_HISTORICAL,2026-09-02T19:06:03.478Z,2026-09-02T19:06:08.650Z,2026-09-02T19:06:08.428Z,2026-09-02T19:06:08.650Z,898,0,0,76fd2c49e6c88ced47bc1a58971f5fed5adb2f2df55ef64061d59fe0f688cfc7,1s,AVG,76fd2c49e6c88ced47bc1a58971f5fed5adb2f2df55ef64061d59fe0f688cfc7,2026-09-02T19:06:00.478Z,2026-09-02T19:06:08.428Z,2026-09-02T19:06:08.428Z,658
obdEngineLoad,CAN_ENGINE_LOAD,LATEST_LIVE,2026-09-02T19:06:06.000Z,2026-09-02T19:06:14.289Z,2026-09-02T19:06:13.969Z,2026-09-02T19:06:14.289Z,903,0,"{""value"":0,""timestamp"":""2026-09-02T19:06:06Z""}",,,,,,,,663
obdEngineLoad,CAN_ENGINE_LOAD,LATEST_LIVE,2026-09-02T19:06:06.000Z,2026-09-02T19:06:20.192Z,2026-09-02T19:06:19.806Z,2026-09-02T19:06:20.192Z,908,0,"{""value"":0,""timestamp"":""2026-09-02T19:06:06Z""}",,,,,,,,668
obdEngineLoad,CAN_ENGINE_LOAD,LATEST_LIVE,2026-09-02T19:06:20.000Z,2026-09-02T19:06:26.257Z,2026-09-02T19:06:25.936Z,2026-09-02T19:06:26.257Z,939,39.6078431372549,"{""value"":39.6078431372549,""timestamp"":""2026-09-02T19:06:20Z""}",,,,,,,,679
obdEngineLoad,CAN_ENGINE_LOAD,HF_HISTORICAL,2026-09-02T19:06:19.194Z,2026-09-02T19:06:26.448Z,2026-09-02T19:06:26.259Z,2026-09-02T19:06:26.448Z,944,39.6078431372549,39.6078431372549,ec78fbc15c022f85734059e8faca7d77b122a2140cae9f7846f79372e0162b64,1s,AVG,ec78fbc15c022f85734059e8faca7d77b122a2140cae9f7846f79372e0162b64,2026-09-02T19:06:18.194Z,2026-09-02T19:06:26.259Z,2026-09-02T19:06:26.259Z,684
obdEngineLoad,CAN_ENGINE_LOAD,HF_HISTORICAL,2026-09-02T19:06:21.194Z,2026-09-02T19:06:26.448Z,2026-09-02T19:06:26.259Z,2026-09-02T19:06:26.448Z,949,53.33333333333334,53.33333333333334,801599a03b7f13c1bab9f65fcc9eec1947b38fc5dabd6ffe3f49f212cb2be0f4,1s,AVG,801599a03b7f13c1bab9f65fcc9eec1947b38fc5dabd6ffe3f49f212cb2be0f4,2026-09-02T19:06:18.194Z,2026-09-02T19:06:26.259Z,2026-09-02T19:06:26.259Z,689
obdEngineLoad,CAN_ENGINE_LOAD,LATEST_LIVE,2026-09-02T19:06:26.000Z,2026-09-02T19:06:32.117Z,2026-09-02T19:06:31.762Z,2026-09-02T19:06:32.117Z,954,5.88235294117647,"{""value"":5.88235294117647,""timestamp"":""2026-09-02T19:06:26Z""}",,,,,,,,694
obdEngineLoad,CAN_ENGINE_LOAD,HF_HISTORICAL,2026-09-02T19:06:24.259Z,2026-09-02T19:06:33.430Z,2026-09-02T19:06:32.120Z,2026-09-02T19:06:33.430Z,959,31.76470588235294,31.76470588235294,d0853ac971eac83e1f879e89a65a7917d9a62fc0eca570da0a351c2dd6876cb8,1s,AVG,d0853ac971eac83e1f879e89a65a7917d9a62fc0eca570da0a351c2dd6876cb8,2026-09-02T19:06:24.259Z,2026-09-02T19:06:32.120Z,2026-09-02T19:06:32.120Z,699
obdEngineLoad,CAN_ENGINE_LOAD,HF_HISTORICAL,2026-09-02T19:06:25.259Z,2026-09-02T19:06:33.430Z,2026-09-02T19:06:32.120Z,2026-09-02T19:06:33.430Z,964,5.88235294117647,5.88235294117647,393b12db2c339846b331775efe09c2ffbbdf320ae3b1ec3e665e85cfb9f6f83f,1s,AVG,393b12db2c339846b331775efe09c2ffbbdf320ae3b1ec3e665e85cfb9f6f83f,2026-09-02T19:06:24.259Z,2026-09-02T19:06:32.120Z,2026-09-02T19:06:32.120Z,704
obdEngineLoad,CAN_ENGINE_LOAD,LATEST_LIVE,2026-09-02T19:06:28.000Z,2026-09-02T19:06:39.538Z,2026-09-02T19:06:39.201Z,2026-09-02T19:06:39.538Z,969,19.6078431372549,"{""value"":19.6078431372549,""timestamp"":""2026-09-02T19:06:28Z""}",,,,,,,,709
obdEngineLoad,CAN_ENGINE_LOAD,LATEST_LIVE,2026-09-02T19:06:42.000Z,2026-09-02T19:06:45.399Z,2026-09-02T19:06:45.135Z,2026-09-02T19:06:45.399Z,974,50.19607843137255,"{""value"":50.19607843137255,""timestamp"":""2026-09-02T19:06:42Z""}",,,,,,,,714
obdEngineLoad,CAN_ENGINE_LOAD,HF_HISTORICAL,2026-09-02T19:06:39.539Z,2026-09-02T19:06:45.606Z,2026-09-02T19:06:45.401Z,2026-09-02T19:06:45.606Z,979,19.6078431372549,19.6078431372549,0f0c662baad6826838cf833827a0080b025f001454bcb2e9bcfcb5a1f8536a12,1s,AVG,0f0c662baad6826838cf833827a0080b025f001454bcb2e9bcfcb5a1f8536a12,2026-09-02T19:06:37.539Z,2026-09-02T19:06:45.400Z,2026-09-02T19:06:45.400Z,719
obdEngineLoad,CAN_ENGINE_LOAD,HF_HISTORICAL,2026-09-02T19:06:41.539Z,2026-09-02T19:06:45.606Z,2026-09-02T19:06:45.401Z,2026-09-02T19:06:45.606Z,984,50.19607843137255,50.19607843137255,4554288835e122794e60023f80604c123adfa33eb594d50f19b5d210acc9750b,1s,AVG,4554288835e122794e60023f80604c123adfa33eb594d50f19b5d210acc9750b,2026-09-02T19:06:37.539Z,2026-09-02T19:06:45.400Z,2026-09-02T19:06:45.400Z,724
obdEngineLoad,CAN_ENGINE_LOAD,LATEST_LIVE,2026-09-02T19:06:44.000Z,2026-09-02T19:06:51.417Z,2026-09-02T19:06:51.046Z,2026-09-02T19:06:51.417Z,989,0,"{""value"":0,""timestamp"":""2026-09-02T19:06:44Z""}",,,,,,,,729
obdEngineLoad,CAN_ENGINE_LOAD,HF_HISTORICAL,2026-09-02T19:06:43.400Z,2026-09-02T19:06:51.719Z,2026-09-02T19:06:51.418Z,2026-09-02T19:06:51.719Z,994,0,0,975776ddcf887d2590495b00fa7ff5f91d2aa87839276c80a44adf5e7e60a02f,1s,AVG,975776ddcf887d2590495b00fa7ff5f91d2aa87839276c80a44adf5e7e60a02f,2026-09-02T19:06:43.400Z,2026-09-02T19:06:51.418Z,2026-09-02T19:06:51.418Z,734
obdEngineLoad,CAN_ENGINE_LOAD,LATEST_LIVE,2026-09-02T19:06:52.000Z,2026-09-02T19:06:57.355Z,2026-09-02T19:06:57.114Z,2026-09-02T19:06:57.355Z,999,12.15686274509804,"{""value"":12.15686274509804,""timestamp"":""2026-09-02T19:06:52Z""}",,,,,,,,739
obdEngineLoad,CAN_ENGINE_LOAD,HF_HISTORICAL,2026-09-02T19:06:49.418Z,2026-09-02T19:06:57.579Z,2026-09-02T19:06:57.356Z,2026-09-02T19:06:57.579Z,1004,19.2156862745098,19.2156862745098,9012457ffbb4b20229847e5beacd282902189e67b953d566a56018238bc357f1,1s,AVG,9012457ffbb4b20229847e5beacd282902189e67b953d566a56018238bc357f1,2026-09-02T19:06:49.418Z,2026-09-02T19:06:57.356Z,2026-09-02T19:06:57.356Z,744
obdEngineLoad,CAN_ENGINE_LOAD,HF_HISTORICAL,2026-09-02T19:06:51.418Z,2026-09-02T19:06:57.579Z,2026-09-02T19:06:57.356Z,2026-09-02T19:06:57.579Z,1009,12.15686274509804,12.15686274509804,dc48d05b9cc27d1c0caf925b7286c46009dd4ad6dae55b7c6b735e0e112ea4ec,1s,AVG,dc48d05b9cc27d1c0caf925b7286c46009dd4ad6dae55b7c6b735e0e112ea4ec,2026-09-02T19:06:49.418Z,2026-09-02T19:06:57.356Z,2026-09-02T19:06:57.356Z,749
obdEngineLoad,CAN_ENGINE_LOAD,LATEST_LIVE,2026-09-02T19:06:58.000Z,2026-09-02T19:07:03.402Z,2026-09-02T19:07:03.177Z,2026-09-02T19:07:03.402Z,1040,0,"{""value"":0,""timestamp"":""2026-09-02T19:06:58Z""}",,,,,,,,760
obdEngineLoad,CAN_ENGINE_LOAD,HF_HISTORICAL,2026-09-02T19:06:55.356Z,2026-09-02T19:07:03.612Z,2026-09-02T19:07:03.405Z,2026-09-02T19:07:03.612Z,1045,39.21568627450981,39.21568627450981,e773350067bd8a9e898d22574c3468274131d1bc4d6fe7298447ac24e1d460a8,1s,AVG,e773350067bd8a9e898d22574c3468274131d1bc4d6fe7298447ac24e1d460a8,2026-09-02T19:06:55.356Z,2026-09-02T19:07:03.405Z,2026-09-02T19:07:03.405Z,765
obdEngineLoad,CAN_ENGINE_LOAD,HF_HISTORICAL,2026-09-02T19:06:57.356Z,2026-09-02T19:07:03.612Z,2026-09-02T19:07:03.405Z,2026-09-02T19:07:03.612Z,1050,0,0,291b44c69d26aedb449b38978932e7e0b0f0f65f7c71a47bfde4400ae8290cf7,1s,AVG,291b44c69d26aedb449b38978932e7e0b0f0f65f7c71a47bfde4400ae8290cf7,2026-09-02T19:06:55.356Z,2026-09-02T19:07:03.405Z,2026-09-02T19:07:03.405Z,770
obdEngineLoad,CAN_ENGINE_LOAD,HF_HISTORICAL,2026-09-02T19:06:58.356Z,2026-09-02T19:07:03.612Z,2026-09-02T19:07:03.405Z,2026-09-02T19:07:03.612Z,1055,0,0,6068ebf8d3c0e40745235845d80c0ff6d3ab89edc45b7d22fe260db2dbf11f52,1s,AVG,6068ebf8d3c0e40745235845d80c0ff6d3ab89edc45b7d22fe260db2dbf11f52,2026-09-02T19:06:55.356Z,2026-09-02T19:07:03.405Z,2026-09-02T19:07:03.405Z,775
obdEngineLoad,CAN_ENGINE_LOAD,HF_HISTORICAL,2026-09-02T19:06:59.356Z,2026-09-02T19:07:03.612Z,2026-09-02T19:07:03.405Z,2026-09-02T19:07:03.612Z,1060,28.23529411764706,28.23529411764706,131e9c2a2f8a236083c5985db0429d986127b18a2e3cada5c2c06259efad864d,1s,AVG,131e9c2a2f8a236083c5985db0429d986127b18a2e3cada5c2c06259efad864d,2026-09-02T19:06:55.356Z,2026-09-02T19:07:03.405Z,2026-09-02T19:07:03.405Z,780
obdEngineLoad,CAN_ENGINE_LOAD,LATEST_LIVE,2026-09-02T19:07:04.000Z,2026-09-02T19:07:09.135Z,2026-09-02T19:07:08.888Z,2026-09-02T19:07:09.135Z,1065,3.137254901960784,"{""value"":3.137254901960784,""timestamp"":""2026-09-02T19:07:04Z""}",,,,,,,,785
obdEngineLoad,CAN_ENGINE_LOAD,HF_HISTORICAL,2026-09-02T19:07:01.405Z,2026-09-02T19:07:09.362Z,2026-09-02T19:07:09.138Z,2026-09-02T19:07:09.362Z,1070,34.50980392156863,34.50980392156863,556bc884fff8f6319f8b36d040d53bd3777b5748a0708c69c1234a9a54b7c0b0,1s,AVG,556bc884fff8f6319f8b36d040d53bd3777b5748a0708c69c1234a9a54b7c0b0,2026-09-02T19:07:01.405Z,2026-09-02T19:07:09.138Z,2026-09-02T19:07:09.138Z,790
obdEngineLoad,CAN_ENGINE_LOAD,HF_HISTORICAL,2026-09-02T19:07:02.405Z,2026-09-02T19:07:09.362Z,2026-09-02T19:07:09.138Z,2026-09-02T19:07:09.362Z,1075,34.90196078431372,34.90196078431372,31dab1900356adf90e916a56fd1b05de439a3eb07d2a9d8445c9a85a799bdccd,1s,AVG,31dab1900356adf90e916a56fd1b05de439a3eb07d2a9d8445c9a85a799bdccd,2026-09-02T19:07:01.405Z,2026-09-02T19:07:09.138Z,2026-09-02T19:07:09.138Z,795
obdEngineLoad,CAN_ENGINE_LOAD,HF_HISTORICAL,2026-09-02T19:07:03.405Z,2026-09-02T19:07:09.362Z,2026-09-02T19:07:09.138Z,2026-09-02T19:07:09.362Z,1080,3.137254901960784,3.137254901960784,6ab632bc796788e17e55131675b07fda275345984a25f028e084c21ff0baef2d,1s,AVG,6ab632bc796788e17e55131675b07fda275345984a25f028e084c21ff0baef2d,2026-09-02T19:07:01.405Z,2026-09-02T19:07:09.138Z,2026-09-02T19:07:09.138Z,800
obdEngineLoad,CAN_ENGINE_LOAD,LATEST_LIVE,2026-09-02T19:07:11.000Z,2026-09-02T19:07:15.116Z,2026-09-02T19:07:14.915Z,2026-09-02T19:07:15.116Z,1085,36.07843137254902,"{""value"":36.07843137254902,""timestamp"":""2026-09-02T19:07:11Z""}",,,,,,,,805
obdEngineLoad,CAN_ENGINE_LOAD,HF_HISTORICAL,2026-09-02T19:07:07.138Z,2026-09-02T19:07:15.316Z,2026-09-02T19:07:15.117Z,2026-09-02T19:07:15.316Z,1090,36.07843137254902,36.07843137254902,c8487d8068e54f22f80d7d8c29cdc0f9bd303865853b2850f63a572066710cfc,1s,AVG,c8487d8068e54f22f80d7d8c29cdc0f9bd303865853b2850f63a572066710cfc,2026-09-02T19:07:07.138Z,2026-09-02T19:07:15.117Z,2026-09-02T19:07:15.117Z,810
obdEngineLoad,CAN_ENGINE_LOAD,HF_HISTORICAL,2026-09-02T19:07:10.138Z,2026-09-02T19:07:15.316Z,2026-09-02T19:07:15.117Z,2026-09-02T19:07:15.316Z,1095,36.07843137254902,36.07843137254902,b907cbbb2b0f986e9ebef24d195dc1dbd83dc9b1c433eea9e2c0504c0bfbfbeb,1s,AVG,b907cbbb2b0f986e9ebef24d195dc1dbd83dc9b1c433eea9e2c0504c0bfbfbeb,2026-09-02T19:07:07.138Z,2026-09-02T19:07:15.117Z,2026-09-02T19:07:15.117Z,815
obdEngineLoad,CAN_ENGINE_LOAD,LATEST_LIVE,2026-09-02T19:07:16.000Z,2026-09-02T19:07:20.959Z,2026-09-02T19:07:20.596Z,2026-09-02T19:07:20.959Z,1100,45.88235294117647,"{""value"":45.88235294117647,""timestamp"":""2026-09-02T19:07:16Z""}",,,,,,,,820
obdEngineLoad,CAN_ENGINE_LOAD,HF_HISTORICAL,2026-09-02T19:07:14.117Z,2026-09-02T19:07:21.230Z,2026-09-02T19:07:20.960Z,2026-09-02T19:07:21.230Z,1105,32.94117647058823,32.94117647058823,1e645796378a633e89631a12f972daed17e9b8ca3c3b06c527f63e4e5cf1aae0,1s,AVG,1e645796378a633e89631a12f972daed17e9b8ca3c3b06c527f63e4e5cf1aae0,2026-09-02T19:07:13.117Z,2026-09-02T19:07:20.960Z,2026-09-02T19:07:20.960Z,825
obdEngineLoad,CAN_ENGINE_LOAD,HF_HISTORICAL,2026-09-02T19:07:15.117Z,2026-09-02T19:07:21.230Z,2026-09-02T19:07:20.960Z,2026-09-02T19:07:21.230Z,1110,45.88235294117647,45.88235294117647,d967465caa6362cf6483d26c2dc72427ccc59b7f45c6ae93ad5005d1eb3a3f39,1s,AVG,d967465caa6362cf6483d26c2dc72427ccc59b7f45c6ae93ad5005d1eb3a3f39,2026-09-02T19:07:13.117Z,2026-09-02T19:07:20.960Z,2026-09-02T19:07:20.960Z,830
obdEngineLoad,CAN_ENGINE_LOAD,LATEST_LIVE,2026-09-02T19:07:22.000Z,2026-09-02T19:07:26.835Z,2026-09-02T19:07:26.591Z,2026-09-02T19:07:26.835Z,1115,32.54901960784314,"{""value"":32.54901960784314,""timestamp"":""2026-09-02T19:07:22Z""}",,,,,,,,835
obdEngineLoad,CAN_ENGINE_LOAD,HF_HISTORICAL,2026-09-02T19:07:19.960Z,2026-09-02T19:07:27.069Z,2026-09-02T19:07:26.837Z,2026-09-02T19:07:27.069Z,1120,39.6078431372549,39.6078431372549,98352cad5f3b47523d04bd2510fb0248a382d3c5eee6ab46b3f9f3f824a34f80,1s,AVG,98352cad5f3b47523d04bd2510fb0248a382d3c5eee6ab46b3f9f3f824a34f80,2026-09-02T19:07:18.960Z,2026-09-02T19:07:26.837Z,2026-09-02T19:07:26.837Z,840
obdEngineLoad,CAN_ENGINE_LOAD,HF_HISTORICAL,2026-09-02T19:07:20.960Z,2026-09-02T19:07:27.069Z,2026-09-02T19:07:26.837Z,2026-09-02T19:07:27.069Z,1125,39.6078431372549,39.6078431372549,0829a511a73ad564127e95ad202ad6cf75a8115c7e731f8ffb1cb1c48c8a2fd2,1s,AVG,0829a511a73ad564127e95ad202ad6cf75a8115c7e731f8ffb1cb1c48c8a2fd2,2026-09-02T19:07:18.960Z,2026-09-02T19:07:26.837Z,2026-09-02T19:07:26.837Z,845
obdEngineLoad,CAN_ENGINE_LOAD,HF_HISTORICAL,2026-09-02T19:07:21.960Z,2026-09-02T19:07:27.069Z,2026-09-02T19:07:26.837Z,2026-09-02T19:07:27.069Z,1130,32.54901960784314,32.54901960784314,9b4c9eda1af72bb2f7466be7c72fdd3ec8e063cc1d492eab2959984e0bc66b84,1s,AVG,9b4c9eda1af72bb2f7466be7c72fdd3ec8e063cc1d492eab2959984e0bc66b84,2026-09-02T19:07:18.960Z,2026-09-02T19:07:26.837Z,2026-09-02T19:07:26.837Z,850
obdEngineLoad,CAN_ENGINE_LOAD,LATEST_LIVE,2026-09-02T19:07:29.000Z,2026-09-02T19:07:32.707Z,2026-09-02T19:07:32.425Z,2026-09-02T19:07:32.707Z,1135,28.62745098039216,"{""value"":28.62745098039216,""timestamp"":""2026-09-02T19:07:29Z""}",,,,,,,,855
obdEngineLoad,CAN_ENGINE_LOAD,HF_HISTORICAL,2026-09-02T19:07:24.837Z,2026-09-02T19:07:32.931Z,2026-09-02T19:07:32.708Z,2026-09-02T19:07:32.931Z,1140,28.62745098039216,28.62745098039216,39aac5914871d2ac83b6c15278ca8ce322d1a3c972e232a6be8aeddfa24bf6ba,1s,AVG,39aac5914871d2ac83b6c15278ca8ce322d1a3c972e232a6be8aeddfa24bf6ba,2026-09-02T19:07:24.837Z,2026-09-02T19:07:32.708Z,2026-09-02T19:07:32.708Z,860
obdEngineLoad,CAN_ENGINE_LOAD,HF_HISTORICAL,2026-09-02T19:07:25.837Z,2026-09-02T19:07:32.931Z,2026-09-02T19:07:32.708Z,2026-09-02T19:07:32.931Z,1145,31.37254901960784,31.37254901960784,c970236d8fc35d8ebdf807e7abfd3cf4e091c01887cdbb87562c2216e2734cc0,1s,AVG,c970236d8fc35d8ebdf807e7abfd3cf4e091c01887cdbb87562c2216e2734cc0,2026-09-02T19:07:24.837Z,2026-09-02T19:07:32.708Z,2026-09-02T19:07:32.708Z,865
obdEngineLoad,CAN_ENGINE_LOAD,HF_HISTORICAL,2026-09-02T19:07:27.837Z,2026-09-02T19:07:32.931Z,2026-09-02T19:07:32.708Z,2026-09-02T19:07:32.931Z,1150,33.33333333333334,33.33333333333334,658af2d2ce7ac6fd203372433364409addb3a86f240e5650d056b4373f146a50,1s,AVG,658af2d2ce7ac6fd203372433364409addb3a86f240e5650d056b4373f146a50,2026-09-02T19:07:24.837Z,2026-09-02T19:07:32.708Z,2026-09-02T19:07:32.708Z,870
obdEngineLoad,CAN_ENGINE_LOAD,HF_HISTORICAL,2026-09-02T19:07:28.837Z,2026-09-02T19:07:32.931Z,2026-09-02T19:07:32.708Z,2026-09-02T19:07:32.931Z,1155,28.62745098039216,28.62745098039216,a3ab9258179c2f6bc1f49aaff216caacd63ef6f1fb5c99958c21f72db133eca6,1s,AVG,a3ab9258179c2f6bc1f49aaff216caacd63ef6f1fb5c99958c21f72db133eca6,2026-09-02T19:07:24.837Z,2026-09-02T19:07:32.708Z,2026-09-02T19:07:32.708Z,875
obdEngineLoad,CAN_ENGINE_LOAD,LATEST_LIVE,2026-09-02T19:07:35.000Z,2026-09-02T19:07:38.924Z,2026-09-02T19:07:38.659Z,2026-09-02T19:07:38.924Z,1186,0,"{""value"":0,""timestamp"":""2026-09-02T19:07:35Z""}",,,,,,,,886
obdEngineLoad,CAN_ENGINE_LOAD,HF_HISTORICAL,2026-09-02T19:07:30.708Z,2026-09-02T19:07:39.223Z,2026-09-02T19:07:38.926Z,2026-09-02T19:07:39.223Z,1191,32.94117647058823,32.94117647058823,a5b45269a9fad7e6fe11f2694aa6f05f227b19749d065ddd09fc19c129847460,1s,AVG,a5b45269a9fad7e6fe11f2694aa6f05f227b19749d065ddd09fc19c129847460,2026-09-02T19:07:30.708Z,2026-09-02T19:07:38.926Z,2026-09-02T19:07:38.926Z,891
obdEngineLoad,CAN_ENGINE_LOAD,HF_HISTORICAL,2026-09-02T19:07:32.708Z,2026-09-02T19:07:39.223Z,2026-09-02T19:07:38.926Z,2026-09-02T19:07:39.223Z,1196,31.37254901960784,31.37254901960784,161d3488d5cacbeba1450b7150609e69a1d3bc3edab6c6fb4dc987272f0bd637,1s,AVG,161d3488d5cacbeba1450b7150609e69a1d3bc3edab6c6fb4dc987272f0bd637,2026-09-02T19:07:30.708Z,2026-09-02T19:07:38.926Z,2026-09-02T19:07:38.926Z,896
obdEngineLoad,CAN_ENGINE_LOAD,HF_HISTORICAL,2026-09-02T19:07:33.708Z,2026-09-02T19:07:39.223Z,2026-09-02T19:07:38.926Z,2026-09-02T19:07:39.223Z,1201,31.76470588235294,31.76470588235294,b6ee357f71b72d542786b851ba3ac5b3b97c67bc7ee4498b7b88e46a47370a28,1s,AVG,b6ee357f71b72d542786b851ba3ac5b3b97c67bc7ee4498b7b88e46a47370a28,2026-09-02T19:07:30.708Z,2026-09-02T19:07:38.926Z,2026-09-02T19:07:38.926Z,901
obdEngineLoad,CAN_ENGINE_LOAD,HF_HISTORICAL,2026-09-02T19:07:34.708Z,2026-09-02T19:07:39.223Z,2026-09-02T19:07:38.926Z,2026-09-02T19:07:39.223Z,1206,0,0,9f95e07e4d093a258ad37f7ad490567690fb1233e1b5bf6ba78d82248849e2ad,1s,AVG,9f95e07e4d093a258ad37f7ad490567690fb1233e1b5bf6ba78d82248849e2ad,2026-09-02T19:07:30.708Z,2026-09-02T19:07:38.926Z,2026-09-02T19:07:38.926Z,906
obdEngineLoad,CAN_ENGINE_LOAD,LATEST_LIVE,2026-09-02T19:07:41.000Z,2026-09-02T19:07:45.066Z,2026-09-02T19:07:44.800Z,2026-09-02T19:07:45.066Z,1211,23.52941176470588,"{""value"":23.52941176470588,""timestamp"":""2026-09-02T19:07:41Z""}",,,,,,,,911
obdEngineLoad,CAN_ENGINE_LOAD,HF_HISTORICAL,2026-09-02T19:07:36.926Z,2026-09-02T19:07:45.384Z,2026-09-02T19:07:45.067Z,2026-09-02T19:07:45.384Z,1216,20.7843137254902,20.7843137254902,f8d14c060c82b83c529121ea33a95604c632993eaa80f4635cadca174372a776,1s,AVG,f8d14c060c82b83c529121ea33a95604c632993eaa80f4635cadca174372a776,2026-09-02T19:07:36.926Z,2026-09-02T19:07:45.067Z,2026-09-02T19:07:45.067Z,916
obdEngineLoad,CAN_ENGINE_LOAD,HF_HISTORICAL,2026-09-02T19:07:37.926Z,2026-09-02T19:07:45.384Z,2026-09-02T19:07:45.067Z,2026-09-02T19:07:45.384Z,1221,0,0,8a76dcdb437c6b4b06c605debddc458f86bcd10c651a0a6b25d72030cdd21680,1s,AVG,8a76dcdb437c6b4b06c605debddc458f86bcd10c651a0a6b25d72030cdd21680,2026-09-02T19:07:36.926Z,2026-09-02T19:07:45.067Z,2026-09-02T19:07:45.067Z,921
obdEngineLoad,CAN_ENGINE_LOAD,HF_HISTORICAL,2026-09-02T19:07:40.926Z,2026-09-02T19:07:45.384Z,2026-09-02T19:07:45.067Z,2026-09-02T19:07:45.384Z,1226,23.52941176470588,23.52941176470588,8e07f96fb29ae7f02d580ea5f6b1853c6c90ef3f80dbf086a589e99cd4fc1167,1s,AVG,8e07f96fb29ae7f02d580ea5f6b1853c6c90ef3f80dbf086a589e99cd4fc1167,2026-09-02T19:07:36.926Z,2026-09-02T19:07:45.067Z,2026-09-02T19:07:45.067Z,926
obdEngineLoad,CAN_ENGINE_LOAD,LATEST_LIVE,2026-09-02T19:07:47.000Z,2026-09-02T19:07:51.001Z,2026-09-02T19:07:50.742Z,2026-09-02T19:07:51.001Z,1231,40,"{""value"":40,""timestamp"":""2026-09-02T19:07:47Z""}",,,,,,,,931
obdEngineLoad,CAN_ENGINE_LOAD,HF_HISTORICAL,2026-09-02T19:07:44.067Z,2026-09-02T19:07:51.247Z,2026-09-02T19:07:51.003Z,2026-09-02T19:07:51.247Z,1236,25.88235294117647,25.88235294117647,8c7f539e3e2a98a69fe0f8c37bd586008042bfcf9472bd6008066d8edb025e15,1s,AVG,8c7f539e3e2a98a69fe0f8c37bd586008042bfcf9472bd6008066d8edb025e15,2026-09-02T19:07:43.067Z,2026-09-02T19:07:51.003Z,2026-09-02T19:07:51.003Z,936
obdEngineLoad,CAN_ENGINE_LOAD,HF_HISTORICAL,2026-09-02T19:07:45.067Z,2026-09-02T19:07:51.247Z,2026-09-02T19:07:51.003Z,2026-09-02T19:07:51.247Z,1241,31.37254901960784,31.37254901960784,f1e15e4aff49c0193ab58f99ad3151a2e9d5e67e69acd2209e33f8a8f6c22c3e,1s,AVG,f1e15e4aff49c0193ab58f99ad3151a2e9d5e67e69acd2209e33f8a8f6c22c3e,2026-09-02T19:07:43.067Z,2026-09-02T19:07:51.003Z,2026-09-02T19:07:51.003Z,941
obdEngineLoad,CAN_ENGINE_LOAD,HF_HISTORICAL,2026-09-02T19:07:46.067Z,2026-09-02T19:07:51.247Z,2026-09-02T19:07:51.003Z,2026-09-02T19:07:51.247Z,1246,40,40,f9028901e7763448c829544c3bda35aa71f00ca6924d20a4ba9aa23fb0945e9d,1s,AVG,f9028901e7763448c829544c3bda35aa71f00ca6924d20a4ba9aa23fb0945e9d,2026-09-02T19:07:43.067Z,2026-09-02T19:07:51.003Z,2026-09-02T19:07:51.003Z,946
obdEngineLoad,CAN_ENGINE_LOAD,LATEST_LIVE,2026-09-02T19:07:53.000Z,2026-09-02T19:07:56.798Z,2026-09-02T19:07:56.570Z,2026-09-02T19:07:56.798Z,1251,21.56862745098039,"{""value"":21.56862745098039,""timestamp"":""2026-09-02T19:07:53Z""}",,,,,,,,951
obdEngineLoad,CAN_ENGINE_LOAD,HF_HISTORICAL,2026-09-02T19:07:49.003Z,2026-09-02T19:07:56.996Z,2026-09-02T19:07:56.799Z,2026-09-02T19:07:56.996Z,1256,0,0,cb064be11ebf6dd2c3a09ace8d11771c29cc85b29623d4c5154d81f27158c22b,1s,AVG,cb064be11ebf6dd2c3a09ace8d11771c29cc85b29623d4c5154d81f27158c22b,2026-09-02T19:07:49.003Z,2026-09-02T19:07:56.799Z,2026-09-02T19:07:56.799Z,956
obdEngineLoad,CAN_ENGINE_LOAD,HF_HISTORICAL,2026-09-02T19:07:50.003Z,2026-09-02T19:07:56.996Z,2026-09-02T19:07:56.799Z,2026-09-02T19:07:56.996Z,1261,16.07843137254902,16.07843137254902,6f8c567060f6ceddf59f065e69102a5d1059c1687e4551c9b2d8b93a2743ede6,1s,AVG,6f8c567060f6ceddf59f065e69102a5d1059c1687e4551c9b2d8b93a2743ede6,2026-09-02T19:07:49.003Z,2026-09-02T19:07:56.799Z,2026-09-02T19:07:56.799Z,961
obdEngineLoad,CAN_ENGINE_LOAD,HF_HISTORICAL,2026-09-02T19:07:52.003Z,2026-09-02T19:07:56.996Z,2026-09-02T19:07:56.799Z,2026-09-02T19:07:56.996Z,1266,21.56862745098039,21.56862745098039,2642dbf926c8b14aff013491f8908104c16e56fc8c62d517d6bcea9b9d8efcb2,1s,AVG,2642dbf926c8b14aff013491f8908104c16e56fc8c62d517d6bcea9b9d8efcb2,2026-09-02T19:07:49.003Z,2026-09-02T19:07:56.799Z,2026-09-02T19:07:56.799Z,966
obdEngineLoad,CAN_ENGINE_LOAD,LATEST_LIVE,2026-09-02T19:07:59.000Z,2026-09-02T19:08:02.791Z,2026-09-02T19:08:02.527Z,2026-09-02T19:08:02.791Z,1271,24.31372549019608,"{""value"":24.31372549019608,""timestamp"":""2026-09-02T19:07:59Z""}",,,,,,,,971
obdEngineLoad,CAN_ENGINE_LOAD,HF_HISTORICAL,2026-09-02T19:07:56.799Z,2026-09-02T19:08:03.001Z,2026-09-02T19:08:02.792Z,2026-09-02T19:08:03.001Z,1276,30.19607843137255,30.19607843137255,deb754a1a0db957b797b5bed5f6de53bb0673103de6ef681514df0d61ceea46b,1s,AVG,deb754a1a0db957b797b5bed5f6de53bb0673103de6ef681514df0d61ceea46b,2026-09-02T19:07:54.799Z,2026-09-02T19:08:02.792Z,2026-09-02T19:08:02.792Z,976
obdEngineLoad,CAN_ENGINE_LOAD,HF_HISTORICAL,2026-09-02T19:07:57.799Z,2026-09-02T19:08:03.001Z,2026-09-02T19:08:02.792Z,2026-09-02T19:08:03.001Z,1281,24.70588235294118,24.70588235294118,5d5080e97a4e20d0629f5e104fe9d22e111bc053d2dbccff6fae9e73eacf3c1b,1s,AVG,5d5080e97a4e20d0629f5e104fe9d22e111bc053d2dbccff6fae9e73eacf3c1b,2026-09-02T19:07:54.799Z,2026-09-02T19:08:02.792Z,2026-09-02T19:08:02.792Z,981
obdEngineLoad,CAN_ENGINE_LOAD,HF_HISTORICAL,2026-09-02T19:07:58.799Z,2026-09-02T19:08:03.001Z,2026-09-02T19:08:02.792Z,2026-09-02T19:08:03.001Z,1286,24.31372549019608,24.31372549019608,dfeab6534d009257a1715b311465fb97b16527b60381e6b2d1c60ae4bc855da1,1s,AVG,dfeab6534d009257a1715b311465fb97b16527b60381e6b2d1c60ae4bc855da1,2026-09-02T19:07:54.799Z,2026-09-02T19:08:02.792Z,2026-09-02T19:08:02.792Z,986
obdEngineLoad,CAN_ENGINE_LOAD,LATEST_LIVE,2026-09-02T19:08:04.000Z,2026-09-02T19:08:08.800Z,2026-09-02T19:08:08.466Z,2026-09-02T19:08:08.800Z,1291,24.70588235294118,"{""value"":24.70588235294118,""timestamp"":""2026-09-02T19:08:04Z""}",,,,,,,,991
obdEngineLoad,CAN_ENGINE_LOAD,HF_HISTORICAL,2026-09-02T19:08:00.792Z,2026-09-02T19:08:09.015Z,2026-09-02T19:08:08.802Z,2026-09-02T19:08:09.015Z,1296,35.68627450980392,35.68627450980392,3d07f6daf14047990f682257671ba8e7834d7c411da1b256160a4810fe42ce6f,1s,AVG,3d07f6daf14047990f682257671ba8e7834d7c411da1b256160a4810fe42ce6f,2026-09-02T19:08:00.792Z,2026-09-02T19:08:08.802Z,2026-09-02T19:08:08.802Z,996
obdEngineLoad,CAN_ENGINE_LOAD,HF_HISTORICAL,2026-09-02T19:08:01.792Z,2026-09-02T19:08:09.015Z,2026-09-02T19:08:08.802Z,2026-09-02T19:08:09.015Z,1301,36.86274509803921,36.86274509803921,b028cc4b0b0f9502355491a57d70d6275c2187080379341bce22d144fe104bb8,1s,AVG,b028cc4b0b0f9502355491a57d70d6275c2187080379341bce22d144fe104bb8,2026-09-02T19:08:00.792Z,2026-09-02T19:08:08.802Z,2026-09-02T19:08:08.802Z,1001
obdEngineLoad,CAN_ENGINE_LOAD,HF_HISTORICAL,2026-09-02T19:08:03.792Z,2026-09-02T19:08:09.015Z,2026-09-02T19:08:08.802Z,2026-09-02T19:08:09.015Z,1306,24.70588235294118,24.70588235294118,60a3bb3734b931d5fb4a6d05775d396b56c351d6a89ef4fdf9540716380e2437,1s,AVG,60a3bb3734b931d5fb4a6d05775d396b56c351d6a89ef4fdf9540716380e2437,2026-09-02T19:08:00.792Z,2026-09-02T19:08:08.802Z,2026-09-02T19:08:08.802Z,1006
obdEngineLoad,CAN_ENGINE_LOAD,LATEST_LIVE,2026-09-02T19:08:08.000Z,2026-09-02T19:08:14.955Z,2026-09-02T19:08:14.698Z,2026-09-02T19:08:14.955Z,1337,45.09803921568627,"{""value"":45.09803921568627,""timestamp"":""2026-09-02T19:08:08Z""}",,,,,,,,1017
obdEngineLoad,CAN_ENGINE_LOAD,HF_HISTORICAL,2026-09-02T19:08:06.802Z,2026-09-02T19:08:15.258Z,2026-09-02T19:08:14.957Z,2026-09-02T19:08:15.258Z,1342,0,0,ef816a32f0b211a3823df349bf2f3cc0bcca0d614d1ed780bf97c7f3685a6fed,1s,AVG,ef816a32f0b211a3823df349bf2f3cc0bcca0d614d1ed780bf97c7f3685a6fed,2026-09-02T19:08:06.802Z,2026-09-02T19:08:14.956Z,2026-09-02T19:08:14.956Z,1022
obdEngineLoad,CAN_ENGINE_LOAD,HF_HISTORICAL,2026-09-02T19:08:07.802Z,2026-09-02T19:08:15.258Z,2026-09-02T19:08:14.957Z,2026-09-02T19:08:15.258Z,1347,45.09803921568627,45.09803921568627,36c794d18afdfdbd723b187d1fb3950abbb730cc2d96f25fe5f88ac8bc98cb52,1s,AVG,36c794d18afdfdbd723b187d1fb3950abbb730cc2d96f25fe5f88ac8bc98cb52,2026-09-02T19:08:06.802Z,2026-09-02T19:08:14.956Z,2026-09-02T19:08:14.956Z,1027
obdEngineLoad,CAN_ENGINE_LOAD,LATEST_LIVE,2026-09-02T19:08:16.000Z,2026-09-02T19:08:20.737Z,2026-09-02T19:08:20.539Z,2026-09-02T19:08:20.737Z,1352,27.45098039215686,"{""value"":27.45098039215686,""timestamp"":""2026-09-02T19:08:16Z""}",,,,,,,,1032
obdEngineLoad,CAN_ENGINE_LOAD,HF_HISTORICAL,2026-09-02T19:08:12.956Z,2026-09-02T19:08:20.941Z,2026-09-02T19:08:20.738Z,2026-09-02T19:08:20.941Z,1357,47.45098039215686,47.45098039215686,49c69a1b49244d9bd15d8a71bf26ebcd56e6bf60f12971274667d676dd06c60e,1s,AVG,49c69a1b49244d9bd15d8a71bf26ebcd56e6bf60f12971274667d676dd06c60e,2026-09-02T19:08:12.956Z,2026-09-02T19:08:20.738Z,2026-09-02T19:08:20.738Z,1037
obdEngineLoad,CAN_ENGINE_LOAD,HF_HISTORICAL,2026-09-02T19:08:14.956Z,2026-09-02T19:08:20.941Z,2026-09-02T19:08:20.738Z,2026-09-02T19:08:20.941Z,1362,43.13725490196078,43.13725490196078,3a1ab62829de286f0bc4af8609ea9f79ecdce80cc2e3b9a83ef379ab8c7c4f18,1s,AVG,3a1ab62829de286f0bc4af8609ea9f79ecdce80cc2e3b9a83ef379ab8c7c4f18,2026-09-02T19:08:12.956Z,2026-09-02T19:08:20.738Z,2026-09-02T19:08:20.738Z,1042
obdEngineLoad,CAN_ENGINE_LOAD,HF_HISTORICAL,2026-09-02T19:08:15.956Z,2026-09-02T19:08:20.941Z,2026-09-02T19:08:20.738Z,2026-09-02T19:08:20.941Z,1367,27.45098039215686,27.45098039215686,0d766b4a44289e89928affd935d0ed7f9ae1a1b3338f892447d1eb341eb9c856,1s,AVG,0d766b4a44289e89928affd935d0ed7f9ae1a1b3338f892447d1eb341eb9c856,2026-09-02T19:08:12.956Z,2026-09-02T19:08:20.738Z,2026-09-02T19:08:20.738Z,1047
obdEngineLoad,CAN_ENGINE_LOAD,LATEST_LIVE,2026-09-02T19:08:22.000Z,2026-09-02T19:08:26.505Z,2026-09-02T19:08:26.269Z,2026-09-02T19:08:26.505Z,1372,75.29411764705883,"{""value"":75.29411764705883,""timestamp"":""2026-09-02T19:08:22Z""}",,,,,,,,1052
obdEngineLoad,CAN_ENGINE_LOAD,HF_HISTORICAL,2026-09-02T19:08:19.738Z,2026-09-02T19:08:26.701Z,2026-09-02T19:08:26.508Z,2026-09-02T19:08:26.701Z,1377,17.64705882352941,17.64705882352941,df984a182158395f2de03a425420b030a2c2ded6e47a91119dbf01901a948013,1s,AVG,df984a182158395f2de03a425420b030a2c2ded6e47a91119dbf01901a948013,2026-09-02T19:08:18.738Z,2026-09-02T19:08:26.508Z,2026-09-02T19:08:26.508Z,1057
obdEngineLoad,CAN_ENGINE_LOAD,HF_HISTORICAL,2026-09-02T19:08:21.738Z,2026-09-02T19:08:26.701Z,2026-09-02T19:08:26.508Z,2026-09-02T19:08:26.701Z,1382,75.29411764705883,75.29411764705883,867b12f3a27ffe39559b63168c361bcf16ab7d3a142b273f6bfd1b1141a4231a,1s,AVG,867b12f3a27ffe39559b63168c361bcf16ab7d3a142b273f6bfd1b1141a4231a,2026-09-02T19:08:18.738Z,2026-09-02T19:08:26.508Z,2026-09-02T19:08:26.508Z,1062
obdEngineLoad,CAN_ENGINE_LOAD,LATEST_LIVE,2026-09-02T19:08:24.000Z,2026-09-02T19:08:32.293Z,2026-09-02T19:08:32.008Z,2026-09-02T19:08:32.293Z,1387,43.92156862745098,"{""value"":43.92156862745098,""timestamp"":""2026-09-02T19:08:24Z""}",,,,,,,,1067
obdEngineLoad,CAN_ENGINE_LOAD,LATEST_LIVE,2026-09-02T19:08:33.000Z,2026-09-02T19:08:38.535Z,2026-09-02T19:08:38.032Z,2026-09-02T19:08:38.535Z,1392,39.21568627450981,"{""value"":39.21568627450981,""timestamp"":""2026-09-02T19:08:33Z""}",,,,,,,,1072
obdEngineLoad,CAN_ENGINE_LOAD,HF_HISTORICAL,2026-09-02T19:08:32.294Z,2026-09-02T19:08:39.030Z,2026-09-02T19:08:38.536Z,2026-09-02T19:08:39.030Z,1397,39.21568627450981,39.21568627450981,d1ae8d9ce7beb0d6a79c1e2c4c17095efb4204b1af8cb13291cf1144d4ef7858,1s,AVG,d1ae8d9ce7beb0d6a79c1e2c4c17095efb4204b1af8cb13291cf1144d4ef7858,2026-09-02T19:08:30.294Z,2026-09-02T19:08:38.536Z,2026-09-02T19:08:38.536Z,1077
obdEngineLoad,CAN_ENGINE_LOAD,LATEST_LIVE,2026-09-02T19:08:39.000Z,2026-09-02T19:08:45.453Z,2026-09-02T19:08:44.776Z,2026-09-02T19:08:45.453Z,1402,0,"{""value"":0,""timestamp"":""2026-09-02T19:08:39Z""}",,,,,,,,1082
obdEngineLoad,CAN_ENGINE_LOAD,HF_HISTORICAL,2026-09-02T19:08:38.536Z,2026-09-02T19:08:46.394Z,2026-09-02T19:08:45.455Z,2026-09-02T19:08:46.394Z,1407,0,0,d211e228adba92ed75aa783395089890b53353c35a8878c237365c609470dc49,1s,AVG,d211e228adba92ed75aa783395089890b53353c35a8878c237365c609470dc49,2026-09-02T19:08:36.536Z,2026-09-02T19:08:45.455Z,2026-09-02T19:08:45.455Z,1087
obdEngineLoad,CAN_ENGINE_LOAD,LATEST_LIVE,2026-09-02T19:08:39.000Z,2026-09-02T19:09:02.556Z,2026-09-02T19:08:52.220Z,2026-09-02T19:09:02.556Z,1438,0,"{""value"":0,""timestamp"":""2026-09-02T19:08:39Z""}",,,,,,,,1098
obdEngineLoad,CAN_ENGINE_LOAD,LATEST_LIVE,2026-09-02T19:08:39.000Z,2026-09-02T19:09:08.408Z,2026-09-02T19:09:08.151Z,2026-09-02T19:09:08.408Z,1443,0,"{""value"":0,""timestamp"":""2026-09-02T19:08:39Z""}",,,,,,,,1103
obdEngineLoad,CAN_ENGINE_LOAD,LATEST_LIVE,2026-09-02T19:08:39.000Z,2026-09-02T19:09:14.127Z,2026-09-02T19:09:13.875Z,2026-09-02T19:09:14.127Z,1448,0,"{""value"":0,""timestamp"":""2026-09-02T19:08:39Z""}",,,,,,,,1108
obdEngineLoad,CAN_ENGINE_LOAD,LATEST_LIVE,2026-09-02T19:08:39.000Z,2026-09-02T19:09:19.883Z,2026-09-02T19:09:19.615Z,2026-09-02T19:09:19.883Z,1453,0,"{""value"":0,""timestamp"":""2026-09-02T19:08:39Z""}",,,,,,,,1113
obdEngineLoad,CAN_ENGINE_LOAD,LATEST_LIVE,2026-09-02T19:08:39.000Z,2026-09-02T19:09:25.689Z,2026-09-02T19:09:25.447Z,2026-09-02T19:09:25.689Z,1458,0,"{""value"":0,""timestamp"":""2026-09-02T19:08:39Z""}",,,,,,,,1118
obdEngineLoad,CAN_ENGINE_LOAD,LATEST_LIVE,2026-09-02T19:08:39.000Z,2026-09-02T19:09:31.431Z,2026-09-02T19:09:31.179Z,2026-09-02T19:09:31.431Z,1463,0,"{""value"":0,""timestamp"":""2026-09-02T19:08:39Z""}",,,,,,,,1123
obdEngineLoad,CAN_ENGINE_LOAD,LATEST_LIVE,2026-09-02T19:08:39.000Z,2026-09-02T19:09:37.601Z,2026-09-02T19:09:37.311Z,2026-09-02T19:09:37.601Z,1494,0,"{""value"":0,""timestamp"":""2026-09-02T19:08:39Z""}",,,,,,,,1134
obdEngineLoad,CAN_ENGINE_LOAD,LATEST_LIVE,2026-09-02T19:08:39.000Z,2026-09-02T19:09:43.371Z,2026-09-02T19:09:43.152Z,2026-09-02T19:09:43.371Z,1499,0,"{""value"":0,""timestamp"":""2026-09-02T19:08:39Z""}",,,,,,,,1139
obdEngineLoad,CAN_ENGINE_LOAD,LATEST_LIVE,2026-09-02T19:08:39.000Z,2026-09-02T19:09:49.469Z,2026-09-02T19:09:48.981Z,2026-09-02T19:09:49.469Z,1504,0,"{""value"":0,""timestamp"":""2026-09-02T19:08:39Z""}",,,,,,,,1144
obdEngineLoad,CAN_ENGINE_LOAD,LATEST_LIVE,2026-09-02T19:08:39.000Z,2026-09-02T19:09:55.562Z,2026-09-02T19:09:55.306Z,2026-09-02T19:09:55.562Z,1509,0,"{""value"":0,""timestamp"":""2026-09-02T19:08:39Z""}",,,,,,,,1149
obdEngineLoad,CAN_ENGINE_LOAD,LATEST_LIVE,2026-09-02T19:09:57.000Z,2026-09-02T19:10:01.429Z,2026-09-02T19:10:01.180Z,2026-09-02T19:10:01.429Z,1514,0,"{""value"":0,""timestamp"":""2026-09-02T19:09:57Z""}",,,,,,,,1154
obdEngineLoad,CAN_ENGINE_LOAD,HF_HISTORICAL,2026-09-02T19:09:56.564Z,2026-09-02T19:10:01.739Z,2026-09-02T19:10:01.433Z,2026-09-02T19:10:01.739Z,1519,0,0,b1b63c7ae5e983fc6c811c6d560a28e95c250a4f8f99b6e9474603ff0bb4c7cb,1s,AVG,b1b63c7ae5e983fc6c811c6d560a28e95c250a4f8f99b6e9474603ff0bb4c7cb,2026-09-02T19:09:53.564Z,2026-09-02T19:10:01.433Z,2026-09-02T19:10:01.433Z,1159
obdEngineLoad,CAN_ENGINE_LOAD,LATEST_LIVE,2026-09-02T19:10:04.000Z,2026-09-02T19:10:07.436Z,2026-09-02T19:10:07.212Z,2026-09-02T19:10:07.436Z,1524,0,"{""value"":0,""timestamp"":""2026-09-02T19:10:04Z""}",,,,,,,,1164
obdEngineLoad,CAN_ENGINE_LOAD,HF_HISTORICAL,2026-09-02T19:10:00.433Z,2026-09-02T19:10:07.730Z,2026-09-02T19:10:07.439Z,2026-09-02T19:10:07.730Z,1529,38.43137254901961,38.43137254901961,70f3ea878a987aac22ee995158180ba31cd1568e7e9d2e4cbcc716ff8ac3a07a,1s,AVG,70f3ea878a987aac22ee995158180ba31cd1568e7e9d2e4cbcc716ff8ac3a07a,2026-09-02T19:09:59.433Z,2026-09-02T19:10:07.439Z,2026-09-02T19:10:07.439Z,1169
obdEngineLoad,CAN_ENGINE_LOAD,HF_HISTORICAL,2026-09-02T19:10:03.433Z,2026-09-02T19:10:07.730Z,2026-09-02T19:10:07.439Z,2026-09-02T19:10:07.730Z,1534,0,0,ca404726a9752d6108fdbbea1ff9fb734df9892022f2682338f6b2ba103972c1,1s,AVG,ca404726a9752d6108fdbbea1ff9fb734df9892022f2682338f6b2ba103972c1,2026-09-02T19:09:59.433Z,2026-09-02T19:10:07.439Z,2026-09-02T19:10:07.439Z,1174
obdEngineLoad,CAN_ENGINE_LOAD,LATEST_LIVE,2026-09-02T19:10:09.000Z,2026-09-02T19:10:13.520Z,2026-09-02T19:10:13.302Z,2026-09-02T19:10:13.520Z,1565,49.01960784313725,"{""value"":49.01960784313725,""timestamp"":""2026-09-02T19:10:09Z""}",,,,,,,,1185
obdEngineLoad,CAN_ENGINE_LOAD,HF_HISTORICAL,2026-09-02T19:10:07.439Z,2026-09-02T19:10:13.715Z,2026-09-02T19:10:13.522Z,2026-09-02T19:10:13.715Z,1570,39.6078431372549,39.6078431372549,0e85453be7dec8d892e0ee4ad57d9216d14efa4473092a69ee7335f0b81b6e69,1s,AVG,0e85453be7dec8d892e0ee4ad57d9216d14efa4473092a69ee7335f0b81b6e69,2026-09-02T19:10:05.439Z,2026-09-02T19:10:13.521Z,2026-09-02T19:10:13.521Z,1190
obdEngineLoad,CAN_ENGINE_LOAD,HF_HISTORICAL,2026-09-02T19:10:08.439Z,2026-09-02T19:10:13.715Z,2026-09-02T19:10:13.522Z,2026-09-02T19:10:13.715Z,1575,49.01960784313725,49.01960784313725,7ea2370e5c743e7070d38691313d1c66d95e5aa13d838ad4be9506cb8602e375,1s,AVG,7ea2370e5c743e7070d38691313d1c66d95e5aa13d838ad4be9506cb8602e375,2026-09-02T19:10:05.439Z,2026-09-02T19:10:13.521Z,2026-09-02T19:10:13.521Z,1195
obdEngineLoad,CAN_ENGINE_LOAD,LATEST_LIVE,2026-09-02T19:10:16.000Z,2026-09-02T19:10:19.337Z,2026-09-02T19:10:19.067Z,2026-09-02T19:10:19.337Z,1580,38.8235294117647,"{""value"":38.8235294117647,""timestamp"":""2026-09-02T19:10:16Z""}",,,,,,,,1200
obdEngineLoad,CAN_ENGINE_LOAD,HF_HISTORICAL,2026-09-02T19:10:11.521Z,2026-09-02T19:10:19.546Z,2026-09-02T19:10:19.340Z,2026-09-02T19:10:19.546Z,1585,40.3921568627451,40.3921568627451,d1e42e92546af2696d654a374fba203a94fdca0dd55229a0cc4b017def72b5ae,1s,AVG,d1e42e92546af2696d654a374fba203a94fdca0dd55229a0cc4b017def72b5ae,2026-09-02T19:10:11.521Z,2026-09-02T19:10:19.340Z,2026-09-02T19:10:19.340Z,1205
obdEngineLoad,CAN_ENGINE_LOAD,HF_HISTORICAL,2026-09-02T19:10:12.521Z,2026-09-02T19:10:19.546Z,2026-09-02T19:10:19.340Z,2026-09-02T19:10:19.546Z,1590,41.96078431372549,41.96078431372549,7f141f098b93478dd2d900839946c799100531bdeb6fb2a317d4dbb9de8c4514,1s,AVG,7f141f098b93478dd2d900839946c799100531bdeb6fb2a317d4dbb9de8c4514,2026-09-02T19:10:11.521Z,2026-09-02T19:10:19.340Z,2026-09-02T19:10:19.340Z,1210
obdEngineLoad,CAN_ENGINE_LOAD,HF_HISTORICAL,2026-09-02T19:10:15.521Z,2026-09-02T19:10:19.546Z,2026-09-02T19:10:19.340Z,2026-09-02T19:10:19.546Z,1595,38.8235294117647,38.8235294117647,e4af38df525f80035e66b561cc59e5bdfa9176c39ba7d702d309f661f5b43e22,1s,AVG,e4af38df525f80035e66b561cc59e5bdfa9176c39ba7d702d309f661f5b43e22,2026-09-02T19:10:11.521Z,2026-09-02T19:10:19.340Z,2026-09-02T19:10:19.340Z,1215
obdEngineLoad,CAN_ENGINE_LOAD,LATEST_LIVE,2026-09-02T19:10:20.000Z,2026-09-02T19:10:25.100Z,2026-09-02T19:10:24.898Z,2026-09-02T19:10:25.100Z,1600,83.13725490196079,"{""value"":83.13725490196079,""timestamp"":""2026-09-02T19:10:20Z""}",,,,,,,,1220
obdEngineLoad,CAN_ENGINE_LOAD,HF_HISTORICAL,2026-09-02T19:10:19.340Z,2026-09-02T19:10:25.321Z,2026-09-02T19:10:25.102Z,2026-09-02T19:10:25.321Z,1605,83.13725490196079,83.13725490196079,d4322a8f713f68778c36547fc6a0b4c5640ae49e72618c9162db856deb44bfed,1s,AVG,d4322a8f713f68778c36547fc6a0b4c5640ae49e72618c9162db856deb44bfed,2026-09-02T19:10:17.340Z,2026-09-02T19:10:25.102Z,2026-09-02T19:10:25.102Z,1225
obdEngineLoad,CAN_ENGINE_LOAD,LATEST_LIVE,2026-09-02T19:10:27.000Z,2026-09-02T19:10:30.981Z,2026-09-02T19:10:30.640Z,2026-09-02T19:10:30.981Z,1610,52.54901960784314,"{""value"":52.54901960784314,""timestamp"":""2026-09-02T19:10:27Z""}",,,,,,,,1230
obdEngineLoad,CAN_ENGINE_LOAD,HF_HISTORICAL,2026-09-02T19:10:23.102Z,2026-09-02T19:10:31.191Z,2026-09-02T19:10:30.982Z,2026-09-02T19:10:31.191Z,1615,64.70588235294117,64.70588235294117,526933450280234b4875ddd8ef5aa40436602bf585eb809bbab3e6953a2f7bcb,1s,AVG,526933450280234b4875ddd8ef5aa40436602bf585eb809bbab3e6953a2f7bcb,2026-09-02T19:10:23.102Z,2026-09-02T19:10:30.982Z,2026-09-02T19:10:30.982Z,1235
obdEngineLoad,CAN_ENGINE_LOAD,HF_HISTORICAL,2026-09-02T19:10:25.102Z,2026-09-02T19:10:31.191Z,2026-09-02T19:10:30.982Z,2026-09-02T19:10:31.191Z,1620,52.54901960784314,52.54901960784314,0aab2dcef911ec300be2d2b4b300a843cef5e0f1bc488eccc30d3582973c8625,1s,AVG,0aab2dcef911ec300be2d2b4b300a843cef5e0f1bc488eccc30d3582973c8625,2026-09-02T19:10:23.102Z,2026-09-02T19:10:30.982Z,2026-09-02T19:10:30.982Z,1240
obdEngineLoad,CAN_ENGINE_LOAD,HF_HISTORICAL,2026-09-02T19:10:26.102Z,2026-09-02T19:10:31.191Z,2026-09-02T19:10:30.982Z,2026-09-02T19:10:31.191Z,1625,52.54901960784314,52.54901960784314,ddfd220c4cc1bcbeec82cd746030045f6fec54c2e52238b7b6c0ce7fdf125123,1s,AVG,ddfd220c4cc1bcbeec82cd746030045f6fec54c2e52238b7b6c0ce7fdf125123,2026-09-02T19:10:23.102Z,2026-09-02T19:10:30.982Z,2026-09-02T19:10:30.982Z,1245
obdEngineLoad,CAN_ENGINE_LOAD,LATEST_LIVE,2026-09-02T19:10:31.000Z,2026-09-02T19:10:36.835Z,2026-09-02T19:10:36.590Z,2026-09-02T19:10:36.835Z,1630,61.96078431372549,"{""value"":61.96078431372549,""timestamp"":""2026-09-02T19:10:31Z""}",,,,,,,,1250
obdEngineLoad,CAN_ENGINE_LOAD,HF_HISTORICAL,2026-09-02T19:10:29.982Z,2026-09-02T19:10:37.050Z,2026-09-02T19:10:36.842Z,2026-09-02T19:10:37.050Z,1635,61.17647058823529,61.17647058823529,2c8c3f6f685b724e3078839b22cae078c52283ade98d93c8b45331eff7356ae8,1s,AVG,2c8c3f6f685b724e3078839b22cae078c52283ade98d93c8b45331eff7356ae8,2026-09-02T19:10:28.982Z,2026-09-02T19:10:36.841Z,2026-09-02T19:10:36.841Z,1255
obdEngineLoad,CAN_ENGINE_LOAD,HF_HISTORICAL,2026-09-02T19:10:30.982Z,2026-09-02T19:10:37.050Z,2026-09-02T19:10:36.842Z,2026-09-02T19:10:37.050Z,1640,61.96078431372549,61.96078431372549,e3dcc17200fa03c850478baa809a2aea6900d4ffe820f446a57589915b3281e5,1s,AVG,e3dcc17200fa03c850478baa809a2aea6900d4ffe820f446a57589915b3281e5,2026-09-02T19:10:28.982Z,2026-09-02T19:10:36.841Z,2026-09-02T19:10:36.841Z,1260
obdEngineLoad,CAN_ENGINE_LOAD,LATEST_LIVE,2026-09-02T19:10:39.000Z,2026-09-02T19:10:42.717Z,2026-09-02T19:10:42.416Z,2026-09-02T19:10:42.717Z,1645,59.6078431372549,"{""value"":59.6078431372549,""timestamp"":""2026-09-02T19:10:39Z""}",,,,,,,,1265
obdEngineLoad,CAN_ENGINE_LOAD,HF_HISTORICAL,2026-09-02T19:10:35.841Z,2026-09-02T19:10:42.954Z,2026-09-02T19:10:42.720Z,2026-09-02T19:10:42.954Z,1650,61.96078431372549,61.96078431372549,9f7539bf010e0390756ca23ac2835484ebf41933af5f95aa3b92fa57f686ff1a,1s,AVG,9f7539bf010e0390756ca23ac2835484ebf41933af5f95aa3b92fa57f686ff1a,2026-09-02T19:10:34.841Z,2026-09-02T19:10:42.720Z,2026-09-02T19:10:42.720Z,1270
obdEngineLoad,CAN_ENGINE_LOAD,HF_HISTORICAL,2026-09-02T19:10:36.841Z,2026-09-02T19:10:42.954Z,2026-09-02T19:10:42.720Z,2026-09-02T19:10:42.954Z,1655,65.49019607843137,65.49019607843137,4c6fe42df980046b6c4ed21beb6c0c8e911876f986301d5570391566cecc27fb,1s,AVG,4c6fe42df980046b6c4ed21beb6c0c8e911876f986301d5570391566cecc27fb,2026-09-02T19:10:34.841Z,2026-09-02T19:10:42.720Z,2026-09-02T19:10:42.720Z,1275
obdEngineLoad,CAN_ENGINE_LOAD,HF_HISTORICAL,2026-09-02T19:10:37.841Z,2026-09-02T19:10:42.954Z,2026-09-02T19:10:42.720Z,2026-09-02T19:10:42.954Z,1660,75.68627450980392,75.68627450980392,c8c05a45d55d8a15c73215950ed5435f96022ea1b55e32a189f827a8d4139cfe,1s,AVG,c8c05a45d55d8a15c73215950ed5435f96022ea1b55e32a189f827a8d4139cfe,2026-09-02T19:10:34.841Z,2026-09-02T19:10:42.720Z,2026-09-02T19:10:42.720Z,1280
obdEngineLoad,CAN_ENGINE_LOAD,HF_HISTORICAL,2026-09-02T19:10:38.841Z,2026-09-02T19:10:42.954Z,2026-09-02T19:10:42.720Z,2026-09-02T19:10:42.954Z,1665,59.6078431372549,59.6078431372549,55c7889f714c76a839c4dec23d5a0d69ba021e7d32d837b8f18d61cfef6c8c9d,1s,AVG,55c7889f714c76a839c4dec23d5a0d69ba021e7d32d837b8f18d61cfef6c8c9d,2026-09-02T19:10:34.841Z,2026-09-02T19:10:42.720Z,2026-09-02T19:10:42.720Z,1285
obdEngineLoad,CAN_ENGINE_LOAD,LATEST_LIVE,2026-09-02T19:10:44.000Z,2026-09-02T19:10:49.107Z,2026-09-02T19:10:48.854Z,2026-09-02T19:10:49.107Z,1696,34.11764705882353,"{""value"":34.11764705882353,""timestamp"":""2026-09-02T19:10:44Z""}",,,,,,,,1296
obdEngineLoad,CAN_ENGINE_LOAD,HF_HISTORICAL,2026-09-02T19:10:40.720Z,2026-09-02T19:10:49.333Z,2026-09-02T19:10:49.109Z,2026-09-02T19:10:49.333Z,1701,59.6078431372549,59.6078431372549,dac826b4f92e4b832f014ec4cb6706d807ed283aa88bf5946f438319e686c170,1s,AVG,dac826b4f92e4b832f014ec4cb6706d807ed283aa88bf5946f438319e686c170,2026-09-02T19:10:40.720Z,2026-09-02T19:10:49.109Z,2026-09-02T19:10:49.109Z,1301
obdEngineLoad,CAN_ENGINE_LOAD,HF_HISTORICAL,2026-09-02T19:10:41.720Z,2026-09-02T19:10:49.333Z,2026-09-02T19:10:49.109Z,2026-09-02T19:10:49.333Z,1706,30.19607843137255,30.19607843137255,1251b91f040b885d7b652aba2c277b28c63e11fc5df226856a6d2ad155285a06,1s,AVG,1251b91f040b885d7b652aba2c277b28c63e11fc5df226856a6d2ad155285a06,2026-09-02T19:10:40.720Z,2026-09-02T19:10:49.109Z,2026-09-02T19:10:49.109Z,1306
obdEngineLoad,CAN_ENGINE_LOAD,HF_HISTORICAL,2026-09-02T19:10:42.720Z,2026-09-02T19:10:49.333Z,2026-09-02T19:10:49.109Z,2026-09-02T19:10:49.333Z,1711,16.07843137254902,16.07843137254902,ace5f8993745222203e0242f7780f6cab59783fd89f59836ec88e9ae712f866b,1s,AVG,ace5f8993745222203e0242f7780f6cab59783fd89f59836ec88e9ae712f866b,2026-09-02T19:10:40.720Z,2026-09-02T19:10:49.109Z,2026-09-02T19:10:49.109Z,1311
obdEngineLoad,CAN_ENGINE_LOAD,HF_HISTORICAL,2026-09-02T19:10:43.720Z,2026-09-02T19:10:49.333Z,2026-09-02T19:10:49.109Z,2026-09-02T19:10:49.333Z,1716,34.11764705882353,34.11764705882353,19ccca0af41d227f07b7750523f5e5b6115e28c2ed58381f24c2d654f375cc0a,1s,AVG,19ccca0af41d227f07b7750523f5e5b6115e28c2ed58381f24c2d654f375cc0a,2026-09-02T19:10:40.720Z,2026-09-02T19:10:49.109Z,2026-09-02T19:10:49.109Z,1316
obdEngineLoad,CAN_ENGINE_LOAD,LATEST_LIVE,2026-09-02T19:10:51.000Z,2026-09-02T19:10:54.962Z,2026-09-02T19:10:54.703Z,2026-09-02T19:10:54.962Z,1721,16.47058823529412,"{""value"":16.47058823529412,""timestamp"":""2026-09-02T19:10:51Z""}",,,,,,,,1321
obdEngineLoad,CAN_ENGINE_LOAD,HF_HISTORICAL,2026-09-02T19:10:47.109Z,2026-09-02T19:10:55.166Z,2026-09-02T19:10:54.964Z,2026-09-02T19:10:55.166Z,1726,5.490196078431373,5.490196078431373,1a1c9202687c7057d5f39aed211bf02ae347e8e37a050b37a7c7aa3e48494b27,1s,AVG,1a1c9202687c7057d5f39aed211bf02ae347e8e37a050b37a7c7aa3e48494b27,2026-09-02T19:10:47.109Z,2026-09-02T19:10:54.964Z,2026-09-02T19:10:54.964Z,1326
obdEngineLoad,CAN_ENGINE_LOAD,HF_HISTORICAL,2026-09-02T19:10:49.109Z,2026-09-02T19:10:55.166Z,2026-09-02T19:10:54.964Z,2026-09-02T19:10:55.166Z,1731,16.07843137254902,16.07843137254902,def4d77a3218fc2333477d733ea4b5d5a7835a82ccad61f68c61d213a555073b,1s,AVG,def4d77a3218fc2333477d733ea4b5d5a7835a82ccad61f68c61d213a555073b,2026-09-02T19:10:47.109Z,2026-09-02T19:10:54.964Z,2026-09-02T19:10:54.964Z,1331
obdEngineLoad,CAN_ENGINE_LOAD,HF_HISTORICAL,2026-09-02T19:10:50.109Z,2026-09-02T19:10:55.166Z,2026-09-02T19:10:54.964Z,2026-09-02T19:10:55.166Z,1736,16.47058823529412,16.47058823529412,1b8f5ea26b0ddb4d25c3e562822f38c4d6bd676b8641776569f998c4dea72d5c,1s,AVG,1b8f5ea26b0ddb4d25c3e562822f38c4d6bd676b8641776569f998c4dea72d5c,2026-09-02T19:10:47.109Z,2026-09-02T19:10:54.964Z,2026-09-02T19:10:54.964Z,1336
obdEngineLoad,CAN_ENGINE_LOAD,LATEST_LIVE,2026-09-02T19:10:56.000Z,2026-09-02T19:11:00.708Z,2026-09-02T19:11:00.435Z,2026-09-02T19:11:00.708Z,1741,28.62745098039216,"{""value"":28.62745098039216,""timestamp"":""2026-09-02T19:10:56Z""}",,,,,,,,1341
obdEngineLoad,CAN_ENGINE_LOAD,HF_HISTORICAL,2026-09-02T19:10:53.964Z,2026-09-02T19:11:01.021Z,2026-09-02T19:11:00.712Z,2026-09-02T19:11:01.021Z,1746,49.01960784313725,49.01960784313725,100953c400b3b9093ad1fff2788adfb30df9bceb5981f239e6e92eab22e0486d,1s,AVG,100953c400b3b9093ad1fff2788adfb30df9bceb5981f239e6e92eab22e0486d,2026-09-02T19:10:52.964Z,2026-09-02T19:11:00.712Z,2026-09-02T19:11:00.712Z,1346
obdEngineLoad,CAN_ENGINE_LOAD,HF_HISTORICAL,2026-09-02T19:10:54.964Z,2026-09-02T19:11:01.021Z,2026-09-02T19:11:00.712Z,2026-09-02T19:11:01.021Z,1751,21.96078431372549,21.96078431372549,b713710a7cad8cc5ddadb42aeea311bea9fb07437bbb39e0379a090a9f186d5a,1s,AVG,b713710a7cad8cc5ddadb42aeea311bea9fb07437bbb39e0379a090a9f186d5a,2026-09-02T19:10:52.964Z,2026-09-02T19:11:00.712Z,2026-09-02T19:11:00.712Z,1351
obdEngineLoad,CAN_ENGINE_LOAD,HF_HISTORICAL,2026-09-02T19:10:55.964Z,2026-09-02T19:11:01.021Z,2026-09-02T19:11:00.712Z,2026-09-02T19:11:01.021Z,1756,28.62745098039216,28.62745098039216,bd20868d731ee6f6496341775ae47c2f74ff7d388d8c87044456044dc3fb34ed,1s,AVG,bd20868d731ee6f6496341775ae47c2f74ff7d388d8c87044456044dc3fb34ed,2026-09-02T19:10:52.964Z,2026-09-02T19:11:00.712Z,2026-09-02T19:11:00.712Z,1356
obdEngineLoad,CAN_ENGINE_LOAD,LATEST_LIVE,2026-09-02T19:11:03.000Z,2026-09-02T19:11:06.650Z,2026-09-02T19:11:06.387Z,2026-09-02T19:11:06.650Z,1761,30.58823529411764,"{""value"":30.58823529411764,""timestamp"":""2026-09-02T19:11:03Z""}",,,,,,,,1361
obdEngineLoad,CAN_ENGINE_LOAD,HF_HISTORICAL,2026-09-02T19:10:58.712Z,2026-09-02T19:11:06.856Z,2026-09-02T19:11:06.654Z,2026-09-02T19:11:06.856Z,1766,13.72549019607843,13.72549019607843,6ac4328b825cb4c98504ede0a333ed8270115f7e8d98de955c9f5dd1e7450b83,1s,AVG,6ac4328b825cb4c98504ede0a333ed8270115f7e8d98de955c9f5dd1e7450b83,2026-09-02T19:10:58.712Z,2026-09-02T19:11:06.654Z,2026-09-02T19:11:06.654Z,1366
obdEngineLoad,CAN_ENGINE_LOAD,HF_HISTORICAL,2026-09-02T19:10:59.712Z,2026-09-02T19:11:06.856Z,2026-09-02T19:11:06.654Z,2026-09-02T19:11:06.856Z,1771,30.19607843137255,30.19607843137255,7cea7f85544f529eeb39bd2d015467b166576ac40c0f0f98a184257f39657da0,1s,AVG,7cea7f85544f529eeb39bd2d015467b166576ac40c0f0f98a184257f39657da0,2026-09-02T19:10:58.712Z,2026-09-02T19:11:06.654Z,2026-09-02T19:11:06.654Z,1371
obdEngineLoad,CAN_ENGINE_LOAD,HF_HISTORICAL,2026-09-02T19:11:02.712Z,2026-09-02T19:11:06.856Z,2026-09-02T19:11:06.654Z,2026-09-02T19:11:06.856Z,1776,30.58823529411764,30.58823529411764,9b19b711d663c25ca7c1fa45df02e7710ac9e2b1b45d1b00f738f5f92a776206,1s,AVG,9b19b711d663c25ca7c1fa45df02e7710ac9e2b1b45d1b00f738f5f92a776206,2026-09-02T19:10:58.712Z,2026-09-02T19:11:06.654Z,2026-09-02T19:11:06.654Z,1376
obdEngineLoad,CAN_ENGINE_LOAD,LATEST_LIVE,2026-09-02T19:11:08.000Z,2026-09-02T19:11:12.532Z,2026-09-02T19:11:12.263Z,2026-09-02T19:11:12.532Z,1781,32.54901960784314,"{""value"":32.54901960784314,""timestamp"":""2026-09-02T19:11:08Z""}",,,,,,,,1381
obdEngineLoad,CAN_ENGINE_LOAD,HF_HISTORICAL,2026-09-02T19:11:05.654Z,2026-09-02T19:11:12.723Z,2026-09-02T19:11:12.533Z,2026-09-02T19:11:12.723Z,1786,87.45098039215686,87.45098039215686,deab802624b608f18a209da419dbba0b5af3e6fcb2fef2365a3d92613f47f451,1s,AVG,deab802624b608f18a209da419dbba0b5af3e6fcb2fef2365a3d92613f47f451,2026-09-02T19:11:04.654Z,2026-09-02T19:11:12.533Z,2026-09-02T19:11:12.533Z,1386
obdEngineLoad,CAN_ENGINE_LOAD,HF_HISTORICAL,2026-09-02T19:11:07.654Z,2026-09-02T19:11:12.723Z,2026-09-02T19:11:12.533Z,2026-09-02T19:11:12.723Z,1791,32.54901960784314,32.54901960784314,80b50784e549aa485525bdb005c4e4f4dc23a08a4d4fcad960cd88544b13a83f,1s,AVG,80b50784e549aa485525bdb005c4e4f4dc23a08a4d4fcad960cd88544b13a83f,2026-09-02T19:11:04.654Z,2026-09-02T19:11:12.533Z,2026-09-02T19:11:12.533Z,1391
obdEngineLoad,CAN_ENGINE_LOAD,HF_HISTORICAL,2026-09-02T19:11:08.654Z,2026-09-02T19:11:12.723Z,2026-09-02T19:11:12.533Z,2026-09-02T19:11:12.723Z,1794,0,0,b7fb5d1edb4f190479aa63e603a2d70a6d8dd4f265563791721b89c20a3e5a36,1s,AVG,b7fb5d1edb4f190479aa63e603a2d70a6d8dd4f265563791721b89c20a3e5a36,2026-09-02T19:11:04.654Z,2026-09-02T19:11:12.533Z,2026-09-02T19:11:12.533Z,1394
obdEngineLoad,CAN_ENGINE_LOAD,LATEST_LIVE,2026-09-02T19:11:14.000Z,2026-09-02T19:11:18.324Z,2026-09-02T19:11:18.055Z,2026-09-02T19:11:18.324Z,1797,74.90196078431373,"{""value"":74.90196078431373,""timestamp"":""2026-09-02T19:11:14Z""}",,,,,,,,1397
obdEngineLoad,CAN_ENGINE_LOAD,HF_HISTORICAL,2026-09-02T19:11:10.533Z,2026-09-02T19:11:18.631Z,2026-09-02T19:11:18.327Z,2026-09-02T19:11:18.631Z,1802,0,0,027b365121690c5e30c808edfd84edd204e3f9bc57c8e8a0da5bbc4aece7c363,1s,AVG,027b365121690c5e30c808edfd84edd204e3f9bc57c8e8a0da5bbc4aece7c363,2026-09-02T19:11:10.533Z,2026-09-02T19:11:18.327Z,2026-09-02T19:11:18.327Z,1402
obdEngineLoad,CAN_ENGINE_LOAD,HF_HISTORICAL,2026-09-02T19:11:11.533Z,2026-09-02T19:11:18.631Z,2026-09-02T19:11:18.327Z,2026-09-02T19:11:18.631Z,1806,14.11764705882353,14.11764705882353,9600c91a64bb6387a979d91f708b65dced16b95b2a44d3a800d0b23154c0f391,1s,AVG,9600c91a64bb6387a979d91f708b65dced16b95b2a44d3a800d0b23154c0f391,2026-09-02T19:11:10.533Z,2026-09-02T19:11:18.327Z,2026-09-02T19:11:18.327Z,1406
obdEngineLoad,CAN_ENGINE_LOAD,HF_HISTORICAL,2026-09-02T19:11:13.533Z,2026-09-02T19:11:18.631Z,2026-09-02T19:11:18.327Z,2026-09-02T19:11:18.631Z,1811,74.90196078431373,74.90196078431373,d7d27377cf9b07b9369f4322be6f81f81b7474b83b362620924b988f2afb5f2c,1s,AVG,d7d27377cf9b07b9369f4322be6f81f81b7474b83b362620924b988f2afb5f2c,2026-09-02T19:11:10.533Z,2026-09-02T19:11:18.327Z,2026-09-02T19:11:18.327Z,1411
obdEngineLoad,CAN_ENGINE_LOAD,HF_HISTORICAL,2026-09-02T19:11:14.533Z,2026-09-02T19:11:18.631Z,2026-09-02T19:11:18.327Z,2026-09-02T19:11:18.631Z,1816,29.01960784313725,29.01960784313725,43e563d653e4b89b89652efe1360c77d0a9c82bb1de011b6263efa793d5a70ef,1s,AVG,43e563d653e4b89b89652efe1360c77d0a9c82bb1de011b6263efa793d5a70ef,2026-09-02T19:11:10.533Z,2026-09-02T19:11:18.327Z,2026-09-02T19:11:18.327Z,1416
obdEngineLoad,CAN_ENGINE_LOAD,LATEST_LIVE,2026-09-02T19:11:19.000Z,2026-09-02T19:11:24.492Z,2026-09-02T19:11:24.303Z,2026-09-02T19:11:24.492Z,1847,46.27450980392157,"{""value"":46.27450980392157,""timestamp"":""2026-09-02T19:11:19Z""}",,,,,,,,1427
obdEngineLoad,CAN_ENGINE_LOAD,HF_HISTORICAL,2026-09-02T19:11:18.327Z,2026-09-02T19:11:24.681Z,2026-09-02T19:11:24.493Z,2026-09-02T19:11:24.681Z,1852,46.27450980392157,46.27450980392157,2945e6f409e29861fac03fb631a0c7077b2bda1ffe19e314b8dd840a03bcf62f,1s,AVG,2945e6f409e29861fac03fb631a0c7077b2bda1ffe19e314b8dd840a03bcf62f,2026-09-02T19:11:16.327Z,2026-09-02T19:11:24.493Z,2026-09-02T19:11:24.493Z,1432
obdEngineLoad,CAN_ENGINE_LOAD,HF_HISTORICAL,2026-09-02T19:11:20.327Z,2026-09-02T19:11:24.681Z,2026-09-02T19:11:24.493Z,2026-09-02T19:11:24.681Z,1857,46.66666666666666,46.66666666666666,71c30ba453b6df279dc53654b7a854d058fda884ebce671148cc9276c8a2f28b,1s,AVG,71c30ba453b6df279dc53654b7a854d058fda884ebce671148cc9276c8a2f28b,2026-09-02T19:11:16.327Z,2026-09-02T19:11:24.493Z,2026-09-02T19:11:24.493Z,1437
obdEngineLoad,CAN_ENGINE_LOAD,LATEST_LIVE,2026-09-02T19:11:25.000Z,2026-09-02T19:11:30.319Z,2026-09-02T19:11:30.026Z,2026-09-02T19:11:30.319Z,1862,34.11764705882353,"{""value"":34.11764705882353,""timestamp"":""2026-09-02T19:11:25Z""}",,,,,,,,1442
obdEngineLoad,CAN_ENGINE_LOAD,HF_HISTORICAL,2026-09-02T19:11:23.493Z,2026-09-02T19:11:30.778Z,2026-09-02T19:11:30.320Z,2026-09-02T19:11:30.778Z,1867,31.76470588235294,31.76470588235294,6f90e24ddb76ce0d77f8bd726ce75dc72636e158f9f4dcee6f3d4bad220c44a6,1s,AVG,6f90e24ddb76ce0d77f8bd726ce75dc72636e158f9f4dcee6f3d4bad220c44a6,2026-09-02T19:11:22.493Z,2026-09-02T19:11:30.320Z,2026-09-02T19:11:30.320Z,1447
obdEngineLoad,CAN_ENGINE_LOAD,HF_HISTORICAL,2026-09-02T19:11:24.493Z,2026-09-02T19:11:30.778Z,2026-09-02T19:11:30.320Z,2026-09-02T19:11:30.778Z,1872,34.11764705882353,34.11764705882353,de0a5c31b542da53fc082e7c15ade5f02aef5a18667c409266a2ce4037d839c3,1s,AVG,de0a5c31b542da53fc082e7c15ade5f02aef5a18667c409266a2ce4037d839c3,2026-09-02T19:11:22.493Z,2026-09-02T19:11:30.320Z,2026-09-02T19:11:30.320Z,1452
obdEngineLoad,CAN_ENGINE_LOAD,HF_HISTORICAL,2026-09-02T19:11:26.493Z,2026-09-02T19:11:30.778Z,2026-09-02T19:11:30.320Z,2026-09-02T19:11:30.778Z,1877,45.88235294117647,45.88235294117647,3a356fe60221fd49dcb83df6641d349e87fbe77f028fbf3ce4c8976e5e7b22a6,1s,AVG,3a356fe60221fd49dcb83df6641d349e87fbe77f028fbf3ce4c8976e5e7b22a6,2026-09-02T19:11:22.493Z,2026-09-02T19:11:30.320Z,2026-09-02T19:11:30.320Z,1457
obdEngineLoad,CAN_ENGINE_LOAD,LATEST_LIVE,2026-09-02T19:11:31.000Z,2026-09-02T19:11:36.484Z,2026-09-02T19:11:36.098Z,2026-09-02T19:11:36.484Z,1882,0,"{""value"":0,""timestamp"":""2026-09-02T19:11:31Z""}",,,,,,,,1462
obdEngineLoad,CAN_ENGINE_LOAD,HF_HISTORICAL,2026-09-02T19:11:29.320Z,2026-09-02T19:11:36.802Z,2026-09-02T19:11:36.486Z,2026-09-02T19:11:36.802Z,1887,32.54901960784314,32.54901960784314,9b7cdbb36ed5a52f6cf992d8e9ecab46982142e9ad17e6793e6091af5bacef36,1s,AVG,9b7cdbb36ed5a52f6cf992d8e9ecab46982142e9ad17e6793e6091af5bacef36,2026-09-02T19:11:28.320Z,2026-09-02T19:11:36.486Z,2026-09-02T19:11:36.486Z,1467
obdEngineLoad,CAN_ENGINE_LOAD,HF_HISTORICAL,2026-09-02T19:11:30.320Z,2026-09-02T19:11:36.802Z,2026-09-02T19:11:36.486Z,2026-09-02T19:11:36.802Z,1892,0,0,3ae798cd163c2525439718b1d94a4c6a579ee4968e491601b8128afe6b26edde,1s,AVG,3ae798cd163c2525439718b1d94a4c6a579ee4968e491601b8128afe6b26edde,2026-09-02T19:11:28.320Z,2026-09-02T19:11:36.486Z,2026-09-02T19:11:36.486Z,1472
obdEngineLoad,CAN_ENGINE_LOAD,HF_HISTORICAL,2026-09-02T19:11:33.320Z,2026-09-02T19:11:36.802Z,2026-09-02T19:11:36.486Z,2026-09-02T19:11:36.802Z,1897,33.33333333333334,33.33333333333334,016337738cdfea21bc36c079f511743e608b76a030cdcf55b199513f472089ec,1s,AVG,016337738cdfea21bc36c079f511743e608b76a030cdcf55b199513f472089ec,2026-09-02T19:11:28.320Z,2026-09-02T19:11:36.486Z,2026-09-02T19:11:36.486Z,1477
obdEngineLoad,CAN_ENGINE_LOAD,LATEST_LIVE,2026-09-02T19:11:35.000Z,2026-09-02T19:11:42.446Z,2026-09-02T19:11:42.206Z,2026-09-02T19:11:42.446Z,1902,44.31372549019608,"{""value"":44.31372549019608,""timestamp"":""2026-09-02T19:11:35Z""}",,,,,,,,1482
obdEngineLoad,CAN_ENGINE_LOAD,HF_HISTORICAL,2026-09-02T19:11:34.486Z,2026-09-02T19:11:42.666Z,2026-09-02T19:11:42.450Z,2026-09-02T19:11:42.666Z,1907,44.31372549019608,44.31372549019608,9cfcae8f7623e9c6fd382171235337eebc3c9f1a8b7a34f84e1024dce4e2a27a,1s,AVG,9cfcae8f7623e9c6fd382171235337eebc3c9f1a8b7a34f84e1024dce4e2a27a,2026-09-02T19:11:34.486Z,2026-09-02T19:11:42.450Z,2026-09-02T19:11:42.450Z,1487
obdEngineLoad,CAN_ENGINE_LOAD,LATEST_LIVE,2026-09-02T19:11:45.000Z,2026-09-02T19:11:48.284Z,2026-09-02T19:11:48.036Z,2026-09-02T19:11:48.284Z,1912,43.92156862745098,"{""value"":43.92156862745098,""timestamp"":""2026-09-02T19:11:45Z""}",,,,,,,,1492
obdEngineLoad,CAN_ENGINE_LOAD,HF_HISTORICAL,2026-09-02T19:11:41.450Z,2026-09-02T19:11:48.502Z,2026-09-02T19:11:48.292Z,2026-09-02T19:11:48.502Z,1917,43.52941176470588,43.52941176470588,41692af9dca157f7058fd228e9f22c41e445f499d53c78af325f4ab8b08d2cdc,1s,AVG,41692af9dca157f7058fd228e9f22c41e445f499d53c78af325f4ab8b08d2cdc,2026-09-02T19:11:40.450Z,2026-09-02T19:11:48.292Z,2026-09-02T19:11:48.292Z,1497
obdEngineLoad,CAN_ENGINE_LOAD,HF_HISTORICAL,2026-09-02T19:11:43.450Z,2026-09-02T19:11:48.502Z,2026-09-02T19:11:48.292Z,2026-09-02T19:11:48.502Z,1922,43.92156862745098,43.92156862745098,56d7137dfae7057fb17e5b11c6e50e59c8a9caa525068db530a26f23d679c3db,1s,AVG,56d7137dfae7057fb17e5b11c6e50e59c8a9caa525068db530a26f23d679c3db,2026-09-02T19:11:40.450Z,2026-09-02T19:11:48.292Z,2026-09-02T19:11:48.292Z,1502
obdEngineLoad,CAN_ENGINE_LOAD,HF_HISTORICAL,2026-09-02T19:11:44.450Z,2026-09-02T19:11:48.502Z,2026-09-02T19:11:48.292Z,2026-09-02T19:11:48.502Z,1927,43.92156862745098,43.92156862745098,ec8e7b5342856a47521503b277a4e7cf73a3e45771a4c984549f4c1c8d0412e1,1s,AVG,ec8e7b5342856a47521503b277a4e7cf73a3e45771a4c984549f4c1c8d0412e1,2026-09-02T19:11:40.450Z,2026-09-02T19:11:48.292Z,2026-09-02T19:11:48.292Z,1507
obdEngineLoad,CAN_ENGINE_LOAD,LATEST_LIVE,2026-09-02T19:11:51.000Z,2026-09-02T19:11:54.318Z,2026-09-02T19:11:53.902Z,2026-09-02T19:11:54.318Z,1932,42.74509803921568,"{""value"":42.74509803921568,""timestamp"":""2026-09-02T19:11:51Z""}",,,,,,,,1512
obdEngineLoad,CAN_ENGINE_LOAD,HF_HISTORICAL,2026-09-02T19:11:48.292Z,2026-09-02T19:11:54.563Z,2026-09-02T19:11:54.321Z,2026-09-02T19:11:54.563Z,1937,41.56862745098039,41.56862745098039,6024a320fa1ed651755b3a544b97ab7e58db2d97ddc594de619b466f908847a3,1s,AVG,6024a320fa1ed651755b3a544b97ab7e58db2d97ddc594de619b466f908847a3,2026-09-02T19:11:46.292Z,2026-09-02T19:11:54.321Z,2026-09-02T19:11:54.321Z,1517
obdEngineLoad,CAN_ENGINE_LOAD,HF_HISTORICAL,2026-09-02T19:11:49.292Z,2026-09-02T19:11:54.563Z,2026-09-02T19:11:54.321Z,2026-09-02T19:11:54.563Z,1942,41.56862745098039,41.56862745098039,ca279dd75f645382c0983481049aeee5ac22ac25a70abf62a58bff9c7b8ee1a3,1s,AVG,ca279dd75f645382c0983481049aeee5ac22ac25a70abf62a58bff9c7b8ee1a3,2026-09-02T19:11:46.292Z,2026-09-02T19:11:54.321Z,2026-09-02T19:11:54.321Z,1522
obdEngineLoad,CAN_ENGINE_LOAD,HF_HISTORICAL,2026-09-02T19:11:50.292Z,2026-09-02T19:11:54.563Z,2026-09-02T19:11:54.321Z,2026-09-02T19:11:54.563Z,1947,42.74509803921568,42.74509803921568,6c1e793210ac4579de3e3fef593b591090ebf96286d55605167673704afca8fa,1s,AVG,6c1e793210ac4579de3e3fef593b591090ebf96286d55605167673704afca8fa,2026-09-02T19:11:46.292Z,2026-09-02T19:11:54.321Z,2026-09-02T19:11:54.321Z,1527
obdEngineLoad,CAN_ENGINE_LOAD,LATEST_LIVE,2026-09-02T19:11:55.000Z,2026-09-02T19:12:00.571Z,2026-09-02T19:12:00.267Z,2026-09-02T19:12:00.571Z,1978,37.25490196078432,"{""value"":37.25490196078432,""timestamp"":""2026-09-02T19:11:55Z""}",,,,,,,,1538
obdEngineLoad,CAN_ENGINE_LOAD,HF_HISTORICAL,2026-09-02T19:11:53.321Z,2026-09-02T19:12:00.893Z,2026-09-02T19:12:00.575Z,2026-09-02T19:12:00.893Z,1983,37.25490196078432,37.25490196078432,5e179a8c19e52789a07daa01c1ebbcee076a34530233ed734f4c12a8319fc84e,1s,AVG,5e179a8c19e52789a07daa01c1ebbcee076a34530233ed734f4c12a8319fc84e,2026-09-02T19:11:52.321Z,2026-09-02T19:12:00.575Z,2026-09-02T19:12:00.575Z,1543
obdEngineLoad,CAN_ENGINE_LOAD,HF_HISTORICAL,2026-09-02T19:11:54.321Z,2026-09-02T19:12:00.893Z,2026-09-02T19:12:00.575Z,2026-09-02T19:12:00.893Z,1988,37.25490196078432,37.25490196078432,7eb44d437b0b49edbc8151cbad04b426de2dfeb940c259ec5f4ce4b5566d038b,1s,AVG,7eb44d437b0b49edbc8151cbad04b426de2dfeb940c259ec5f4ce4b5566d038b,2026-09-02T19:11:52.321Z,2026-09-02T19:12:00.575Z,2026-09-02T19:12:00.575Z,1548
obdEngineLoad,CAN_ENGINE_LOAD,HF_HISTORICAL,2026-09-02T19:11:55.321Z,2026-09-02T19:12:00.893Z,2026-09-02T19:12:00.575Z,2026-09-02T19:12:00.893Z,1993,0,0,9fa70a2c06bf5f7313b07b176e703d1909fe543f2d0f45f701fabb5ccc552b81,1s,AVG,9fa70a2c06bf5f7313b07b176e703d1909fe543f2d0f45f701fabb5ccc552b81,2026-09-02T19:11:52.321Z,2026-09-02T19:12:00.575Z,2026-09-02T19:12:00.575Z,1553
obdEngineLoad,CAN_ENGINE_LOAD,HF_HISTORICAL,2026-09-02T19:11:56.321Z,2026-09-02T19:12:00.893Z,2026-09-02T19:12:00.575Z,2026-09-02T19:12:00.893Z,1998,41.56862745098039,41.56862745098039,fadacdd5a97453a8a958c3e9fde5d0851424e1db446d2a9649fee163e4c2c8b0,1s,AVG,fadacdd5a97453a8a958c3e9fde5d0851424e1db446d2a9649fee163e4c2c8b0,2026-09-02T19:11:52.321Z,2026-09-02T19:12:00.575Z,2026-09-02T19:12:00.575Z,1558
obdEngineLoad,CAN_ENGINE_LOAD,LATEST_LIVE,2026-09-02T19:12:00.000Z,2026-09-02T19:12:06.595Z,2026-09-02T19:12:06.282Z,2026-09-02T19:12:06.595Z,2003,13.72549019607843,"{""value"":13.72549019607843,""timestamp"":""2026-09-02T19:12:00Z""}",,,,,,,,1563
obdEngineLoad,CAN_ENGINE_LOAD,HF_HISTORICAL,2026-09-02T19:11:58.575Z,2026-09-02T19:12:06.819Z,2026-09-02T19:12:06.598Z,2026-09-02T19:12:06.819Z,2008,41.96078431372549,41.96078431372549,ab30530bdfe52cafb046f42dd00e348ed4a818ca841082a29cbae9444902a20d,1s,AVG,ab30530bdfe52cafb046f42dd00e348ed4a818ca841082a29cbae9444902a20d,2026-09-02T19:11:58.575Z,2026-09-02T19:12:06.598Z,2026-09-02T19:12:06.598Z,1568
obdEngineLoad,CAN_ENGINE_LOAD,HF_HISTORICAL,2026-09-02T19:11:59.575Z,2026-09-02T19:12:06.819Z,2026-09-02T19:12:06.598Z,2026-09-02T19:12:06.819Z,2013,13.72549019607843,13.72549019607843,0c1aa81af4789e94f0a393c24a6f57693198aff70e46dce45d50e79787c9dccf,1s,AVG,0c1aa81af4789e94f0a393c24a6f57693198aff70e46dce45d50e79787c9dccf,2026-09-02T19:11:58.575Z,2026-09-02T19:12:06.598Z,2026-09-02T19:12:06.598Z,1573
obdEngineLoad,CAN_ENGINE_LOAD,LATEST_LIVE,2026-09-02T19:12:00.000Z,2026-09-02T19:12:12.411Z,2026-09-02T19:12:12.144Z,2026-09-02T19:12:12.411Z,2018,13.72549019607843,"{""value"":13.72549019607843,""timestamp"":""2026-09-02T19:12:00Z""}",,,,,,,,1578
obdEngineLoad,CAN_ENGINE_LOAD,LATEST_LIVE,2026-09-02T19:12:00.000Z,2026-09-02T19:12:18.224Z,2026-09-02T19:12:17.948Z,2026-09-02T19:12:18.224Z,2023,13.72549019607843,"{""value"":13.72549019607843,""timestamp"":""2026-09-02T19:12:00Z""}",,,,,,,,1583
obdEngineLoad,CAN_ENGINE_LOAD,LATEST_LIVE,2026-09-02T19:12:00.000Z,2026-09-02T19:12:24.179Z,2026-09-02T19:12:23.884Z,2026-09-02T19:12:24.179Z,2028,13.72549019607843,"{""value"":13.72549019607843,""timestamp"":""2026-09-02T19:12:00Z""}",,,,,,,,1588
obdEngineLoad,CAN_ENGINE_LOAD,LATEST_LIVE,2026-09-02T19:12:26.000Z,2026-09-02T19:12:30.416Z,2026-09-02T19:12:30.174Z,2026-09-02T19:12:30.416Z,2033,23.13725490196078,"{""value"":23.13725490196078,""timestamp"":""2026-09-02T19:12:26Z""}",,,,,,,,1593
obdEngineLoad,CAN_ENGINE_LOAD,HF_HISTORICAL,2026-09-02T19:12:22.180Z,2026-09-02T19:12:30.663Z,2026-09-02T19:12:30.418Z,2026-09-02T19:12:30.663Z,2038,45.49019607843137,45.49019607843137,5fc17e7adfef2dfd02e0a54a475b4509b2eb71d8b004801a65a3c29513789196,1s,AVG,5fc17e7adfef2dfd02e0a54a475b4509b2eb71d8b004801a65a3c29513789196,2026-09-02T19:12:22.180Z,2026-09-02T19:12:30.418Z,2026-09-02T19:12:30.418Z,1598
obdEngineLoad,CAN_ENGINE_LOAD,HF_HISTORICAL,2026-09-02T19:12:23.180Z,2026-09-02T19:12:30.663Z,2026-09-02T19:12:30.418Z,2026-09-02T19:12:30.663Z,2043,54.50980392156863,54.50980392156863,a1f3b1c1e0f8076a53a290684476643b81adeb0c325eeb0d0425854226055519,1s,AVG,a1f3b1c1e0f8076a53a290684476643b81adeb0c325eeb0d0425854226055519,2026-09-02T19:12:22.180Z,2026-09-02T19:12:30.418Z,2026-09-02T19:12:30.418Z,1603
obdEngineLoad,CAN_ENGINE_LOAD,HF_HISTORICAL,2026-09-02T19:12:25.180Z,2026-09-02T19:12:30.663Z,2026-09-02T19:12:30.418Z,2026-09-02T19:12:30.663Z,2048,23.13725490196078,23.13725490196078,c43add9039a48dc41b6cc3c73581a159ec46fb2b4dbf1cf57de8cefb11b01c07,1s,AVG,c43add9039a48dc41b6cc3c73581a159ec46fb2b4dbf1cf57de8cefb11b01c07,2026-09-02T19:12:22.180Z,2026-09-02T19:12:30.418Z,2026-09-02T19:12:30.418Z,1608
obdEngineLoad,CAN_ENGINE_LOAD,HF_HISTORICAL,2026-09-02T19:12:26.180Z,2026-09-02T19:12:30.663Z,2026-09-02T19:12:30.418Z,2026-09-02T19:12:30.663Z,2053,0,0,a5568c86548bad28522d3420036b95a3cd6207075244d1dcdf18e6e90cc0567c,1s,AVG,a5568c86548bad28522d3420036b95a3cd6207075244d1dcdf18e6e90cc0567c,2026-09-02T19:12:22.180Z,2026-09-02T19:12:30.418Z,2026-09-02T19:12:30.418Z,1613
obdEngineLoad,CAN_ENGINE_LOAD,HF_HISTORICAL,2026-09-02T19:12:27.180Z,2026-09-02T19:12:30.663Z,2026-09-02T19:12:30.418Z,2026-09-02T19:12:30.663Z,2058,20,20,20815e1cd87cba616fce0fbb2ade999c5f4cfaf73e4f76ca3404003b6de50178,1s,AVG,20815e1cd87cba616fce0fbb2ade999c5f4cfaf73e4f76ca3404003b6de50178,2026-09-02T19:12:22.180Z,2026-09-02T19:12:30.418Z,2026-09-02T19:12:30.418Z,1618
obdEngineLoad,CAN_ENGINE_LOAD,LATEST_LIVE,2026-09-02T19:12:32.000Z,2026-09-02T19:12:37.008Z,2026-09-02T19:12:36.565Z,2026-09-02T19:12:37.008Z,2089,45.88235294117647,"{""value"":45.88235294117647,""timestamp"":""2026-09-02T19:12:32Z""}",,,,,,,,1629
obdEngineLoad,CAN_ENGINE_LOAD,HF_HISTORICAL,2026-09-02T19:12:28.418Z,2026-09-02T19:12:37.225Z,2026-09-02T19:12:37.010Z,2026-09-02T19:12:37.225Z,2094,5.88235294117647,5.88235294117647,4cb505bb3325f3a86d8ded864c8477ddba988c598d93703aa55347fd3813eacd,1s,AVG,4cb505bb3325f3a86d8ded864c8477ddba988c598d93703aa55347fd3813eacd,2026-09-02T19:12:28.418Z,2026-09-02T19:12:37.010Z,2026-09-02T19:12:37.010Z,1634
obdEngineLoad,CAN_ENGINE_LOAD,HF_HISTORICAL,2026-09-02T19:12:29.418Z,2026-09-02T19:12:37.225Z,2026-09-02T19:12:37.010Z,2026-09-02T19:12:37.225Z,2099,40.3921568627451,40.3921568627451,9027bda88242ab1edddaae6649e406dc268fc7a9a12bf745eaff722f03de6186,1s,AVG,9027bda88242ab1edddaae6649e406dc268fc7a9a12bf745eaff722f03de6186,2026-09-02T19:12:28.418Z,2026-09-02T19:12:37.010Z,2026-09-02T19:12:37.010Z,1639
obdEngineLoad,CAN_ENGINE_LOAD,HF_HISTORICAL,2026-09-02T19:12:31.418Z,2026-09-02T19:12:37.225Z,2026-09-02T19:12:37.010Z,2026-09-02T19:12:37.225Z,2104,45.88235294117647,45.88235294117647,9e8605523563649ce6024c73175ef9cf794bdde630dbbd2b280a1459942c363f,1s,AVG,9e8605523563649ce6024c73175ef9cf794bdde630dbbd2b280a1459942c363f,2026-09-02T19:12:28.418Z,2026-09-02T19:12:37.010Z,2026-09-02T19:12:37.010Z,1644
obdEngineLoad,CAN_ENGINE_LOAD,LATEST_LIVE,2026-09-02T19:12:35.000Z,2026-09-02T19:12:42.765Z,2026-09-02T19:12:42.506Z,2026-09-02T19:12:42.765Z,2109,5.098039215686274,"{""value"":5.098039215686274,""timestamp"":""2026-09-02T19:12:35Z""}",,,,,,,,1649
obdEngineLoad,CAN_ENGINE_LOAD,LATEST_LIVE,2026-09-02T19:12:43.000Z,2026-09-02T19:12:48.444Z,2026-09-02T19:12:48.238Z,2026-09-02T19:12:48.444Z,2114,60.3921568627451,"{""value"":60.3921568627451,""timestamp"":""2026-09-02T19:12:43Z""}",,,,,,,,1654
obdEngineLoad,CAN_ENGINE_LOAD,HF_HISTORICAL,2026-09-02T19:12:41.768Z,2026-09-02T19:12:48.740Z,2026-09-02T19:12:48.446Z,2026-09-02T19:12:48.740Z,2119,25.88235294117647,25.88235294117647,a4babf563313c4e92a15d4b1e9483879fc91d5fce6b749496f86a1dbc9157deb,1s,AVG,a4babf563313c4e92a15d4b1e9483879fc91d5fce6b749496f86a1dbc9157deb,2026-09-02T19:12:40.768Z,2026-09-02T19:12:48.446Z,2026-09-02T19:12:48.446Z,1659
obdEngineLoad,CAN_ENGINE_LOAD,HF_HISTORICAL,2026-09-02T19:12:42.768Z,2026-09-02T19:12:48.740Z,2026-09-02T19:12:48.446Z,2026-09-02T19:12:48.740Z,2124,60.3921568627451,60.3921568627451,231af448bcb164ff2e88c9069bb401e7072e9be82b0c2d175126e5c49cbb61fd,1s,AVG,231af448bcb164ff2e88c9069bb401e7072e9be82b0c2d175126e5c49cbb61fd,2026-09-02T19:12:40.768Z,2026-09-02T19:12:48.446Z,2026-09-02T19:12:48.446Z,1664
obdEngineLoad,CAN_ENGINE_LOAD,LATEST_LIVE,2026-09-02T19:12:50.000Z,2026-09-02T19:12:54.346Z,2026-09-02T19:12:54.084Z,2026-09-02T19:12:54.346Z,2129,56.07843137254902,"{""value"":56.07843137254902,""timestamp"":""2026-09-02T19:12:50Z""}",,,,,,,,1669
obdEngineLoad,CAN_ENGINE_LOAD,HF_HISTORICAL,2026-09-02T19:12:46.446Z,2026-09-02T19:12:54.550Z,2026-09-02T19:12:54.348Z,2026-09-02T19:12:54.550Z,2134,34.11764705882353,34.11764705882353,65bc58cb4e085af9640992db1398111999282cfef701cd1846ae64778a0ad089,1s,AVG,65bc58cb4e085af9640992db1398111999282cfef701cd1846ae64778a0ad089,2026-09-02T19:12:46.446Z,2026-09-02T19:12:54.348Z,2026-09-02T19:12:54.348Z,1674
obdEngineLoad,CAN_ENGINE_LOAD,HF_HISTORICAL,2026-09-02T19:12:49.446Z,2026-09-02T19:12:54.550Z,2026-09-02T19:12:54.348Z,2026-09-02T19:12:54.550Z,2139,56.07843137254902,56.07843137254902,5eeccaab4926dc43d0d7a56b0d773d925b2b7a5b9372fcede6035dd8bfc45bdd,1s,AVG,5eeccaab4926dc43d0d7a56b0d773d925b2b7a5b9372fcede6035dd8bfc45bdd,2026-09-02T19:12:46.446Z,2026-09-02T19:12:54.348Z,2026-09-02T19:12:54.348Z,1679
obdEngineLoad,CAN_ENGINE_LOAD,LATEST_LIVE,2026-09-02T19:12:56.000Z,2026-09-02T19:13:00.151Z,2026-09-02T19:12:59.910Z,2026-09-02T19:13:00.151Z,2144,46.66666666666666,"{""value"":46.66666666666666,""timestamp"":""2026-09-02T19:12:56Z""}",,,,,,,,1684
obdEngineLoad,CAN_ENGINE_LOAD,HF_HISTORICAL,2026-09-02T19:12:53.348Z,2026-09-02T19:13:00.387Z,2026-09-02T19:13:00.153Z,2026-09-02T19:13:00.387Z,2149,69.41176470588235,69.41176470588235,bdda545a8aa63bd324c4251785ff9a344da452571bc44975268ecc68c95d464e,1s,AVG,bdda545a8aa63bd324c4251785ff9a344da452571bc44975268ecc68c95d464e,2026-09-02T19:12:52.348Z,2026-09-02T19:13:00.152Z,2026-09-02T19:13:00.152Z,1689
obdEngineLoad,CAN_ENGINE_LOAD,HF_HISTORICAL,2026-09-02T19:12:55.348Z,2026-09-02T19:13:00.387Z,2026-09-02T19:13:00.153Z,2026-09-02T19:13:00.387Z,2154,46.66666666666666,46.66666666666666,9a52eaecc499d7172e01ce2a0bba40f8ffd34109e9eda4f548ff979ede93e57b,1s,AVG,9a52eaecc499d7172e01ce2a0bba40f8ffd34109e9eda4f548ff979ede93e57b,2026-09-02T19:12:52.348Z,2026-09-02T19:13:00.152Z,2026-09-02T19:13:00.152Z,1694
obdEngineLoad,CAN_ENGINE_LOAD,LATEST_LIVE,2026-09-02T19:13:02.000Z,2026-09-02T19:13:05.929Z,2026-09-02T19:13:05.664Z,2026-09-02T19:13:05.929Z,2159,54.11764705882353,"{""value"":54.11764705882353,""timestamp"":""2026-09-02T19:13:02Z""}",,,,,,,,1699
obdEngineLoad,CAN_ENGINE_LOAD,HF_HISTORICAL,2026-09-02T19:12:59.152Z,2026-09-02T19:13:06.137Z,2026-09-02T19:13:05.930Z,2026-09-02T19:13:06.137Z,2164,19.2156862745098,19.2156862745098,e5c0ad27f165e30c49e287ea19445ee58b40e3a019e9d37e6036338779317b57,1s,AVG,e5c0ad27f165e30c49e287ea19445ee58b40e3a019e9d37e6036338779317b57,2026-09-02T19:12:58.152Z,2026-09-02T19:13:05.930Z,2026-09-02T19:13:05.930Z,1704
obdEngineLoad,CAN_ENGINE_LOAD,HF_HISTORICAL,2026-09-02T19:13:01.152Z,2026-09-02T19:13:06.137Z,2026-09-02T19:13:05.930Z,2026-09-02T19:13:06.137Z,2169,54.11764705882353,54.11764705882353,f255b0fd40ca3189d7de507f17330dd8aa23d44238d6930d6ec0c3e3c56d7a59,1s,AVG,f255b0fd40ca3189d7de507f17330dd8aa23d44238d6930d6ec0c3e3c56d7a59,2026-09-02T19:12:58.152Z,2026-09-02T19:13:05.930Z,2026-09-02T19:13:05.930Z,1709
obdEngineLoad,CAN_ENGINE_LOAD,LATEST_LIVE,2026-09-02T19:13:05.000Z,2026-09-02T19:13:12.030Z,2026-09-02T19:13:11.800Z,2026-09-02T19:13:12.030Z,2200,51.37254901960785,"{""value"":51.37254901960785,""timestamp"":""2026-09-02T19:13:05Z""}",,,,,,,,1720
obdEngineLoad,CAN_ENGINE_LOAD,HF_HISTORICAL,2026-09-02T19:13:04.930Z,2026-09-02T19:13:12.226Z,2026-09-02T19:13:12.031Z,2026-09-02T19:13:12.226Z,2205,51.37254901960785,51.37254901960785,8b06e4bf711347fd58b78c0c009aa28b24a40b3b8243a967b5acddddab424d4b,1s,AVG,8b06e4bf711347fd58b78c0c009aa28b24a40b3b8243a967b5acddddab424d4b,2026-09-02T19:13:03.930Z,2026-09-02T19:13:12.031Z,2026-09-02T19:13:12.031Z,1725
obdEngineLoad,CAN_ENGINE_LOAD,LATEST_LIVE,2026-09-02T19:13:07.000Z,2026-09-02T19:13:17.757Z,2026-09-02T19:13:17.531Z,2026-09-02T19:13:17.757Z,2210,55.29411764705883,"{""value"":55.29411764705883,""timestamp"":""2026-09-02T19:13:07Z""}",,,,,,,,1730
obdEngineLoad,CAN_ENGINE_LOAD,LATEST_LIVE,2026-09-02T19:13:07.000Z,2026-09-02T19:13:23.505Z,2026-09-02T19:13:23.272Z,2026-09-02T19:13:23.505Z,2215,55.29411764705883,"{""value"":55.29411764705883,""timestamp"":""2026-09-02T19:13:07Z""}",,,,,,,,1735
obdEngineLoad,CAN_ENGINE_LOAD,LATEST_LIVE,2026-09-02T19:13:07.000Z,2026-09-02T19:13:29.501Z,2026-09-02T19:13:29.097Z,2026-09-02T19:13:29.501Z,2220,55.29411764705883,"{""value"":55.29411764705883,""timestamp"":""2026-09-02T19:13:07Z""}",,,,,,,,1740
obdEngineLoad,CAN_ENGINE_LOAD,LATEST_LIVE,2026-09-02T19:13:31.000Z,2026-09-02T19:13:35.345Z,2026-09-02T19:13:35.034Z,2026-09-02T19:13:35.345Z,2225,51.76470588235294,"{""value"":51.76470588235294,""timestamp"":""2026-09-02T19:13:31Z""}",,,,,,,,1745
obdEngineLoad,CAN_ENGINE_LOAD,HF_HISTORICAL,2026-09-02T19:13:27.504Z,2026-09-02T19:13:35.574Z,2026-09-02T19:13:35.347Z,2026-09-02T19:13:35.574Z,2230,32.54901960784314,32.54901960784314,53ecac4cefd30310d69d8d5c65c9695aa28662603b378036cc6a68a2bcb91f5d,1s,AVG,53ecac4cefd30310d69d8d5c65c9695aa28662603b378036cc6a68a2bcb91f5d,2026-09-02T19:13:27.504Z,2026-09-02T19:13:35.347Z,2026-09-02T19:13:35.347Z,1750
obdEngineLoad,CAN_ENGINE_LOAD,HF_HISTORICAL,2026-09-02T19:13:28.504Z,2026-09-02T19:13:35.574Z,2026-09-02T19:13:35.347Z,2026-09-02T19:13:35.574Z,2235,28.62745098039216,28.62745098039216,3a645dde3d0cd1f05ea2bb4f61f4a46ae029251fb8a688eb9421f97a09ba7346,1s,AVG,3a645dde3d0cd1f05ea2bb4f61f4a46ae029251fb8a688eb9421f97a09ba7346,2026-09-02T19:13:27.504Z,2026-09-02T19:13:35.347Z,2026-09-02T19:13:35.347Z,1755
obdEngineLoad,CAN_ENGINE_LOAD,HF_HISTORICAL,2026-09-02T19:13:30.504Z,2026-09-02T19:13:35.574Z,2026-09-02T19:13:35.347Z,2026-09-02T19:13:35.574Z,2240,51.76470588235294,51.76470588235294,85e822e44123ce1e8bced253121f021a1f08b4723cfbf59e252fefd6811f9b72,1s,AVG,85e822e44123ce1e8bced253121f021a1f08b4723cfbf59e252fefd6811f9b72,2026-09-02T19:13:27.504Z,2026-09-02T19:13:35.347Z,2026-09-02T19:13:35.347Z,1760
obdEngineLoad,CAN_ENGINE_LOAD,LATEST_LIVE,2026-09-02T19:13:37.000Z,2026-09-02T19:13:41.122Z,2026-09-02T19:13:40.883Z,2026-09-02T19:13:41.122Z,2245,43.92156862745098,"{""value"":43.92156862745098,""timestamp"":""2026-09-02T19:13:37Z""}",,,,,,,,1765
obdEngineLoad,CAN_ENGINE_LOAD,HF_HISTORICAL,2026-09-02T19:13:36.347Z,2026-09-02T19:13:41.527Z,2026-09-02T19:13:41.124Z,2026-09-02T19:13:41.527Z,2250,43.92156862745098,43.92156862745098,e02407beeb4985ab033edc8d5b67092e74847c1deda55253019b693b026cc0a2,1s,AVG,e02407beeb4985ab033edc8d5b67092e74847c1deda55253019b693b026cc0a2,2026-09-02T19:13:33.347Z,2026-09-02T19:13:41.124Z,2026-09-02T19:13:41.124Z,1770
obdEngineLoad,CAN_ENGINE_LOAD,LATEST_LIVE,2026-09-02T19:13:42.000Z,2026-09-02T19:13:47.420Z,2026-09-02T19:13:47.118Z,2026-09-02T19:13:47.420Z,2281,0,"{""value"":0,""timestamp"":""2026-09-02T19:13:42Z""}",,,,,,,,1781
obdEngineLoad,CAN_ENGINE_LOAD,HF_HISTORICAL,2026-09-02T19:13:41.124Z,2026-09-02T19:13:47.759Z,2026-09-02T19:13:47.422Z,2026-09-02T19:13:47.759Z,2286,0,0,e301e4a036f80a6534f234c4c2508e8ff70044b4d39380328aa945d97e7c10b7,1s,AVG,e301e4a036f80a6534f234c4c2508e8ff70044b4d39380328aa945d97e7c10b7,2026-09-02T19:13:39.124Z,2026-09-02T19:13:47.422Z,2026-09-02T19:13:47.422Z,1786
obdEngineLoad,CAN_ENGINE_LOAD,LATEST_LIVE,2026-09-02T19:13:49.000Z,2026-09-02T19:13:53.429Z,2026-09-02T19:13:53.161Z,2026-09-02T19:13:53.429Z,2291,55.29411764705883,"{""value"":55.29411764705883,""timestamp"":""2026-09-02T19:13:49Z""}",,,,,,,,1791
obdEngineLoad,CAN_ENGINE_LOAD,HF_HISTORICAL,2026-09-02T19:13:45.422Z,2026-09-02T19:13:53.661Z,2026-09-02T19:13:53.431Z,2026-09-02T19:13:53.661Z,2296,52.94117647058823,52.94117647058823,23247741011c1c765da8f5933e6ebe23cdf316bc2d8e6cde5659f0d78ee607a7,1s,AVG,23247741011c1c765da8f5933e6ebe23cdf316bc2d8e6cde5659f0d78ee607a7,2026-09-02T19:13:45.422Z,2026-09-02T19:13:53.431Z,2026-09-02T19:13:53.431Z,1796
obdEngineLoad,CAN_ENGINE_LOAD,HF_HISTORICAL,2026-09-02T19:13:46.422Z,2026-09-02T19:13:53.661Z,2026-09-02T19:13:53.431Z,2026-09-02T19:13:53.661Z,2301,35.68627450980392,35.68627450980392,6406bf96d6c5fdeac0ec2052536b2d7746174f79683d348a05d26448aad2c85d,1s,AVG,6406bf96d6c5fdeac0ec2052536b2d7746174f79683d348a05d26448aad2c85d,2026-09-02T19:13:45.422Z,2026-09-02T19:13:53.431Z,2026-09-02T19:13:53.431Z,1801
obdEngineLoad,CAN_ENGINE_LOAD,HF_HISTORICAL,2026-09-02T19:13:48.422Z,2026-09-02T19:13:53.661Z,2026-09-02T19:13:53.431Z,2026-09-02T19:13:53.661Z,2306,55.29411764705883,55.29411764705883,b60a5a472e1090349464cfeb8a8daaa2bc01746ef4a9a7bc3c001b1286901d6b,1s,AVG,b60a5a472e1090349464cfeb8a8daaa2bc01746ef4a9a7bc3c001b1286901d6b,2026-09-02T19:13:45.422Z,2026-09-02T19:13:53.431Z,2026-09-02T19:13:53.431Z,1806
obdEngineLoad,CAN_ENGINE_LOAD,LATEST_LIVE,2026-09-02T19:13:56.000Z,2026-09-02T19:13:59.237Z,2026-09-02T19:13:59.011Z,2026-09-02T19:13:59.237Z,2311,27.05882352941176,"{""value"":27.05882352941176,""timestamp"":""2026-09-02T19:13:56Z""}",,,,,,,,1811
obdEngineLoad,CAN_ENGINE_LOAD,HF_HISTORICAL,2026-09-02T19:13:53.431Z,2026-09-02T19:13:59.466Z,2026-09-02T19:13:59.241Z,2026-09-02T19:13:59.466Z,2316,7.84313725490196,7.84313725490196,0deb9e5dfb728b09b038518811d15c2b76c5b0d3cf8cecc3e229e36821324c2f,1s,AVG,0deb9e5dfb728b09b038518811d15c2b76c5b0d3cf8cecc3e229e36821324c2f,2026-09-02T19:13:51.431Z,2026-09-02T19:13:59.240Z,2026-09-02T19:13:59.240Z,1816
obdEngineLoad,CAN_ENGINE_LOAD,HF_HISTORICAL,2026-09-02T19:13:55.431Z,2026-09-02T19:13:59.466Z,2026-09-02T19:13:59.241Z,2026-09-02T19:13:59.466Z,2321,27.05882352941176,27.05882352941176,3ab7864bb96b07daa5f2cc64e2ddfe1d56f9ef9607b4b9a10e0e18f0ed713e50,1s,AVG,3ab7864bb96b07daa5f2cc64e2ddfe1d56f9ef9607b4b9a10e0e18f0ed713e50,2026-09-02T19:13:51.431Z,2026-09-02T19:13:59.240Z,2026-09-02T19:13:59.240Z,1821
obdEngineLoad,CAN_ENGINE_LOAD,LATEST_LIVE,2026-09-02T19:14:00.000Z,2026-09-02T19:14:05.913Z,2026-09-02T19:14:04.866Z,2026-09-02T19:14:05.913Z,2326,9.019607843137255,"{""value"":9.019607843137255,""timestamp"":""2026-09-02T19:14:00Z""}",,,,,,,,1826
obdEngineLoad,CAN_ENGINE_LOAD,HF_HISTORICAL,2026-09-02T19:13:59.240Z,2026-09-02T19:14:06.099Z,2026-09-02T19:14:05.915Z,2026-09-02T19:14:06.099Z,2331,9.019607843137255,9.019607843137255,0216e23321429c0a3146664cd6772bee7a281d21a0716653f2dbcbf6c9984a4f,1s,AVG,0216e23321429c0a3146664cd6772bee7a281d21a0716653f2dbcbf6c9984a4f,2026-09-02T19:13:57.240Z,2026-09-02T19:14:05.915Z,2026-09-02T19:14:05.915Z,1831
obdEngineLoad,CAN_ENGINE_LOAD,LATEST_LIVE,2026-09-02T19:14:05.000Z,2026-09-02T19:14:13.363Z,2026-09-02T19:14:12.701Z,2026-09-02T19:14:13.363Z,2336,52.54901960784314,"{""value"":52.54901960784314,""timestamp"":""2026-09-02T19:14:05Z""}",,,,,,,,1836
obdEngineLoad,CAN_ENGINE_LOAD,HF_HISTORICAL,2026-09-02T19:14:03.915Z,2026-09-02T19:14:13.585Z,2026-09-02T19:14:13.365Z,2026-09-02T19:14:13.585Z,2341,30.19607843137255,30.19607843137255,fc61bf54f013b34e78f516accfc404666ab5feaef9835e462d9e0dc54c2c439a,1s,AVG,fc61bf54f013b34e78f516accfc404666ab5feaef9835e462d9e0dc54c2c439a,2026-09-02T19:14:03.915Z,2026-09-02T19:14:13.365Z,2026-09-02T19:14:13.365Z,1841
obdEngineLoad,CAN_ENGINE_LOAD,HF_HISTORICAL,2026-09-02T19:14:04.915Z,2026-09-02T19:14:13.585Z,2026-09-02T19:14:13.365Z,2026-09-02T19:14:13.585Z,2346,52.54901960784314,52.54901960784314,ab7fda9fcd5cef20e7086ff98c108b3b36fd2422439ad58ff296e34ca7a84bea,1s,AVG,ab7fda9fcd5cef20e7086ff98c108b3b36fd2422439ad58ff296e34ca7a84bea,2026-09-02T19:14:03.915Z,2026-09-02T19:14:13.365Z,2026-09-02T19:14:13.365Z,1846
obdEngineLoad,CAN_ENGINE_LOAD,LATEST_LIVE,2026-09-02T19:14:12.000Z,2026-09-02T19:14:19.324Z,2026-09-02T19:14:18.951Z,2026-09-02T19:14:19.324Z,2351,34.90196078431372,"{""value"":34.90196078431372,""timestamp"":""2026-09-02T19:14:12Z""}",,,,,,,,1851
obdEngineLoad,CAN_ENGINE_LOAD,HF_HISTORICAL,2026-09-02T19:14:11.365Z,2026-09-02T19:14:20.079Z,2026-09-02T19:14:19.334Z,2026-09-02T19:14:20.079Z,2356,34.90196078431372,34.90196078431372,067cd494fdf59206fe15413a121950f2de39aa4d3cb95075b3582c2a299ff495,1s,AVG,067cd494fdf59206fe15413a121950f2de39aa4d3cb95075b3582c2a299ff495,2026-09-02T19:14:11.365Z,2026-09-02T19:14:19.334Z,2026-09-02T19:14:19.334Z,1856
obdEngineLoad,CAN_ENGINE_LOAD,HF_HISTORICAL,2026-09-02T19:14:13.365Z,2026-09-02T19:14:20.079Z,2026-09-02T19:14:19.334Z,2026-09-02T19:14:20.079Z,2359,0,0,0af5874defa62ae38142f3bba602d44d32c64241b4c4062ba0ca6169cea13def,1s,AVG,0af5874defa62ae38142f3bba602d44d32c64241b4c4062ba0ca6169cea13def,2026-09-02T19:14:11.365Z,2026-09-02T19:14:19.334Z,2026-09-02T19:14:19.334Z,1859
obdEngineLoad,CAN_ENGINE_LOAD,LATEST_LIVE,2026-09-02T19:14:19.000Z,2026-09-02T19:14:25.991Z,2026-09-02T19:14:25.682Z,2026-09-02T19:14:25.991Z,2387,0,"{""value"":0,""timestamp"":""2026-09-02T19:14:19Z""}",,,,,,,,1867
obdEngineLoad,CAN_ENGINE_LOAD,HF_HISTORICAL,2026-09-02T19:14:18.334Z,2026-09-02T19:14:26.232Z,2026-09-02T19:14:25.992Z,2026-09-02T19:14:26.232Z,2392,0,0,e5bd78ba30b488ee7ddea0d8e157642b12f97d5c9d0ffab54d266dafcff90e50,1s,AVG,e5bd78ba30b488ee7ddea0d8e157642b12f97d5c9d0ffab54d266dafcff90e50,2026-09-02T19:14:17.334Z,2026-09-02T19:14:25.992Z,2026-09-02T19:14:25.992Z,1872
obdEngineLoad,CAN_ENGINE_LOAD,LATEST_LIVE,2026-09-02T19:14:20.000Z,2026-09-02T19:14:31.725Z,2026-09-02T19:14:31.514Z,2026-09-02T19:14:31.725Z,2394,0,"{""value"":0,""timestamp"":""2026-09-02T19:14:20Z""}",,,,,,,,1874
obdEngineLoad,CAN_ENGINE_LOAD,LATEST_LIVE,2026-09-02T19:14:20.000Z,2026-09-02T19:14:37.513Z,2026-09-02T19:14:37.249Z,2026-09-02T19:14:37.513Z,2399,0,"{""value"":0,""timestamp"":""2026-09-02T19:14:20Z""}",,,,,,,,1879
obdEngineLoad,CAN_ENGINE_LOAD,LATEST_LIVE,2026-09-02T19:14:20.000Z,2026-09-02T19:14:43.288Z,2026-09-02T19:14:43.081Z,2026-09-02T19:14:43.288Z,2404,0,"{""value"":0,""timestamp"":""2026-09-02T19:14:20Z""}",,,,,,,,1884
obdEngineLoad,CAN_ENGINE_LOAD,LATEST_LIVE,2026-09-02T19:14:20.000Z,2026-09-02T19:14:49.014Z,2026-09-02T19:14:48.746Z,2026-09-02T19:14:49.014Z,2409,0,"{""value"":0,""timestamp"":""2026-09-02T19:14:20Z""}",,,,,,,,1889
obdEngineLoad,CAN_ENGINE_LOAD,LATEST_LIVE,2026-09-02T19:14:20.000Z,2026-09-02T19:14:54.893Z,2026-09-02T19:14:54.658Z,2026-09-02T19:14:54.893Z,2414,0,"{""value"":0,""timestamp"":""2026-09-02T19:14:20Z""}",,,,,,,,1894
obdEngineLoad,CAN_ENGINE_LOAD,LATEST_LIVE,2026-09-02T19:14:20.000Z,2026-09-02T19:15:00.983Z,2026-09-02T19:15:00.729Z,2026-09-02T19:15:00.983Z,2445,0,"{""value"":0,""timestamp"":""2026-09-02T19:14:20Z""}",,,,,,,,1905
obdEngineLoad,CAN_ENGINE_LOAD,LATEST_LIVE,2026-09-02T19:14:20.000Z,2026-09-02T19:15:06.901Z,2026-09-02T19:15:06.655Z,2026-09-02T19:15:06.901Z,2450,0,"{""value"":0,""timestamp"":""2026-09-02T19:14:20Z""}",,,,,,,,1910
obdEngineLoad,CAN_ENGINE_LOAD,LATEST_LIVE,2026-09-02T19:14:20.000Z,2026-09-02T19:15:12.876Z,2026-09-02T19:15:12.406Z,2026-09-02T19:15:12.876Z,2455,0,"{""value"":0,""timestamp"":""2026-09-02T19:14:20Z""}",,,,,,,,1915
obdEngineLoad,CAN_ENGINE_LOAD,LATEST_LIVE,2026-09-02T19:14:20.000Z,2026-09-02T19:15:18.630Z,2026-09-02T19:15:18.345Z,2026-09-02T19:15:18.630Z,2460,0,"{""value"":0,""timestamp"":""2026-09-02T19:14:20Z""}",,,,,,,,1920
obdEngineLoad,CAN_ENGINE_LOAD,LATEST_LIVE,2026-09-02T19:14:20.000Z,2026-09-02T19:15:24.752Z,2026-09-02T19:15:24.501Z,2026-09-02T19:15:24.752Z,2465,0,"{""value"":0,""timestamp"":""2026-09-02T19:14:20Z""}",,,,,,,,1925
obdEngineLoad,CAN_ENGINE_LOAD,LATEST_LIVE,2026-09-02T19:14:20.000Z,2026-09-02T19:15:30.579Z,2026-09-02T19:15:30.246Z,2026-09-02T19:15:30.579Z,2470,0,"{""value"":0,""timestamp"":""2026-09-02T19:14:20Z""}",,,,,,,,1930
obdEngineLoad,CAN_ENGINE_LOAD,LATEST_LIVE,2026-09-02T19:14:20.000Z,2026-09-02T19:15:36.832Z,2026-09-02T19:15:36.598Z,2026-09-02T19:15:36.832Z,2501,0,"{""value"":0,""timestamp"":""2026-09-02T19:14:20Z""}",,,,,,,,1941
obdEngineLoad,CAN_ENGINE_LOAD,LATEST_LIVE,2026-09-02T19:14:20.000Z,2026-09-02T19:15:42.534Z,2026-09-02T19:15:42.320Z,2026-09-02T19:15:42.534Z,2506,0,"{""value"":0,""timestamp"":""2026-09-02T19:14:20Z""}",,,,,,,,1946
obdEngineLoad,CAN_ENGINE_LOAD,LATEST_LIVE,2026-09-02T19:14:20.000Z,2026-09-02T19:15:48.278Z,2026-09-02T19:15:48.051Z,2026-09-02T19:15:48.278Z,2511,0,"{""value"":0,""timestamp"":""2026-09-02T19:14:20Z""}",,,,,,,,1951
obdEngineLoad,CAN_ENGINE_LOAD,LATEST_LIVE,2026-09-02T19:14:20.000Z,2026-09-02T19:15:54.314Z,2026-09-02T19:15:53.900Z,2026-09-02T19:15:54.314Z,2516,0,"{""value"":0,""timestamp"":""2026-09-02T19:14:20Z""}",,,,,,,,1956
obdEngineLoad,CAN_ENGINE_LOAD,LATEST_LIVE,2026-09-02T19:15:53.000Z,2026-09-02T19:16:00.171Z,2026-09-02T19:15:59.825Z,2026-09-02T19:16:00.171Z,2521,0,"{""value"":0,""timestamp"":""2026-09-02T19:15:53Z""}",,,,,,,,1961
obdEngineLoad,CAN_ENGINE_LOAD,HF_HISTORICAL,2026-09-02T19:15:52.321Z,2026-09-02T19:16:00.377Z,2026-09-02T19:16:00.172Z,2026-09-02T19:16:00.377Z,2526,0,0,5be2022c9edd2e72126a79eac993edcec1db68ea8dffad4729309c6099cde393,1s,AVG,5be2022c9edd2e72126a79eac993edcec1db68ea8dffad4729309c6099cde393,2026-09-02T19:15:52.321Z,2026-09-02T19:16:00.172Z,2026-09-02T19:16:00.172Z,1966
obdEngineLoad,CAN_ENGINE_LOAD,LATEST_LIVE,2026-09-02T19:16:02.000Z,2026-09-02T19:16:06.063Z,2026-09-02T19:16:05.783Z,2026-09-02T19:16:06.063Z,2530,0,"{""value"":0,""timestamp"":""2026-09-02T19:16:02Z""}",,,,,,,,1970
obdEngineLoad,CAN_ENGINE_LOAD,HF_HISTORICAL,2026-09-02T19:16:00.172Z,2026-09-02T19:16:06.280Z,2026-09-02T19:16:06.065Z,2026-09-02T19:16:06.280Z,2535,0,0,ffc2e9aa781f5bda526d2c99223e38170bd2e35f04ba1b06056a64ec8dd7f710,1s,AVG,ffc2e9aa781f5bda526d2c99223e38170bd2e35f04ba1b06056a64ec8dd7f710,2026-09-02T19:15:58.172Z,2026-09-02T19:16:06.065Z,2026-09-02T19:16:06.065Z,1975
obdEngineLoad,CAN_ENGINE_LOAD,HF_HISTORICAL,2026-09-02T19:16:01.172Z,2026-09-02T19:16:06.280Z,2026-09-02T19:16:06.065Z,2026-09-02T19:16:06.280Z,2537,0,0,8d39adfc0c46b929a0c2509a5720126e4526ff49a31d9ba398a1deb6c327141c,1s,AVG,8d39adfc0c46b929a0c2509a5720126e4526ff49a31d9ba398a1deb6c327141c,2026-09-02T19:15:58.172Z,2026-09-02T19:16:06.065Z,2026-09-02T19:16:06.065Z,1977
obdEngineLoad,CAN_ENGINE_LOAD,LATEST_LIVE,2026-09-02T19:16:06.000Z,2026-09-02T19:16:12.098Z,2026-09-02T19:16:11.829Z,2026-09-02T19:16:12.098Z,2566,98.0392156862745,"{""value"":98.0392156862745,""timestamp"":""2026-09-02T19:16:06Z""}",,,,,,,,1986
obdEngineLoad,CAN_ENGINE_LOAD,HF_HISTORICAL,2026-09-02T19:16:04.065Z,2026-09-02T19:16:12.306Z,2026-09-02T19:16:12.100Z,2026-09-02T19:16:12.306Z,2571,0,0,3d9faee367f21cb96418179345588d0a69f75068f32e7cf448c4a0060b3c3172,1s,AVG,3d9faee367f21cb96418179345588d0a69f75068f32e7cf448c4a0060b3c3172,2026-09-02T19:16:04.065Z,2026-09-02T19:16:12.100Z,2026-09-02T19:16:12.100Z,1991
obdEngineLoad,CAN_ENGINE_LOAD,HF_HISTORICAL,2026-09-02T19:16:05.065Z,2026-09-02T19:16:12.306Z,2026-09-02T19:16:12.100Z,2026-09-02T19:16:12.306Z,2575,98.0392156862745,98.0392156862745,0bd5b4e9d16f9601b2ae99ec9cfa40256d3430dd4455aac2e18a497391b22d1c,1s,AVG,0bd5b4e9d16f9601b2ae99ec9cfa40256d3430dd4455aac2e18a497391b22d1c,2026-09-02T19:16:04.065Z,2026-09-02T19:16:12.100Z,2026-09-02T19:16:12.100Z,1995
obdEngineLoad,CAN_ENGINE_LOAD,LATEST_LIVE,2026-09-02T19:16:13.000Z,2026-09-02T19:16:17.913Z,2026-09-02T19:16:17.674Z,2026-09-02T19:16:17.913Z,2580,78.43137254901961,"{""value"":78.43137254901961,""timestamp"":""2026-09-02T19:16:13Z""}",,,,,,,,2000
obdEngineLoad,CAN_ENGINE_LOAD,HF_HISTORICAL,2026-09-02T19:16:10.100Z,2026-09-02T19:16:18.197Z,2026-09-02T19:16:17.915Z,2026-09-02T19:16:18.197Z,2585,73.33333333333333,73.33333333333333,0414ca94c389534ea6482bfa6c1f369999453961b6f64c78c72d297c510efaee,1s,AVG,0414ca94c389534ea6482bfa6c1f369999453961b6f64c78c72d297c510efaee,2026-09-02T19:16:10.100Z,2026-09-02T19:16:17.915Z,2026-09-02T19:16:17.915Z,2005
obdEngineLoad,CAN_ENGINE_LOAD,HF_HISTORICAL,2026-09-02T19:16:12.100Z,2026-09-02T19:16:18.197Z,2026-09-02T19:16:17.915Z,2026-09-02T19:16:18.197Z,2590,78.43137254901961,78.43137254901961,fc95fab672c7d3243bc4a450f96f52426c3b5257f9f79aba57fab26159b97d6f,1s,AVG,fc95fab672c7d3243bc4a450f96f52426c3b5257f9f79aba57fab26159b97d6f,2026-09-02T19:16:10.100Z,2026-09-02T19:16:17.915Z,2026-09-02T19:16:17.915Z,2010
obdEngineLoad,CAN_ENGINE_LOAD,LATEST_LIVE,2026-09-02T19:16:18.000Z,2026-09-02T19:16:23.789Z,2026-09-02T19:16:23.526Z,2026-09-02T19:16:23.789Z,2595,54.90196078431372,"{""value"":54.90196078431372,""timestamp"":""2026-09-02T19:16:18Z""}",,,,,,,,2015
obdEngineLoad,CAN_ENGINE_LOAD,HF_HISTORICAL,2026-09-02T19:16:16.915Z,2026-09-02T19:16:24.041Z,2026-09-02T19:16:23.793Z,2026-09-02T19:16:24.041Z,2600,74.50980392156863,74.50980392156863,360650e79b0bea837df1a2935d0d292ab8fa0dc563281ea5d372ec6244de8f34,1s,AVG,360650e79b0bea837df1a2935d0d292ab8fa0dc563281ea5d372ec6244de8f34,2026-09-02T19:16:15.915Z,2026-09-02T19:16:23.793Z,2026-09-02T19:16:23.793Z,2020
obdEngineLoad,CAN_ENGINE_LOAD,HF_HISTORICAL,2026-09-02T19:16:17.915Z,2026-09-02T19:16:24.041Z,2026-09-02T19:16:23.793Z,2026-09-02T19:16:24.041Z,2605,54.90196078431372,54.90196078431372,e85f9622545a2fefbc455a7b9e8b9441462482ec97db453025188dc8a91d7e53,1s,AVG,e85f9622545a2fefbc455a7b9e8b9441462482ec97db453025188dc8a91d7e53,2026-09-02T19:16:15.915Z,2026-09-02T19:16:23.793Z,2026-09-02T19:16:23.793Z,2025
obdEngineLoad,CAN_ENGINE_LOAD,LATEST_LIVE,2026-09-02T19:16:25.000Z,2026-09-02T19:16:29.688Z,2026-09-02T19:16:29.438Z,2026-09-02T19:16:29.688Z,2610,78.82352941176471,"{""value"":78.82352941176471,""timestamp"":""2026-09-02T19:16:25Z""}",,,,,,,,2030
obdEngineLoad,CAN_ENGINE_LOAD,HF_HISTORICAL,2026-09-02T19:16:21.793Z,2026-09-02T19:16:29.961Z,2026-09-02T19:16:29.689Z,2026-09-02T19:16:29.961Z,2615,50.19607843137255,50.19607843137255,1a152a1e27c904c403854424050324def7f95afd45df06894c46b683da6e7023,1s,AVG,1a152a1e27c904c403854424050324def7f95afd45df06894c46b683da6e7023,2026-09-02T19:16:21.793Z,2026-09-02T19:16:29.689Z,2026-09-02T19:16:29.689Z,2035
obdEngineLoad,CAN_ENGINE_LOAD,HF_HISTORICAL,2026-09-02T19:16:22.793Z,2026-09-02T19:16:29.961Z,2026-09-02T19:16:29.689Z,2026-09-02T19:16:29.961Z,2620,89.41176470588235,89.41176470588235,1c4f02dddf1010c3f3d4c3e985de8307141a64c280b399b752b4c1a3ace6f251,1s,AVG,1c4f02dddf1010c3f3d4c3e985de8307141a64c280b399b752b4c1a3ace6f251,2026-09-02T19:16:21.793Z,2026-09-02T19:16:29.689Z,2026-09-02T19:16:29.689Z,2040
obdEngineLoad,CAN_ENGINE_LOAD,HF_HISTORICAL,2026-09-02T19:16:24.793Z,2026-09-02T19:16:29.961Z,2026-09-02T19:16:29.689Z,2026-09-02T19:16:29.961Z,2625,78.82352941176471,78.82352941176471,e0d313f87e990633bd1322281d0668f2c9082f752345dbd635c8bd0c60a7867c,1s,AVG,e0d313f87e990633bd1322281d0668f2c9082f752345dbd635c8bd0c60a7867c,2026-09-02T19:16:21.793Z,2026-09-02T19:16:29.689Z,2026-09-02T19:16:29.689Z,2045
obdEngineLoad,CAN_ENGINE_LOAD,LATEST_LIVE,2026-09-02T19:16:25.000Z,2026-09-02T19:16:35.747Z,2026-09-02T19:16:35.400Z,2026-09-02T19:16:35.747Z,2630,78.82352941176471,"{""value"":78.82352941176471,""timestamp"":""2026-09-02T19:16:25Z""}",,,,,,,,2050
obdEngineLoad,CAN_ENGINE_LOAD,LATEST_LIVE,2026-09-02T19:16:37.000Z,2026-09-02T19:16:41.778Z,2026-09-02T19:16:41.532Z,2026-09-02T19:16:41.778Z,2635,43.52941176470588,"{""value"":43.52941176470588,""timestamp"":""2026-09-02T19:16:37Z""}",,,,,,,,2055
obdEngineLoad,CAN_ENGINE_LOAD,HF_HISTORICAL,2026-09-02T19:16:35.750Z,2026-09-02T19:16:41.981Z,2026-09-02T19:16:41.779Z,2026-09-02T19:16:41.981Z,2640,78.82352941176471,78.82352941176471,a0cbc59ccac045004bd9bad55daec6ab9590448e3b7c9bd34dbc800af9186727,1s,AVG,a0cbc59ccac045004bd9bad55daec6ab9590448e3b7c9bd34dbc800af9186727,2026-09-02T19:16:33.750Z,2026-09-02T19:16:41.779Z,2026-09-02T19:16:41.779Z,2060
obdEngineLoad,CAN_ENGINE_LOAD,HF_HISTORICAL,2026-09-02T19:16:36.750Z,2026-09-02T19:16:41.981Z,2026-09-02T19:16:41.779Z,2026-09-02T19:16:41.981Z,2645,43.52941176470588,43.52941176470588,f11db534b1911ddce8bd9cbd3fc41c5d8a55e51392215544f3104453a1067bfb,1s,AVG,f11db534b1911ddce8bd9cbd3fc41c5d8a55e51392215544f3104453a1067bfb,2026-09-02T19:16:33.750Z,2026-09-02T19:16:41.779Z,2026-09-02T19:16:41.779Z,2065
obdEngineLoad,CAN_ENGINE_LOAD,LATEST_LIVE,2026-09-02T19:16:42.000Z,2026-09-02T19:16:47.938Z,2026-09-02T19:16:47.574Z,2026-09-02T19:16:47.938Z,2676,38.8235294117647,"{""value"":38.8235294117647,""timestamp"":""2026-09-02T19:16:42Z""}",,,,,,,,2076
obdEngineLoad,CAN_ENGINE_LOAD,HF_HISTORICAL,2026-09-02T19:16:40.779Z,2026-09-02T19:16:48.305Z,2026-09-02T19:16:47.939Z,2026-09-02T19:16:48.306Z,2681,0,0,30f9d64462a15b798c731d16cd7bc3a24e3e1689fd9e836485fb9e743c415282,1s,AVG,30f9d64462a15b798c731d16cd7bc3a24e3e1689fd9e836485fb9e743c415282,2026-09-02T19:16:39.779Z,2026-09-02T19:16:47.939Z,2026-09-02T19:16:47.939Z,2081
obdEngineLoad,CAN_ENGINE_LOAD,HF_HISTORICAL,2026-09-02T19:16:41.779Z,2026-09-02T19:16:48.305Z,2026-09-02T19:16:47.939Z,2026-09-02T19:16:48.306Z,2686,38.8235294117647,38.8235294117647,07bc7e344060d3b7c569cf14c9f1b21d56b5c7938f01817f3e65cf9a85b0a88d,1s,AVG,07bc7e344060d3b7c569cf14c9f1b21d56b5c7938f01817f3e65cf9a85b0a88d,2026-09-02T19:16:39.779Z,2026-09-02T19:16:47.939Z,2026-09-02T19:16:47.939Z,2086
obdEngineLoad,CAN_ENGINE_LOAD,LATEST_LIVE,2026-09-02T19:16:49.000Z,2026-09-02T19:16:54.228Z,2026-09-02T19:16:53.718Z,2026-09-02T19:16:54.228Z,2691,26.66666666666667,"{""value"":26.66666666666667,""timestamp"":""2026-09-02T19:16:49Z""}",,,,,,,,2091
obdEngineLoad,CAN_ENGINE_LOAD,HF_HISTORICAL,2026-09-02T19:16:46.939Z,2026-09-02T19:16:54.461Z,2026-09-02T19:16:54.229Z,2026-09-02T19:16:54.461Z,2696,52.94117647058823,52.94117647058823,a471a37ba98f1317d554cd8b04c6bb9d692e63ecda813a2dfff3c75eba4b378a,1s,AVG,a471a37ba98f1317d554cd8b04c6bb9d692e63ecda813a2dfff3c75eba4b378a,2026-09-02T19:16:45.939Z,2026-09-02T19:16:54.229Z,2026-09-02T19:16:54.229Z,2096
obdEngineLoad,CAN_ENGINE_LOAD,HF_HISTORICAL,2026-09-02T19:16:48.939Z,2026-09-02T19:16:54.461Z,2026-09-02T19:16:54.229Z,2026-09-02T19:16:54.461Z,2701,26.66666666666667,26.66666666666667,228e026c0e8b8cc9828f0ab30f50a083011b0d39fa895cd3793dae07ceca77cb,1s,AVG,228e026c0e8b8cc9828f0ab30f50a083011b0d39fa895cd3793dae07ceca77cb,2026-09-02T19:16:45.939Z,2026-09-02T19:16:54.229Z,2026-09-02T19:16:54.229Z,2101
obdEngineLoad,CAN_ENGINE_LOAD,LATEST_LIVE,2026-09-02T19:16:57.000Z,2026-09-02T19:17:00.366Z,2026-09-02T19:16:59.862Z,2026-09-02T19:17:00.366Z,2706,54.11764705882353,"{""value"":54.11764705882353,""timestamp"":""2026-09-02T19:16:57Z""}",,,,,,,,2106
obdEngineLoad,CAN_ENGINE_LOAD,HF_HISTORICAL,2026-09-02T19:16:53.229Z,2026-09-02T19:17:00.655Z,2026-09-02T19:17:00.371Z,2026-09-02T19:17:00.655Z,2711,68.23529411764706,68.23529411764706,a34a2aaa2c021e30a05218ad14f2ef50d443f4a99088e4af24b2431e4f162e5e,1s,AVG,a34a2aaa2c021e30a05218ad14f2ef50d443f4a99088e4af24b2431e4f162e5e,2026-09-02T19:16:52.229Z,2026-09-02T19:17:00.371Z,2026-09-02T19:17:00.371Z,2111
obdEngineLoad,CAN_ENGINE_LOAD,HF_HISTORICAL,2026-09-02T19:16:54.229Z,2026-09-02T19:17:00.655Z,2026-09-02T19:17:00.371Z,2026-09-02T19:17:00.655Z,2716,23.52941176470588,23.52941176470588,eab41266c357a3ef2f32cbeafbc0acf647a23cfb4a5850e787490d9b42f5e35a,1s,AVG,eab41266c357a3ef2f32cbeafbc0acf647a23cfb4a5850e787490d9b42f5e35a,2026-09-02T19:16:52.229Z,2026-09-02T19:17:00.371Z,2026-09-02T19:17:00.371Z,2116
obdEngineLoad,CAN_ENGINE_LOAD,HF_HISTORICAL,2026-09-02T19:16:56.229Z,2026-09-02T19:17:00.655Z,2026-09-02T19:17:00.371Z,2026-09-02T19:17:00.655Z,2721,54.11764705882353,54.11764705882353,aa3bb233e676796419ee9a38eed50a372228dae2fa3c2ae2becc0981198eb463,1s,AVG,aa3bb233e676796419ee9a38eed50a372228dae2fa3c2ae2becc0981198eb463,2026-09-02T19:16:52.229Z,2026-09-02T19:17:00.371Z,2026-09-02T19:17:00.371Z,2121
obdEngineLoad,CAN_ENGINE_LOAD,LATEST_LIVE,2026-09-02T19:17:01.000Z,2026-09-02T19:17:06.386Z,2026-09-02T19:17:06.036Z,2026-09-02T19:17:06.386Z,2726,0,"{""value"":0,""timestamp"":""2026-09-02T19:17:01Z""}",,,,,,,,2126
obdEngineLoad,CAN_ENGINE_LOAD,HF_HISTORICAL,2026-09-02T19:16:59.371Z,2026-09-02T19:17:06.624Z,2026-09-02T19:17:06.399Z,2026-09-02T19:17:06.624Z,2731,41.1764705882353,41.1764705882353,9390b80d9e720a28f9ed9bee0e32c95fe504e7a269982ee623907c182a2f9241,1s,AVG,9390b80d9e720a28f9ed9bee0e32c95fe504e7a269982ee623907c182a2f9241,2026-09-02T19:16:58.371Z,2026-09-02T19:17:06.399Z,2026-09-02T19:17:06.399Z,2131
obdEngineLoad,CAN_ENGINE_LOAD,HF_HISTORICAL,2026-09-02T19:17:00.371Z,2026-09-02T19:17:06.624Z,2026-09-02T19:17:06.399Z,2026-09-02T19:17:06.624Z,2734,0,0,d3c5a0c8bd1bdbb41952ad92b8e5b67aac132293142028a779194fdcb95c9ab2,1s,AVG,d3c5a0c8bd1bdbb41952ad92b8e5b67aac132293142028a779194fdcb95c9ab2,2026-09-02T19:16:58.371Z,2026-09-02T19:17:06.399Z,2026-09-02T19:17:06.399Z,2134
obdEngineLoad,CAN_ENGINE_LOAD,HF_HISTORICAL,2026-09-02T19:17:02.371Z,2026-09-02T19:17:06.624Z,2026-09-02T19:17:06.399Z,2026-09-02T19:17:06.624Z,2736,0,0,686d2e4167037e67d8ed2d2281c95c5b5d2ff4d95c5598a9aa25f59695bb68de,1s,AVG,686d2e4167037e67d8ed2d2281c95c5b5d2ff4d95c5598a9aa25f59695bb68de,2026-09-02T19:16:58.371Z,2026-09-02T19:17:06.399Z,2026-09-02T19:17:06.399Z,2136
obdEngineLoad,CAN_ENGINE_LOAD,LATEST_LIVE,2026-09-02T19:17:07.000Z,2026-09-02T19:17:12.222Z,2026-09-02T19:17:11.968Z,2026-09-02T19:17:12.222Z,2738,0,"{""value"":0,""timestamp"":""2026-09-02T19:17:07Z""}",,,,,,,,2138
obdEngineLoad,CAN_ENGINE_LOAD,HF_HISTORICAL,2026-09-02T19:17:05.399Z,2026-09-02T19:17:12.437Z,2026-09-02T19:17:12.224Z,2026-09-02T19:17:12.437Z,2743,0,0,9f9731235b055a430b1ce50bf8c59499d68cb907b170f6ccebb2fd1ea52dedf5,1s,AVG,9f9731235b055a430b1ce50bf8c59499d68cb907b170f6ccebb2fd1ea52dedf5,2026-09-02T19:17:04.399Z,2026-09-02T19:17:12.224Z,2026-09-02T19:17:12.224Z,2143
obdEngineLoad,CAN_ENGINE_LOAD,HF_HISTORICAL,2026-09-02T19:17:06.399Z,2026-09-02T19:17:12.437Z,2026-09-02T19:17:12.224Z,2026-09-02T19:17:12.437Z,2746,0,0,38852e04f928d9a5ef0d9f1bcf54354df466dd97d55373d6f4c6f3ded4b08ce9,1s,AVG,38852e04f928d9a5ef0d9f1bcf54354df466dd97d55373d6f4c6f3ded4b08ce9,2026-09-02T19:17:04.399Z,2026-09-02T19:17:12.224Z,2026-09-02T19:17:12.224Z,2146
obdEngineLoad,CAN_ENGINE_LOAD,LATEST_LIVE,2026-09-02T19:17:13.000Z,2026-09-02T19:17:18.056Z,2026-09-02T19:17:17.796Z,2026-09-02T19:17:18.056Z,2750,48.62745098039215,"{""value"":48.62745098039215,""timestamp"":""2026-09-02T19:17:13Z""}",,,,,,,,2150
obdEngineLoad,CAN_ENGINE_LOAD,HF_HISTORICAL,2026-09-02T19:17:11.224Z,2026-09-02T19:17:18.292Z,2026-09-02T19:17:18.059Z,2026-09-02T19:17:18.292Z,2755,30.58823529411764,30.58823529411764,513ea9002a260d20a09fe0d29c297825e5f36d6cd0fd8f21fc2bb44e00ea1a1a,1s,AVG,513ea9002a260d20a09fe0d29c297825e5f36d6cd0fd8f21fc2bb44e00ea1a1a,2026-09-02T19:17:10.224Z,2026-09-02T19:17:18.059Z,2026-09-02T19:17:18.059Z,2155
obdEngineLoad,CAN_ENGINE_LOAD,HF_HISTORICAL,2026-09-02T19:17:12.224Z,2026-09-02T19:17:18.292Z,2026-09-02T19:17:18.059Z,2026-09-02T19:17:18.292Z,2760,48.62745098039215,48.62745098039215,5ff4cae323afaf6709fbd7cbb5beabdbbe9aa3153ffc2dac35f780caf034e7c2,1s,AVG,5ff4cae323afaf6709fbd7cbb5beabdbbe9aa3153ffc2dac35f780caf034e7c2,2026-09-02T19:17:10.224Z,2026-09-02T19:17:18.059Z,2026-09-02T19:17:18.059Z,2160
obdEngineLoad,CAN_ENGINE_LOAD,LATEST_LIVE,2026-09-02T19:17:21.000Z,2026-09-02T19:17:24.263Z,2026-09-02T19:17:24.053Z,2026-09-02T19:17:24.263Z,2791,43.52941176470588,"{""value"":43.52941176470588,""timestamp"":""2026-09-02T19:17:21Z""}",,,,,,,,2171
obdEngineLoad,CAN_ENGINE_LOAD,HF_HISTORICAL,2026-09-02T19:17:16.059Z,2026-09-02T19:17:24.459Z,2026-09-02T19:17:24.265Z,2026-09-02T19:17:24.459Z,2796,57.25490196078432,57.25490196078432,9667999b5b92dbc7b1c88713b7e2980b3b270cf2a87b375a6c023e331192b1de,1s,AVG,9667999b5b92dbc7b1c88713b7e2980b3b270cf2a87b375a6c023e331192b1de,2026-09-02T19:17:16.059Z,2026-09-02T19:17:24.265Z,2026-09-02T19:17:24.265Z,2176
obdEngineLoad,CAN_ENGINE_LOAD,HF_HISTORICAL,2026-09-02T19:17:17.059Z,2026-09-02T19:17:24.459Z,2026-09-02T19:17:24.265Z,2026-09-02T19:17:24.459Z,2801,33.72549019607843,33.72549019607843,3ff1d7f86ac205e5c3989a1c1c02a5d63d80c7c4aab3fb6888ac764f2b40d033,1s,AVG,3ff1d7f86ac205e5c3989a1c1c02a5d63d80c7c4aab3fb6888ac764f2b40d033,2026-09-02T19:17:16.059Z,2026-09-02T19:17:24.265Z,2026-09-02T19:17:24.265Z,2181
obdEngineLoad,CAN_ENGINE_LOAD,HF_HISTORICAL,2026-09-02T19:17:19.059Z,2026-09-02T19:17:24.459Z,2026-09-02T19:17:24.265Z,2026-09-02T19:17:24.459Z,2806,33.72549019607843,33.72549019607843,bee41b7c628ad9bd3e7ba6785b8e45812d2eb60539a6558e5511678b8d597ec2,1s,AVG,bee41b7c628ad9bd3e7ba6785b8e45812d2eb60539a6558e5511678b8d597ec2,2026-09-02T19:17:16.059Z,2026-09-02T19:17:24.265Z,2026-09-02T19:17:24.265Z,2186
obdEngineLoad,CAN_ENGINE_LOAD,HF_HISTORICAL,2026-09-02T19:17:20.059Z,2026-09-02T19:17:24.459Z,2026-09-02T19:17:24.265Z,2026-09-02T19:17:24.459Z,2811,43.52941176470588,43.52941176470588,a378f24f6981873ce5ae9a2525b02d19e05dde402ea1bde41088503822273088,1s,AVG,a378f24f6981873ce5ae9a2525b02d19e05dde402ea1bde41088503822273088,2026-09-02T19:17:16.059Z,2026-09-02T19:17:24.265Z,2026-09-02T19:17:24.265Z,2191
obdEngineLoad,CAN_ENGINE_LOAD,LATEST_LIVE,2026-09-02T19:17:26.000Z,2026-09-02T19:17:30.179Z,2026-09-02T19:17:29.885Z,2026-09-02T19:17:30.179Z,2816,43.52941176470588,"{""value"":43.52941176470588,""timestamp"":""2026-09-02T19:17:26Z""}",,,,,,,,2196
obdEngineLoad,CAN_ENGINE_LOAD,HF_HISTORICAL,2026-09-02T19:17:23.265Z,2026-09-02T19:17:30.387Z,2026-09-02T19:17:30.181Z,2026-09-02T19:17:30.387Z,2821,7.058823529411764,7.058823529411764,ed6873335607566a458e5fe840e54926165ad48585170a03600a75ef605c8cdc,1s,AVG,ed6873335607566a458e5fe840e54926165ad48585170a03600a75ef605c8cdc,2026-09-02T19:17:22.265Z,2026-09-02T19:17:30.181Z,2026-09-02T19:17:30.181Z,2201
obdEngineLoad,CAN_ENGINE_LOAD,HF_HISTORICAL,2026-09-02T19:17:24.265Z,2026-09-02T19:17:30.387Z,2026-09-02T19:17:30.181Z,2026-09-02T19:17:30.387Z,2826,3.529411764705882,3.529411764705882,eb21b918c91e6def587ac66ed5d1a1d6efab3a587da167a835f6be1d12807b38,1s,AVG,eb21b918c91e6def587ac66ed5d1a1d6efab3a587da167a835f6be1d12807b38,2026-09-02T19:17:22.265Z,2026-09-02T19:17:30.181Z,2026-09-02T19:17:30.181Z,2206
obdEngineLoad,CAN_ENGINE_LOAD,HF_HISTORICAL,2026-09-02T19:17:25.265Z,2026-09-02T19:17:30.387Z,2026-09-02T19:17:30.181Z,2026-09-02T19:17:30.387Z,2831,43.52941176470588,43.52941176470588,26e892634c8a90590a461db760a36a32d4a061feb12c66270c260277e42b9bf2,1s,AVG,26e892634c8a90590a461db760a36a32d4a061feb12c66270c260277e42b9bf2,2026-09-02T19:17:22.265Z,2026-09-02T19:17:30.181Z,2026-09-02T19:17:30.181Z,2211
obdEngineLoad,CAN_ENGINE_LOAD,LATEST_LIVE,2026-09-02T19:17:31.000Z,2026-09-02T19:17:36.186Z,2026-09-02T19:17:35.934Z,2026-09-02T19:17:36.186Z,2836,47.05882352941176,"{""value"":47.05882352941176,""timestamp"":""2026-09-02T19:17:31Z""}",,,,,,,,2216
obdEngineLoad,CAN_ENGINE_LOAD,HF_HISTORICAL,2026-09-02T19:17:30.181Z,2026-09-02T19:17:36.473Z,2026-09-02T19:17:36.189Z,2026-09-02T19:17:36.473Z,2841,47.05882352941176,47.05882352941176,321a7ef0639bb43ff18f56f5b29446e32d54b719caf22f576e9bbd93e3fff5bc,1s,AVG,321a7ef0639bb43ff18f56f5b29446e32d54b719caf22f576e9bbd93e3fff5bc,2026-09-02T19:17:28.181Z,2026-09-02T19:17:36.189Z,2026-09-02T19:17:36.189Z,2221
obdEngineLoad,CAN_ENGINE_LOAD,LATEST_LIVE,2026-09-02T19:17:38.000Z,2026-09-02T19:17:42.011Z,2026-09-02T19:17:41.785Z,2026-09-02T19:17:42.011Z,2846,39.6078431372549,"{""value"":39.6078431372549,""timestamp"":""2026-09-02T19:17:38Z""}",,,,,,,,2226
obdEngineLoad,CAN_ENGINE_LOAD,HF_HISTORICAL,2026-09-02T19:17:34.189Z,2026-09-02T19:17:42.247Z,2026-09-02T19:17:42.015Z,2026-09-02T19:17:42.247Z,2851,0,0,d290ef085fe13c56907d8e500a2a86913689f2ac55ab31c9ef19435d7cb6f0e2,1s,AVG,d290ef085fe13c56907d8e500a2a86913689f2ac55ab31c9ef19435d7cb6f0e2,2026-09-02T19:17:34.189Z,2026-09-02T19:17:42.014Z,2026-09-02T19:17:42.014Z,2231
obdEngineLoad,CAN_ENGINE_LOAD,HF_HISTORICAL,2026-09-02T19:17:35.189Z,2026-09-02T19:17:42.247Z,2026-09-02T19:17:42.015Z,2026-09-02T19:17:42.247Z,2856,0,0,10d98e35ba7bf9851c8fc03a645118c4733cd8112bea482b545f5dbf0cd1d244,1s,AVG,10d98e35ba7bf9851c8fc03a645118c4733cd8112bea482b545f5dbf0cd1d244,2026-09-02T19:17:34.189Z,2026-09-02T19:17:42.014Z,2026-09-02T19:17:42.014Z,2236
obdEngineLoad,CAN_ENGINE_LOAD,HF_HISTORICAL,2026-09-02T19:17:37.189Z,2026-09-02T19:17:42.247Z,2026-09-02T19:17:42.015Z,2026-09-02T19:17:42.247Z,2861,39.6078431372549,39.6078431372549,5c5ba7d9605163123ab7746f0754ebab452d8d50837856b21ac6f22a339bca25,1s,AVG,5c5ba7d9605163123ab7746f0754ebab452d8d50837856b21ac6f22a339bca25,2026-09-02T19:17:34.189Z,2026-09-02T19:17:42.014Z,2026-09-02T19:17:42.014Z,2241
obdEngineLoad,CAN_ENGINE_LOAD,LATEST_LIVE,2026-09-02T19:17:42.000Z,2026-09-02T19:17:47.825Z,2026-09-02T19:17:47.610Z,2026-09-02T19:17:47.825Z,2866,25.49019607843137,"{""value"":25.49019607843137,""timestamp"":""2026-09-02T19:17:42Z""}",,,,,,,,2246
obdEngineLoad,CAN_ENGINE_LOAD,HF_HISTORICAL,2026-09-02T19:17:40.014Z,2026-09-02T19:17:48.096Z,2026-09-02T19:17:47.828Z,2026-09-02T19:17:48.096Z,2871,20.3921568627451,20.3921568627451,88a8854be2d5360e64dc895a2089d080dcfc7e9f22222420840996e5bfd6dbc3,1s,AVG,88a8854be2d5360e64dc895a2089d080dcfc7e9f22222420840996e5bfd6dbc3,2026-09-02T19:17:40.014Z,2026-09-02T19:17:47.827Z,2026-09-02T19:17:47.827Z,2251
obdEngineLoad,CAN_ENGINE_LOAD,HF_HISTORICAL,2026-09-02T19:17:41.014Z,2026-09-02T19:17:48.096Z,2026-09-02T19:17:47.828Z,2026-09-02T19:17:48.096Z,2876,25.49019607843137,25.49019607843137,4c2dbb928c7a32eab02cb613a171a56631014741939e116a52181ab0a8261fac,1s,AVG,4c2dbb928c7a32eab02cb613a171a56631014741939e116a52181ab0a8261fac,2026-09-02T19:17:40.014Z,2026-09-02T19:17:47.827Z,2026-09-02T19:17:47.827Z,2256
obdEngineLoad,CAN_ENGINE_LOAD,LATEST_LIVE,2026-09-02T19:17:49.000Z,2026-09-02T19:17:53.775Z,2026-09-02T19:17:53.449Z,2026-09-02T19:17:53.775Z,2881,34.90196078431372,"{""value"":34.90196078431372,""timestamp"":""2026-09-02T19:17:49Z""}",,,,,,,,2261
obdEngineLoad,CAN_ENGINE_LOAD,HF_HISTORICAL,2026-09-02T19:17:45.827Z,2026-09-02T19:17:54.020Z,2026-09-02T19:17:53.776Z,2026-09-02T19:17:54.020Z,2886,25.49019607843137,25.49019607843137,8b216ee69c3e998bb94717d72272d41842f279eaeba0f1d7fd8807783862e432,1s,AVG,8b216ee69c3e998bb94717d72272d41842f279eaeba0f1d7fd8807783862e432,2026-09-02T19:17:45.827Z,2026-09-02T19:17:53.776Z,2026-09-02T19:17:53.776Z,2266
obdEngineLoad,CAN_ENGINE_LOAD,HF_HISTORICAL,2026-09-02T19:17:46.827Z,2026-09-02T19:17:54.020Z,2026-09-02T19:17:53.776Z,2026-09-02T19:17:54.020Z,2891,37.64705882352941,37.64705882352941,1eda799d12d7beb71355521167ba42ce376466face4421db461e879204692071,1s,AVG,1eda799d12d7beb71355521167ba42ce376466face4421db461e879204692071,2026-09-02T19:17:45.827Z,2026-09-02T19:17:53.776Z,2026-09-02T19:17:53.776Z,2271
obdEngineLoad,CAN_ENGINE_LOAD,HF_HISTORICAL,2026-09-02T19:17:48.827Z,2026-09-02T19:17:54.020Z,2026-09-02T19:17:53.776Z,2026-09-02T19:17:54.020Z,2896,34.90196078431372,34.90196078431372,6f2cfba0bb39515f5b31fe6bab9f01e0e8cebbeb45fa68b81bbc3aa4ae11ebbf,1s,AVG,6f2cfba0bb39515f5b31fe6bab9f01e0e8cebbeb45fa68b81bbc3aa4ae11ebbf,2026-09-02T19:17:45.827Z,2026-09-02T19:17:53.776Z,2026-09-02T19:17:53.776Z,2276
obdEngineLoad,CAN_ENGINE_LOAD,LATEST_LIVE,2026-09-02T19:17:56.000Z,2026-09-02T19:17:59.865Z,2026-09-02T19:17:59.582Z,2026-09-02T19:17:59.865Z,2927,30.98039215686275,"{""value"":30.98039215686275,""timestamp"":""2026-09-02T19:17:56Z""}",,,,,,,,2287
obdEngineLoad,CAN_ENGINE_LOAD,HF_HISTORICAL,2026-09-02T19:17:52.776Z,2026-09-02T19:18:00.193Z,2026-09-02T19:17:59.866Z,2026-09-02T19:18:00.193Z,2932,28.62745098039216,28.62745098039216,a8e61ce84ec1f3864856480a4510c0054c84a13ee2072f6185297e66968a8262,1s,AVG,a8e61ce84ec1f3864856480a4510c0054c84a13ee2072f6185297e66968a8262,2026-09-02T19:17:51.776Z,2026-09-02T19:17:59.866Z,2026-09-02T19:17:59.866Z,2292
obdEngineLoad,CAN_ENGINE_LOAD,HF_HISTORICAL,2026-09-02T19:17:53.776Z,2026-09-02T19:18:00.193Z,2026-09-02T19:17:59.866Z,2026-09-02T19:18:00.193Z,2937,48.62745098039215,48.62745098039215,ab624d6eea76a36e5521eadb7e991567879916255c693f0ca461ae48c75659b2,1s,AVG,ab624d6eea76a36e5521eadb7e991567879916255c693f0ca461ae48c75659b2,2026-09-02T19:17:51.776Z,2026-09-02T19:17:59.866Z,2026-09-02T19:17:59.866Z,2297
obdEngineLoad,CAN_ENGINE_LOAD,HF_HISTORICAL,2026-09-02T19:17:55.776Z,2026-09-02T19:18:00.193Z,2026-09-02T19:17:59.866Z,2026-09-02T19:18:00.193Z,2942,30.98039215686275,30.98039215686275,3bc8e59fe3992c0c1256d25d6ee6ba66739a72aee894e09378509439b3fe0b8d,1s,AVG,3bc8e59fe3992c0c1256d25d6ee6ba66739a72aee894e09378509439b3fe0b8d,2026-09-02T19:17:51.776Z,2026-09-02T19:17:59.866Z,2026-09-02T19:17:59.866Z,2302
obdEngineLoad,CAN_ENGINE_LOAD,LATEST_LIVE,2026-09-02T19:18:02.000Z,2026-09-02T19:18:05.969Z,2026-09-02T19:18:05.555Z,2026-09-02T19:18:05.969Z,2947,31.37254901960784,"{""value"":31.37254901960784,""timestamp"":""2026-09-02T19:18:02Z""}",,,,,,,,2307
obdEngineLoad,CAN_ENGINE_LOAD,HF_HISTORICAL,2026-09-02T19:17:59.866Z,2026-09-02T19:18:06.188Z,2026-09-02T19:18:05.970Z,2026-09-02T19:18:06.188Z,2952,31.76470588235294,31.76470588235294,2f3ed7fe7ef236b3556d96c038a9eb6bfbb859214e915fce0003786bd72d5c19,1s,AVG,2f3ed7fe7ef236b3556d96c038a9eb6bfbb859214e915fce0003786bd72d5c19,2026-09-02T19:17:57.866Z,2026-09-02T19:18:05.970Z,2026-09-02T19:18:05.970Z,2312
obdEngineLoad,CAN_ENGINE_LOAD,HF_HISTORICAL,2026-09-02T19:18:01.866Z,2026-09-02T19:18:06.188Z,2026-09-02T19:18:05.970Z,2026-09-02T19:18:06.188Z,2957,31.37254901960784,31.37254901960784,9dea729bb25b3058992ad76ae0d32bca22227ebdc9b68b0e14bef25bddbfa17c,1s,AVG,9dea729bb25b3058992ad76ae0d32bca22227ebdc9b68b0e14bef25bddbfa17c,2026-09-02T19:17:57.866Z,2026-09-02T19:18:05.970Z,2026-09-02T19:18:05.970Z,2317
obdEngineLoad,CAN_ENGINE_LOAD,LATEST_LIVE,2026-09-02T19:18:08.000Z,2026-09-02T19:18:11.772Z,2026-09-02T19:18:11.486Z,2026-09-02T19:18:11.772Z,2962,29.80392156862745,"{""value"":29.80392156862745,""timestamp"":""2026-09-02T19:18:08Z""}",,,,,,,,2322
obdEngineLoad,CAN_ENGINE_LOAD,HF_HISTORICAL,2026-09-02T19:18:04.970Z,2026-09-02T19:18:11.975Z,2026-09-02T19:18:11.777Z,2026-09-02T19:18:11.975Z,2967,29.80392156862745,29.80392156862745,7b0584b68a46edbfc2ba667404c0e2adc5202e9725aa8e5720c60d8487f36d0f,1s,AVG,7b0584b68a46edbfc2ba667404c0e2adc5202e9725aa8e5720c60d8487f36d0f,2026-09-02T19:18:03.970Z,2026-09-02T19:18:11.777Z,2026-09-02T19:18:11.777Z,2327
obdEngineLoad,CAN_ENGINE_LOAD,HF_HISTORICAL,2026-09-02T19:18:05.970Z,2026-09-02T19:18:11.975Z,2026-09-02T19:18:11.777Z,2026-09-02T19:18:11.975Z,2972,29.80392156862745,29.80392156862745,abfebc93cf800a26b863f90da7d261c02e9efb1fbf1761a654a2d8a19dc0d976,1s,AVG,abfebc93cf800a26b863f90da7d261c02e9efb1fbf1761a654a2d8a19dc0d976,2026-09-02T19:18:03.970Z,2026-09-02T19:18:11.777Z,2026-09-02T19:18:11.777Z,2332
obdEngineLoad,CAN_ENGINE_LOAD,HF_HISTORICAL,2026-09-02T19:18:07.970Z,2026-09-02T19:18:11.975Z,2026-09-02T19:18:11.777Z,2026-09-02T19:18:11.975Z,2977,29.80392156862745,29.80392156862745,a121dcf397d9363c260e17ef5ecda1d60741ceb20cd9b40dc1fd7260ce4a6dee,1s,AVG,a121dcf397d9363c260e17ef5ecda1d60741ceb20cd9b40dc1fd7260ce4a6dee,2026-09-02T19:18:03.970Z,2026-09-02T19:18:11.777Z,2026-09-02T19:18:11.777Z,2337
obdEngineLoad,CAN_ENGINE_LOAD,LATEST_LIVE,2026-09-02T19:18:12.000Z,2026-09-02T19:18:17.525Z,2026-09-02T19:18:17.315Z,2026-09-02T19:18:17.525Z,2982,29.01960784313725,"{""value"":29.01960784313725,""timestamp"":""2026-09-02T19:18:12Z""}",,,,,,,,2342
obdEngineLoad,CAN_ENGINE_LOAD,HF_HISTORICAL,2026-09-02T19:18:10.777Z,2026-09-02T19:18:17.740Z,2026-09-02T19:18:17.528Z,2026-09-02T19:18:17.740Z,2987,29.41176470588235,29.41176470588235,b336f0e9fb624c1d3f59e2dc5fc863234c2d76fecd075a5b31ce82b3ef433520,1s,AVG,b336f0e9fb624c1d3f59e2dc5fc863234c2d76fecd075a5b31ce82b3ef433520,2026-09-02T19:18:09.777Z,2026-09-02T19:18:17.528Z,2026-09-02T19:18:17.528Z,2347
obdEngineLoad,CAN_ENGINE_LOAD,HF_HISTORICAL,2026-09-02T19:18:11.777Z,2026-09-02T19:18:17.740Z,2026-09-02T19:18:17.528Z,2026-09-02T19:18:17.740Z,2992,29.01960784313725,29.01960784313725,df6db8c929f61d5ce4d31a3a72ef16dcbb190324f540207d59015993572cccfd,1s,AVG,df6db8c929f61d5ce4d31a3a72ef16dcbb190324f540207d59015993572cccfd,2026-09-02T19:18:09.777Z,2026-09-02T19:18:17.528Z,2026-09-02T19:18:17.528Z,2352
obdEngineLoad,CAN_ENGINE_LOAD,LATEST_LIVE,2026-09-02T19:18:19.000Z,2026-09-02T19:18:23.318Z,2026-09-02T19:18:23.071Z,2026-09-02T19:18:23.318Z,2997,47.45098039215686,"{""value"":47.45098039215686,""timestamp"":""2026-09-02T19:18:19Z""}",,,,,,,,2357
obdEngineLoad,CAN_ENGINE_LOAD,HF_HISTORICAL,2026-09-02T19:18:16.528Z,2026-09-02T19:18:23.553Z,2026-09-02T19:18:23.321Z,2026-09-02T19:18:23.553Z,3002,29.01960784313725,29.01960784313725,880ccec32d9d9cfd0811b01d7480477cb687c165e6dbe83da97fa5a10b361db7,1s,AVG,880ccec32d9d9cfd0811b01d7480477cb687c165e6dbe83da97fa5a10b361db7,2026-09-02T19:18:15.528Z,2026-09-02T19:18:23.321Z,2026-09-02T19:18:23.321Z,2362
obdEngineLoad,CAN_ENGINE_LOAD,HF_HISTORICAL,2026-09-02T19:18:17.528Z,2026-09-02T19:18:23.553Z,2026-09-02T19:18:23.321Z,2026-09-02T19:18:23.553Z,3007,38.43137254901961,38.43137254901961,d6992c718492b88f5b99ea73df7bcbcde244a824b6efa664768acd8a4d4169d3,1s,AVG,d6992c718492b88f5b99ea73df7bcbcde244a824b6efa664768acd8a4d4169d3,2026-09-02T19:18:15.528Z,2026-09-02T19:18:23.321Z,2026-09-02T19:18:23.321Z,2367
obdEngineLoad,CAN_ENGINE_LOAD,HF_HISTORICAL,2026-09-02T19:18:18.528Z,2026-09-02T19:18:23.553Z,2026-09-02T19:18:23.321Z,2026-09-02T19:18:23.553Z,3012,47.45098039215686,47.45098039215686,9884aef604f2c0c5434e771724e993e32914f287f1cac2e4e38203e2df24cb63,1s,AVG,9884aef604f2c0c5434e771724e993e32914f287f1cac2e4e38203e2df24cb63,2026-09-02T19:18:15.528Z,2026-09-02T19:18:23.321Z,2026-09-02T19:18:23.321Z,2372
obdEngineLoad,CAN_ENGINE_LOAD,LATEST_LIVE,2026-09-02T19:18:25.000Z,2026-09-02T19:18:29.214Z,2026-09-02T19:18:28.893Z,2026-09-02T19:18:29.214Z,3017,40.78431372549019,"{""value"":40.78431372549019,""timestamp"":""2026-09-02T19:18:25Z""}",,,,,,,,2377
obdEngineLoad,CAN_ENGINE_LOAD,HF_HISTORICAL,2026-09-02T19:18:21.321Z,2026-09-02T19:18:29.482Z,2026-09-02T19:18:29.216Z,2026-09-02T19:18:29.482Z,3022,37.25490196078432,37.25490196078432,069e596077ef8f06457fd8f3957ddb44e44f6041d93a82c51b2b1e298b6e83cb,1s,AVG,069e596077ef8f06457fd8f3957ddb44e44f6041d93a82c51b2b1e298b6e83cb,2026-09-02T19:18:21.321Z,2026-09-02T19:18:29.215Z,2026-09-02T19:18:29.215Z,2382
obdEngineLoad,CAN_ENGINE_LOAD,HF_HISTORICAL,2026-09-02T19:18:22.321Z,2026-09-02T19:18:29.482Z,2026-09-02T19:18:29.216Z,2026-09-02T19:18:29.482Z,3027,23.92156862745098,23.92156862745098,4c11749358a3b7da849424089f9b38cb73df94e22d366ac3ed5d354079de40fa,1s,AVG,4c11749358a3b7da849424089f9b38cb73df94e22d366ac3ed5d354079de40fa,2026-09-02T19:18:21.321Z,2026-09-02T19:18:29.215Z,2026-09-02T19:18:29.215Z,2387
obdEngineLoad,CAN_ENGINE_LOAD,HF_HISTORICAL,2026-09-02T19:18:23.321Z,2026-09-02T19:18:29.482Z,2026-09-02T19:18:29.216Z,2026-09-02T19:18:29.482Z,3032,2.745098039215686,2.745098039215686,d5db15df8fdaa8be18feaa8dbe27deb4653b66a4508efc27cc2cb7b98d968608,1s,AVG,d5db15df8fdaa8be18feaa8dbe27deb4653b66a4508efc27cc2cb7b98d968608,2026-09-02T19:18:21.321Z,2026-09-02T19:18:29.215Z,2026-09-02T19:18:29.215Z,2392
obdEngineLoad,CAN_ENGINE_LOAD,HF_HISTORICAL,2026-09-02T19:18:24.321Z,2026-09-02T19:18:29.482Z,2026-09-02T19:18:29.216Z,2026-09-02T19:18:29.482Z,3037,40.78431372549019,40.78431372549019,12a78005eb5e70958c143dd2894054497b794e7d417e87f8809d7eaf911bcd7b,1s,AVG,12a78005eb5e70958c143dd2894054497b794e7d417e87f8809d7eaf911bcd7b,2026-09-02T19:18:21.321Z,2026-09-02T19:18:29.215Z,2026-09-02T19:18:29.215Z,2397
obdEngineLoad,CAN_ENGINE_LOAD,LATEST_LIVE,2026-09-02T19:18:28.000Z,2026-09-02T19:18:35.252Z,2026-09-02T19:18:35.032Z,2026-09-02T19:18:35.252Z,3068,25.88235294117647,"{""value"":25.88235294117647,""timestamp"":""2026-09-02T19:18:28Z""}",,,,,,,,2408
obdEngineLoad,CAN_ENGINE_LOAD,HF_HISTORICAL,2026-09-02T19:18:27.215Z,2026-09-02T19:18:35.436Z,2026-09-02T19:18:35.253Z,2026-09-02T19:18:35.436Z,3073,25.88235294117647,25.88235294117647,0664a371a8bd21293a97634862c137c0c84f2cb601fc7f96b24c89f8e5424e20,1s,AVG,0664a371a8bd21293a97634862c137c0c84f2cb601fc7f96b24c89f8e5424e20,2026-09-02T19:18:27.215Z,2026-09-02T19:18:35.253Z,2026-09-02T19:18:35.253Z,2413
obdEngineLoad,CAN_ENGINE_LOAD,LATEST_LIVE,2026-09-02T19:18:38.000Z,2026-09-02T19:18:41.016Z,2026-09-02T19:18:40.766Z,2026-09-02T19:18:41.016Z,3078,0,"{""value"":0,""timestamp"":""2026-09-02T19:18:38Z""}",,,,,,,,2418
obdEngineLoad,CAN_ENGINE_LOAD,HF_HISTORICAL,2026-09-02T19:18:33.253Z,2026-09-02T19:18:41.230Z,2026-09-02T19:18:41.017Z,2026-09-02T19:18:41.230Z,3083,27.45098039215686,27.45098039215686,7bf15a4d4d14034a0e4487e276bef2fecf5b888793620f0add85eb08970d5c74,1s,AVG,7bf15a4d4d14034a0e4487e276bef2fecf5b888793620f0add85eb08970d5c74,2026-09-02T19:18:33.253Z,2026-09-02T19:18:41.017Z,2026-09-02T19:18:41.017Z,2423
obdEngineLoad,CAN_ENGINE_LOAD,HF_HISTORICAL,2026-09-02T19:18:34.253Z,2026-09-02T19:18:41.230Z,2026-09-02T19:18:41.017Z,2026-09-02T19:18:41.230Z,3088,15.29411764705882,15.29411764705882,928acec10691101451b7ed4f209121f212bd5deec790e869e1b53630690b7ff5,1s,AVG,928acec10691101451b7ed4f209121f212bd5deec790e869e1b53630690b7ff5,2026-09-02T19:18:33.253Z,2026-09-02T19:18:41.017Z,2026-09-02T19:18:41.017Z,2428
obdEngineLoad,CAN_ENGINE_LOAD,HF_HISTORICAL,2026-09-02T19:18:36.253Z,2026-09-02T19:18:41.230Z,2026-09-02T19:18:41.017Z,2026-09-02T19:18:41.230Z,3093,20,20,f31323c5b150c0ffd649d72f0114a0c9c177b165753db8ad6ca9daef6edf9c27,1s,AVG,f31323c5b150c0ffd649d72f0114a0c9c177b165753db8ad6ca9daef6edf9c27,2026-09-02T19:18:33.253Z,2026-09-02T19:18:41.017Z,2026-09-02T19:18:41.017Z,2433
obdEngineLoad,CAN_ENGINE_LOAD,HF_HISTORICAL,2026-09-02T19:18:37.253Z,2026-09-02T19:18:41.230Z,2026-09-02T19:18:41.017Z,2026-09-02T19:18:41.230Z,3098,0,0,ec7f214efcf577bdaa6d8e573f9ca835a94359369566b61652f049381de56760,1s,AVG,ec7f214efcf577bdaa6d8e573f9ca835a94359369566b61652f049381de56760,2026-09-02T19:18:33.253Z,2026-09-02T19:18:41.017Z,2026-09-02T19:18:41.017Z,2438
obdEngineLoad,CAN_ENGINE_LOAD,LATEST_LIVE,2026-09-02T19:18:43.000Z,2026-09-02T19:18:47.084Z,2026-09-02T19:18:46.812Z,2026-09-02T19:18:47.084Z,3103,12.54901960784314,"{""value"":12.54901960784314,""timestamp"":""2026-09-02T19:18:43Z""}",,,,,,,,2443
obdEngineLoad,CAN_ENGINE_LOAD,HF_HISTORICAL,2026-09-02T19:18:40.017Z,2026-09-02T19:18:47.495Z,2026-09-02T19:18:47.085Z,2026-09-02T19:18:47.495Z,3108,0,0,12ee6c87756782aee95f4303a32839f1a73a211b2ec0bc3e8e3c65b781e2ac95,1s,AVG,12ee6c87756782aee95f4303a32839f1a73a211b2ec0bc3e8e3c65b781e2ac95,2026-09-02T19:18:39.017Z,2026-09-02T19:18:47.085Z,2026-09-02T19:18:47.085Z,2448
obdEngineLoad,CAN_ENGINE_LOAD,HF_HISTORICAL,2026-09-02T19:18:41.017Z,2026-09-02T19:18:47.495Z,2026-09-02T19:18:47.085Z,2026-09-02T19:18:47.495Z,3113,15.68627450980392,15.68627450980392,9489c361c2eeb2b8160412164d4ef7ba699809562dd897785171ac1fc159f589,1s,AVG,9489c361c2eeb2b8160412164d4ef7ba699809562dd897785171ac1fc159f589,2026-09-02T19:18:39.017Z,2026-09-02T19:18:47.085Z,2026-09-02T19:18:47.085Z,2453
obdEngineLoad,CAN_ENGINE_LOAD,HF_HISTORICAL,2026-09-02T19:18:42.017Z,2026-09-02T19:18:47.495Z,2026-09-02T19:18:47.085Z,2026-09-02T19:18:47.495Z,3118,12.54901960784314,12.54901960784314,2146095c6d80073e159e425a7de03fe0b1b6801ad5b3dc7f1b8d129fb4cd4d30,1s,AVG,2146095c6d80073e159e425a7de03fe0b1b6801ad5b3dc7f1b8d129fb4cd4d30,2026-09-02T19:18:39.017Z,2026-09-02T19:18:47.085Z,2026-09-02T19:18:47.085Z,2458
obdEngineLoad,CAN_ENGINE_LOAD,LATEST_LIVE,2026-09-02T19:18:50.000Z,2026-09-02T19:18:53.091Z,2026-09-02T19:18:52.850Z,2026-09-02T19:18:53.091Z,3123,0,"{""value"":0,""timestamp"":""2026-09-02T19:18:50Z""}",,,,,,,,2463
obdEngineLoad,CAN_ENGINE_LOAD,HF_HISTORICAL,2026-09-02T19:18:45.085Z,2026-09-02T19:18:53.308Z,2026-09-02T19:18:53.094Z,2026-09-02T19:18:53.308Z,3128,9.019607843137255,9.019607843137255,178518ca4b52c564b8a476feafc62248cf45b35dec00f18cf6c4873ff37d909d,1s,AVG,178518ca4b52c564b8a476feafc62248cf45b35dec00f18cf6c4873ff37d909d,2026-09-02T19:18:45.085Z,2026-09-02T19:18:53.094Z,2026-09-02T19:18:53.094Z,2468
obdEngineLoad,CAN_ENGINE_LOAD,HF_HISTORICAL,2026-09-02T19:18:46.085Z,2026-09-02T19:18:53.308Z,2026-09-02T19:18:53.094Z,2026-09-02T19:18:53.308Z,3133,16.47058823529412,16.47058823529412,30a3277334b2f520110ad6f3fd805ce9d264a1c520eaac67db130157ce477623,1s,AVG,30a3277334b2f520110ad6f3fd805ce9d264a1c520eaac67db130157ce477623,2026-09-02T19:18:45.085Z,2026-09-02T19:18:53.094Z,2026-09-02T19:18:53.094Z,2473
obdEngineLoad,CAN_ENGINE_LOAD,HF_HISTORICAL,2026-09-02T19:18:48.085Z,2026-09-02T19:18:53.308Z,2026-09-02T19:18:53.094Z,2026-09-02T19:18:53.308Z,3138,31.76470588235294,31.76470588235294,5e1919e5d625853d24a43c365ebeea49da286b79e9d66405ee4c3685efad079c,1s,AVG,5e1919e5d625853d24a43c365ebeea49da286b79e9d66405ee4c3685efad079c,2026-09-02T19:18:45.085Z,2026-09-02T19:18:53.094Z,2026-09-02T19:18:53.094Z,2478
obdEngineLoad,CAN_ENGINE_LOAD,HF_HISTORICAL,2026-09-02T19:18:49.085Z,2026-09-02T19:18:53.308Z,2026-09-02T19:18:53.094Z,2026-09-02T19:18:53.308Z,3142,0,0,fca54c59966f5a07bf66cf23d2a9b0fce3fb16067d7b2651831e0321c4f3e418,1s,AVG,fca54c59966f5a07bf66cf23d2a9b0fce3fb16067d7b2651831e0321c4f3e418,2026-09-02T19:18:45.085Z,2026-09-02T19:18:53.094Z,2026-09-02T19:18:53.094Z,2482
obdEngineLoad,CAN_ENGINE_LOAD,LATEST_LIVE,2026-09-02T19:18:55.000Z,2026-09-02T19:18:58.881Z,2026-09-02T19:18:58.583Z,2026-09-02T19:18:58.881Z,3146,30.19607843137255,"{""value"":30.19607843137255,""timestamp"":""2026-09-02T19:18:55Z""}",,,,,,,,2486
obdEngineLoad,CAN_ENGINE_LOAD,HF_HISTORICAL,2026-09-02T19:18:52.094Z,2026-09-02T19:18:59.094Z,2026-09-02T19:18:58.883Z,2026-09-02T19:18:59.094Z,3151,14.50980392156863,14.50980392156863,b49e6aca7f6835405b714bd57b526f199185eea6cfdeffd23cf8b856e8d83744,1s,AVG,b49e6aca7f6835405b714bd57b526f199185eea6cfdeffd23cf8b856e8d83744,2026-09-02T19:18:51.094Z,2026-09-02T19:18:58.883Z,2026-09-02T19:18:58.883Z,2491
obdEngineLoad,CAN_ENGINE_LOAD,HF_HISTORICAL,2026-09-02T19:18:53.094Z,2026-09-02T19:18:59.094Z,2026-09-02T19:18:58.883Z,2026-09-02T19:18:59.094Z,3156,0,0,92c714a3db8c99b1b7749df48dc1e1c66a27c3aa5fc490c166ba6b7338a84299,1s,AVG,92c714a3db8c99b1b7749df48dc1e1c66a27c3aa5fc490c166ba6b7338a84299,2026-09-02T19:18:51.094Z,2026-09-02T19:18:58.883Z,2026-09-02T19:18:58.883Z,2496
obdEngineLoad,CAN_ENGINE_LOAD,HF_HISTORICAL,2026-09-02T19:18:54.094Z,2026-09-02T19:18:59.094Z,2026-09-02T19:18:58.883Z,2026-09-02T19:18:59.094Z,3161,30.19607843137255,30.19607843137255,7c39d2479222207edf6601a8be03a354ec638fcd4fc2a7ff4454c6dc9deef91d,1s,AVG,7c39d2479222207edf6601a8be03a354ec638fcd4fc2a7ff4454c6dc9deef91d,2026-09-02T19:18:51.094Z,2026-09-02T19:18:58.883Z,2026-09-02T19:18:58.883Z,2501
obdEngineLoad,CAN_ENGINE_LOAD,LATEST_LIVE,2026-09-02T19:19:01.000Z,2026-09-02T19:19:04.708Z,2026-09-02T19:19:04.436Z,2026-09-02T19:19:04.708Z,3166,21.56862745098039,"{""value"":21.56862745098039,""timestamp"":""2026-09-02T19:19:01Z""}",,,,,,,,2506
obdEngineLoad,CAN_ENGINE_LOAD,HF_HISTORICAL,2026-09-02T19:18:57.883Z,2026-09-02T19:19:04.923Z,2026-09-02T19:19:04.712Z,2026-09-02T19:19:04.923Z,3171,22.74509803921569,22.74509803921569,c82c89e9dfbbba2559a88d41fa0bc2231310fee2b57a5fabdcdcc413d8e6ad78,1s,AVG,c82c89e9dfbbba2559a88d41fa0bc2231310fee2b57a5fabdcdcc413d8e6ad78,2026-09-02T19:18:56.883Z,2026-09-02T19:19:04.712Z,2026-09-02T19:19:04.712Z,2511
obdEngineLoad,CAN_ENGINE_LOAD,HF_HISTORICAL,2026-09-02T19:19:00.883Z,2026-09-02T19:19:04.923Z,2026-09-02T19:19:04.712Z,2026-09-02T19:19:04.923Z,3176,21.56862745098039,21.56862745098039,35a0faa4479d2f9d16c2f55635ffa27a94fad29776d81068a5008690ea518718,1s,AVG,35a0faa4479d2f9d16c2f55635ffa27a94fad29776d81068a5008690ea518718,2026-09-02T19:18:56.883Z,2026-09-02T19:19:04.712Z,2026-09-02T19:19:04.712Z,2516
obdEngineLoad,CAN_ENGINE_LOAD,LATEST_LIVE,2026-09-02T19:19:05.000Z,2026-09-02T19:19:10.759Z,2026-09-02T19:19:10.465Z,2026-09-02T19:19:10.759Z,3207,30.98039215686275,"{""value"":30.98039215686275,""timestamp"":""2026-09-02T19:19:05Z""}",,,,,,,,2527
obdEngineLoad,CAN_ENGINE_LOAD,HF_HISTORICAL,2026-09-02T19:19:02.712Z,2026-09-02T19:19:10.959Z,2026-09-02T19:19:10.760Z,2026-09-02T19:19:10.959Z,3212,27.05882352941176,27.05882352941176,66a631f376cc919feb12b9f3a4dc8d556fa270defc73c6b8ba7cf15bf5f0d7a6,1s,AVG,66a631f376cc919feb12b9f3a4dc8d556fa270defc73c6b8ba7cf15bf5f0d7a6,2026-09-02T19:19:02.712Z,2026-09-02T19:19:10.760Z,2026-09-02T19:19:10.760Z,2532
obdEngineLoad,CAN_ENGINE_LOAD,HF_HISTORICAL,2026-09-02T19:19:04.712Z,2026-09-02T19:19:10.959Z,2026-09-02T19:19:10.760Z,2026-09-02T19:19:10.959Z,3217,30.98039215686275,30.98039215686275,832fd12fd0317eb33ad575f40444131744bd9e440dfc43f4e272ab3803bbb6a4,1s,AVG,832fd12fd0317eb33ad575f40444131744bd9e440dfc43f4e272ab3803bbb6a4,2026-09-02T19:19:02.712Z,2026-09-02T19:19:10.760Z,2026-09-02T19:19:10.760Z,2537
obdEngineLoad,CAN_ENGINE_LOAD,LATEST_LIVE,2026-09-02T19:19:06.000Z,2026-09-02T19:19:16.556Z,2026-09-02T19:19:16.302Z,2026-09-02T19:19:16.556Z,3222,32.54901960784314,"{""value"":32.54901960784314,""timestamp"":""2026-09-02T19:19:06Z""}",,,,,,,,2542
obdEngineLoad,CAN_ENGINE_LOAD,HF_HISTORICAL,2026-09-02T19:19:12.760Z,2026-09-02T19:19:16.760Z,2026-09-02T19:19:16.558Z,2026-09-02T19:19:16.760Z,3227,12.15686274509804,12.15686274509804,dd65a6514bed0620b48860a384f9cdd882cc1652aad84ad42debc832b86f4bf3,1s,AVG,dd65a6514bed0620b48860a384f9cdd882cc1652aad84ad42debc832b86f4bf3,2026-09-02T19:19:08.760Z,2026-09-02T19:19:16.558Z,2026-09-02T19:19:16.558Z,2547
obdEngineLoad,CAN_ENGINE_LOAD,LATEST_LIVE,2026-09-02T19:19:13.000Z,2026-09-02T19:19:22.339Z,2026-09-02T19:19:22.137Z,2026-09-02T19:19:22.339Z,3232,12.15686274509804,"{""value"":12.15686274509804,""timestamp"":""2026-09-02T19:19:13Z""}",,,,,,,,2552
obdEngineLoad,CAN_ENGINE_LOAD,LATEST_LIVE,2026-09-02T19:19:13.000Z,2026-09-02T19:19:28.022Z,2026-09-02T19:19:27.765Z,2026-09-02T19:19:28.022Z,3237,12.15686274509804,"{""value"":12.15686274509804,""timestamp"":""2026-09-02T19:19:13Z""}",,,,,,,,2557
obdEngineLoad,CAN_ENGINE_LOAD,LATEST_LIVE,2026-09-02T19:19:13.000Z,2026-09-02T19:19:33.812Z,2026-09-02T19:19:33.498Z,2026-09-02T19:19:33.812Z,3242,12.15686274509804,"{""value"":12.15686274509804,""timestamp"":""2026-09-02T19:19:13Z""}",,,,,,,,2562
obdEngineLoad,CAN_ENGINE_LOAD,LATEST_LIVE,2026-09-02T19:19:13.000Z,2026-09-02T19:19:39.845Z,2026-09-02T19:19:39.445Z,2026-09-02T19:19:39.845Z,3247,12.15686274509804,"{""value"":12.15686274509804,""timestamp"":""2026-09-02T19:19:13Z""}",,,,,,,,2567
obdEngineLoad,CAN_ENGINE_LOAD,LATEST_LIVE,2026-09-02T19:19:13.000Z,2026-09-02T19:19:45.999Z,2026-09-02T19:19:45.787Z,2026-09-02T19:19:45.999Z,3278,12.15686274509804,"{""value"":12.15686274509804,""timestamp"":""2026-09-02T19:19:13Z""}",,,,,,,,2578
obdEngineLoad,CAN_ENGINE_LOAD,LATEST_LIVE,2026-09-02T19:19:17.000Z,2026-09-02T19:19:51.715Z,2026-09-02T19:19:51.515Z,2026-09-02T19:19:51.715Z,3283,23.13725490196078,"{""value"":23.13725490196078,""timestamp"":""2026-09-02T19:19:17Z""}",,,,,,,,2583
obdEngineLoad,CAN_ENGINE_LOAD,LATEST_LIVE,2026-09-02T19:19:17.000Z,2026-09-02T19:19:59.622Z,2026-09-02T19:19:57.362Z,2026-09-02T19:19:59.622Z,3288,23.13725490196078,"{""value"":23.13725490196078,""timestamp"":""2026-09-02T19:19:17Z""}",,,,,,,,2588
obdEngineLoad,CAN_ENGINE_LOAD,LATEST_LIVE,2026-09-02T19:19:17.000Z,2026-09-02T19:20:06.820Z,2026-09-02T19:20:05.464Z,2026-09-02T19:20:06.820Z,3293,23.13725490196078,"{""value"":23.13725490196078,""timestamp"":""2026-09-02T19:19:17Z""}",,,,,,,,2593
obdEngineLoad,CAN_ENGINE_LOAD,LATEST_LIVE,2026-09-02T19:19:17.000Z,2026-09-02T19:20:13.915Z,2026-09-02T19:20:13.592Z,2026-09-02T19:20:13.915Z,3298,23.13725490196078,"{""value"":23.13725490196078,""timestamp"":""2026-09-02T19:19:17Z""}",,,,,,,,2598
obdEngineLoad,CAN_ENGINE_LOAD,LATEST_LIVE,2026-09-02T19:19:17.000Z,2026-09-02T19:20:20.507Z,2026-09-02T19:20:20.260Z,2026-09-02T19:20:20.507Z,3303,23.13725490196078,"{""value"":23.13725490196078,""timestamp"":""2026-09-02T19:19:17Z""}",,,,,,,,2603
obdEngineLoad,CAN_ENGINE_LOAD,LATEST_LIVE,2026-09-02T19:19:17.000Z,2026-09-02T19:20:26.764Z,2026-09-02T19:20:26.495Z,2026-09-02T19:20:26.764Z,3334,23.13725490196078,"{""value"":23.13725490196078,""timestamp"":""2026-09-02T19:19:17Z""}",,,,,,,,2614
obdEngineLoad,CAN_ENGINE_LOAD,LATEST_LIVE,2026-09-02T19:19:17.000Z,2026-09-02T19:20:32.702Z,2026-09-02T19:20:32.332Z,2026-09-02T19:20:32.702Z,3339,23.13725490196078,"{""value"":23.13725490196078,""timestamp"":""2026-09-02T19:19:17Z""}",,,,,,,,2619
obdEngineLoad,CAN_ENGINE_LOAD,LATEST_LIVE,2026-09-02T19:19:17.000Z,2026-09-02T19:20:39.117Z,2026-09-02T19:20:38.871Z,2026-09-02T19:20:39.117Z,3344,23.13725490196078,"{""value"":23.13725490196078,""timestamp"":""2026-09-02T19:19:17Z""}",,,,,,,,2624
obdEngineLoad,CAN_ENGINE_LOAD,LATEST_LIVE,2026-09-02T19:19:17.000Z,2026-09-02T19:20:44.828Z,2026-09-02T19:20:44.593Z,2026-09-02T19:20:44.828Z,3349,23.13725490196078,"{""value"":23.13725490196078,""timestamp"":""2026-09-02T19:19:17Z""}",,,,,,,,2629
obdEngineLoad,CAN_ENGINE_LOAD,LATEST_LIVE,2026-09-02T19:19:17.000Z,2026-09-02T19:20:50.564Z,2026-09-02T19:20:50.334Z,2026-09-02T19:20:50.564Z,3354,23.13725490196078,"{""value"":23.13725490196078,""timestamp"":""2026-09-02T19:19:17Z""}",,,,,,,,2634
obdEngineLoad,CAN_ENGINE_LOAD,LATEST_LIVE,2026-09-02T19:19:17.000Z,2026-09-02T19:20:56.425Z,2026-09-02T19:20:56.187Z,2026-09-02T19:20:56.425Z,3359,23.13725490196078,"{""value"":23.13725490196078,""timestamp"":""2026-09-02T19:19:17Z""}",,,,,,,,2639
obdEngineLoad,CAN_ENGINE_LOAD,LATEST_LIVE,2026-09-02T19:19:17.000Z,2026-09-02T19:21:02.367Z,2026-09-02T19:21:02.129Z,2026-09-02T19:21:02.367Z,3390,23.13725490196078,"{""value"":23.13725490196078,""timestamp"":""2026-09-02T19:19:17Z""}",,,,,,,,2650
obdEngineLoad,CAN_ENGINE_LOAD,LATEST_LIVE,2026-09-02T19:21:00.000Z,2026-09-02T19:21:08.259Z,2026-09-02T19:21:07.982Z,2026-09-02T19:21:08.259Z,3395,25.49019607843137,"{""value"":25.49019607843137,""timestamp"":""2026-09-02T19:21:00Z""}",,,,,,,,2655
obdEngineLoad,CAN_ENGINE_LOAD,LATEST_LIVE,2026-09-02T19:21:10.000Z,2026-09-02T19:21:14.450Z,2026-09-02T19:21:13.911Z,2026-09-02T19:21:14.450Z,3400,0,"{""value"":0,""timestamp"":""2026-09-02T19:21:10Z""}",,,,,,,,2660
obdEngineLoad,CAN_ENGINE_LOAD,HF_HISTORICAL,2026-09-02T19:21:07.261Z,2026-09-02T19:21:14.701Z,2026-09-02T19:21:14.452Z,2026-09-02T19:21:14.701Z,3405,29.01960784313725,29.01960784313725,a1658ac128e379bbdf16ccddc0be60afd9f316372edbabcb3c0f7f56a4f1df89,1s,AVG,a1658ac128e379bbdf16ccddc0be60afd9f316372edbabcb3c0f7f56a4f1df89,2026-09-02T19:21:06.261Z,2026-09-02T19:21:14.452Z,2026-09-02T19:21:14.452Z,2665
obdEngineLoad,CAN_ENGINE_LOAD,HF_HISTORICAL,2026-09-02T19:21:09.261Z,2026-09-02T19:21:14.701Z,2026-09-02T19:21:14.452Z,2026-09-02T19:21:14.701Z,3409,0,0,6d4795833dd2cf6e1850e95c7c02b45c57633c06b095bd81c5a3a77d5a24a076,1s,AVG,6d4795833dd2cf6e1850e95c7c02b45c57633c06b095bd81c5a3a77d5a24a076,2026-09-02T19:21:06.261Z,2026-09-02T19:21:14.452Z,2026-09-02T19:21:14.452Z,2669
obdEngineLoad,CAN_ENGINE_LOAD,LATEST_LIVE,2026-09-02T19:21:16.000Z,2026-09-02T19:21:20.322Z,2026-09-02T19:21:20.055Z,2026-09-02T19:21:20.322Z,3414,25.88235294117647,"{""value"":25.88235294117647,""timestamp"":""2026-09-02T19:21:16Z""}",,,,,,,,2674
obdEngineLoad,CAN_ENGINE_LOAD,HF_HISTORICAL,2026-09-02T19:21:12.452Z,2026-09-02T19:21:20.626Z,2026-09-02T19:21:20.325Z,2026-09-02T19:21:20.626Z,3419,15.68627450980392,15.68627450980392,12cef763c1f995fdfe8f542c68f2bb02b3cf9868792b215604f71609716b5c3e,1s,AVG,12cef763c1f995fdfe8f542c68f2bb02b3cf9868792b215604f71609716b5c3e,2026-09-02T19:21:12.452Z,2026-09-02T19:21:20.325Z,2026-09-02T19:21:20.325Z,2679
obdEngineLoad,CAN_ENGINE_LOAD,HF_HISTORICAL,2026-09-02T19:21:15.452Z,2026-09-02T19:21:20.626Z,2026-09-02T19:21:20.325Z,2026-09-02T19:21:20.626Z,3424,25.88235294117647,25.88235294117647,02ebea2e557826c5d52e8df48383972d439b1f1bdb833df972b7e3125ffd7d3b,1s,AVG,02ebea2e557826c5d52e8df48383972d439b1f1bdb833df972b7e3125ffd7d3b,2026-09-02T19:21:12.452Z,2026-09-02T19:21:20.325Z,2026-09-02T19:21:20.325Z,2684
obdEngineLoad,CAN_ENGINE_LOAD,LATEST_LIVE,2026-09-02T19:21:20.000Z,2026-09-02T19:21:26.235Z,2026-09-02T19:21:26.021Z,2026-09-02T19:21:26.235Z,3428,33.72549019607843,"{""value"":33.72549019607843,""timestamp"":""2026-09-02T19:21:20Z""}",,,,,,,,2688
obdEngineLoad,CAN_ENGINE_LOAD,HF_HISTORICAL,2026-09-02T19:21:19.325Z,2026-09-02T19:21:26.429Z,2026-09-02T19:21:26.237Z,2026-09-02T19:21:26.429Z,3433,33.72549019607843,33.72549019607843,078da73769d803dcadcc3cc41d0e856c53c677355a209a74662b1e63d7f63108,1s,AVG,078da73769d803dcadcc3cc41d0e856c53c677355a209a74662b1e63d7f63108,2026-09-02T19:21:18.325Z,2026-09-02T19:21:26.237Z,2026-09-02T19:21:26.237Z,2693
obdEngineLoad,CAN_ENGINE_LOAD,LATEST_LIVE,2026-09-02T19:21:29.000Z,2026-09-02T19:21:32.333Z,2026-09-02T19:21:32.105Z,2026-09-02T19:21:32.333Z,3438,0,"{""value"":0,""timestamp"":""2026-09-02T19:21:29Z""}",,,,,,,,2698
obdEngineLoad,CAN_ENGINE_LOAD,HF_HISTORICAL,2026-09-02T19:21:24.237Z,2026-09-02T19:21:32.556Z,2026-09-02T19:21:32.336Z,2026-09-02T19:21:32.556Z,3443,20.7843137254902,20.7843137254902,47d222bbfb0a8dd8330a57c2f2d69c40868b1debccc434c37e18ad407859d73b,1s,AVG,47d222bbfb0a8dd8330a57c2f2d69c40868b1debccc434c37e18ad407859d73b,2026-09-02T19:21:24.237Z,2026-09-02T19:21:32.336Z,2026-09-02T19:21:32.336Z,2703
obdEngineLoad,CAN_ENGINE_LOAD,HF_HISTORICAL,2026-09-02T19:21:27.237Z,2026-09-02T19:21:32.556Z,2026-09-02T19:21:32.336Z,2026-09-02T19:21:32.556Z,3447,0,0,d8f1f8e1d2db8c564b262bd544f7cee055dbf6a5866e611a90467245c79b6736,1s,AVG,d8f1f8e1d2db8c564b262bd544f7cee055dbf6a5866e611a90467245c79b6736,2026-09-02T19:21:24.237Z,2026-09-02T19:21:32.336Z,2026-09-02T19:21:32.336Z,2707
obdEngineLoad,CAN_ENGINE_LOAD,HF_HISTORICAL,2026-09-02T19:21:28.237Z,2026-09-02T19:21:32.556Z,2026-09-02T19:21:32.336Z,2026-09-02T19:21:32.556Z,3451,0,0,5a3f121aed71944d4c7a24c196c7de94f2e304853635321f81cf140920eae671,1s,AVG,5a3f121aed71944d4c7a24c196c7de94f2e304853635321f81cf140920eae671,2026-09-02T19:21:24.237Z,2026-09-02T19:21:32.336Z,2026-09-02T19:21:32.336Z,2711
obdEngineLoad,CAN_ENGINE_LOAD,LATEST_LIVE,2026-09-02T19:21:34.000Z,2026-09-02T19:21:38.493Z,2026-09-02T19:21:38.275Z,2026-09-02T19:21:38.493Z,3481,27.45098039215686,"{""value"":27.45098039215686,""timestamp"":""2026-09-02T19:21:34Z""}",,,,,,,,2721
obdEngineLoad,CAN_ENGINE_LOAD,HF_HISTORICAL,2026-09-02T19:21:32.336Z,2026-09-02T19:21:38.726Z,2026-09-02T19:21:38.494Z,2026-09-02T19:21:38.726Z,3486,0,0,64b3342a8ea4fc50c53b83de94000ed63f1a5419198d8e9f97e01b433ecaecd3,1s,AVG,64b3342a8ea4fc50c53b83de94000ed63f1a5419198d8e9f97e01b433ecaecd3,2026-09-02T19:21:30.336Z,2026-09-02T19:21:38.494Z,2026-09-02T19:21:38.494Z,2726
obdEngineLoad,CAN_ENGINE_LOAD,HF_HISTORICAL,2026-09-02T19:21:33.336Z,2026-09-02T19:21:38.726Z,2026-09-02T19:21:38.494Z,2026-09-02T19:21:38.726Z,3491,27.45098039215686,27.45098039215686,18c7a82152b84332d4effd0f79323e0f054556786176ad3c5354deb99ca4b88b,1s,AVG,18c7a82152b84332d4effd0f79323e0f054556786176ad3c5354deb99ca4b88b,2026-09-02T19:21:30.336Z,2026-09-02T19:21:38.494Z,2026-09-02T19:21:38.494Z,2731
obdEngineLoad,CAN_ENGINE_LOAD,LATEST_LIVE,2026-09-02T19:21:41.000Z,2026-09-02T19:21:44.235Z,2026-09-02T19:21:43.999Z,2026-09-02T19:21:44.235Z,3496,0,"{""value"":0,""timestamp"":""2026-09-02T19:21:41Z""}",,,,,,,,2736
obdEngineLoad,CAN_ENGINE_LOAD,HF_HISTORICAL,2026-09-02T19:21:36.494Z,2026-09-02T19:21:44.434Z,2026-09-02T19:21:44.237Z,2026-09-02T19:21:44.434Z,3501,31.76470588235294,31.76470588235294,3d18c887752a62677cef50e1c8f3dbc4757b82f47f0a30a5487a6e4f10c4f600,1s,AVG,3d18c887752a62677cef50e1c8f3dbc4757b82f47f0a30a5487a6e4f10c4f600,2026-09-02T19:21:36.494Z,2026-09-02T19:21:44.237Z,2026-09-02T19:21:44.237Z,2741
obdEngineLoad,CAN_ENGINE_LOAD,HF_HISTORICAL,2026-09-02T19:21:37.494Z,2026-09-02T19:21:44.434Z,2026-09-02T19:21:44.237Z,2026-09-02T19:21:44.434Z,3506,41.56862745098039,41.56862745098039,788addd530cee734c55a3db86db4a9590b7d78df8cb4c2c4918f4ee1b8ae1b2f,1s,AVG,788addd530cee734c55a3db86db4a9590b7d78df8cb4c2c4918f4ee1b8ae1b2f,2026-09-02T19:21:36.494Z,2026-09-02T19:21:44.237Z,2026-09-02T19:21:44.237Z,2746
obdEngineLoad,CAN_ENGINE_LOAD,HF_HISTORICAL,2026-09-02T19:21:40.494Z,2026-09-02T19:21:44.434Z,2026-09-02T19:21:44.237Z,2026-09-02T19:21:44.434Z,3510,0,0,64929898173dc918bf81e29b8cb843952c982be0ef400fc9c2fd143406ae9122,1s,AVG,64929898173dc918bf81e29b8cb843952c982be0ef400fc9c2fd143406ae9122,2026-09-02T19:21:36.494Z,2026-09-02T19:21:44.237Z,2026-09-02T19:21:44.237Z,2750
obdEngineLoad,CAN_ENGINE_LOAD,LATEST_LIVE,2026-09-02T19:21:47.000Z,2026-09-02T19:21:49.970Z,2026-09-02T19:21:49.739Z,2026-09-02T19:21:49.970Z,3515,0,"{""value"":0,""timestamp"":""2026-09-02T19:21:47Z""}",,,,,,,,2755
obdEngineLoad,CAN_ENGINE_LOAD,HF_HISTORICAL,2026-09-02T19:21:42.237Z,2026-09-02T19:21:50.187Z,2026-09-02T19:21:49.972Z,2026-09-02T19:21:50.187Z,3520,0,0,62a35d4eb5a8e84b01cbef79de217eec253519d14715608f3a62b46e0069c611,1s,AVG,62a35d4eb5a8e84b01cbef79de217eec253519d14715608f3a62b46e0069c611,2026-09-02T19:21:42.237Z,2026-09-02T19:21:49.972Z,2026-09-02T19:21:49.972Z,2760
obdEngineLoad,CAN_ENGINE_LOAD,HF_HISTORICAL,2026-09-02T19:21:45.237Z,2026-09-02T19:21:50.187Z,2026-09-02T19:21:49.972Z,2026-09-02T19:21:50.187Z,3525,0,0,bf098adeadaa326468793b34b0074f45e228ec37459b05678cb4cf4ee503a898,1s,AVG,bf098adeadaa326468793b34b0074f45e228ec37459b05678cb4cf4ee503a898,2026-09-02T19:21:42.237Z,2026-09-02T19:21:49.972Z,2026-09-02T19:21:49.972Z,2765
obdEngineLoad,CAN_ENGINE_LOAD,HF_HISTORICAL,2026-09-02T19:21:46.237Z,2026-09-02T19:21:50.187Z,2026-09-02T19:21:49.972Z,2026-09-02T19:21:50.187Z,3530,0,0,5cada4865fe1f41386b26749108382bead4b2f7b75414ae7310e074397d3185d,1s,AVG,5cada4865fe1f41386b26749108382bead4b2f7b75414ae7310e074397d3185d,2026-09-02T19:21:42.237Z,2026-09-02T19:21:49.972Z,2026-09-02T19:21:49.972Z,2770
obdEngineLoad,CAN_ENGINE_LOAD,LATEST_LIVE,2026-09-02T19:21:51.000Z,2026-09-02T19:21:55.805Z,2026-09-02T19:21:55.564Z,2026-09-02T19:21:55.805Z,3535,41.96078431372549,"{""value"":41.96078431372549,""timestamp"":""2026-09-02T19:21:51Z""}",,,,,,,,2775
obdEngineLoad,CAN_ENGINE_LOAD,HF_HISTORICAL,2026-09-02T19:21:47.972Z,2026-09-02T19:21:55.999Z,2026-09-02T19:21:55.806Z,2026-09-02T19:21:55.999Z,3540,0,0,3f9a9e61671e3fb957019feff9c15c823c3b3ef9cfec4ab4bc8aaf5d0b1ce2d7,1s,AVG,3f9a9e61671e3fb957019feff9c15c823c3b3ef9cfec4ab4bc8aaf5d0b1ce2d7,2026-09-02T19:21:47.972Z,2026-09-02T19:21:55.806Z,2026-09-02T19:21:55.806Z,2780
obdEngineLoad,CAN_ENGINE_LOAD,HF_HISTORICAL,2026-09-02T19:21:48.972Z,2026-09-02T19:21:55.999Z,2026-09-02T19:21:55.806Z,2026-09-02T19:21:55.999Z,3545,36.86274509803921,36.86274509803921,b094ba1d64e2f76c7933a2782d163c6f97aa72a080ced3ce2e1de4bd3c7330b8,1s,AVG,b094ba1d64e2f76c7933a2782d163c6f97aa72a080ced3ce2e1de4bd3c7330b8,2026-09-02T19:21:47.972Z,2026-09-02T19:21:55.806Z,2026-09-02T19:21:55.806Z,2785
obdEngineLoad,CAN_ENGINE_LOAD,HF_HISTORICAL,2026-09-02T19:21:50.972Z,2026-09-02T19:21:55.999Z,2026-09-02T19:21:55.806Z,2026-09-02T19:21:55.999Z,3550,41.96078431372549,41.96078431372549,bbfdeea3b804089a304963efc39d057685ddd3657d76c3b3aa6a3433474619fd,1s,AVG,bbfdeea3b804089a304963efc39d057685ddd3657d76c3b3aa6a3433474619fd,2026-09-02T19:21:47.972Z,2026-09-02T19:21:55.806Z,2026-09-02T19:21:55.806Z,2790
obdEngineLoad,CAN_ENGINE_LOAD,LATEST_LIVE,2026-09-02T19:21:57.000Z,2026-09-02T19:22:01.688Z,2026-09-02T19:22:01.420Z,2026-09-02T19:22:01.688Z,3555,22.74509803921569,"{""value"":22.74509803921569,""timestamp"":""2026-09-02T19:21:57Z""}",,,,,,,,2795
obdEngineLoad,CAN_ENGINE_LOAD,HF_HISTORICAL,2026-09-02T19:21:56.806Z,2026-09-02T19:22:01.917Z,2026-09-02T19:22:01.693Z,2026-09-02T19:22:01.917Z,3560,22.74509803921569,22.74509803921569,8933e883eacded241942c766f176db9826d4e7876741b94a99c90c291aa41986,1s,AVG,8933e883eacded241942c766f176db9826d4e7876741b94a99c90c291aa41986,2026-09-02T19:21:53.806Z,2026-09-02T19:22:01.693Z,2026-09-02T19:22:01.693Z,2800
obdEngineLoad,CAN_ENGINE_LOAD,LATEST_LIVE,2026-09-02T19:22:03.000Z,2026-09-02T19:22:07.604Z,2026-09-02T19:22:07.371Z,2026-09-02T19:22:07.604Z,3565,38.8235294117647,"{""value"":38.8235294117647,""timestamp"":""2026-09-02T19:22:03Z""}",,,,,,,,2805
obdEngineLoad,CAN_ENGINE_LOAD,HF_HISTORICAL,2026-09-02T19:21:59.693Z,2026-09-02T19:22:07.896Z,2026-09-02T19:22:07.607Z,2026-09-02T19:22:07.896Z,3570,25.88235294117647,25.88235294117647,56caa15616f81b4dce78ce9743f66e460663de0ce81e047197cfe09e635333dc,1s,AVG,56caa15616f81b4dce78ce9743f66e460663de0ce81e047197cfe09e635333dc,2026-09-02T19:21:59.693Z,2026-09-02T19:22:07.606Z,2026-09-02T19:22:07.606Z,2810
obdEngineLoad,CAN_ENGINE_LOAD,HF_HISTORICAL,2026-09-02T19:22:01.693Z,2026-09-02T19:22:07.896Z,2026-09-02T19:22:07.607Z,2026-09-02T19:22:07.896Z,3575,30.19607843137255,30.19607843137255,7cb4ee4293bc3ed02c0177d7447edcfa110f91760df387606750c2e07647ac39,1s,AVG,7cb4ee4293bc3ed02c0177d7447edcfa110f91760df387606750c2e07647ac39,2026-09-02T19:21:59.693Z,2026-09-02T19:22:07.606Z,2026-09-02T19:22:07.606Z,2815
obdEngineLoad,CAN_ENGINE_LOAD,HF_HISTORICAL,2026-09-02T19:22:02.693Z,2026-09-02T19:22:07.896Z,2026-09-02T19:22:07.607Z,2026-09-02T19:22:07.896Z,3580,38.8235294117647,38.8235294117647,01d3b651fd0cce92d0461940dea04192566e81bb5d316e05599a282a2f6bdd88,1s,AVG,01d3b651fd0cce92d0461940dea04192566e81bb5d316e05599a282a2f6bdd88,2026-09-02T19:21:59.693Z,2026-09-02T19:22:07.606Z,2026-09-02T19:22:07.606Z,2820
obdEngineLoad,CAN_ENGINE_LOAD,HF_HISTORICAL,2026-09-02T19:22:04.693Z,2026-09-02T19:22:07.896Z,2026-09-02T19:22:07.607Z,2026-09-02T19:22:07.896Z,3585,27.45098039215686,27.45098039215686,cb702415871d0662244905edacfeaae2272927f68a659b362fcd3b8f2eb949ef,1s,AVG,cb702415871d0662244905edacfeaae2272927f68a659b362fcd3b8f2eb949ef,2026-09-02T19:21:59.693Z,2026-09-02T19:22:07.606Z,2026-09-02T19:22:07.606Z,2825
obdEngineLoad,CAN_ENGINE_LOAD,LATEST_LIVE,2026-09-02T19:22:08.000Z,2026-09-02T19:22:13.750Z,2026-09-02T19:22:13.513Z,2026-09-02T19:22:13.750Z,3615,0,"{""value"":0,""timestamp"":""2026-09-02T19:22:08Z""}",,,,,,,,2835
obdEngineLoad,CAN_ENGINE_LOAD,HF_HISTORICAL,2026-09-02T19:22:05.606Z,2026-09-02T19:22:13.978Z,2026-09-02T19:22:13.752Z,2026-09-02T19:22:13.978Z,3620,0,0,dd3a05a2187f36e7b294cc9c696e92c6666b8bbc69df1788b692d057062bc0c5,1s,AVG,dd3a05a2187f36e7b294cc9c696e92c6666b8bbc69df1788b692d057062bc0c5,2026-09-02T19:22:05.606Z,2026-09-02T19:22:13.752Z,2026-09-02T19:22:13.752Z,2840
obdEngineLoad,CAN_ENGINE_LOAD,HF_HISTORICAL,2026-09-02T19:22:07.606Z,2026-09-02T19:22:13.978Z,2026-09-02T19:22:13.752Z,2026-09-02T19:22:13.978Z,3624,0,0,68ce2b4cbf494036c14c9033d27182a7232baa008702f0288dad4a316ba0bd59,1s,AVG,68ce2b4cbf494036c14c9033d27182a7232baa008702f0288dad4a316ba0bd59,2026-09-02T19:22:05.606Z,2026-09-02T19:22:13.752Z,2026-09-02T19:22:13.752Z,2844
obdEngineLoad,CAN_ENGINE_LOAD,LATEST_LIVE,2026-09-02T19:22:16.000Z,2026-09-02T19:22:19.643Z,2026-09-02T19:22:19.335Z,2026-09-02T19:22:19.643Z,3629,0,"{""value"":0,""timestamp"":""2026-09-02T19:22:16Z""}",,,,,,,,2849
obdEngineLoad,CAN_ENGINE_LOAD,HF_HISTORICAL,2026-09-02T19:22:12.752Z,2026-09-02T19:22:19.936Z,2026-09-02T19:22:19.645Z,2026-09-02T19:22:19.936Z,3634,29.01960784313725,29.01960784313725,0d1df11d651ad1e62fadc0ea9b40ae5daa48b6fec8c25fcc92559caf503060df,1s,AVG,0d1df11d651ad1e62fadc0ea9b40ae5daa48b6fec8c25fcc92559caf503060df,2026-09-02T19:22:11.752Z,2026-09-02T19:22:19.645Z,2026-09-02T19:22:19.645Z,2854
obdEngineLoad,CAN_ENGINE_LOAD,HF_HISTORICAL,2026-09-02T19:22:13.752Z,2026-09-02T19:22:19.936Z,2026-09-02T19:22:19.645Z,2026-09-02T19:22:19.936Z,3639,0,0,6d4327f44054555f47e84663b1d9d0b2d8d14e54ca6b118354e8dcbc4749ac52,1s,AVG,6d4327f44054555f47e84663b1d9d0b2d8d14e54ca6b118354e8dcbc4749ac52,2026-09-02T19:22:11.752Z,2026-09-02T19:22:19.645Z,2026-09-02T19:22:19.645Z,2859
obdEngineLoad,CAN_ENGINE_LOAD,HF_HISTORICAL,2026-09-02T19:22:15.752Z,2026-09-02T19:22:19.936Z,2026-09-02T19:22:19.645Z,2026-09-02T19:22:19.936Z,3644,0,0,d6a6177cda14469bde4b3d188082c53b5edc891b348e19b6827fcf7427b3cdaa,1s,AVG,d6a6177cda14469bde4b3d188082c53b5edc891b348e19b6827fcf7427b3cdaa,2026-09-02T19:22:11.752Z,2026-09-02T19:22:19.645Z,2026-09-02T19:22:19.645Z,2864
obdEngineLoad,CAN_ENGINE_LOAD,LATEST_LIVE,2026-09-02T19:22:21.000Z,2026-09-02T19:22:25.602Z,2026-09-02T19:22:25.274Z,2026-09-02T19:22:25.602Z,3649,40,"{""value"":40,""timestamp"":""2026-09-02T19:22:21Z""}",,,,,,,,2869
obdEngineLoad,CAN_ENGINE_LOAD,HF_HISTORICAL,2026-09-02T19:22:17.645Z,2026-09-02T19:22:26.059Z,2026-09-02T19:22:25.605Z,2026-09-02T19:22:26.059Z,3654,0,0,2719a52e975772b948ece5f0b82db3afa869167f5e1539c9041e9b382b3ce2c1,1s,AVG,2719a52e975772b948ece5f0b82db3afa869167f5e1539c9041e9b382b3ce2c1,2026-09-02T19:22:17.645Z,2026-09-02T19:22:25.605Z,2026-09-02T19:22:25.605Z,2874
obdEngineLoad,CAN_ENGINE_LOAD,HF_HISTORICAL,2026-09-02T19:22:19.645Z,2026-09-02T19:22:26.059Z,2026-09-02T19:22:25.605Z,2026-09-02T19:22:26.059Z,3659,37.25490196078432,37.25490196078432,a4585c53f9dfbb7cd105efd84912187de8538532b8a425200c7eb320ff33618c,1s,AVG,a4585c53f9dfbb7cd105efd84912187de8538532b8a425200c7eb320ff33618c,2026-09-02T19:22:17.645Z,2026-09-02T19:22:25.605Z,2026-09-02T19:22:25.605Z,2879
obdEngineLoad,CAN_ENGINE_LOAD,HF_HISTORICAL,2026-09-02T19:22:20.645Z,2026-09-02T19:22:26.059Z,2026-09-02T19:22:25.605Z,2026-09-02T19:22:26.059Z,3664,40,40,54c7ad2fd96c01bf228109e2e60c81da473e7293deee6e9e917764c76af5789e,1s,AVG,54c7ad2fd96c01bf228109e2e60c81da473e7293deee6e9e917764c76af5789e,2026-09-02T19:22:17.645Z,2026-09-02T19:22:25.605Z,2026-09-02T19:22:25.605Z,2884
obdEngineLoad,CAN_ENGINE_LOAD,HF_HISTORICAL,2026-09-02T19:22:22.645Z,2026-09-02T19:22:26.059Z,2026-09-02T19:22:25.605Z,2026-09-02T19:22:26.059Z,3669,32.15686274509804,32.15686274509804,687860b39bf88afa5e8d08cf2078df1d05c527f860b1d904f1891e7bd4cef851,1s,AVG,687860b39bf88afa5e8d08cf2078df1d05c527f860b1d904f1891e7bd4cef851,2026-09-02T19:22:17.645Z,2026-09-02T19:22:25.605Z,2026-09-02T19:22:25.605Z,2889
obdEngineLoad,CAN_ENGINE_LOAD,LATEST_LIVE,2026-09-02T19:22:23.000Z,2026-09-02T19:22:31.667Z,2026-09-02T19:22:31.423Z,2026-09-02T19:22:31.667Z,3673,32.15686274509804,"{""value"":32.15686274509804,""timestamp"":""2026-09-02T19:22:23Z""}",,,,,,,,2893
obdEngineLoad,CAN_ENGINE_LOAD,LATEST_LIVE,2026-09-02T19:22:23.000Z,2026-09-02T19:22:37.429Z,2026-09-02T19:22:37.169Z,2026-09-02T19:22:37.429Z,3678,32.15686274509804,"{""value"":32.15686274509804,""timestamp"":""2026-09-02T19:22:23Z""}",,,,,,,,2898
obdEngineLoad,CAN_ENGINE_LOAD,LATEST_LIVE,2026-09-02T19:22:38.000Z,2026-09-02T19:22:43.328Z,2026-09-02T19:22:43.088Z,2026-09-02T19:22:43.328Z,3683,0,"{""value"":0,""timestamp"":""2026-09-02T19:22:38Z""}",,,,,,,,2903
obdEngineLoad,CAN_ENGINE_LOAD,HF_HISTORICAL,2026-09-02T19:22:35.432Z,2026-09-02T19:22:43.541Z,2026-09-02T19:22:43.329Z,2026-09-02T19:22:43.541Z,3688,0,0,d153ac1850e9546a53bda4f07af67a82f23e37e883b9d31c94f08ab66ab14f26,1s,AVG,d153ac1850e9546a53bda4f07af67a82f23e37e883b9d31c94f08ab66ab14f26,2026-09-02T19:22:35.432Z,2026-09-02T19:22:43.329Z,2026-09-02T19:22:43.329Z,2908
obdEngineLoad,CAN_ENGINE_LOAD,HF_HISTORICAL,2026-09-02T19:22:37.432Z,2026-09-02T19:22:43.541Z,2026-09-02T19:22:43.329Z,2026-09-02T19:22:43.541Z,3692,0,0,0f6968a8987d14c57f4815bf15479c835ac80cbce271645a42ebdcf01bd16c54,1s,AVG,0f6968a8987d14c57f4815bf15479c835ac80cbce271645a42ebdcf01bd16c54,2026-09-02T19:22:35.432Z,2026-09-02T19:22:43.329Z,2026-09-02T19:22:43.329Z,2912
obdEngineLoad,CAN_ENGINE_LOAD,LATEST_LIVE,2026-09-02T19:22:43.000Z,2026-09-02T19:22:49.565Z,2026-09-02T19:22:49.230Z,2026-09-02T19:22:49.565Z,3722,0,"{""value"":0,""timestamp"":""2026-09-02T19:22:43Z""}",,,,,,,,2922
obdEngineLoad,CAN_ENGINE_LOAD,HF_HISTORICAL,2026-09-02T19:22:42.329Z,2026-09-02T19:22:49.824Z,2026-09-02T19:22:49.566Z,2026-09-02T19:22:49.824Z,3727,0,0,8c49e2426b29ba9d2148a4d44a9f11a86bef1f6dfe0b361f85309feb97b8819d,1s,AVG,8c49e2426b29ba9d2148a4d44a9f11a86bef1f6dfe0b361f85309feb97b8819d,2026-09-02T19:22:41.329Z,2026-09-02T19:22:49.566Z,2026-09-02T19:22:49.566Z,2927
obdEngineLoad,CAN_ENGINE_LOAD,LATEST_LIVE,2026-09-02T19:22:51.000Z,2026-09-02T19:22:55.436Z,2026-09-02T19:22:55.169Z,2026-09-02T19:22:55.436Z,3731,0,"{""value"":0,""timestamp"":""2026-09-02T19:22:51Z""}",,,,,,,,2931
obdEngineLoad,CAN_ENGINE_LOAD,HF_HISTORICAL,2026-09-02T19:22:49.566Z,2026-09-02T19:22:55.654Z,2026-09-02T19:22:55.439Z,2026-09-02T19:22:55.654Z,3736,20.7843137254902,20.7843137254902,28b7f07c7c025c827e0f5cd9c1ca35c41731044e04c9919a0b0761dc11cd03c6,1s,AVG,28b7f07c7c025c827e0f5cd9c1ca35c41731044e04c9919a0b0761dc11cd03c6,2026-09-02T19:22:47.566Z,2026-09-02T19:22:55.438Z,2026-09-02T19:22:55.438Z,2936
obdEngineLoad,CAN_ENGINE_LOAD,HF_HISTORICAL,2026-09-02T19:22:50.566Z,2026-09-02T19:22:55.654Z,2026-09-02T19:22:55.439Z,2026-09-02T19:22:55.654Z,3740,0,0,d034d25012dd0d66e63b45c6e06a73e8c6cb84ce8a1c5b368d088b0b4a0712b2,1s,AVG,d034d25012dd0d66e63b45c6e06a73e8c6cb84ce8a1c5b368d088b0b4a0712b2,2026-09-02T19:22:47.566Z,2026-09-02T19:22:55.438Z,2026-09-02T19:22:55.438Z,2940
obdEngineLoad,CAN_ENGINE_LOAD,LATEST_LIVE,2026-09-02T19:22:55.000Z,2026-09-02T19:23:01.314Z,2026-09-02T19:23:01.013Z,2026-09-02T19:23:01.314Z,3744,27.05882352941176,"{""value"":27.05882352941176,""timestamp"":""2026-09-02T19:22:55Z""}",,,,,,,,2944
obdEngineLoad,CAN_ENGINE_LOAD,HF_HISTORICAL,2026-09-02T19:22:53.438Z,2026-09-02T19:23:01.575Z,2026-09-02T19:23:01.326Z,2026-09-02T19:23:01.575Z,3749,0,0,033c98d23e22b3244556e1da5976069024981dc946959f71b05914626fe33d71,1s,AVG,033c98d23e22b3244556e1da5976069024981dc946959f71b05914626fe33d71,2026-09-02T19:22:53.438Z,2026-09-02T19:23:01.325Z,2026-09-02T19:23:01.325Z,2949
obdEngineLoad,CAN_ENGINE_LOAD,HF_HISTORICAL,2026-09-02T19:22:54.438Z,2026-09-02T19:23:01.575Z,2026-09-02T19:23:01.326Z,2026-09-02T19:23:01.575Z,3754,27.05882352941176,27.05882352941176,e85c7a40d7333f276f37d19b888330e861116b611dc4d1906221c7aa42a4d134,1s,AVG,e85c7a40d7333f276f37d19b888330e861116b611dc4d1906221c7aa42a4d134,2026-09-02T19:22:53.438Z,2026-09-02T19:23:01.325Z,2026-09-02T19:23:01.325Z,2954
obdEngineLoad,CAN_ENGINE_LOAD,LATEST_LIVE,2026-09-02T19:23:04.000Z,2026-09-02T19:23:07.178Z,2026-09-02T19:23:06.970Z,2026-09-02T19:23:07.178Z,3759,0,"{""value"":0,""timestamp"":""2026-09-02T19:23:04Z""}",,,,,,,,2959
obdEngineLoad,CAN_ENGINE_LOAD,HF_HISTORICAL,2026-09-02T19:22:59.325Z,2026-09-02T19:23:07.417Z,2026-09-02T19:23:07.180Z,2026-09-02T19:23:07.417Z,3764,0,0,0f2ee24024bca2945f9a5fb5ec20d5dea22953a1652ecd43a35ec93557314af7,1s,AVG,0f2ee24024bca2945f9a5fb5ec20d5dea22953a1652ecd43a35ec93557314af7,2026-09-02T19:22:59.325Z,2026-09-02T19:23:07.180Z,2026-09-02T19:23:07.180Z,2964
obdEngineLoad,CAN_ENGINE_LOAD,HF_HISTORICAL,2026-09-02T19:23:00.325Z,2026-09-02T19:23:07.417Z,2026-09-02T19:23:07.180Z,2026-09-02T19:23:07.417Z,3768,0,0,327c2838fa90d5ca5b254588b7c5c892eb843f42ac3f5228255236a4cb9bad6f,1s,AVG,327c2838fa90d5ca5b254588b7c5c892eb843f42ac3f5228255236a4cb9bad6f,2026-09-02T19:22:59.325Z,2026-09-02T19:23:07.180Z,2026-09-02T19:23:07.180Z,2968
obdEngineLoad,CAN_ENGINE_LOAD,HF_HISTORICAL,2026-09-02T19:23:01.325Z,2026-09-02T19:23:07.417Z,2026-09-02T19:23:07.180Z,2026-09-02T19:23:07.417Z,3772,0,0,9816cfff9cb0a15eacd44f0993ec5f7f7f812a4df7ca9d9e3157fb771872411b,1s,AVG,9816cfff9cb0a15eacd44f0993ec5f7f7f812a4df7ca9d9e3157fb771872411b,2026-09-02T19:22:59.325Z,2026-09-02T19:23:07.180Z,2026-09-02T19:23:07.180Z,2972
obdEngineLoad,CAN_ENGINE_LOAD,HF_HISTORICAL,2026-09-02T19:23:03.325Z,2026-09-02T19:23:07.417Z,2026-09-02T19:23:07.180Z,2026-09-02T19:23:07.417Z,3776,0,0,6d4905a8534538be46045514647329249af93251ad46a65eb71b371bf0530e38,1s,AVG,6d4905a8534538be46045514647329249af93251ad46a65eb71b371bf0530e38,2026-09-02T19:22:59.325Z,2026-09-02T19:23:07.180Z,2026-09-02T19:23:07.180Z,2976
obdEngineLoad,CAN_ENGINE_LOAD,LATEST_LIVE,2026-09-02T19:23:09.000Z,2026-09-02T19:23:12.913Z,2026-09-02T19:23:12.695Z,2026-09-02T19:23:12.913Z,3780,0,"{""value"":0,""timestamp"":""2026-09-02T19:23:09Z""}",,,,,,,,2980
obdEngineLoad,CAN_ENGINE_LOAD,HF_HISTORICAL,2026-09-02T19:23:06.180Z,2026-09-02T19:23:13.133Z,2026-09-02T19:23:12.915Z,2026-09-02T19:23:13.133Z,3785,0,0,26930bae902cb1101a2f2488d81923c77bb0d75028aaf39650bd28ccf8efe260,1s,AVG,26930bae902cb1101a2f2488d81923c77bb0d75028aaf39650bd28ccf8efe260,2026-09-02T19:23:05.180Z,2026-09-02T19:23:12.914Z,2026-09-02T19:23:12.914Z,2985
obdEngineLoad,CAN_ENGINE_LOAD,HF_HISTORICAL,2026-09-02T19:23:07.180Z,2026-09-02T19:23:13.133Z,2026-09-02T19:23:12.915Z,2026-09-02T19:23:13.133Z,3789,0,0,fb4b5e6242e00dd4d26afb2b719646d62fc8de1c874a3309ded1b7fa36ea5cdd,1s,AVG,fb4b5e6242e00dd4d26afb2b719646d62fc8de1c874a3309ded1b7fa36ea5cdd,2026-09-02T19:23:05.180Z,2026-09-02T19:23:12.914Z,2026-09-02T19:23:12.914Z,2989
obdEngineLoad,CAN_ENGINE_LOAD,HF_HISTORICAL,2026-09-02T19:23:08.180Z,2026-09-02T19:23:13.133Z,2026-09-02T19:23:12.915Z,2026-09-02T19:23:13.133Z,3792,0,0,1d9a29cc079fa16772e1d8d3839bea1732b0bc2c130609e38d0b80a122fcce32,1s,AVG,1d9a29cc079fa16772e1d8d3839bea1732b0bc2c130609e38d0b80a122fcce32,2026-09-02T19:23:05.180Z,2026-09-02T19:23:12.914Z,2026-09-02T19:23:12.914Z,2992
obdEngineLoad,CAN_ENGINE_LOAD,LATEST_LIVE,2026-09-02T19:23:14.000Z,2026-09-02T19:23:18.664Z,2026-09-02T19:23:18.432Z,2026-09-02T19:23:18.664Z,3795,0,"{""value"":0,""timestamp"":""2026-09-02T19:23:14Z""}",,,,,,,,2995
obdEngineLoad,CAN_ENGINE_LOAD,HF_HISTORICAL,2026-09-02T19:23:10.914Z,2026-09-02T19:23:18.878Z,2026-09-02T19:23:18.665Z,2026-09-02T19:23:18.878Z,3800,0,0,8282230310e37730113c777320d186c77ee69abddddb0ffa5b45e15014d9cee7,1s,AVG,8282230310e37730113c777320d186c77ee69abddddb0ffa5b45e15014d9cee7,2026-09-02T19:23:10.914Z,2026-09-02T19:23:18.665Z,2026-09-02T19:23:18.665Z,3000
obdEngineLoad,CAN_ENGINE_LOAD,HF_HISTORICAL,2026-09-02T19:23:13.914Z,2026-09-02T19:23:18.878Z,2026-09-02T19:23:18.665Z,2026-09-02T19:23:18.878Z,3803,0,0,57da6e757dbb9e5c6f8904d3b6983ed9dfd802bffc78863055dae3071eeeed67,1s,AVG,57da6e757dbb9e5c6f8904d3b6983ed9dfd802bffc78863055dae3071eeeed67,2026-09-02T19:23:10.914Z,2026-09-02T19:23:18.665Z,2026-09-02T19:23:18.665Z,3003
obdEngineLoad,CAN_ENGINE_LOAD,HF_HISTORICAL,2026-09-02T19:23:15.914Z,2026-09-02T19:23:18.878Z,2026-09-02T19:23:18.665Z,2026-09-02T19:23:18.878Z,3807,0,0,2da2cc7d36dc9e698ca9d5209a865b1c46908c206a91aaa942162b3108e941ce,1s,AVG,2da2cc7d36dc9e698ca9d5209a865b1c46908c206a91aaa942162b3108e941ce,2026-09-02T19:23:10.914Z,2026-09-02T19:23:18.665Z,2026-09-02T19:23:18.665Z,3007
obdEngineLoad,CAN_ENGINE_LOAD,LATEST_LIVE,2026-09-02T19:23:20.000Z,2026-09-02T19:23:24.556Z,2026-09-02T19:23:24.368Z,2026-09-02T19:23:24.556Z,3838,0,"{""value"":0,""timestamp"":""2026-09-02T19:23:20Z""}",,,,,,,,3018
obdEngineLoad,CAN_ENGINE_LOAD,HF_HISTORICAL,2026-09-02T19:23:16.665Z,2026-09-02T19:23:24.798Z,2026-09-02T19:23:24.560Z,2026-09-02T19:23:24.798Z,3843,32.94117647058823,32.94117647058823,ac8c252559fe45a5a70706aed2e637133beebae3da66ac0a95ea4f457b6fce2c,1s,AVG,ac8c252559fe45a5a70706aed2e637133beebae3da66ac0a95ea4f457b6fce2c,2026-09-02T19:23:16.665Z,2026-09-02T19:23:24.560Z,2026-09-02T19:23:24.560Z,3023
obdEngineLoad,CAN_ENGINE_LOAD,HF_HISTORICAL,2026-09-02T19:23:18.665Z,2026-09-02T19:23:24.798Z,2026-09-02T19:23:24.560Z,2026-09-02T19:23:24.798Z,3847,0,0,6519369f2076d5805acf495b501cf498c5ad1026e18ba101543d4d4b49c6bdc2,1s,AVG,6519369f2076d5805acf495b501cf498c5ad1026e18ba101543d4d4b49c6bdc2,2026-09-02T19:23:16.665Z,2026-09-02T19:23:24.560Z,2026-09-02T19:23:24.560Z,3027
obdEngineLoad,CAN_ENGINE_LOAD,HF_HISTORICAL,2026-09-02T19:23:19.665Z,2026-09-02T19:23:24.798Z,2026-09-02T19:23:24.560Z,2026-09-02T19:23:24.798Z,3851,0,0,7c6c8a5df0c897885a7f55b4240ad06e8d9f44f0cb601a29bea7e23b0fa981fe,1s,AVG,7c6c8a5df0c897885a7f55b4240ad06e8d9f44f0cb601a29bea7e23b0fa981fe,2026-09-02T19:23:16.665Z,2026-09-02T19:23:24.560Z,2026-09-02T19:23:24.560Z,3031
obdEngineLoad,CAN_ENGINE_LOAD,HF_HISTORICAL,2026-09-02T19:23:20.665Z,2026-09-02T19:23:24.798Z,2026-09-02T19:23:24.560Z,2026-09-02T19:23:24.798Z,3856,29.01960784313725,29.01960784313725,9c661c133550ce736e59b0f8d1994ffcc4f90b85c802b2112a05725aba3f26c4,1s,AVG,9c661c133550ce736e59b0f8d1994ffcc4f90b85c802b2112a05725aba3f26c4,2026-09-02T19:23:16.665Z,2026-09-02T19:23:24.560Z,2026-09-02T19:23:24.560Z,3036
obdEngineLoad,CAN_ENGINE_LOAD,LATEST_LIVE,2026-09-02T19:23:25.000Z,2026-09-02T19:23:30.380Z,2026-09-02T19:23:30.139Z,2026-09-02T19:23:30.380Z,3861,0,"{""value"":0,""timestamp"":""2026-09-02T19:23:25Z""}",,,,,,,,3041
obdEngineLoad,CAN_ENGINE_LOAD,HF_HISTORICAL,2026-09-02T19:23:22.560Z,2026-09-02T19:23:30.585Z,2026-09-02T19:23:30.383Z,2026-09-02T19:23:30.585Z,3866,12.15686274509804,12.15686274509804,a61eb27cbf9560ae5e8eea256b42aaefbb10de5c603f6d29f77be5e81e8ec49e,1s,AVG,a61eb27cbf9560ae5e8eea256b42aaefbb10de5c603f6d29f77be5e81e8ec49e,2026-09-02T19:23:22.560Z,2026-09-02T19:23:30.383Z,2026-09-02T19:23:30.383Z,3046
obdEngineLoad,CAN_ENGINE_LOAD,HF_HISTORICAL,2026-09-02T19:23:24.560Z,2026-09-02T19:23:30.585Z,2026-09-02T19:23:30.383Z,2026-09-02T19:23:30.585Z,3871,0,0,0fb357701bc94147ea956ca51dbd633ce05609de104dee455923b78178b7c242,1s,AVG,0fb357701bc94147ea956ca51dbd633ce05609de104dee455923b78178b7c242,2026-09-02T19:23:22.560Z,2026-09-02T19:23:30.383Z,2026-09-02T19:23:30.383Z,3051
obdEngineLoad,CAN_ENGINE_LOAD,LATEST_LIVE,2026-09-02T19:23:31.000Z,2026-09-02T19:23:36.174Z,2026-09-02T19:23:35.951Z,2026-09-02T19:23:36.174Z,3876,35.29411764705883,"{""value"":35.29411764705883,""timestamp"":""2026-09-02T19:23:31Z""}",,,,,,,,3056
obdEngineLoad,CAN_ENGINE_LOAD,HF_HISTORICAL,2026-09-02T19:23:29.383Z,2026-09-02T19:23:36.364Z,2026-09-02T19:23:36.175Z,2026-09-02T19:23:36.364Z,3881,26.27450980392157,26.27450980392157,52da10cac010b9774a78351ae10c525a285ceee0e470cd3d42e7c3322663d238,1s,AVG,52da10cac010b9774a78351ae10c525a285ceee0e470cd3d42e7c3322663d238,2026-09-02T19:23:28.383Z,2026-09-02T19:23:36.175Z,2026-09-02T19:23:36.175Z,3061
obdEngineLoad,CAN_ENGINE_LOAD,HF_HISTORICAL,2026-09-02T19:23:30.383Z,2026-09-02T19:23:36.364Z,2026-09-02T19:23:36.175Z,2026-09-02T19:23:36.364Z,3886,35.29411764705883,35.29411764705883,2838d277e2d237695788ece49145506cbd00c1db7502d6712503c2894bafc97c,1s,AVG,2838d277e2d237695788ece49145506cbd00c1db7502d6712503c2894bafc97c,2026-09-02T19:23:28.383Z,2026-09-02T19:23:36.175Z,2026-09-02T19:23:36.175Z,3066
obdEngineLoad,CAN_ENGINE_LOAD,LATEST_LIVE,2026-09-02T19:23:36.000Z,2026-09-02T19:23:41.884Z,2026-09-02T19:23:41.678Z,2026-09-02T19:23:41.884Z,3891,35.68627450980392,"{""value"":35.68627450980392,""timestamp"":""2026-09-02T19:23:36Z""}",,,,,,,,3071
obdEngineLoad,CAN_ENGINE_LOAD,HF_HISTORICAL,2026-09-02T19:23:34.175Z,2026-09-02T19:23:42.088Z,2026-09-02T19:23:41.885Z,2026-09-02T19:23:42.088Z,3896,0,0,e99e640d105d9485b40a8ad7737352ce7752097cd8e9a3d787edb5e916c0d4d4,1s,AVG,e99e640d105d9485b40a8ad7737352ce7752097cd8e9a3d787edb5e916c0d4d4,2026-09-02T19:23:34.175Z,2026-09-02T19:23:41.885Z,2026-09-02T19:23:41.885Z,3076
obdEngineLoad,CAN_ENGINE_LOAD,HF_HISTORICAL,2026-09-02T19:23:35.175Z,2026-09-02T19:23:42.088Z,2026-09-02T19:23:41.885Z,2026-09-02T19:23:42.088Z,3901,35.68627450980392,35.68627450980392,97bf98025feb9a08166e3fe162b3a3edf5cbb6a646d3aba75372fd8a2854d226,1s,AVG,97bf98025feb9a08166e3fe162b3a3edf5cbb6a646d3aba75372fd8a2854d226,2026-09-02T19:23:34.175Z,2026-09-02T19:23:41.885Z,2026-09-02T19:23:41.885Z,3081
obdEngineLoad,CAN_ENGINE_LOAD,HF_HISTORICAL,2026-09-02T19:23:37.175Z,2026-09-02T19:23:42.088Z,2026-09-02T19:23:41.885Z,2026-09-02T19:23:42.088Z,3906,14.11764705882353,14.11764705882353,937b22d3e73a925bab3b335e550a4e4885dfbf87ce0fa6bc05aede46e01bf367,1s,AVG,937b22d3e73a925bab3b335e550a4e4885dfbf87ce0fa6bc05aede46e01bf367,2026-09-02T19:23:34.175Z,2026-09-02T19:23:41.885Z,2026-09-02T19:23:41.885Z,3086
obdEngineLoad,CAN_ENGINE_LOAD,HF_HISTORICAL,2026-09-02T19:23:38.175Z,2026-09-02T19:23:42.088Z,2026-09-02T19:23:41.885Z,2026-09-02T19:23:42.088Z,3911,12.94117647058824,12.94117647058824,b051b648e73331247624f6802dec9df42c689459b0784a116c0ad360f3e3e0c1,1s,AVG,b051b648e73331247624f6802dec9df42c689459b0784a116c0ad360f3e3e0c1,2026-09-02T19:23:34.175Z,2026-09-02T19:23:41.885Z,2026-09-02T19:23:41.885Z,3091
obdEngineLoad,CAN_ENGINE_LOAD,LATEST_LIVE,2026-09-02T19:23:44.000Z,2026-09-02T19:23:47.798Z,2026-09-02T19:23:47.426Z,2026-09-02T19:23:47.798Z,3916,53.33333333333334,"{""value"":53.33333333333334,""timestamp"":""2026-09-02T19:23:44Z""}",,,,,,,,3096
obdEngineLoad,CAN_ENGINE_LOAD,HF_HISTORICAL,2026-09-02T19:23:39.885Z,2026-09-02T19:23:48.007Z,2026-09-02T19:23:47.805Z,2026-09-02T19:23:48.007Z,3921,19.6078431372549,19.6078431372549,d3398f273d6d898bc8020617d8b257cf2da630bba4000b7f861665f2a6c3057f,1s,AVG,d3398f273d6d898bc8020617d8b257cf2da630bba4000b7f861665f2a6c3057f,2026-09-02T19:23:39.885Z,2026-09-02T19:23:47.805Z,2026-09-02T19:23:47.805Z,3101
obdEngineLoad,CAN_ENGINE_LOAD,HF_HISTORICAL,2026-09-02T19:23:43.885Z,2026-09-02T19:23:48.007Z,2026-09-02T19:23:47.805Z,2026-09-02T19:23:48.007Z,3926,53.33333333333334,53.33333333333334,f36e46d8ff260d0b670f3984c65d0b04f300cb48df7ffac0cfa1f65a8ec00c57,1s,AVG,f36e46d8ff260d0b670f3984c65d0b04f300cb48df7ffac0cfa1f65a8ec00c57,2026-09-02T19:23:39.885Z,2026-09-02T19:23:47.805Z,2026-09-02T19:23:47.805Z,3106
obdEngineLoad,CAN_ENGINE_LOAD,LATEST_LIVE,2026-09-02T19:23:50.000Z,2026-09-02T19:23:53.955Z,2026-09-02T19:23:53.463Z,2026-09-02T19:23:53.955Z,3931,0,"{""value"":0,""timestamp"":""2026-09-02T19:23:50Z""}",,,,,,,,3111
obdEngineLoad,CAN_ENGINE_LOAD,HF_HISTORICAL,2026-09-02T19:23:45.805Z,2026-09-02T19:23:54.159Z,2026-09-02T19:23:53.956Z,2026-09-02T19:23:54.159Z,3936,43.92156862745098,43.92156862745098,62c640171fc5e0a12fbf9c18745002de5466d2e225fb3ced3b5bad83254ce8c3,1s,AVG,62c640171fc5e0a12fbf9c18745002de5466d2e225fb3ced3b5bad83254ce8c3,2026-09-02T19:23:45.805Z,2026-09-02T19:23:53.956Z,2026-09-02T19:23:53.956Z,3116
obdEngineLoad,CAN_ENGINE_LOAD,HF_HISTORICAL,2026-09-02T19:23:46.805Z,2026-09-02T19:23:54.159Z,2026-09-02T19:23:53.956Z,2026-09-02T19:23:54.159Z,3940,0,0,00f72f09a14864f82d3a3f62824fce95bf51a0cb65b8e3734fb7b8cf6df205bf,1s,AVG,00f72f09a14864f82d3a3f62824fce95bf51a0cb65b8e3734fb7b8cf6df205bf,2026-09-02T19:23:45.805Z,2026-09-02T19:23:53.956Z,2026-09-02T19:23:53.956Z,3120
obdEngineLoad,CAN_ENGINE_LOAD,HF_HISTORICAL,2026-09-02T19:23:47.805Z,2026-09-02T19:23:54.159Z,2026-09-02T19:23:53.956Z,2026-09-02T19:23:54.159Z,3944,0,0,eccbc457afbe613228a63baddfc3bbe9fcbd6f393d6736cfa5154396e630c244,1s,AVG,eccbc457afbe613228a63baddfc3bbe9fcbd6f393d6736cfa5154396e630c244,2026-09-02T19:23:45.805Z,2026-09-02T19:23:53.956Z,2026-09-02T19:23:53.956Z,3124
obdEngineLoad,CAN_ENGINE_LOAD,HF_HISTORICAL,2026-09-02T19:23:49.805Z,2026-09-02T19:23:54.159Z,2026-09-02T19:23:53.956Z,2026-09-02T19:23:54.159Z,3947,0,0,fdfe42d6300f2e78857648ae6cb2879fa5d1369a876a9196501d318e3a4f4b0f,1s,AVG,fdfe42d6300f2e78857648ae6cb2879fa5d1369a876a9196501d318e3a4f4b0f,2026-09-02T19:23:45.805Z,2026-09-02T19:23:53.956Z,2026-09-02T19:23:53.956Z,3127
obdEngineLoad,CAN_ENGINE_LOAD,LATEST_LIVE,2026-09-02T19:23:55.000Z,2026-09-02T19:24:00.048Z,2026-09-02T19:23:59.808Z,2026-09-02T19:24:00.048Z,3976,0,"{""value"":0,""timestamp"":""2026-09-02T19:23:55Z""}",,,,,,,,3136
obdEngineLoad,CAN_ENGINE_LOAD,HF_HISTORICAL,2026-09-02T19:23:51.956Z,2026-09-02T19:24:00.256Z,2026-09-02T19:24:00.051Z,2026-09-02T19:24:00.256Z,3981,0,0,88d9f113877f5de3940dc77ab131e829090c8c0f0c408eda772a8608d1ef5c18,1s,AVG,88d9f113877f5de3940dc77ab131e829090c8c0f0c408eda772a8608d1ef5c18,2026-09-02T19:23:51.956Z,2026-09-02T19:24:00.050Z,2026-09-02T19:24:00.050Z,3141
obdEngineLoad,CAN_ENGINE_LOAD,HF_HISTORICAL,2026-09-02T19:23:53.956Z,2026-09-02T19:24:00.256Z,2026-09-02T19:24:00.051Z,2026-09-02T19:24:00.256Z,3985,23.52941176470588,23.52941176470588,7567e6919d418b80038298b675339be0abceb419abba6965823dd08ea8923697,1s,AVG,7567e6919d418b80038298b675339be0abceb419abba6965823dd08ea8923697,2026-09-02T19:23:51.956Z,2026-09-02T19:24:00.050Z,2026-09-02T19:24:00.050Z,3145
obdEngineLoad,CAN_ENGINE_LOAD,HF_HISTORICAL,2026-09-02T19:23:54.956Z,2026-09-02T19:24:00.256Z,2026-09-02T19:24:00.051Z,2026-09-02T19:24:00.256Z,3989,0,0,6a8bff8a197e59b5bf0e5ca755fcf58f7d60cc4d3bbdafdbd8d1d9e997937355,1s,AVG,6a8bff8a197e59b5bf0e5ca755fcf58f7d60cc4d3bbdafdbd8d1d9e997937355,2026-09-02T19:23:51.956Z,2026-09-02T19:24:00.050Z,2026-09-02T19:24:00.050Z,3149
obdEngineLoad,CAN_ENGINE_LOAD,LATEST_LIVE,2026-09-02T19:24:00.000Z,2026-09-02T19:24:05.866Z,2026-09-02T19:24:05.636Z,2026-09-02T19:24:05.866Z,3994,49.41176470588236,"{""value"":49.41176470588236,""timestamp"":""2026-09-02T19:24:00Z""}",,,,,,,,3154
obdEngineLoad,CAN_ENGINE_LOAD,HF_HISTORICAL,2026-09-02T19:23:59.050Z,2026-09-02T19:24:06.142Z,2026-09-02T19:24:05.871Z,2026-09-02T19:24:06.142Z,3999,49.41176470588236,49.41176470588236,8385f79cf83d02989273dac9d1bdf6cdc27c9e465927db5de3e343b9cbfac535,1s,AVG,8385f79cf83d02989273dac9d1bdf6cdc27c9e465927db5de3e343b9cbfac535,2026-09-02T19:23:58.050Z,2026-09-02T19:24:05.871Z,2026-09-02T19:24:05.871Z,3159
obdEngineLoad,CAN_ENGINE_LOAD,LATEST_LIVE,2026-09-02T19:24:08.000Z,2026-09-02T19:24:11.703Z,2026-09-02T19:24:11.473Z,2026-09-02T19:24:11.703Z,4004,58.03921568627451,"{""value"":58.03921568627451,""timestamp"":""2026-09-02T19:24:08Z""}",,,,,,,,3164
obdEngineLoad,CAN_ENGINE_LOAD,HF_HISTORICAL,2026-09-02T19:24:04.871Z,2026-09-02T19:24:12.121Z,2026-09-02T19:24:11.705Z,2026-09-02T19:24:12.121Z,4009,23.92156862745098,23.92156862745098,03d9aef5781e67bf8a65d111f9badbbc3a7c0619ae944d250e98c274caacbabb,1s,AVG,03d9aef5781e67bf8a65d111f9badbbc3a7c0619ae944d250e98c274caacbabb,2026-09-02T19:24:03.871Z,2026-09-02T19:24:11.705Z,2026-09-02T19:24:11.705Z,3169
obdEngineLoad,CAN_ENGINE_LOAD,HF_HISTORICAL,2026-09-02T19:24:05.871Z,2026-09-02T19:24:12.121Z,2026-09-02T19:24:11.705Z,2026-09-02T19:24:12.121Z,4014,16.47058823529412,16.47058823529412,35262fd0eab6c995bb98ca3fc97658bae0d2922c1693492da80304cfa0100167,1s,AVG,35262fd0eab6c995bb98ca3fc97658bae0d2922c1693492da80304cfa0100167,2026-09-02T19:24:03.871Z,2026-09-02T19:24:11.705Z,2026-09-02T19:24:11.705Z,3174
obdEngineLoad,CAN_ENGINE_LOAD,HF_HISTORICAL,2026-09-02T19:24:07.871Z,2026-09-02T19:24:12.121Z,2026-09-02T19:24:11.705Z,2026-09-02T19:24:12.121Z,4019,58.03921568627451,58.03921568627451,d152571d5722d4304468a77fedc9b286bed6a515ed2df3f3e5a6e9051800c7ac,1s,AVG,d152571d5722d4304468a77fedc9b286bed6a515ed2df3f3e5a6e9051800c7ac,2026-09-02T19:24:03.871Z,2026-09-02T19:24:11.705Z,2026-09-02T19:24:11.705Z,3179
obdEngineLoad,CAN_ENGINE_LOAD,LATEST_LIVE,2026-09-02T19:24:12.000Z,2026-09-02T19:24:17.640Z,2026-09-02T19:24:17.409Z,2026-09-02T19:24:17.640Z,4024,38.03921568627451,"{""value"":38.03921568627451,""timestamp"":""2026-09-02T19:24:12Z""}",,,,,,,,3184
obdEngineLoad,CAN_ENGINE_LOAD,HF_HISTORICAL,2026-09-02T19:24:09.705Z,2026-09-02T19:24:17.845Z,2026-09-02T19:24:17.641Z,2026-09-02T19:24:17.845Z,4029,41.1764705882353,41.1764705882353,420a17f0d5c5aa66121f766ca7fc84bc7487adf7dbe48fbd47d092d019fdbe04,1s,AVG,420a17f0d5c5aa66121f766ca7fc84bc7487adf7dbe48fbd47d092d019fdbe04,2026-09-02T19:24:09.705Z,2026-09-02T19:24:17.641Z,2026-09-02T19:24:17.641Z,3189
obdEngineLoad,CAN_ENGINE_LOAD,HF_HISTORICAL,2026-09-02T19:24:11.705Z,2026-09-02T19:24:17.845Z,2026-09-02T19:24:17.641Z,2026-09-02T19:24:17.845Z,4034,38.03921568627451,38.03921568627451,441087b2426a4d662443be6f9eab88e867f24f8ea655b399c614f8eca011a7fb,1s,AVG,441087b2426a4d662443be6f9eab88e867f24f8ea655b399c614f8eca011a7fb,2026-09-02T19:24:09.705Z,2026-09-02T19:24:17.641Z,2026-09-02T19:24:17.641Z,3194
obdEngineLoad,CAN_ENGINE_LOAD,LATEST_LIVE,2026-09-02T19:24:19.000Z,2026-09-02T19:24:23.393Z,2026-09-02T19:24:23.154Z,2026-09-02T19:24:23.393Z,4039,0,"{""value"":0,""timestamp"":""2026-09-02T19:24:19Z""}",,,,,,,,3199
obdEngineLoad,CAN_ENGINE_LOAD,HF_HISTORICAL,2026-09-02T19:24:16.641Z,2026-09-02T19:24:23.628Z,2026-09-02T19:24:23.394Z,2026-09-02T19:24:23.628Z,4044,24.31372549019608,24.31372549019608,2699cdc00b1f3148228b139735f97cc7f5168ab573ce0d83bd64cdc7c6451ea2,1s,AVG,2699cdc00b1f3148228b139735f97cc7f5168ab573ce0d83bd64cdc7c6451ea2,2026-09-02T19:24:15.641Z,2026-09-02T19:24:23.394Z,2026-09-02T19:24:23.394Z,3204
obdEngineLoad,CAN_ENGINE_LOAD,HF_HISTORICAL,2026-09-02T19:24:18.641Z,2026-09-02T19:24:23.628Z,2026-09-02T19:24:23.394Z,2026-09-02T19:24:23.628Z,4048,0,0,24972b910afc7ae14acbaba32c6fb9b579abcb96cba6ea1a77e424cac1b73bf8,1s,AVG,24972b910afc7ae14acbaba32c6fb9b579abcb96cba6ea1a77e424cac1b73bf8,2026-09-02T19:24:15.641Z,2026-09-02T19:24:23.394Z,2026-09-02T19:24:23.394Z,3208
obdEngineLoad,CAN_ENGINE_LOAD,LATEST_LIVE,2026-09-02T19:24:26.000Z,2026-09-02T19:24:29.238Z,2026-09-02T19:24:28.990Z,2026-09-02T19:24:29.238Z,4053,0,"{""value"":0,""timestamp"":""2026-09-02T19:24:26Z""}",,,,,,,,3213
obdEngineLoad,CAN_ENGINE_LOAD,HF_HISTORICAL,2026-09-02T19:24:21.394Z,2026-09-02T19:24:29.438Z,2026-09-02T19:24:29.240Z,2026-09-02T19:24:29.438Z,4058,28.23529411764706,28.23529411764706,0cc60c2b5a4f794555ed4048840eb949059d058acf7f911e02f5662642f3e954,1s,AVG,0cc60c2b5a4f794555ed4048840eb949059d058acf7f911e02f5662642f3e954,2026-09-02T19:24:21.394Z,2026-09-02T19:24:29.240Z,2026-09-02T19:24:29.240Z,3218
obdEngineLoad,CAN_ENGINE_LOAD,HF_HISTORICAL,2026-09-02T19:24:22.394Z,2026-09-02T19:24:29.438Z,2026-09-02T19:24:29.240Z,2026-09-02T19:24:29.438Z,4063,0,0,e2d83d19cc7963c02765cb19211bf2e0db602d1b0ce6c109deae5a474619316d,1s,AVG,e2d83d19cc7963c02765cb19211bf2e0db602d1b0ce6c109deae5a474619316d,2026-09-02T19:24:21.394Z,2026-09-02T19:24:29.240Z,2026-09-02T19:24:29.240Z,3223
obdEngineLoad,CAN_ENGINE_LOAD,HF_HISTORICAL,2026-09-02T19:24:24.394Z,2026-09-02T19:24:29.438Z,2026-09-02T19:24:29.240Z,2026-09-02T19:24:29.438Z,4068,18.82352941176471,18.82352941176471,2045c9b95bf971348513aba900b63d5a1a70dc19198b0fbba6b4742e9ee66120,1s,AVG,2045c9b95bf971348513aba900b63d5a1a70dc19198b0fbba6b4742e9ee66120,2026-09-02T19:24:21.394Z,2026-09-02T19:24:29.240Z,2026-09-02T19:24:29.240Z,3228
obdEngineLoad,CAN_ENGINE_LOAD,HF_HISTORICAL,2026-09-02T19:24:25.394Z,2026-09-02T19:24:29.438Z,2026-09-02T19:24:29.240Z,2026-09-02T19:24:29.438Z,4072,0,0,f8a23b6d2315ebf31fe3ad5b626c2a6c8696a55c65b5725238592edede54ab03,1s,AVG,f8a23b6d2315ebf31fe3ad5b626c2a6c8696a55c65b5725238592edede54ab03,2026-09-02T19:24:21.394Z,2026-09-02T19:24:29.240Z,2026-09-02T19:24:29.240Z,3232
obdEngineLoad,CAN_ENGINE_LOAD,LATEST_LIVE,2026-09-02T19:24:31.000Z,2026-09-02T19:24:35.274Z,2026-09-02T19:24:35.044Z,2026-09-02T19:24:35.274Z,4103,18.03921568627451,"{""value"":18.03921568627451,""timestamp"":""2026-09-02T19:24:31Z""}",,,,,,,,3243
obdEngineLoad,CAN_ENGINE_LOAD,HF_HISTORICAL,2026-09-02T19:24:28.240Z,2026-09-02T19:24:35.488Z,2026-09-02T19:24:35.275Z,2026-09-02T19:24:35.488Z,4108,17.64705882352941,17.64705882352941,36e8931443af8bd76a21f98010b76422b016fe37f6ff3243062cbe59dc9d5e76,1s,AVG,36e8931443af8bd76a21f98010b76422b016fe37f6ff3243062cbe59dc9d5e76,2026-09-02T19:24:27.240Z,2026-09-02T19:24:35.275Z,2026-09-02T19:24:35.275Z,3248
obdEngineLoad,CAN_ENGINE_LOAD,HF_HISTORICAL,2026-09-02T19:24:30.240Z,2026-09-02T19:24:35.488Z,2026-09-02T19:24:35.275Z,2026-09-02T19:24:35.488Z,4113,18.03921568627451,18.03921568627451,e7d0436e6efd54d1f4bdce152c8ce78f9d4af4c73616446f3f316f4269e7f94c,1s,AVG,e7d0436e6efd54d1f4bdce152c8ce78f9d4af4c73616446f3f316f4269e7f94c,2026-09-02T19:24:27.240Z,2026-09-02T19:24:35.275Z,2026-09-02T19:24:35.275Z,3253
obdEngineLoad,CAN_ENGINE_LOAD,LATEST_LIVE,2026-09-02T19:24:37.000Z,2026-09-02T19:24:41.054Z,2026-09-02T19:24:40.765Z,2026-09-02T19:24:41.054Z,4118,0,"{""value"":0,""timestamp"":""2026-09-02T19:24:37Z""}",,,,,,,,3258
obdEngineLoad,CAN_ENGINE_LOAD,HF_HISTORICAL,2026-09-02T19:24:33.275Z,2026-09-02T19:24:41.494Z,2026-09-02T19:24:41.055Z,2026-09-02T19:24:41.494Z,4123,25.09803921568627,25.09803921568627,997c73404cfeb9dc417cf6f9f55d7e0824a1348f696b22f58f3687878bfd3561,1s,AVG,997c73404cfeb9dc417cf6f9f55d7e0824a1348f696b22f58f3687878bfd3561,2026-09-02T19:24:33.275Z,2026-09-02T19:24:41.055Z,2026-09-02T19:24:41.055Z,3263
obdEngineLoad,CAN_ENGINE_LOAD,HF_HISTORICAL,2026-09-02T19:24:34.275Z,2026-09-02T19:24:41.494Z,2026-09-02T19:24:41.055Z,2026-09-02T19:24:41.494Z,4128,28.23529411764706,28.23529411764706,1cddf72c7c8c7e87e158e5d576ba73146c5bd17f23f48f609caa3f2ffc5cca01,1s,AVG,1cddf72c7c8c7e87e158e5d576ba73146c5bd17f23f48f609caa3f2ffc5cca01,2026-09-02T19:24:33.275Z,2026-09-02T19:24:41.055Z,2026-09-02T19:24:41.055Z,3268
obdEngineLoad,CAN_ENGINE_LOAD,HF_HISTORICAL,2026-09-02T19:24:36.275Z,2026-09-02T19:24:41.494Z,2026-09-02T19:24:41.055Z,2026-09-02T19:24:41.494Z,4133,0,0,492e5487054240945da6edc56d2bd9f5adc837833c4eca2b1495371d820da4be,1s,AVG,492e5487054240945da6edc56d2bd9f5adc837833c4eca2b1495371d820da4be,2026-09-02T19:24:33.275Z,2026-09-02T19:24:41.055Z,2026-09-02T19:24:41.055Z,3273
obdEngineLoad,CAN_ENGINE_LOAD,LATEST_LIVE,2026-09-02T19:24:44.000Z,2026-09-02T19:24:47.265Z,2026-09-02T19:24:46.812Z,2026-09-02T19:24:47.265Z,4138,8.235294117647058,"{""value"":8.235294117647058,""timestamp"":""2026-09-02T19:24:44Z""}",,,,,,,,3278
obdEngineLoad,CAN_ENGINE_LOAD,HF_HISTORICAL,2026-09-02T19:24:40.055Z,2026-09-02T19:24:47.498Z,2026-09-02T19:24:47.266Z,2026-09-02T19:24:47.498Z,4143,6.666666666666667,6.666666666666667,f017c699316f46fbd72eaf8809e2a77ddf997d7b1967955e6b928cb3702319fc,1s,AVG,f017c699316f46fbd72eaf8809e2a77ddf997d7b1967955e6b928cb3702319fc,2026-09-02T19:24:39.055Z,2026-09-02T19:24:47.266Z,2026-09-02T19:24:47.266Z,3283
obdEngineLoad,CAN_ENGINE_LOAD,HF_HISTORICAL,2026-09-02T19:24:43.055Z,2026-09-02T19:24:47.498Z,2026-09-02T19:24:47.266Z,2026-09-02T19:24:47.498Z,4148,8.235294117647058,8.235294117647058,d7a626a31a3e0772a3d2ae6f0de3d5ebc7c6ea37102539f26943abb7327c879b,1s,AVG,d7a626a31a3e0772a3d2ae6f0de3d5ebc7c6ea37102539f26943abb7327c879b,2026-09-02T19:24:39.055Z,2026-09-02T19:24:47.266Z,2026-09-02T19:24:47.266Z,3288
obdEngineLoad,CAN_ENGINE_LOAD,LATEST_LIVE,2026-09-02T19:24:50.000Z,2026-09-02T19:24:53.005Z,2026-09-02T19:24:52.759Z,2026-09-02T19:24:53.005Z,4153,32.94117647058823,"{""value"":32.94117647058823,""timestamp"":""2026-09-02T19:24:50Z""}",,,,,,,,3293
obdEngineLoad,CAN_ENGINE_LOAD,HF_HISTORICAL,2026-09-02T19:24:45.266Z,2026-09-02T19:24:53.249Z,2026-09-02T19:24:53.006Z,2026-09-02T19:24:53.249Z,4158,12.15686274509804,12.15686274509804,3b39ec145fbc83ed88af829526c3d215c583aced4e7eb4ff6b60e2d16c336bcd,1s,AVG,3b39ec145fbc83ed88af829526c3d215c583aced4e7eb4ff6b60e2d16c336bcd,2026-09-02T19:24:45.266Z,2026-09-02T19:24:53.006Z,2026-09-02T19:24:53.006Z,3298
obdEngineLoad,CAN_ENGINE_LOAD,HF_HISTORICAL,2026-09-02T19:24:46.266Z,2026-09-02T19:24:53.249Z,2026-09-02T19:24:53.006Z,2026-09-02T19:24:53.249Z,4163,15.29411764705882,15.29411764705882,e1873acca8d2ee3aea006a45515928647f828ab2359e93a610e716ecaa1fdbbd,1s,AVG,e1873acca8d2ee3aea006a45515928647f828ab2359e93a610e716ecaa1fdbbd,2026-09-02T19:24:45.266Z,2026-09-02T19:24:53.006Z,2026-09-02T19:24:53.006Z,3303
obdEngineLoad,CAN_ENGINE_LOAD,HF_HISTORICAL,2026-09-02T19:24:48.266Z,2026-09-02T19:24:53.249Z,2026-09-02T19:24:53.006Z,2026-09-02T19:24:53.249Z,4168,11.76470588235294,11.76470588235294,799bff0cefb01cc08b267e3e94703cfb33b632ead886ad7a873f364fafd731a5,1s,AVG,799bff0cefb01cc08b267e3e94703cfb33b632ead886ad7a873f364fafd731a5,2026-09-02T19:24:45.266Z,2026-09-02T19:24:53.006Z,2026-09-02T19:24:53.006Z,3308
obdEngineLoad,CAN_ENGINE_LOAD,HF_HISTORICAL,2026-09-02T19:24:49.266Z,2026-09-02T19:24:53.249Z,2026-09-02T19:24:53.006Z,2026-09-02T19:24:53.249Z,4173,32.94117647058823,32.94117647058823,aedca0290afaeb09cc7cd3b63b0bc0cc2c3d0956f10fe3b6c216e53a69383f9d,1s,AVG,aedca0290afaeb09cc7cd3b63b0bc0cc2c3d0956f10fe3b6c216e53a69383f9d,2026-09-02T19:24:45.266Z,2026-09-02T19:24:53.006Z,2026-09-02T19:24:53.006Z,3313
obdEngineLoad,CAN_ENGINE_LOAD,LATEST_LIVE,2026-09-02T19:24:55.000Z,2026-09-02T19:24:58.878Z,2026-09-02T19:24:58.580Z,2026-09-02T19:24:58.878Z,4177,20.3921568627451,"{""value"":20.3921568627451,""timestamp"":""2026-09-02T19:24:55Z""}",,,,,,,,3317
obdEngineLoad,CAN_ENGINE_LOAD,HF_HISTORICAL,2026-09-02T19:24:52.006Z,2026-09-02T19:24:59.109Z,2026-09-02T19:24:58.880Z,2026-09-02T19:24:59.109Z,4182,0,0,8e3f0b29821835fd3540480cd8f90311a55138f503ca933666e77c03bac56287,1s,AVG,8e3f0b29821835fd3540480cd8f90311a55138f503ca933666e77c03bac56287,2026-09-02T19:24:51.006Z,2026-09-02T19:24:58.880Z,2026-09-02T19:24:58.880Z,3322
obdEngineLoad,CAN_ENGINE_LOAD,HF_HISTORICAL,2026-09-02T19:24:53.006Z,2026-09-02T19:24:59.109Z,2026-09-02T19:24:58.880Z,2026-09-02T19:24:59.109Z,4187,14.50980392156863,14.50980392156863,63cd8705669aad3c5cd831341c66b6754a34093cdcff163b8bd74341fbb6775b,1s,AVG,63cd8705669aad3c5cd831341c66b6754a34093cdcff163b8bd74341fbb6775b,2026-09-02T19:24:51.006Z,2026-09-02T19:24:58.880Z,2026-09-02T19:24:58.880Z,3327
obdEngineLoad,CAN_ENGINE_LOAD,HF_HISTORICAL,2026-09-02T19:24:54.006Z,2026-09-02T19:24:59.109Z,2026-09-02T19:24:58.880Z,2026-09-02T19:24:59.109Z,4192,20.3921568627451,20.3921568627451,f12794fa209b39185f74ffab03275d15f8b602881021e293ec842c05f59c8913,1s,AVG,f12794fa209b39185f74ffab03275d15f8b602881021e293ec842c05f59c8913,2026-09-02T19:24:51.006Z,2026-09-02T19:24:58.880Z,2026-09-02T19:24:58.880Z,3332
obdEngineLoad,CAN_ENGINE_LOAD,LATEST_LIVE,2026-09-02T19:25:00.000Z,2026-09-02T19:25:04.777Z,2026-09-02T19:25:04.466Z,2026-09-02T19:25:04.777Z,4197,13.33333333333333,"{""value"":13.33333333333333,""timestamp"":""2026-09-02T19:25:00Z""}",,,,,,,,3337
obdEngineLoad,CAN_ENGINE_LOAD,HF_HISTORICAL,2026-09-02T19:24:58.880Z,2026-09-02T19:25:05.039Z,2026-09-02T19:25:04.778Z,2026-09-02T19:25:05.039Z,4202,34.11764705882353,34.11764705882353,6b0ab5b5b8a115b99933b6540e542eb5b4e1fb72597b902e7ecbe0ef4ef88f46,1s,AVG,6b0ab5b5b8a115b99933b6540e542eb5b4e1fb72597b902e7ecbe0ef4ef88f46,2026-09-02T19:24:56.880Z,2026-09-02T19:25:04.778Z,2026-09-02T19:25:04.778Z,3342
obdEngineLoad,CAN_ENGINE_LOAD,HF_HISTORICAL,2026-09-02T19:24:59.880Z,2026-09-02T19:25:05.039Z,2026-09-02T19:25:04.778Z,2026-09-02T19:25:05.039Z,4207,13.33333333333333,13.33333333333333,c9bd0885e17ea58ad4f8997ecb4d748808dfdb0680f3f8c24f0ce407eda97a59,1s,AVG,c9bd0885e17ea58ad4f8997ecb4d748808dfdb0680f3f8c24f0ce407eda97a59,2026-09-02T19:24:56.880Z,2026-09-02T19:25:04.778Z,2026-09-02T19:25:04.778Z,3347
obdEngineLoad,CAN_ENGINE_LOAD,HF_HISTORICAL,2026-09-02T19:25:00.880Z,2026-09-02T19:25:05.039Z,2026-09-02T19:25:04.778Z,2026-09-02T19:25:05.039Z,4212,30.19607843137255,30.19607843137255,0926cc25ce3c65d0423bbe990f1d23bc89201a4f814edda7f7d16b6a0e503461,1s,AVG,0926cc25ce3c65d0423bbe990f1d23bc89201a4f814edda7f7d16b6a0e503461,2026-09-02T19:24:56.880Z,2026-09-02T19:25:04.778Z,2026-09-02T19:25:04.778Z,3352
obdEngineLoad,CAN_ENGINE_LOAD,LATEST_LIVE,2026-09-02T19:25:08.000Z,2026-09-02T19:25:11.006Z,2026-09-02T19:25:10.783Z,2026-09-02T19:25:11.006Z,4243,30.58823529411764,"{""value"":30.58823529411764,""timestamp"":""2026-09-02T19:25:08Z""}",,,,,,,,3363
obdEngineLoad,CAN_ENGINE_LOAD,HF_HISTORICAL,2026-09-02T19:25:03.778Z,2026-09-02T19:25:11.209Z,2026-09-02T19:25:11.007Z,2026-09-02T19:25:11.209Z,4248,31.37254901960784,31.37254901960784,61927a70e24a2393b86699d2caae52381bc9c1bd0ed1c3b2ca037639e9f5d049,1s,AVG,61927a70e24a2393b86699d2caae52381bc9c1bd0ed1c3b2ca037639e9f5d049,2026-09-02T19:25:02.778Z,2026-09-02T19:25:11.007Z,2026-09-02T19:25:11.007Z,3368
obdEngineLoad,CAN_ENGINE_LOAD,HF_HISTORICAL,2026-09-02T19:25:04.778Z,2026-09-02T19:25:11.209Z,2026-09-02T19:25:11.007Z,2026-09-02T19:25:11.209Z,4253,31.76470588235294,31.76470588235294,545c9ec76797f5d39f83fcd825b876f90de934c8cb1da6a7fb8b82ac5394757c,1s,AVG,545c9ec76797f5d39f83fcd825b876f90de934c8cb1da6a7fb8b82ac5394757c,2026-09-02T19:25:02.778Z,2026-09-02T19:25:11.007Z,2026-09-02T19:25:11.007Z,3373
obdEngineLoad,CAN_ENGINE_LOAD,HF_HISTORICAL,2026-09-02T19:25:06.778Z,2026-09-02T19:25:11.209Z,2026-09-02T19:25:11.007Z,2026-09-02T19:25:11.209Z,4258,29.01960784313725,29.01960784313725,0ab02973a1198dce497f763d30510faa5fe059fffb65b865b76d221ae4506017,1s,AVG,0ab02973a1198dce497f763d30510faa5fe059fffb65b865b76d221ae4506017,2026-09-02T19:25:02.778Z,2026-09-02T19:25:11.007Z,2026-09-02T19:25:11.007Z,3378
obdEngineLoad,CAN_ENGINE_LOAD,HF_HISTORICAL,2026-09-02T19:25:07.778Z,2026-09-02T19:25:11.209Z,2026-09-02T19:25:11.007Z,2026-09-02T19:25:11.209Z,4263,30.58823529411764,30.58823529411764,40e6132bbf935c69061445da0b84b59dadb3af65fef90f5176ca19d1c72912e4,1s,AVG,40e6132bbf935c69061445da0b84b59dadb3af65fef90f5176ca19d1c72912e4,2026-09-02T19:25:02.778Z,2026-09-02T19:25:11.007Z,2026-09-02T19:25:11.007Z,3383
obdEngineLoad,CAN_ENGINE_LOAD,LATEST_LIVE,2026-09-02T19:25:11.000Z,2026-09-02T19:25:16.802Z,2026-09-02T19:25:16.517Z,2026-09-02T19:25:16.802Z,4268,38.43137254901961,"{""value"":38.43137254901961,""timestamp"":""2026-09-02T19:25:11Z""}",,,,,,,,3388
obdEngineLoad,CAN_ENGINE_LOAD,HF_HISTORICAL,2026-09-02T19:25:10.007Z,2026-09-02T19:25:17.011Z,2026-09-02T19:25:16.803Z,2026-09-02T19:25:17.011Z,4273,38.43137254901961,38.43137254901961,533a31db83bc32df240e5839d6df56b46f2b4994fa65db6829326399f075ad6f,1s,AVG,533a31db83bc32df240e5839d6df56b46f2b4994fa65db6829326399f075ad6f,2026-09-02T19:25:09.007Z,2026-09-02T19:25:16.803Z,2026-09-02T19:25:16.803Z,3393
obdEngineLoad,CAN_ENGINE_LOAD,LATEST_LIVE,2026-09-02T19:25:18.000Z,2026-09-02T19:25:22.802Z,2026-09-02T19:25:22.558Z,2026-09-02T19:25:22.802Z,4278,0,"{""value"":0,""timestamp"":""2026-09-02T19:25:18Z""}",,,,,,,,3398
obdEngineLoad,CAN_ENGINE_LOAD,HF_HISTORICAL,2026-09-02T19:25:14.803Z,2026-09-02T19:25:23.019Z,2026-09-02T19:25:22.804Z,2026-09-02T19:25:23.019Z,4283,0,0,289a65f0782234c7334f0d4ad164befcbde2102d0d71787fd3400d9d7576293f,1s,AVG,289a65f0782234c7334f0d4ad164befcbde2102d0d71787fd3400d9d7576293f,2026-09-02T19:25:14.803Z,2026-09-02T19:25:22.804Z,2026-09-02T19:25:22.804Z,3403
obdEngineLoad,CAN_ENGINE_LOAD,HF_HISTORICAL,2026-09-02T19:25:16.803Z,2026-09-02T19:25:23.019Z,2026-09-02T19:25:22.804Z,2026-09-02T19:25:23.019Z,4288,0,0,2ce2368e8b3c7cec74a688c4c41b65b8e15e0d5fcc8907fe30176def6ccd65a5,1s,AVG,2ce2368e8b3c7cec74a688c4c41b65b8e15e0d5fcc8907fe30176def6ccd65a5,2026-09-02T19:25:14.803Z,2026-09-02T19:25:22.804Z,2026-09-02T19:25:22.804Z,3408
obdEngineLoad,CAN_ENGINE_LOAD,HF_HISTORICAL,2026-09-02T19:25:17.803Z,2026-09-02T19:25:23.019Z,2026-09-02T19:25:22.804Z,2026-09-02T19:25:23.019Z,4292,0,0,341a54313178ac4c3b73380b85d53a98182fb1af71909b56c033380eb176b4d1,1s,AVG,341a54313178ac4c3b73380b85d53a98182fb1af71909b56c033380eb176b4d1,2026-09-02T19:25:14.803Z,2026-09-02T19:25:22.804Z,2026-09-02T19:25:22.804Z,3412
obdEngineLoad,CAN_ENGINE_LOAD,LATEST_LIVE,2026-09-02T19:25:24.000Z,2026-09-02T19:25:28.517Z,2026-09-02T19:25:28.297Z,2026-09-02T19:25:28.517Z,4296,24.70588235294118,"{""value"":24.70588235294118,""timestamp"":""2026-09-02T19:25:24Z""}",,,,,,,,3416
obdEngineLoad,CAN_ENGINE_LOAD,HF_HISTORICAL,2026-09-02T19:25:20.804Z,2026-09-02T19:25:28.746Z,2026-09-02T19:25:28.518Z,2026-09-02T19:25:28.746Z,4301,35.29411764705883,35.29411764705883,4cc1b2401a5abee2ac5e1243d264772c0c80b2572abf1e25ca534e8d75cc93ca,1s,AVG,4cc1b2401a5abee2ac5e1243d264772c0c80b2572abf1e25ca534e8d75cc93ca,2026-09-02T19:25:20.804Z,2026-09-02T19:25:28.518Z,2026-09-02T19:25:28.518Z,3421
obdEngineLoad,CAN_ENGINE_LOAD,HF_HISTORICAL,2026-09-02T19:25:21.804Z,2026-09-02T19:25:28.746Z,2026-09-02T19:25:28.518Z,2026-09-02T19:25:28.746Z,4306,39.21568627450981,39.21568627450981,56ecc87a7e0e6a1c348edf161ee8b695ea93cd51f5fc02dddb5c04ffb40ced52,1s,AVG,56ecc87a7e0e6a1c348edf161ee8b695ea93cd51f5fc02dddb5c04ffb40ced52,2026-09-02T19:25:20.804Z,2026-09-02T19:25:28.518Z,2026-09-02T19:25:28.518Z,3426
obdEngineLoad,CAN_ENGINE_LOAD,HF_HISTORICAL,2026-09-02T19:25:23.804Z,2026-09-02T19:25:28.746Z,2026-09-02T19:25:28.518Z,2026-09-02T19:25:28.746Z,4311,24.70588235294118,24.70588235294118,36785f7261545b404b18085df026dff29b6ad71180520ea33832b75619526289,1s,AVG,36785f7261545b404b18085df026dff29b6ad71180520ea33832b75619526289,2026-09-02T19:25:20.804Z,2026-09-02T19:25:28.518Z,2026-09-02T19:25:28.518Z,3431
obdEngineLoad,CAN_ENGINE_LOAD,LATEST_LIVE,2026-09-02T19:25:31.000Z,2026-09-02T19:25:34.262Z,2026-09-02T19:25:34.025Z,2026-09-02T19:25:34.262Z,4316,29.80392156862745,"{""value"":29.80392156862745,""timestamp"":""2026-09-02T19:25:31Z""}",,,,,,,,3436
obdEngineLoad,CAN_ENGINE_LOAD,HF_HISTORICAL,2026-09-02T19:25:26.518Z,2026-09-02T19:25:34.491Z,2026-09-02T19:25:34.267Z,2026-09-02T19:25:34.491Z,4321,30.19607843137255,30.19607843137255,3c840ee6050be77a837bcbc00ac029ccf0f16bc883ace3a37b4acb2827e44d3b,1s,AVG,3c840ee6050be77a837bcbc00ac029ccf0f16bc883ace3a37b4acb2827e44d3b,2026-09-02T19:25:26.518Z,2026-09-02T19:25:34.267Z,2026-09-02T19:25:34.267Z,3441
obdEngineLoad,CAN_ENGINE_LOAD,HF_HISTORICAL,2026-09-02T19:25:28.518Z,2026-09-02T19:25:34.491Z,2026-09-02T19:25:34.267Z,2026-09-02T19:25:34.491Z,4326,28.62745098039216,28.62745098039216,a63e58372ca114250401611fb2023ca41eb66165110b3000e7052b05ac743a90,1s,AVG,a63e58372ca114250401611fb2023ca41eb66165110b3000e7052b05ac743a90,2026-09-02T19:25:26.518Z,2026-09-02T19:25:34.267Z,2026-09-02T19:25:34.267Z,3446
obdEngineLoad,CAN_ENGINE_LOAD,HF_HISTORICAL,2026-09-02T19:25:30.518Z,2026-09-02T19:25:34.491Z,2026-09-02T19:25:34.267Z,2026-09-02T19:25:34.491Z,4331,29.80392156862745,29.80392156862745,415696cb99d27be10ff6f325ac7e861a46662e3168b4bb8bb1b5adc66143cfc6,1s,AVG,415696cb99d27be10ff6f325ac7e861a46662e3168b4bb8bb1b5adc66143cfc6,2026-09-02T19:25:26.518Z,2026-09-02T19:25:34.267Z,2026-09-02T19:25:34.267Z,3451
obdEngineLoad,CAN_ENGINE_LOAD,LATEST_LIVE,2026-09-02T19:25:36.000Z,2026-09-02T19:25:40.124Z,2026-09-02T19:25:39.760Z,2026-09-02T19:25:40.124Z,4336,0,"{""value"":0,""timestamp"":""2026-09-02T19:25:36Z""}",,,,,,,,3456
obdEngineLoad,CAN_ENGINE_LOAD,HF_HISTORICAL,2026-09-02T19:25:32.267Z,2026-09-02T19:25:40.331Z,2026-09-02T19:25:40.125Z,2026-09-02T19:25:40.331Z,4341,29.01960784313725,29.01960784313725,682496be2199a4ee8113c97aef31f5338a40c82eacfaa028f2eaa0c3e0b4ddbd,1s,AVG,682496be2199a4ee8113c97aef31f5338a40c82eacfaa028f2eaa0c3e0b4ddbd,2026-09-02T19:25:32.267Z,2026-09-02T19:25:40.125Z,2026-09-02T19:25:40.125Z,3461
obdEngineLoad,CAN_ENGINE_LOAD,HF_HISTORICAL,2026-09-02T19:25:33.267Z,2026-09-02T19:25:40.331Z,2026-09-02T19:25:40.125Z,2026-09-02T19:25:40.331Z,4346,27.45098039215686,27.45098039215686,4cf5564c9bca75227b7f5d515510cd9fb3a53d158a1a1901e5a573e7be86f743,1s,AVG,4cf5564c9bca75227b7f5d515510cd9fb3a53d158a1a1901e5a573e7be86f743,2026-09-02T19:25:32.267Z,2026-09-02T19:25:40.125Z,2026-09-02T19:25:40.125Z,3466
obdEngineLoad,CAN_ENGINE_LOAD,HF_HISTORICAL,2026-09-02T19:25:35.267Z,2026-09-02T19:25:40.331Z,2026-09-02T19:25:40.125Z,2026-09-02T19:25:40.331Z,4351,0,0,bb97a1fb153fbd9ae9605df570b647b261a52ef7fae1a287e149ad0ae6aeb9d1,1s,AVG,bb97a1fb153fbd9ae9605df570b647b261a52ef7fae1a287e149ad0ae6aeb9d1,2026-09-02T19:25:32.267Z,2026-09-02T19:25:40.125Z,2026-09-02T19:25:40.125Z,3471
obdEngineLoad,CAN_ENGINE_LOAD,LATEST_LIVE,2026-09-02T19:25:42.000Z,2026-09-02T19:25:46.151Z,2026-09-02T19:25:45.889Z,2026-09-02T19:25:46.151Z,4382,58.03921568627451,"{""value"":58.03921568627451,""timestamp"":""2026-09-02T19:25:42Z""}",,,,,,,,3482
obdEngineLoad,CAN_ENGINE_LOAD,HF_HISTORICAL,2026-09-02T19:25:39.125Z,2026-09-02T19:25:46.360Z,2026-09-02T19:25:46.152Z,2026-09-02T19:25:46.360Z,4387,6.274509803921569,6.274509803921569,d5b4cac512d5cdf818e939dbfe9cf0255cbbe2ec8a8080200f7273b95e20a898,1s,AVG,d5b4cac512d5cdf818e939dbfe9cf0255cbbe2ec8a8080200f7273b95e20a898,2026-09-02T19:25:38.125Z,2026-09-02T19:25:46.152Z,2026-09-02T19:25:46.152Z,3487
obdEngineLoad,CAN_ENGINE_LOAD,HF_HISTORICAL,2026-09-02T19:25:41.125Z,2026-09-02T19:25:46.360Z,2026-09-02T19:25:46.152Z,2026-09-02T19:25:46.360Z,4392,58.03921568627451,58.03921568627451,692309d72dca48f10dd0b24e70243e39c74727278cf7adfbdd3d6e71fba5263a,1s,AVG,692309d72dca48f10dd0b24e70243e39c74727278cf7adfbdd3d6e71fba5263a,2026-09-02T19:25:38.125Z,2026-09-02T19:25:46.152Z,2026-09-02T19:25:46.152Z,3492
obdEngineLoad,CAN_ENGINE_LOAD,LATEST_LIVE,2026-09-02T19:25:48.000Z,2026-09-02T19:25:51.893Z,2026-09-02T19:25:51.628Z,2026-09-02T19:25:51.893Z,4397,0,"{""value"":0,""timestamp"":""2026-09-02T19:25:48Z""}",,,,,,,,3497
obdEngineLoad,CAN_ENGINE_LOAD,HF_HISTORICAL,2026-09-02T19:25:44.152Z,2026-09-02T19:25:52.308Z,2026-09-02T19:25:51.895Z,2026-09-02T19:25:52.308Z,4402,33.33333333333334,33.33333333333334,86b9ff21bdaaac8e42383309b1af543362536c6dd0a41d6faf25ba777357ee7d,1s,AVG,86b9ff21bdaaac8e42383309b1af543362536c6dd0a41d6faf25ba777357ee7d,2026-09-02T19:25:44.152Z,2026-09-02T19:25:51.895Z,2026-09-02T19:25:51.895Z,3502
obdEngineLoad,CAN_ENGINE_LOAD,HF_HISTORICAL,2026-09-02T19:25:46.152Z,2026-09-02T19:25:52.308Z,2026-09-02T19:25:51.895Z,2026-09-02T19:25:52.308Z,4406,0,0,9fbfccbe92e6a717f19827d6c65a92cf127a8c31465897b8e4f3999c5c4624b3,1s,AVG,9fbfccbe92e6a717f19827d6c65a92cf127a8c31465897b8e4f3999c5c4624b3,2026-09-02T19:25:44.152Z,2026-09-02T19:25:51.895Z,2026-09-02T19:25:51.895Z,3506
obdEngineLoad,CAN_ENGINE_LOAD,HF_HISTORICAL,2026-09-02T19:25:47.152Z,2026-09-02T19:25:52.308Z,2026-09-02T19:25:51.895Z,2026-09-02T19:25:52.308Z,4410,0,0,386b14be9c5327ba085252f97684b89226d1a6372604d457d196f7f58e17053c,1s,AVG,386b14be9c5327ba085252f97684b89226d1a6372604d457d196f7f58e17053c,2026-09-02T19:25:44.152Z,2026-09-02T19:25:51.895Z,2026-09-02T19:25:51.895Z,3510
obdEngineLoad,CAN_ENGINE_LOAD,LATEST_LIVE,2026-09-02T19:25:54.000Z,2026-09-02T19:26:01.483Z,2026-09-02T19:25:57.561Z,2026-09-02T19:26:01.483Z,4414,0,"{""value"":0,""timestamp"":""2026-09-02T19:25:54Z""}",,,,,,,,3514
obdEngineLoad,CAN_ENGINE_LOAD,HF_HISTORICAL,2026-09-02T19:25:50.895Z,2026-09-02T19:26:01.697Z,2026-09-02T19:26:01.492Z,2026-09-02T19:26:01.697Z,4419,23.52941176470588,23.52941176470588,673192422d6410e1b662d2fb82855eaa61989455c4577b53a0d89196f2b5cf7b,1s,AVG,673192422d6410e1b662d2fb82855eaa61989455c4577b53a0d89196f2b5cf7b,2026-09-02T19:25:49.895Z,2026-09-02T19:26:01.492Z,2026-09-02T19:26:01.492Z,3519
obdEngineLoad,CAN_ENGINE_LOAD,HF_HISTORICAL,2026-09-02T19:25:51.895Z,2026-09-02T19:26:01.697Z,2026-09-02T19:26:01.492Z,2026-09-02T19:26:01.697Z,4423,0,0,025455793f0fbed3582e13b6402bb9d10bc93b01669a2a89345b61050f9231c9,1s,AVG,025455793f0fbed3582e13b6402bb9d10bc93b01669a2a89345b61050f9231c9,2026-09-02T19:25:49.895Z,2026-09-02T19:26:01.492Z,2026-09-02T19:26:01.492Z,3523
obdEngineLoad,CAN_ENGINE_LOAD,HF_HISTORICAL,2026-09-02T19:25:53.895Z,2026-09-02T19:26:01.697Z,2026-09-02T19:26:01.492Z,2026-09-02T19:26:01.697Z,4427,0,0,897b079802578c3dbc862ccc40e488dfea458f0f44da1a1d858b8436273041d1,1s,AVG,897b079802578c3dbc862ccc40e488dfea458f0f44da1a1d858b8436273041d1,2026-09-02T19:25:49.895Z,2026-09-02T19:26:01.492Z,2026-09-02T19:26:01.492Z,3527
obdEngineLoad,CAN_ENGINE_LOAD,HF_HISTORICAL,2026-09-02T19:25:54.895Z,2026-09-02T19:26:01.697Z,2026-09-02T19:26:01.492Z,2026-09-02T19:26:01.697Z,4432,0,0,edec7e09bc1ed558dcdd50944f601363047271cb5c074c42de59c2d8f1456bae,1s,AVG,edec7e09bc1ed558dcdd50944f601363047271cb5c074c42de59c2d8f1456bae,2026-09-02T19:25:49.895Z,2026-09-02T19:26:01.492Z,2026-09-02T19:26:01.492Z,3532
obdEngineLoad,CAN_ENGINE_LOAD,HF_HISTORICAL,2026-09-02T19:25:56.895Z,2026-09-02T19:26:01.697Z,2026-09-02T19:26:01.492Z,2026-09-02T19:26:01.697Z,4437,51.76470588235294,51.76470588235294,ea5a2c72a2315ae88f1dbd88ed5d40fb2d5b4a52caaa8f44a97679e00f43d95a,1s,AVG,ea5a2c72a2315ae88f1dbd88ed5d40fb2d5b4a52caaa8f44a97679e00f43d95a,2026-09-02T19:25:49.895Z,2026-09-02T19:26:01.492Z,2026-09-02T19:26:01.492Z,3537
obdEngineLoad,CAN_ENGINE_LOAD,LATEST_LIVE,2026-09-02T19:26:02.000Z,2026-09-02T19:26:07.321Z,2026-09-02T19:26:07.028Z,2026-09-02T19:26:07.321Z,4442,60.78431372549019,"{""value"":60.78431372549019,""timestamp"":""2026-09-02T19:26:02Z""}",,,,,,,,3542
obdEngineLoad,CAN_ENGINE_LOAD,HF_HISTORICAL,2026-09-02T19:26:00.492Z,2026-09-02T19:26:07.574Z,2026-09-02T19:26:07.322Z,2026-09-02T19:26:07.574Z,4447,0,0,e22f2ea29a456f220137089152023b419706b3a457758ec154f5964accda4cf3,1s,AVG,e22f2ea29a456f220137089152023b419706b3a457758ec154f5964accda4cf3,2026-09-02T19:25:59.492Z,2026-09-02T19:26:07.322Z,2026-09-02T19:26:07.322Z,3547
obdEngineLoad,CAN_ENGINE_LOAD,HF_HISTORICAL,2026-09-02T19:26:01.492Z,2026-09-02T19:26:07.574Z,2026-09-02T19:26:07.322Z,2026-09-02T19:26:07.574Z,4452,60.78431372549019,60.78431372549019,c06b411e4da8b434d06e692435f5a8be818a681213e8117d8f17cace1dc62239,1s,AVG,c06b411e4da8b434d06e692435f5a8be818a681213e8117d8f17cace1dc62239,2026-09-02T19:25:59.492Z,2026-09-02T19:26:07.322Z,2026-09-02T19:26:07.322Z,3552
obdEngineLoad,CAN_ENGINE_LOAD,LATEST_LIVE,2026-09-02T19:26:09.000Z,2026-09-02T19:26:13.105Z,2026-09-02T19:26:12.866Z,2026-09-02T19:26:13.105Z,4457,0,"{""value"":0,""timestamp"":""2026-09-02T19:26:09Z""}",,,,,,,,3557
obdEngineLoad,CAN_ENGINE_LOAD,HF_HISTORICAL,2026-09-02T19:26:06.322Z,2026-09-02T19:26:13.343Z,2026-09-02T19:26:13.107Z,2026-09-02T19:26:13.343Z,4462,19.6078431372549,19.6078431372549,39426a5533bf07f4230206d6d52d13e95b899dd7636deabf48521d48c9fea3a9,1s,AVG,39426a5533bf07f4230206d6d52d13e95b899dd7636deabf48521d48c9fea3a9,2026-09-02T19:26:05.322Z,2026-09-02T19:26:13.107Z,2026-09-02T19:26:13.107Z,3562
obdEngineLoad,CAN_ENGINE_LOAD,HF_HISTORICAL,2026-09-02T19:26:07.322Z,2026-09-02T19:26:13.343Z,2026-09-02T19:26:13.107Z,2026-09-02T19:26:13.343Z,4465,0,0,30bf8e632c58eea649a57d9f96775c230075878a8960f3c8ff5ed274ea019e6b,1s,AVG,30bf8e632c58eea649a57d9f96775c230075878a8960f3c8ff5ed274ea019e6b,2026-09-02T19:26:05.322Z,2026-09-02T19:26:13.107Z,2026-09-02T19:26:13.107Z,3565
obdEngineLoad,CAN_ENGINE_LOAD,HF_HISTORICAL,2026-09-02T19:26:08.322Z,2026-09-02T19:26:13.343Z,2026-09-02T19:26:13.107Z,2026-09-02T19:26:13.343Z,4467,0,0,9908c7866a1adfd7ae7ffba1a142a7468e19bff30dbd30e8faab165bd96669ef,1s,AVG,9908c7866a1adfd7ae7ffba1a142a7468e19bff30dbd30e8faab165bd96669ef,2026-09-02T19:26:05.322Z,2026-09-02T19:26:13.107Z,2026-09-02T19:26:13.107Z,3567
obdEngineLoad,CAN_ENGINE_LOAD,LATEST_LIVE,2026-09-02T19:26:15.000Z,2026-09-02T19:26:18.979Z,2026-09-02T19:26:18.719Z,2026-09-02T19:26:18.979Z,4469,0,"{""value"":0,""timestamp"":""2026-09-02T19:26:15Z""}",,,,,,,,3569
obdEngineLoad,CAN_ENGINE_LOAD,HF_HISTORICAL,2026-09-02T19:26:12.107Z,2026-09-02T19:26:19.179Z,2026-09-02T19:26:18.980Z,2026-09-02T19:26:19.179Z,4474,0,0,45a8f6ad62c601f045a28227fc5933cbf5e2776e45b1f4a72f2007dcede25c9e,1s,AVG,45a8f6ad62c601f045a28227fc5933cbf5e2776e45b1f4a72f2007dcede25c9e,2026-09-02T19:26:11.107Z,2026-09-02T19:26:18.980Z,2026-09-02T19:26:18.980Z,3574
obdEngineLoad,CAN_ENGINE_LOAD,HF_HISTORICAL,2026-09-02T19:26:14.107Z,2026-09-02T19:26:19.179Z,2026-09-02T19:26:18.980Z,2026-09-02T19:26:19.179Z,4476,0,0,db9a92534c92b6d42765ecfa4d1e43bb343b650724a655eecf685442455d3287,1s,AVG,db9a92534c92b6d42765ecfa4d1e43bb343b650724a655eecf685442455d3287,2026-09-02T19:26:11.107Z,2026-09-02T19:26:18.980Z,2026-09-02T19:26:18.980Z,3576
obdEngineLoad,CAN_ENGINE_LOAD,LATEST_LIVE,2026-09-02T19:26:21.000Z,2026-09-02T19:26:24.972Z,2026-09-02T19:26:24.754Z,2026-09-02T19:26:24.972Z,4504,0,"{""value"":0,""timestamp"":""2026-09-02T19:26:21Z""}",,,,,,,,3584
obdEngineLoad,CAN_ENGINE_LOAD,HF_HISTORICAL,2026-09-02T19:26:17.980Z,2026-09-02T19:26:25.179Z,2026-09-02T19:26:24.974Z,2026-09-02T19:26:25.179Z,4509,0,0,9e3bf017fa100cc2333f9a283d309337d42dca439b1f2958073c1b6f4aa236e4,1s,AVG,9e3bf017fa100cc2333f9a283d309337d42dca439b1f2958073c1b6f4aa236e4,2026-09-02T19:26:16.980Z,2026-09-02T19:26:24.974Z,2026-09-02T19:26:24.974Z,3589
obdEngineLoad,CAN_ENGINE_LOAD,HF_HISTORICAL,2026-09-02T19:26:18.980Z,2026-09-02T19:26:25.179Z,2026-09-02T19:26:24.974Z,2026-09-02T19:26:25.179Z,4511,0,0,06c66d7c39d172638b1e16f8b66c072dd58bbe4aade3ffc41be7fec3ef0ebac5,1s,AVG,06c66d7c39d172638b1e16f8b66c072dd58bbe4aade3ffc41be7fec3ef0ebac5,2026-09-02T19:26:16.980Z,2026-09-02T19:26:24.974Z,2026-09-02T19:26:24.974Z,3591
obdEngineLoad,CAN_ENGINE_LOAD,HF_HISTORICAL,2026-09-02T19:26:20.980Z,2026-09-02T19:26:25.179Z,2026-09-02T19:26:24.974Z,2026-09-02T19:26:25.179Z,4513,0,0,e4ab645448b0a59cdb495c515fc2984c68ff375c26b6f4983098d83b35f10858,1s,AVG,e4ab645448b0a59cdb495c515fc2984c68ff375c26b6f4983098d83b35f10858,2026-09-02T19:26:16.980Z,2026-09-02T19:26:24.974Z,2026-09-02T19:26:24.974Z,3593
obdEngineLoad,CAN_ENGINE_LOAD,LATEST_LIVE,2026-09-02T19:26:26.000Z,2026-09-02T19:26:30.735Z,2026-09-02T19:26:30.492Z,2026-09-02T19:26:30.735Z,4515,0,"{""value"":0,""timestamp"":""2026-09-02T19:26:26Z""}",,,,,,,,3595
obdEngineLoad,CAN_ENGINE_LOAD,HF_HISTORICAL,2026-09-02T19:26:22.974Z,2026-09-02T19:26:31.011Z,2026-09-02T19:26:30.737Z,2026-09-02T19:26:31.011Z,4520,0,0,a680faabf8351ee67dfd75d9a94a5303edc3305c0c9546a8bb4b1d9143219232,1s,AVG,a680faabf8351ee67dfd75d9a94a5303edc3305c0c9546a8bb4b1d9143219232,2026-09-02T19:26:22.974Z,2026-09-02T19:26:30.737Z,2026-09-02T19:26:30.737Z,3600
obdEngineLoad,CAN_ENGINE_LOAD,HF_HISTORICAL,2026-09-02T19:26:23.974Z,2026-09-02T19:26:31.011Z,2026-09-02T19:26:30.737Z,2026-09-02T19:26:31.011Z,4522,0,0,dda1f51511dd14203c7dfaf756354275eb38209eedab96f7e247b7dd55fabf79,1s,AVG,dda1f51511dd14203c7dfaf756354275eb38209eedab96f7e247b7dd55fabf79,2026-09-02T19:26:22.974Z,2026-09-02T19:26:30.737Z,2026-09-02T19:26:30.737Z,3602
obdEngineLoad,CAN_ENGINE_LOAD,HF_HISTORICAL,2026-09-02T19:26:25.974Z,2026-09-02T19:26:31.011Z,2026-09-02T19:26:30.737Z,2026-09-02T19:26:31.011Z,4524,0,0,69c6b16c9340446978e0747471e712e4d5f0cfa6b2b18592ab880189aa2bc2c3,1s,AVG,69c6b16c9340446978e0747471e712e4d5f0cfa6b2b18592ab880189aa2bc2c3,2026-09-02T19:26:22.974Z,2026-09-02T19:26:30.737Z,2026-09-02T19:26:30.737Z,3604
obdEngineLoad,CAN_ENGINE_LOAD,HF_HISTORICAL,2026-09-02T19:26:26.974Z,2026-09-02T19:26:31.011Z,2026-09-02T19:26:30.737Z,2026-09-02T19:26:31.011Z,4526,0,0,b414732855aa5bc74bab88316598826257f34c98d98145a59fabf8a3670ff812,1s,AVG,b414732855aa5bc74bab88316598826257f34c98d98145a59fabf8a3670ff812,2026-09-02T19:26:22.974Z,2026-09-02T19:26:30.737Z,2026-09-02T19:26:30.737Z,3606
obdEngineLoad,CAN_ENGINE_LOAD,LATEST_LIVE,2026-09-02T19:26:32.000Z,2026-09-02T19:26:36.560Z,2026-09-02T19:26:36.329Z,2026-09-02T19:26:36.560Z,4528,18.82352941176471,"{""value"":18.82352941176471,""timestamp"":""2026-09-02T19:26:32Z""}",,,,,,,,3608
obdEngineLoad,CAN_ENGINE_LOAD,HF_HISTORICAL,2026-09-02T19:26:29.737Z,2026-09-02T19:26:36.767Z,2026-09-02T19:26:36.561Z,2026-09-02T19:26:36.767Z,4533,0,0,00532dab755299c37f4c4bd1584c390516251c7c64c75ca9854bb2e6b13712a1,1s,AVG,00532dab755299c37f4c4bd1584c390516251c7c64c75ca9854bb2e6b13712a1,2026-09-02T19:26:28.737Z,2026-09-02T19:26:36.561Z,2026-09-02T19:26:36.561Z,3613
obdEngineLoad,CAN_ENGINE_LOAD,HF_HISTORICAL,2026-09-02T19:26:30.737Z,2026-09-02T19:26:36.767Z,2026-09-02T19:26:36.561Z,2026-09-02T19:26:36.767Z,4536,0,0,8f4c4fb7950ed5512f0c842acdc331b88986acf8e10a22306067893cc90c77a5,1s,AVG,8f4c4fb7950ed5512f0c842acdc331b88986acf8e10a22306067893cc90c77a5,2026-09-02T19:26:28.737Z,2026-09-02T19:26:36.561Z,2026-09-02T19:26:36.561Z,3616
obdEngineLoad,CAN_ENGINE_LOAD,HF_HISTORICAL,2026-09-02T19:26:31.737Z,2026-09-02T19:26:36.767Z,2026-09-02T19:26:36.561Z,2026-09-02T19:26:36.767Z,4540,18.82352941176471,18.82352941176471,99e771bc28584bd4ec1d115a97b8428faa92d495f312d54bd55992a6613742e4,1s,AVG,99e771bc28584bd4ec1d115a97b8428faa92d495f312d54bd55992a6613742e4,2026-09-02T19:26:28.737Z,2026-09-02T19:26:36.561Z,2026-09-02T19:26:36.561Z,3620
obdEngineLoad,CAN_ENGINE_LOAD,LATEST_LIVE,2026-09-02T19:26:37.000Z,2026-09-02T19:26:42.376Z,2026-09-02T19:26:42.131Z,2026-09-02T19:26:42.376Z,4545,45.09803921568627,"{""value"":45.09803921568627,""timestamp"":""2026-09-02T19:26:37Z""}",,,,,,,,3625
obdEngineLoad,CAN_ENGINE_LOAD,HF_HISTORICAL,2026-09-02T19:26:34.561Z,2026-09-02T19:26:42.754Z,2026-09-02T19:26:42.377Z,2026-09-02T19:26:42.754Z,4550,44.31372549019608,44.31372549019608,79dfcf10a2a1b6d7abbebb395db92d9a46ed40f69fbdd42506c7403708acc3e2,1s,AVG,79dfcf10a2a1b6d7abbebb395db92d9a46ed40f69fbdd42506c7403708acc3e2,2026-09-02T19:26:34.561Z,2026-09-02T19:26:42.377Z,2026-09-02T19:26:42.377Z,3630
obdEngineLoad,CAN_ENGINE_LOAD,HF_HISTORICAL,2026-09-02T19:26:36.561Z,2026-09-02T19:26:42.754Z,2026-09-02T19:26:42.377Z,2026-09-02T19:26:42.754Z,4555,45.09803921568627,45.09803921568627,cdca93a6939d36b2c28556980ff2412e744fd22a36db67bf6133c8c1c8681515,1s,AVG,cdca93a6939d36b2c28556980ff2412e744fd22a36db67bf6133c8c1c8681515,2026-09-02T19:26:34.561Z,2026-09-02T19:26:42.377Z,2026-09-02T19:26:42.377Z,3635
obdEngineLoad,CAN_ENGINE_LOAD,LATEST_LIVE,2026-09-02T19:26:41.000Z,2026-09-02T19:26:48.363Z,2026-09-02T19:26:48.001Z,2026-09-02T19:26:48.363Z,4560,45.09803921568627,"{""value"":45.09803921568627,""timestamp"":""2026-09-02T19:26:41Z""}",,,,,,,,3640
obdEngineLoad,CAN_ENGINE_LOAD,HF_HISTORICAL,2026-09-02T19:26:40.377Z,2026-09-02T19:26:48.598Z,2026-09-02T19:26:48.365Z,2026-09-02T19:26:48.598Z,4565,45.09803921568627,45.09803921568627,dfff761d5d62d70bee95520dda9f785d7b98c3fd376da104927a3ce222622fe0,1s,AVG,dfff761d5d62d70bee95520dda9f785d7b98c3fd376da104927a3ce222622fe0,2026-09-02T19:26:40.377Z,2026-09-02T19:26:48.365Z,2026-09-02T19:26:48.365Z,3645
obdEngineLoad,CAN_ENGINE_LOAD,LATEST_LIVE,2026-09-02T19:26:49.000Z,2026-09-02T19:26:54.164Z,2026-09-02T19:26:53.928Z,2026-09-02T19:26:54.164Z,4570,54.11764705882353,"{""value"":54.11764705882353,""timestamp"":""2026-09-02T19:26:49Z""}",,,,,,,,3650
obdEngineLoad,CAN_ENGINE_LOAD,HF_HISTORICAL,2026-09-02T19:26:47.365Z,2026-09-02T19:26:54.381Z,2026-09-02T19:26:54.165Z,2026-09-02T19:26:54.381Z,4575,74.90196078431373,74.90196078431373,61af51c935742dc31ea6f2afa5d8c9db8aadafe41570ecd90ce0610b4d95c851,1s,AVG,61af51c935742dc31ea6f2afa5d8c9db8aadafe41570ecd90ce0610b4d95c851,2026-09-02T19:26:46.365Z,2026-09-02T19:26:54.165Z,2026-09-02T19:26:54.165Z,3655
obdEngineLoad,CAN_ENGINE_LOAD,HF_HISTORICAL,2026-09-02T19:26:48.365Z,2026-09-02T19:26:54.381Z,2026-09-02T19:26:54.165Z,2026-09-02T19:26:54.381Z,4580,54.11764705882353,54.11764705882353,eba6554b2f16b0a946cd22a8d3eb393ac2983e7e6a1627ff2945fad8e17b0eb8,1s,AVG,eba6554b2f16b0a946cd22a8d3eb393ac2983e7e6a1627ff2945fad8e17b0eb8,2026-09-02T19:26:46.365Z,2026-09-02T19:26:54.165Z,2026-09-02T19:26:54.165Z,3660
obdEngineLoad,CAN_ENGINE_LOAD,LATEST_LIVE,2026-09-02T19:26:56.000Z,2026-09-02T19:27:00.303Z,2026-09-02T19:26:59.868Z,2026-09-02T19:27:00.303Z,4611,46.66666666666666,"{""value"":46.66666666666666,""timestamp"":""2026-09-02T19:26:56Z""}",,,,,,,,3671
obdEngineLoad,CAN_ENGINE_LOAD,HF_HISTORICAL,2026-09-02T19:26:53.165Z,2026-09-02T19:27:00.535Z,2026-09-02T19:27:00.304Z,2026-09-02T19:27:00.535Z,4616,49.01960784313725,49.01960784313725,a90711eddf62379bfb8c79ff7cfcde42b053802b854ee2487c98b16bd89f211b,1s,AVG,a90711eddf62379bfb8c79ff7cfcde42b053802b854ee2487c98b16bd89f211b,2026-09-02T19:26:52.165Z,2026-09-02T19:27:00.304Z,2026-09-02T19:27:00.304Z,3676
obdEngineLoad,CAN_ENGINE_LOAD,HF_HISTORICAL,2026-09-02T19:26:55.165Z,2026-09-02T19:27:00.535Z,2026-09-02T19:27:00.304Z,2026-09-02T19:27:00.535Z,4621,46.66666666666666,46.66666666666666,682cb2691cdb8c2b214d6e01b17ceec408e5787336d1017369a9b6dc55c791d3,1s,AVG,682cb2691cdb8c2b214d6e01b17ceec408e5787336d1017369a9b6dc55c791d3,2026-09-02T19:26:52.165Z,2026-09-02T19:27:00.304Z,2026-09-02T19:27:00.304Z,3681
obdEngineLoad,CAN_ENGINE_LOAD,LATEST_LIVE,2026-09-02T19:27:02.000Z,2026-09-02T19:27:06.248Z,2026-09-02T19:27:05.936Z,2026-09-02T19:27:06.248Z,4626,36.07843137254902,"{""value"":36.07843137254902,""timestamp"":""2026-09-02T19:27:02Z""}",,,,,,,,3686
obdEngineLoad,CAN_ENGINE_LOAD,HF_HISTORICAL,2026-09-02T19:26:59.304Z,2026-09-02T19:27:06.516Z,2026-09-02T19:27:06.253Z,2026-09-02T19:27:06.516Z,4631,0,0,81b1df67f4b5bfdffaceed09f1ddd6fa6a98dcb9c8c57c47b08987fc4c3f58bb,1s,AVG,81b1df67f4b5bfdffaceed09f1ddd6fa6a98dcb9c8c57c47b08987fc4c3f58bb,2026-09-02T19:26:58.304Z,2026-09-02T19:27:06.253Z,2026-09-02T19:27:06.253Z,3691
obdEngineLoad,CAN_ENGINE_LOAD,HF_HISTORICAL,2026-09-02T19:27:01.304Z,2026-09-02T19:27:06.516Z,2026-09-02T19:27:06.253Z,2026-09-02T19:27:06.516Z,4636,36.07843137254902,36.07843137254902,1cae627fe925d2fffc5871a6c84d90069884fcf24f7bd3a017a1296d3a6b3dad,1s,AVG,1cae627fe925d2fffc5871a6c84d90069884fcf24f7bd3a017a1296d3a6b3dad,2026-09-02T19:26:58.304Z,2026-09-02T19:27:06.253Z,2026-09-02T19:27:06.253Z,3696
obdEngineLoad,CAN_ENGINE_LOAD,LATEST_LIVE,2026-09-02T19:27:07.000Z,2026-09-02T19:27:12.492Z,2026-09-02T19:27:11.853Z,2026-09-02T19:27:12.492Z,4641,8.627450980392156,"{""value"":8.627450980392156,""timestamp"":""2026-09-02T19:27:07Z""}",,,,,,,,3701
obdEngineLoad,CAN_ENGINE_LOAD,HF_HISTORICAL,2026-09-02T19:27:04.253Z,2026-09-02T19:27:12.769Z,2026-09-02T19:27:12.495Z,2026-09-02T19:27:12.769Z,4646,48.62745098039215,48.62745098039215,6f13b7361f80ce5e259c05d545d27eea28243c970ee72f9acc1fa777005425e4,1s,AVG,6f13b7361f80ce5e259c05d545d27eea28243c970ee72f9acc1fa777005425e4,2026-09-02T19:27:04.253Z,2026-09-02T19:27:12.495Z,2026-09-02T19:27:12.495Z,3706
obdEngineLoad,CAN_ENGINE_LOAD,HF_HISTORICAL,2026-09-02T19:27:05.253Z,2026-09-02T19:27:12.769Z,2026-09-02T19:27:12.495Z,2026-09-02T19:27:12.769Z,4651,0,0,fb00b38f8c45a690c4cfd906de8772945cf82d3c9c793d3fee7b950b7bb16f96,1s,AVG,fb00b38f8c45a690c4cfd906de8772945cf82d3c9c793d3fee7b950b7bb16f96,2026-09-02T19:27:04.253Z,2026-09-02T19:27:12.495Z,2026-09-02T19:27:12.495Z,3711
obdEngineLoad,CAN_ENGINE_LOAD,HF_HISTORICAL,2026-09-02T19:27:06.253Z,2026-09-02T19:27:12.769Z,2026-09-02T19:27:12.495Z,2026-09-02T19:27:12.769Z,4656,8.627450980392156,8.627450980392156,195bcffe0890afdcdb020673391c2f053e20bd8141c7c333b015c47a6667aba6,1s,AVG,195bcffe0890afdcdb020673391c2f053e20bd8141c7c333b015c47a6667aba6,2026-09-02T19:27:04.253Z,2026-09-02T19:27:12.495Z,2026-09-02T19:27:12.495Z,3716
obdEngineLoad,CAN_ENGINE_LOAD,LATEST_LIVE,2026-09-02T19:27:16.000Z,2026-09-02T19:27:18.335Z,2026-09-02T19:27:18.089Z,2026-09-02T19:27:18.335Z,4661,0,"{""value"":0,""timestamp"":""2026-09-02T19:27:16Z""}",,,,,,,,3721
obdEngineLoad,CAN_ENGINE_LOAD,HF_HISTORICAL,2026-09-02T19:27:11.495Z,2026-09-02T19:27:18.590Z,2026-09-02T19:27:18.339Z,2026-09-02T19:27:18.590Z,4666,23.13725490196078,23.13725490196078,c719f34db6304f862c96f75d43047fb1aa9fe30dd215a9ce8ef79849056e1efc,1s,AVG,c719f34db6304f862c96f75d43047fb1aa9fe30dd215a9ce8ef79849056e1efc,2026-09-02T19:27:10.495Z,2026-09-02T19:27:18.338Z,2026-09-02T19:27:18.338Z,3726
obdEngineLoad,CAN_ENGINE_LOAD,HF_HISTORICAL,2026-09-02T19:27:13.495Z,2026-09-02T19:27:18.590Z,2026-09-02T19:27:18.339Z,2026-09-02T19:27:18.590Z,4671,34.90196078431372,34.90196078431372,275ad160de0ea3e50fc55ffcdf59d763abcc623a96eb306ef677c555a0fa6b5c,1s,AVG,275ad160de0ea3e50fc55ffcdf59d763abcc623a96eb306ef677c555a0fa6b5c,2026-09-02T19:27:10.495Z,2026-09-02T19:27:18.338Z,2026-09-02T19:27:18.338Z,3731
obdEngineLoad,CAN_ENGINE_LOAD,HF_HISTORICAL,2026-09-02T19:27:15.495Z,2026-09-02T19:27:18.590Z,2026-09-02T19:27:18.339Z,2026-09-02T19:27:18.590Z,4676,0,0,3ccad349b62a012dcf83c041bb59bc8dfd74981f64e3f5d75eeb443d9a990fca,1s,AVG,3ccad349b62a012dcf83c041bb59bc8dfd74981f64e3f5d75eeb443d9a990fca,2026-09-02T19:27:10.495Z,2026-09-02T19:27:18.338Z,2026-09-02T19:27:18.338Z,3736
obdEngineLoad,CAN_ENGINE_LOAD,LATEST_LIVE,2026-09-02T19:27:21.000Z,2026-09-02T19:27:24.303Z,2026-09-02T19:27:23.920Z,2026-09-02T19:27:24.303Z,4681,44.70588235294117,"{""value"":44.70588235294117,""timestamp"":""2026-09-02T19:27:21Z""}",,,,,,,,3741
obdEngineLoad,CAN_ENGINE_LOAD,HF_HISTORICAL,2026-09-02T19:27:16.338Z,2026-09-02T19:27:24.613Z,2026-09-02T19:27:24.306Z,2026-09-02T19:27:24.613Z,4686,32.94117647058823,32.94117647058823,ac13c053f1bde208c3982ac6d3c6452aa68281210f1821338af19250bb7f8a18,1s,AVG,ac13c053f1bde208c3982ac6d3c6452aa68281210f1821338af19250bb7f8a18,2026-09-02T19:27:16.338Z,2026-09-02T19:27:24.306Z,2026-09-02T19:27:24.306Z,3746
obdEngineLoad,CAN_ENGINE_LOAD,HF_HISTORICAL,2026-09-02T19:27:17.338Z,2026-09-02T19:27:24.613Z,2026-09-02T19:27:24.306Z,2026-09-02T19:27:24.613Z,4691,38.8235294117647,38.8235294117647,3615fc42b56ecc6b4a47896cc61af99d6638c2c2a19863545108d663b639b7eb,1s,AVG,3615fc42b56ecc6b4a47896cc61af99d6638c2c2a19863545108d663b639b7eb,2026-09-02T19:27:16.338Z,2026-09-02T19:27:24.306Z,2026-09-02T19:27:24.306Z,3751
obdEngineLoad,CAN_ENGINE_LOAD,HF_HISTORICAL,2026-09-02T19:27:19.338Z,2026-09-02T19:27:24.613Z,2026-09-02T19:27:24.306Z,2026-09-02T19:27:24.613Z,4696,35.68627450980392,35.68627450980392,c30442bcbf7be760b396abf2fe788963e622fc748f8454ea94fbbde410faf1b7,1s,AVG,c30442bcbf7be760b396abf2fe788963e622fc748f8454ea94fbbde410faf1b7,2026-09-02T19:27:16.338Z,2026-09-02T19:27:24.306Z,2026-09-02T19:27:24.306Z,3756
obdEngineLoad,CAN_ENGINE_LOAD,HF_HISTORICAL,2026-09-02T19:27:20.338Z,2026-09-02T19:27:24.613Z,2026-09-02T19:27:24.306Z,2026-09-02T19:27:24.613Z,4701,44.70588235294117,44.70588235294117,f904868d881bbff2238852a445e9e14ddf91f4d0a2efdc223d3693bbac39614f,1s,AVG,f904868d881bbff2238852a445e9e14ddf91f4d0a2efdc223d3693bbac39614f,2026-09-02T19:27:16.338Z,2026-09-02T19:27:24.306Z,2026-09-02T19:27:24.306Z,3761
obdEngineLoad,CAN_ENGINE_LOAD,LATEST_LIVE,2026-09-02T19:27:26.000Z,2026-09-02T19:27:30.184Z,2026-09-02T19:27:29.964Z,2026-09-02T19:27:30.184Z,4706,25.88235294117647,"{""value"":25.88235294117647,""timestamp"":""2026-09-02T19:27:26Z""}",,,,,,,,3766
obdEngineLoad,CAN_ENGINE_LOAD,HF_HISTORICAL,2026-09-02T19:27:23.306Z,2026-09-02T19:27:30.395Z,2026-09-02T19:27:30.185Z,2026-09-02T19:27:30.395Z,4711,44.31372549019608,44.31372549019608,2b2636c4f7ca74797e2d46d164fa817e3408d1d2f0b16cc21df4c8963134c0d5,1s,AVG,2b2636c4f7ca74797e2d46d164fa817e3408d1d2f0b16cc21df4c8963134c0d5,2026-09-02T19:27:22.306Z,2026-09-02T19:27:30.185Z,2026-09-02T19:27:30.185Z,3771
obdEngineLoad,CAN_ENGINE_LOAD,HF_HISTORICAL,2026-09-02T19:27:24.306Z,2026-09-02T19:27:30.395Z,2026-09-02T19:27:30.185Z,2026-09-02T19:27:30.395Z,4716,23.13725490196078,23.13725490196078,460e1dc7a411efc7c19a22479c581da1a26caa01c13400bcbbba0a557e3fdf2c,1s,AVG,460e1dc7a411efc7c19a22479c581da1a26caa01c13400bcbbba0a557e3fdf2c,2026-09-02T19:27:22.306Z,2026-09-02T19:27:30.185Z,2026-09-02T19:27:30.185Z,3776
obdEngineLoad,CAN_ENGINE_LOAD,HF_HISTORICAL,2026-09-02T19:27:25.306Z,2026-09-02T19:27:30.395Z,2026-09-02T19:27:30.185Z,2026-09-02T19:27:30.395Z,4721,25.88235294117647,25.88235294117647,7ec6c7a292644389b4f9012e55441ce5747fdf975cc74f9e5dc23e695264ce32,1s,AVG,7ec6c7a292644389b4f9012e55441ce5747fdf975cc74f9e5dc23e695264ce32,2026-09-02T19:27:22.306Z,2026-09-02T19:27:30.185Z,2026-09-02T19:27:30.185Z,3781
obdEngineLoad,CAN_ENGINE_LOAD,LATEST_LIVE,2026-09-02T19:27:32.000Z,2026-09-02T19:27:36.166Z,2026-09-02T19:27:35.913Z,2026-09-02T19:27:36.166Z,4752,36.07843137254902,"{""value"":36.07843137254902,""timestamp"":""2026-09-02T19:27:32Z""}",,,,,,,,3792
obdEngineLoad,CAN_ENGINE_LOAD,HF_HISTORICAL,2026-09-02T19:27:28.185Z,2026-09-02T19:27:36.396Z,2026-09-02T19:27:36.167Z,2026-09-02T19:27:36.396Z,4757,60.3921568627451,60.3921568627451,d06a97404cf4051b16863fb6cc75e3cb64a7ff5461da1c73ed35d538a988ab0f,1s,AVG,d06a97404cf4051b16863fb6cc75e3cb64a7ff5461da1c73ed35d538a988ab0f,2026-09-02T19:27:28.185Z,2026-09-02T19:27:36.167Z,2026-09-02T19:27:36.167Z,3797
obdEngineLoad,CAN_ENGINE_LOAD,HF_HISTORICAL,2026-09-02T19:27:30.185Z,2026-09-02T19:27:36.396Z,2026-09-02T19:27:36.167Z,2026-09-02T19:27:36.396Z,4762,51.76470588235294,51.76470588235294,0c0b729029cab87faf3ef6cf3ec7646f286df29ef6e4e1377294e1d1320bda77,1s,AVG,0c0b729029cab87faf3ef6cf3ec7646f286df29ef6e4e1377294e1d1320bda77,2026-09-02T19:27:28.185Z,2026-09-02T19:27:36.167Z,2026-09-02T19:27:36.167Z,3802
obdEngineLoad,CAN_ENGINE_LOAD,HF_HISTORICAL,2026-09-02T19:27:31.185Z,2026-09-02T19:27:36.396Z,2026-09-02T19:27:36.167Z,2026-09-02T19:27:36.396Z,4767,36.07843137254902,36.07843137254902,223a700f3490d598e7bdab1bad34132f423727ec2367cc64fed23f5e44e083fb,1s,AVG,223a700f3490d598e7bdab1bad34132f423727ec2367cc64fed23f5e44e083fb,2026-09-02T19:27:28.185Z,2026-09-02T19:27:36.167Z,2026-09-02T19:27:36.167Z,3807
obdEngineLoad,CAN_ENGINE_LOAD,LATEST_LIVE,2026-09-02T19:27:36.000Z,2026-09-02T19:27:42.009Z,2026-09-02T19:27:41.729Z,2026-09-02T19:27:42.009Z,4772,41.1764705882353,"{""value"":41.1764705882353,""timestamp"":""2026-09-02T19:27:36Z""}",,,,,,,,3812
obdEngineLoad,CAN_ENGINE_LOAD,HF_HISTORICAL,2026-09-02T19:27:34.167Z,2026-09-02T19:27:42.308Z,2026-09-02T19:27:42.015Z,2026-09-02T19:27:42.308Z,4777,43.13725490196078,43.13725490196078,3abc02d1fe91c006746d8a11acdb0e490469c4e42b6e0f0f1b8226094b28b2f6,1s,AVG,3abc02d1fe91c006746d8a11acdb0e490469c4e42b6e0f0f1b8226094b28b2f6,2026-09-02T19:27:34.167Z,2026-09-02T19:27:42.015Z,2026-09-02T19:27:42.015Z,3817
obdEngineLoad,CAN_ENGINE_LOAD,HF_HISTORICAL,2026-09-02T19:27:35.167Z,2026-09-02T19:27:42.308Z,2026-09-02T19:27:42.015Z,2026-09-02T19:27:42.308Z,4782,41.1764705882353,41.1764705882353,3f12474cd920e0de39057e4ddd54aad38182b1c73db643358f73aef398a3e5fd,1s,AVG,3f12474cd920e0de39057e4ddd54aad38182b1c73db643358f73aef398a3e5fd,2026-09-02T19:27:34.167Z,2026-09-02T19:27:42.015Z,2026-09-02T19:27:42.015Z,3822
obdEngineLoad,CAN_ENGINE_LOAD,HF_HISTORICAL,2026-09-02T19:27:36.167Z,2026-09-02T19:27:42.308Z,2026-09-02T19:27:42.015Z,2026-09-02T19:27:42.308Z,4787,25.88235294117647,25.88235294117647,b7599c0dc51c8146ea4c6e901a6dea9fb415fa17c5598093e88784720fea2c0f,1s,AVG,b7599c0dc51c8146ea4c6e901a6dea9fb415fa17c5598093e88784720fea2c0f,2026-09-02T19:27:34.167Z,2026-09-02T19:27:42.015Z,2026-09-02T19:27:42.015Z,3827
obdEngineLoad,CAN_ENGINE_LOAD,HF_HISTORICAL,2026-09-02T19:27:38.167Z,2026-09-02T19:27:42.308Z,2026-09-02T19:27:42.015Z,2026-09-02T19:27:42.308Z,4792,40.3921568627451,40.3921568627451,f6d432dca9abb01ab27b9195fd1ac46773797af025f62050379bfdd89fa7dcf7,1s,AVG,f6d432dca9abb01ab27b9195fd1ac46773797af025f62050379bfdd89fa7dcf7,2026-09-02T19:27:34.167Z,2026-09-02T19:27:42.015Z,2026-09-02T19:27:42.015Z,3832
obdEngineLoad,CAN_ENGINE_LOAD,LATEST_LIVE,2026-09-02T19:27:45.000Z,2026-09-02T19:27:47.772Z,2026-09-02T19:27:47.567Z,2026-09-02T19:27:47.772Z,4797,40,"{""value"":40,""timestamp"":""2026-09-02T19:27:45Z""}",,,,,,,,3837
obdEngineLoad,CAN_ENGINE_LOAD,HF_HISTORICAL,2026-09-02T19:27:41.015Z,2026-09-02T19:27:48.119Z,2026-09-02T19:27:47.777Z,2026-09-02T19:27:48.119Z,4802,40,40,648ff953133fc4e05bb3d54a20090cf549c1cf114340ee08c51e7e42b64c23ee,1s,AVG,648ff953133fc4e05bb3d54a20090cf549c1cf114340ee08c51e7e42b64c23ee,2026-09-02T19:27:40.015Z,2026-09-02T19:27:47.777Z,2026-09-02T19:27:47.777Z,3842
obdEngineLoad,CAN_ENGINE_LOAD,HF_HISTORICAL,2026-09-02T19:27:44.015Z,2026-09-02T19:27:48.119Z,2026-09-02T19:27:47.777Z,2026-09-02T19:27:48.119Z,4807,40,40,663e46562b64db349390feb621d2f246d75d91e6fdb39e1536ec508d810c028c,1s,AVG,663e46562b64db349390feb621d2f246d75d91e6fdb39e1536ec508d810c028c,2026-09-02T19:27:40.015Z,2026-09-02T19:27:47.777Z,2026-09-02T19:27:47.777Z,3847
obdEngineLoad,CAN_ENGINE_LOAD,LATEST_LIVE,2026-09-02T19:27:50.000Z,2026-09-02T19:27:53.963Z,2026-09-02T19:27:53.398Z,2026-09-02T19:27:53.963Z,4812,50.58823529411764,"{""value"":50.58823529411764,""timestamp"":""2026-09-02T19:27:50Z""}",,,,,,,,3852
obdEngineLoad,CAN_ENGINE_LOAD,HF_HISTORICAL,2026-09-02T19:27:45.777Z,2026-09-02T19:27:54.189Z,2026-09-02T19:27:53.964Z,2026-09-02T19:27:54.189Z,4817,47.45098039215686,47.45098039215686,541c43f9043fdb6b2f63c94d1ac021495a87934c090a37c520aff9b05136a71e,1s,AVG,541c43f9043fdb6b2f63c94d1ac021495a87934c090a37c520aff9b05136a71e,2026-09-02T19:27:45.777Z,2026-09-02T19:27:53.964Z,2026-09-02T19:27:53.964Z,3857
obdEngineLoad,CAN_ENGINE_LOAD,HF_HISTORICAL,2026-09-02T19:27:46.777Z,2026-09-02T19:27:54.189Z,2026-09-02T19:27:53.964Z,2026-09-02T19:27:54.189Z,4822,41.96078431372549,41.96078431372549,72ea372765c7cd76abafd1fbcfd9bb10d61f3797f610e770fdca76028f07b415,1s,AVG,72ea372765c7cd76abafd1fbcfd9bb10d61f3797f610e770fdca76028f07b415,2026-09-02T19:27:45.777Z,2026-09-02T19:27:53.964Z,2026-09-02T19:27:53.964Z,3862
obdEngineLoad,CAN_ENGINE_LOAD,HF_HISTORICAL,2026-09-02T19:27:48.777Z,2026-09-02T19:27:54.189Z,2026-09-02T19:27:53.964Z,2026-09-02T19:27:54.189Z,4827,50.58823529411764,50.58823529411764,4ddaa34c3356b5cf7fb80f30cc35a3c451dd176aab87dede679cca7a37ac0197,1s,AVG,4ddaa34c3356b5cf7fb80f30cc35a3c451dd176aab87dede679cca7a37ac0197,2026-09-02T19:27:45.777Z,2026-09-02T19:27:53.964Z,2026-09-02T19:27:53.964Z,3867
obdEngineLoad,CAN_ENGINE_LOAD,HF_HISTORICAL,2026-09-02T19:27:49.777Z,2026-09-02T19:27:54.189Z,2026-09-02T19:27:53.964Z,2026-09-02T19:27:54.189Z,4832,50.58823529411764,50.58823529411764,ad729831b6815eb90c4de0a13ada571d97eace4b6fcaf95c5021b9c24b209b5b,1s,AVG,ad729831b6815eb90c4de0a13ada571d97eace4b6fcaf95c5021b9c24b209b5b,2026-09-02T19:27:45.777Z,2026-09-02T19:27:53.964Z,2026-09-02T19:27:53.964Z,3872
obdEngineLoad,CAN_ENGINE_LOAD,LATEST_LIVE,2026-09-02T19:27:55.000Z,2026-09-02T19:27:59.776Z,2026-09-02T19:27:59.545Z,2026-09-02T19:27:59.776Z,4837,23.92156862745098,"{""value"":23.92156862745098,""timestamp"":""2026-09-02T19:27:55Z""}",,,,,,,,3877
obdEngineLoad,CAN_ENGINE_LOAD,HF_HISTORICAL,2026-09-02T19:27:52.964Z,2026-09-02T19:27:59.968Z,2026-09-02T19:27:59.777Z,2026-09-02T19:27:59.968Z,4842,37.64705882352941,37.64705882352941,c0aba6e521d83a78dba232ec9f9918f79c1719730d938b8468db9d15fbad0dee,1s,AVG,c0aba6e521d83a78dba232ec9f9918f79c1719730d938b8468db9d15fbad0dee,2026-09-02T19:27:51.964Z,2026-09-02T19:27:59.777Z,2026-09-02T19:27:59.777Z,3882
obdEngineLoad,CAN_ENGINE_LOAD,HF_HISTORICAL,2026-09-02T19:27:53.964Z,2026-09-02T19:27:59.968Z,2026-09-02T19:27:59.777Z,2026-09-02T19:27:59.968Z,4847,17.25490196078431,17.25490196078431,74875ae0b27a0d4b33593b190041393c3d5895026ddaa61eb10dedf5402aca80,1s,AVG,74875ae0b27a0d4b33593b190041393c3d5895026ddaa61eb10dedf5402aca80,2026-09-02T19:27:51.964Z,2026-09-02T19:27:59.777Z,2026-09-02T19:27:59.777Z,3887
obdEngineLoad,CAN_ENGINE_LOAD,HF_HISTORICAL,2026-09-02T19:27:54.964Z,2026-09-02T19:27:59.968Z,2026-09-02T19:27:59.777Z,2026-09-02T19:27:59.968Z,4852,23.92156862745098,23.92156862745098,e1430070c8e7e4b3ce87ffee079d6e396abf31a0f231f3f2b5de71a8ffbfa25f,1s,AVG,e1430070c8e7e4b3ce87ffee079d6e396abf31a0f231f3f2b5de71a8ffbfa25f,2026-09-02T19:27:51.964Z,2026-09-02T19:27:59.777Z,2026-09-02T19:27:59.777Z,3892
obdEngineLoad,CAN_ENGINE_LOAD,LATEST_LIVE,2026-09-02T19:27:55.000Z,2026-09-02T19:28:05.514Z,2026-09-02T19:28:05.278Z,2026-09-02T19:28:05.514Z,4857,23.92156862745098,"{""value"":23.92156862745098,""timestamp"":""2026-09-02T19:27:55Z""}",,,,,,,,3897
obdEngineLoad,CAN_ENGINE_LOAD,LATEST_LIVE,2026-09-02T19:28:08.000Z,2026-09-02T19:28:11.441Z,2026-09-02T19:28:11.224Z,2026-09-02T19:28:11.441Z,4888,23.92156862745098,"{""value"":23.92156862745098,""timestamp"":""2026-09-02T19:28:08Z""}",,,,,,,,3908
obdEngineLoad,CAN_ENGINE_LOAD,HF_HISTORICAL,2026-09-02T19:28:07.516Z,2026-09-02T19:28:11.664Z,2026-09-02T19:28:11.444Z,2026-09-02T19:28:11.664Z,4893,23.92156862745098,23.92156862745098,fcd4cb7248eb5b0fd76fc7c5c168eb43bfe364d00d8adac1a35d06b36f9582b6,1s,AVG,fcd4cb7248eb5b0fd76fc7c5c168eb43bfe364d00d8adac1a35d06b36f9582b6,2026-09-02T19:28:03.516Z,2026-09-02T19:28:11.444Z,2026-09-02T19:28:11.444Z,3913
obdEngineLoad,CAN_ENGINE_LOAD,LATEST_LIVE,2026-09-02T19:28:12.000Z,2026-09-02T19:28:17.155Z,2026-09-02T19:28:16.936Z,2026-09-02T19:28:17.155Z,4898,42.74509803921568,"{""value"":42.74509803921568,""timestamp"":""2026-09-02T19:28:12Z""}",,,,,,,,3918
obdEngineLoad,CAN_ENGINE_LOAD,HF_HISTORICAL,2026-09-02T19:28:09.444Z,2026-09-02T19:28:17.427Z,2026-09-02T19:28:17.157Z,2026-09-02T19:28:17.427Z,4903,49.41176470588236,49.41176470588236,7a72a0b0711aae79dd9b270ade786c64d7a13e8166e83457ad5a1bd6a03abb41,1s,AVG,7a72a0b0711aae79dd9b270ade786c64d7a13e8166e83457ad5a1bd6a03abb41,2026-09-02T19:28:09.444Z,2026-09-02T19:28:17.156Z,2026-09-02T19:28:17.156Z,3923
obdEngineLoad,CAN_ENGINE_LOAD,HF_HISTORICAL,2026-09-02T19:28:10.444Z,2026-09-02T19:28:17.427Z,2026-09-02T19:28:17.157Z,2026-09-02T19:28:17.427Z,4908,25.49019607843137,25.49019607843137,9180c490f2a0f1a3308e65fde97ac1af190dbc15209143170cdd6ecbb2458bfc,1s,AVG,9180c490f2a0f1a3308e65fde97ac1af190dbc15209143170cdd6ecbb2458bfc,2026-09-02T19:28:09.444Z,2026-09-02T19:28:17.156Z,2026-09-02T19:28:17.156Z,3928
obdEngineLoad,CAN_ENGINE_LOAD,HF_HISTORICAL,2026-09-02T19:28:11.444Z,2026-09-02T19:28:17.427Z,2026-09-02T19:28:17.157Z,2026-09-02T19:28:17.427Z,4913,42.74509803921568,42.74509803921568,1520033bcd45929f352e017ae6f5970e41a9f9c6970614a9c10b6d3092355369,1s,AVG,1520033bcd45929f352e017ae6f5970e41a9f9c6970614a9c10b6d3092355369,2026-09-02T19:28:09.444Z,2026-09-02T19:28:17.156Z,2026-09-02T19:28:17.156Z,3933
obdEngineLoad,CAN_ENGINE_LOAD,LATEST_LIVE,2026-09-02T19:28:18.000Z,2026-09-02T19:28:22.887Z,2026-09-02T19:28:22.679Z,2026-09-02T19:28:22.887Z,4918,29.80392156862745,"{""value"":29.80392156862745,""timestamp"":""2026-09-02T19:28:18Z""}",,,,,,,,3938
obdEngineLoad,CAN_ENGINE_LOAD,HF_HISTORICAL,2026-09-02T19:28:16.156Z,2026-09-02T19:28:23.100Z,2026-09-02T19:28:22.888Z,2026-09-02T19:28:23.100Z,4923,0,0,0cb28c625c45ddff2ea72079f748adc59e8274cb66994337f01a4ade3cfc03de,1s,AVG,0cb28c625c45ddff2ea72079f748adc59e8274cb66994337f01a4ade3cfc03de,2026-09-02T19:28:15.156Z,2026-09-02T19:28:22.888Z,2026-09-02T19:28:22.888Z,3943
obdEngineLoad,CAN_ENGINE_LOAD,HF_HISTORICAL,2026-09-02T19:28:17.156Z,2026-09-02T19:28:23.100Z,2026-09-02T19:28:22.888Z,2026-09-02T19:28:23.100Z,4928,29.80392156862745,29.80392156862745,afcd0e6244be162b3a4b9022580cfcb9c78ac51fe29966f6fa85990190d48e41,1s,AVG,afcd0e6244be162b3a4b9022580cfcb9c78ac51fe29966f6fa85990190d48e41,2026-09-02T19:28:15.156Z,2026-09-02T19:28:22.888Z,2026-09-02T19:28:22.888Z,3948
obdEngineLoad,CAN_ENGINE_LOAD,HF_HISTORICAL,2026-09-02T19:28:18.156Z,2026-09-02T19:28:23.100Z,2026-09-02T19:28:22.888Z,2026-09-02T19:28:23.100Z,4933,24.31372549019608,24.31372549019608,82cacb20413cdb9ed4f20f4e906d83ed726512b4c1a791a5b285386ce1ca7e4b,1s,AVG,82cacb20413cdb9ed4f20f4e906d83ed726512b4c1a791a5b285386ce1ca7e4b,2026-09-02T19:28:15.156Z,2026-09-02T19:28:22.888Z,2026-09-02T19:28:22.888Z,3953
obdEngineLoad,CAN_ENGINE_LOAD,LATEST_LIVE,2026-09-02T19:28:22.000Z,2026-09-02T19:28:28.668Z,2026-09-02T19:28:28.416Z,2026-09-02T19:28:28.668Z,4938,23.52941176470588,"{""value"":23.52941176470588,""timestamp"":""2026-09-02T19:28:22Z""}",,,,,,,,3958
obdEngineLoad,CAN_ENGINE_LOAD,HF_HISTORICAL,2026-09-02T19:28:20.888Z,2026-09-02T19:28:28.868Z,2026-09-02T19:28:28.669Z,2026-09-02T19:28:28.868Z,4943,30.19607843137255,30.19607843137255,f5f54854749d6970a50352b88bb5cb923ba5edd8cda9707093060209b1bf447a,1s,AVG,f5f54854749d6970a50352b88bb5cb923ba5edd8cda9707093060209b1bf447a,2026-09-02T19:28:20.888Z,2026-09-02T19:28:28.669Z,2026-09-02T19:28:28.669Z,3963
obdEngineLoad,CAN_ENGINE_LOAD,HF_HISTORICAL,2026-09-02T19:28:21.888Z,2026-09-02T19:28:28.868Z,2026-09-02T19:28:28.669Z,2026-09-02T19:28:28.868Z,4948,23.52941176470588,23.52941176470588,efa17fd0eca0e11d0f1dc1743a7d95a8bda31a99b779ff990b101ef19a04e66f,1s,AVG,efa17fd0eca0e11d0f1dc1743a7d95a8bda31a99b779ff990b101ef19a04e66f,2026-09-02T19:28:20.888Z,2026-09-02T19:28:28.669Z,2026-09-02T19:28:28.669Z,3968
obdEngineLoad,CAN_ENGINE_LOAD,HF_HISTORICAL,2026-09-02T19:28:23.888Z,2026-09-02T19:28:28.868Z,2026-09-02T19:28:28.669Z,2026-09-02T19:28:28.868Z,4953,28.23529411764706,28.23529411764706,5c1731424120f403589c93c5d9c588ae0fc6066f82774f01141955f2f351386f,1s,AVG,5c1731424120f403589c93c5d9c588ae0fc6066f82774f01141955f2f351386f,2026-09-02T19:28:20.888Z,2026-09-02T19:28:28.669Z,2026-09-02T19:28:28.669Z,3973
obdEngineLoad,CAN_ENGINE_LOAD,HF_HISTORICAL,2026-09-02T19:28:24.888Z,2026-09-02T19:28:28.868Z,2026-09-02T19:28:28.669Z,2026-09-02T19:28:28.868Z,4958,16.07843137254902,16.07843137254902,c298736873552126ff86bb34a9c323fc7f630c31b6ff8b9821efbeac057dd98f,1s,AVG,c298736873552126ff86bb34a9c323fc7f630c31b6ff8b9821efbeac057dd98f,2026-09-02T19:28:20.888Z,2026-09-02T19:28:28.669Z,2026-09-02T19:28:28.669Z,3978
obdEngineLoad,CAN_ENGINE_LOAD,LATEST_LIVE,2026-09-02T19:28:28.000Z,2026-09-02T19:28:34.562Z,2026-09-02T19:28:34.349Z,2026-09-02T19:28:34.562Z,4963,49.01960784313725,"{""value"":49.01960784313725,""timestamp"":""2026-09-02T19:28:28Z""}",,,,,,,,3983
obdEngineLoad,CAN_ENGINE_LOAD,HF_HISTORICAL,2026-09-02T19:28:27.669Z,2026-09-02T19:28:34.750Z,2026-09-02T19:28:34.564Z,2026-09-02T19:28:34.750Z,4968,49.01960784313725,49.01960784313725,16af00c8d3c4c9a2c62abe68eab24027a659e13af26d65478ca159b97a62896b,1s,AVG,16af00c8d3c4c9a2c62abe68eab24027a659e13af26d65478ca159b97a62896b,2026-09-02T19:28:26.669Z,2026-09-02T19:28:34.563Z,2026-09-02T19:28:34.563Z,3988
obdEngineLoad,CAN_ENGINE_LOAD,LATEST_LIVE,2026-09-02T19:28:36.000Z,2026-09-02T19:28:40.339Z,2026-09-02T19:28:40.081Z,2026-09-02T19:28:40.339Z,4973,0,"{""value"":0,""timestamp"":""2026-09-02T19:28:36Z""}",,,,,,,,3993
obdEngineLoad,CAN_ENGINE_LOAD,HF_HISTORICAL,2026-09-02T19:28:32.563Z,2026-09-02T19:28:40.567Z,2026-09-02T19:28:40.341Z,2026-09-02T19:28:40.567Z,4978,39.6078431372549,39.6078431372549,dd8367bf105e9695f43a3daeb18086dd8e181b3cbb6ff5675b7ea289d5aa4695,1s,AVG,dd8367bf105e9695f43a3daeb18086dd8e181b3cbb6ff5675b7ea289d5aa4695,2026-09-02T19:28:32.563Z,2026-09-02T19:28:40.341Z,2026-09-02T19:28:40.341Z,3998
obdEngineLoad,CAN_ENGINE_LOAD,HF_HISTORICAL,2026-09-02T19:28:33.563Z,2026-09-02T19:28:40.567Z,2026-09-02T19:28:40.341Z,2026-09-02T19:28:40.567Z,4983,64.31372549019608,64.31372549019608,9f06aeec742552aaa7065a1a5445b4240ca411c3a2df48b41fa61982d0ec034d,1s,AVG,9f06aeec742552aaa7065a1a5445b4240ca411c3a2df48b41fa61982d0ec034d,2026-09-02T19:28:32.563Z,2026-09-02T19:28:40.341Z,2026-09-02T19:28:40.341Z,4003
obdEngineLoad,CAN_ENGINE_LOAD,HF_HISTORICAL,2026-09-02T19:28:35.563Z,2026-09-02T19:28:40.567Z,2026-09-02T19:28:40.341Z,2026-09-02T19:28:40.567Z,4987,0,0,292452acf24dc7f9f030f64a3d5af96ca371593044d217245c819db9e1b61379,1s,AVG,292452acf24dc7f9f030f64a3d5af96ca371593044d217245c819db9e1b61379,2026-09-02T19:28:32.563Z,2026-09-02T19:28:40.341Z,2026-09-02T19:28:40.341Z,4007
obdEngineLoad,CAN_ENGINE_LOAD,LATEST_LIVE,2026-09-02T19:28:43.000Z,2026-09-02T19:28:47.078Z,2026-09-02T19:28:46.827Z,2026-09-02T19:28:47.078Z,5017,64.31372549019608,"{""value"":64.31372549019608,""timestamp"":""2026-09-02T19:28:43Z""}",,,,,,,,4017
obdEngineLoad,CAN_ENGINE_LOAD,HF_HISTORICAL,2026-09-02T19:28:39.341Z,2026-09-02T19:28:47.333Z,2026-09-02T19:28:47.079Z,2026-09-02T19:28:47.333Z,5022,31.76470588235294,31.76470588235294,4312e92dd20661a9a321729d13b5f001bfe08a35328db939ee8a7584140da05d,1s,AVG,4312e92dd20661a9a321729d13b5f001bfe08a35328db939ee8a7584140da05d,2026-09-02T19:28:38.341Z,2026-09-02T19:28:47.079Z,2026-09-02T19:28:47.079Z,4022
obdEngineLoad,CAN_ENGINE_LOAD,HF_HISTORICAL,2026-09-02T19:28:40.341Z,2026-09-02T19:28:47.333Z,2026-09-02T19:28:47.079Z,2026-09-02T19:28:47.333Z,5027,39.21568627450981,39.21568627450981,2991629d6f2f639c4ef028a72c4acb6e67afa4ddaa61ec59bcf5c4c6005c13ea,1s,AVG,2991629d6f2f639c4ef028a72c4acb6e67afa4ddaa61ec59bcf5c4c6005c13ea,2026-09-02T19:28:38.341Z,2026-09-02T19:28:47.079Z,2026-09-02T19:28:47.079Z,4027
obdEngineLoad,CAN_ENGINE_LOAD,HF_HISTORICAL,2026-09-02T19:28:42.341Z,2026-09-02T19:28:47.333Z,2026-09-02T19:28:47.079Z,2026-09-02T19:28:47.333Z,5032,64.31372549019608,64.31372549019608,91552bff1c67e1516c62e58e863668813c25b042deb5c2c5eafa6bbe81d466f6,1s,AVG,91552bff1c67e1516c62e58e863668813c25b042deb5c2c5eafa6bbe81d466f6,2026-09-02T19:28:38.341Z,2026-09-02T19:28:47.079Z,2026-09-02T19:28:47.079Z,4032
obdEngineLoad,CAN_ENGINE_LOAD,LATEST_LIVE,2026-09-02T19:28:49.000Z,2026-09-02T19:28:52.949Z,2026-09-02T19:28:52.669Z,2026-09-02T19:28:52.949Z,5037,33.33333333333334,"{""value"":33.33333333333334,""timestamp"":""2026-09-02T19:28:49Z""}",,,,,,,,4037
obdEngineLoad,CAN_ENGINE_LOAD,HF_HISTORICAL,2026-09-02T19:28:45.079Z,2026-09-02T19:28:53.498Z,2026-09-02T19:28:52.951Z,2026-09-02T19:28:53.498Z,5042,14.11764705882353,14.11764705882353,c5f1676193ddf5f58ca46298ec0d517761b4997c7b68a273ad541fc25d59dbf0,1s,AVG,c5f1676193ddf5f58ca46298ec0d517761b4997c7b68a273ad541fc25d59dbf0,2026-09-02T19:28:45.079Z,2026-09-02T19:28:52.951Z,2026-09-02T19:28:52.951Z,4042
obdEngineLoad,CAN_ENGINE_LOAD,HF_HISTORICAL,2026-09-02T19:28:47.079Z,2026-09-02T19:28:53.498Z,2026-09-02T19:28:52.951Z,2026-09-02T19:28:53.498Z,5047,40.78431372549019,40.78431372549019,1e4d0e7d423a425e2ff59b5bd85075323e4183f6c77a19555aaf025f677c67c6,1s,AVG,1e4d0e7d423a425e2ff59b5bd85075323e4183f6c77a19555aaf025f677c67c6,2026-09-02T19:28:45.079Z,2026-09-02T19:28:52.951Z,2026-09-02T19:28:52.951Z,4047
obdEngineLoad,CAN_ENGINE_LOAD,HF_HISTORICAL,2026-09-02T19:28:48.079Z,2026-09-02T19:28:53.498Z,2026-09-02T19:28:52.951Z,2026-09-02T19:28:53.498Z,5052,33.33333333333334,33.33333333333334,e3009a0fbd6879c48e538a74159fa0c38c2e7b0c0a7ae84943eb3ce4f217a370,1s,AVG,e3009a0fbd6879c48e538a74159fa0c38c2e7b0c0a7ae84943eb3ce4f217a370,2026-09-02T19:28:45.079Z,2026-09-02T19:28:52.951Z,2026-09-02T19:28:52.951Z,4052
obdEngineLoad,CAN_ENGINE_LOAD,LATEST_LIVE,2026-09-02T19:28:55.000Z,2026-09-02T19:28:59.183Z,2026-09-02T19:28:58.905Z,2026-09-02T19:28:59.183Z,5057,33.72549019607843,"{""value"":33.72549019607843,""timestamp"":""2026-09-02T19:28:55Z""}",,,,,,,,4057
obdEngineLoad,CAN_ENGINE_LOAD,HF_HISTORICAL,2026-09-02T19:28:50.951Z,2026-09-02T19:28:59.446Z,2026-09-02T19:28:59.185Z,2026-09-02T19:28:59.446Z,5062,0,0,97dd276fc04fd27eefa4c48f8a139904d867f761e46a71c8a5bab4ba75672bf9,1s,AVG,97dd276fc04fd27eefa4c48f8a139904d867f761e46a71c8a5bab4ba75672bf9,2026-09-02T19:28:50.951Z,2026-09-02T19:28:59.185Z,2026-09-02T19:28:59.185Z,4062
obdEngineLoad,CAN_ENGINE_LOAD,HF_HISTORICAL,2026-09-02T19:28:51.951Z,2026-09-02T19:28:59.446Z,2026-09-02T19:28:59.185Z,2026-09-02T19:28:59.446Z,5067,0,0,61d6d035a4e682be3f7df748f5b9db50e32e15f6fe9050c3f9eae585189733f2,1s,AVG,61d6d035a4e682be3f7df748f5b9db50e32e15f6fe9050c3f9eae585189733f2,2026-09-02T19:28:50.951Z,2026-09-02T19:28:59.185Z,2026-09-02T19:28:59.185Z,4067
obdEngineLoad,CAN_ENGINE_LOAD,HF_HISTORICAL,2026-09-02T19:28:53.951Z,2026-09-02T19:28:59.446Z,2026-09-02T19:28:59.185Z,2026-09-02T19:28:59.446Z,5072,33.33333333333334,33.33333333333334,78262df92777d6253d99b6bdeadca5d1748b514672754dca51c0ca195faff1a9,1s,AVG,78262df92777d6253d99b6bdeadca5d1748b514672754dca51c0ca195faff1a9,2026-09-02T19:28:50.951Z,2026-09-02T19:28:59.185Z,2026-09-02T19:28:59.185Z,4072
obdEngineLoad,CAN_ENGINE_LOAD,HF_HISTORICAL,2026-09-02T19:28:54.951Z,2026-09-02T19:28:59.446Z,2026-09-02T19:28:59.185Z,2026-09-02T19:28:59.446Z,5077,33.72549019607843,33.72549019607843,5733ba7fa33358c38b2114134989ed0bb315d185ea5eb410bf4e5f293b50668c,1s,AVG,5733ba7fa33358c38b2114134989ed0bb315d185ea5eb410bf4e5f293b50668c,2026-09-02T19:28:50.951Z,2026-09-02T19:28:59.185Z,2026-09-02T19:28:59.185Z,4077
obdEngineLoad,CAN_ENGINE_LOAD,LATEST_LIVE,2026-09-02T19:29:01.000Z,2026-09-02T19:29:05.106Z,2026-09-02T19:29:04.854Z,2026-09-02T19:29:05.106Z,5082,29.80392156862745,"{""value"":29.80392156862745,""timestamp"":""2026-09-02T19:29:01Z""}",,,,,,,,4082
obdEngineLoad,CAN_ENGINE_LOAD,HF_HISTORICAL,2026-09-02T19:28:57.185Z,2026-09-02T19:29:05.334Z,2026-09-02T19:29:05.110Z,2026-09-02T19:29:05.334Z,5087,29.80392156862745,29.80392156862745,1790e5526d4ecdd246b28a1e308bf421bbc2d74d6667c935297075f12e8efee2,1s,AVG,1790e5526d4ecdd246b28a1e308bf421bbc2d74d6667c935297075f12e8efee2,2026-09-02T19:28:57.185Z,2026-09-02T19:29:05.110Z,2026-09-02T19:29:05.110Z,4087
obdEngineLoad,CAN_ENGINE_LOAD,HF_HISTORICAL,2026-09-02T19:29:00.185Z,2026-09-02T19:29:05.334Z,2026-09-02T19:29:05.110Z,2026-09-02T19:29:05.334Z,5092,29.80392156862745,29.80392156862745,42e708a4201dfdcf5bc17f6b9bbf1baf3b81f876efc1d0eaf1c86300b70cf80e,1s,AVG,42e708a4201dfdcf5bc17f6b9bbf1baf3b81f876efc1d0eaf1c86300b70cf80e,2026-09-02T19:28:57.185Z,2026-09-02T19:29:05.110Z,2026-09-02T19:29:05.110Z,4092
obdEngineLoad,CAN_ENGINE_LOAD,LATEST_LIVE,2026-09-02T19:29:07.000Z,2026-09-02T19:29:10.971Z,2026-09-02T19:29:10.701Z,2026-09-02T19:29:10.971Z,5095,96.86274509803921,"{""value"":96.86274509803921,""timestamp"":""2026-09-02T19:29:07Z""}",,,,,,,,4095
obdEngineLoad,CAN_ENGINE_LOAD,HF_HISTORICAL,2026-09-02T19:29:03.110Z,2026-09-02T19:29:11.224Z,2026-09-02T19:29:10.972Z,2026-09-02T19:29:11.224Z,5100,0,0,7f6858ace2ebc96d36bafea5782e0f1fa17c6115064291ecd3347dc5620c27c0,1s,AVG,7f6858ace2ebc96d36bafea5782e0f1fa17c6115064291ecd3347dc5620c27c0,2026-09-02T19:29:03.110Z,2026-09-02T19:29:10.972Z,2026-09-02T19:29:10.972Z,4100
obdEngineLoad,CAN_ENGINE_LOAD,HF_HISTORICAL,2026-09-02T19:29:04.110Z,2026-09-02T19:29:11.224Z,2026-09-02T19:29:10.972Z,2026-09-02T19:29:11.224Z,5104,34.50980392156863,34.50980392156863,0741ddd86bfe1aa924f1dcde26bf2da8b4e0e9dfe61836ef58f36086114c966c,1s,AVG,0741ddd86bfe1aa924f1dcde26bf2da8b4e0e9dfe61836ef58f36086114c966c,2026-09-02T19:29:03.110Z,2026-09-02T19:29:10.972Z,2026-09-02T19:29:10.972Z,4104
obdEngineLoad,CAN_ENGINE_LOAD,HF_HISTORICAL,2026-09-02T19:29:06.110Z,2026-09-02T19:29:11.224Z,2026-09-02T19:29:10.972Z,2026-09-02T19:29:11.224Z,5109,96.86274509803921,96.86274509803921,4d44a6176c3ef14366e6cd5fa349a39e0f27edcc4b29ad303cb902f13d326aac,1s,AVG,4d44a6176c3ef14366e6cd5fa349a39e0f27edcc4b29ad303cb902f13d326aac,2026-09-02T19:29:03.110Z,2026-09-02T19:29:10.972Z,2026-09-02T19:29:10.972Z,4109
obdEngineLoad,CAN_ENGINE_LOAD,LATEST_LIVE,2026-09-02T19:29:13.000Z,2026-09-02T19:29:16.964Z,2026-09-02T19:29:16.522Z,2026-09-02T19:29:16.964Z,5114,72.94117647058823,"{""value"":72.94117647058823,""timestamp"":""2026-09-02T19:29:13Z""}",,,,,,,,4114
obdEngineLoad,CAN_ENGINE_LOAD,HF_HISTORICAL,2026-09-02T19:29:08.972Z,2026-09-02T19:29:17.176Z,2026-09-02T19:29:16.965Z,2026-09-02T19:29:17.176Z,5119,43.92156862745098,43.92156862745098,f93d0390d4fb43a1125ff3b97e478080da42217abc8a1b6b9a7d8c272a6435ba,1s,AVG,f93d0390d4fb43a1125ff3b97e478080da42217abc8a1b6b9a7d8c272a6435ba,2026-09-02T19:29:08.972Z,2026-09-02T19:29:16.965Z,2026-09-02T19:29:16.965Z,4119
obdEngineLoad,CAN_ENGINE_LOAD,HF_HISTORICAL,2026-09-02T19:29:09.972Z,2026-09-02T19:29:17.176Z,2026-09-02T19:29:16.965Z,2026-09-02T19:29:17.176Z,5124,19.6078431372549,19.6078431372549,cb103c3c35416ff2f548c0170bef7ca4d463412186d19e5388ff12aea2cbda29,1s,AVG,cb103c3c35416ff2f548c0170bef7ca4d463412186d19e5388ff12aea2cbda29,2026-09-02T19:29:08.972Z,2026-09-02T19:29:16.965Z,2026-09-02T19:29:16.965Z,4124
obdEngineLoad,CAN_ENGINE_LOAD,HF_HISTORICAL,2026-09-02T19:29:11.972Z,2026-09-02T19:29:17.176Z,2026-09-02T19:29:16.965Z,2026-09-02T19:29:17.176Z,5129,75.29411764705883,75.29411764705883,fdb83aa10b62a9a75220e7847c85d11696955e3ceb035a1a01effa005579c6d2,1s,AVG,fdb83aa10b62a9a75220e7847c85d11696955e3ceb035a1a01effa005579c6d2,2026-09-02T19:29:08.972Z,2026-09-02T19:29:16.965Z,2026-09-02T19:29:16.965Z,4129
obdEngineLoad,CAN_ENGINE_LOAD,HF_HISTORICAL,2026-09-02T19:29:12.972Z,2026-09-02T19:29:17.176Z,2026-09-02T19:29:16.965Z,2026-09-02T19:29:17.176Z,5134,72.94117647058823,72.94117647058823,abfc9bfac5ea7be9a465276b96215b26ebaf0701f2a7e958cbccbc1b1c1e4abc,1s,AVG,abfc9bfac5ea7be9a465276b96215b26ebaf0701f2a7e958cbccbc1b1c1e4abc,2026-09-02T19:29:08.972Z,2026-09-02T19:29:16.965Z,2026-09-02T19:29:16.965Z,4134
obdEngineLoad,CAN_ENGINE_LOAD,LATEST_LIVE,2026-09-02T19:29:20.000Z,2026-09-02T19:29:23.096Z,2026-09-02T19:29:22.866Z,2026-09-02T19:29:23.096Z,5165,36.86274509803921,"{""value"":36.86274509803921,""timestamp"":""2026-09-02T19:29:20Z""}",,,,,,,,4145
obdEngineLoad,CAN_ENGINE_LOAD,HF_HISTORICAL,2026-09-02T19:29:15.965Z,2026-09-02T19:29:23.312Z,2026-09-02T19:29:23.098Z,2026-09-02T19:29:23.312Z,5170,50.98039215686274,50.98039215686274,e7837419d4991da663356d747c55e7dfa828c13a6c7ae1157ea0ed416d438a1f,1s,AVG,e7837419d4991da663356d747c55e7dfa828c13a6c7ae1157ea0ed416d438a1f,2026-09-02T19:29:14.965Z,2026-09-02T19:29:23.097Z,2026-09-02T19:29:23.097Z,4150
obdEngineLoad,CAN_ENGINE_LOAD,HF_HISTORICAL,2026-09-02T19:29:16.965Z,2026-09-02T19:29:23.312Z,2026-09-02T19:29:23.098Z,2026-09-02T19:29:23.312Z,5175,49.80392156862745,49.80392156862745,5d179d664b7bd1cb102b3c92ecd3d14e5140f396f44372e3f2507a36c623978c,1s,AVG,5d179d664b7bd1cb102b3c92ecd3d14e5140f396f44372e3f2507a36c623978c,2026-09-02T19:29:14.965Z,2026-09-02T19:29:23.097Z,2026-09-02T19:29:23.097Z,4155
obdEngineLoad,CAN_ENGINE_LOAD,HF_HISTORICAL,2026-09-02T19:29:18.965Z,2026-09-02T19:29:23.312Z,2026-09-02T19:29:23.098Z,2026-09-02T19:29:23.312Z,5180,50.19607843137255,50.19607843137255,7c2955a57bf3549d9cfb619d5408f5b49ce820809eafcdff3be28e4c76fec27c,1s,AVG,7c2955a57bf3549d9cfb619d5408f5b49ce820809eafcdff3be28e4c76fec27c,2026-09-02T19:29:14.965Z,2026-09-02T19:29:23.097Z,2026-09-02T19:29:23.097Z,4160
obdEngineLoad,CAN_ENGINE_LOAD,HF_HISTORICAL,2026-09-02T19:29:19.965Z,2026-09-02T19:29:23.312Z,2026-09-02T19:29:23.098Z,2026-09-02T19:29:23.312Z,5185,36.86274509803921,36.86274509803921,9a82df698796b499b6db40739020e8a6bb23524fad483cb36b0720452dc3fc3f,1s,AVG,9a82df698796b499b6db40739020e8a6bb23524fad483cb36b0720452dc3fc3f,2026-09-02T19:29:14.965Z,2026-09-02T19:29:23.097Z,2026-09-02T19:29:23.097Z,4165
obdEngineLoad,CAN_ENGINE_LOAD,LATEST_LIVE,2026-09-02T19:29:23.000Z,2026-09-02T19:29:28.928Z,2026-09-02T19:29:28.690Z,2026-09-02T19:29:28.928Z,5190,43.13725490196078,"{""value"":43.13725490196078,""timestamp"":""2026-09-02T19:29:23Z""}",,,,,,,,4170
obdEngineLoad,CAN_ENGINE_LOAD,HF_HISTORICAL,2026-09-02T19:29:21.097Z,2026-09-02T19:29:29.383Z,2026-09-02T19:29:28.929Z,2026-09-02T19:29:29.383Z,5195,4.705882352941177,4.705882352941177,64dd4ad2495b09bd55a284fa6f0ac33f1cbf08ddbcaf294b3e66739f715b18c0,1s,AVG,64dd4ad2495b09bd55a284fa6f0ac33f1cbf08ddbcaf294b3e66739f715b18c0,2026-09-02T19:29:21.097Z,2026-09-02T19:29:28.929Z,2026-09-02T19:29:28.929Z,4175
obdEngineLoad,CAN_ENGINE_LOAD,HF_HISTORICAL,2026-09-02T19:29:22.097Z,2026-09-02T19:29:29.383Z,2026-09-02T19:29:28.929Z,2026-09-02T19:29:29.383Z,5200,43.13725490196078,43.13725490196078,e9b61040c6a4c7273fff7c8d34a3c856a7431196082a5abcf553140ef32850b9,1s,AVG,e9b61040c6a4c7273fff7c8d34a3c856a7431196082a5abcf553140ef32850b9,2026-09-02T19:29:21.097Z,2026-09-02T19:29:28.929Z,2026-09-02T19:29:28.929Z,4180
obdEngineLoad,CAN_ENGINE_LOAD,HF_HISTORICAL,2026-09-02T19:29:24.097Z,2026-09-02T19:29:29.383Z,2026-09-02T19:29:28.929Z,2026-09-02T19:29:29.383Z,5205,46.66666666666666,46.66666666666666,088984c1673ee82978bd5b56d65d1b9a976794cecbeada79dee4dfea0e54f998,1s,AVG,088984c1673ee82978bd5b56d65d1b9a976794cecbeada79dee4dfea0e54f998,2026-09-02T19:29:21.097Z,2026-09-02T19:29:28.929Z,2026-09-02T19:29:28.929Z,4185
obdEngineLoad,CAN_ENGINE_LOAD,LATEST_LIVE,2026-09-02T19:29:28.000Z,2026-09-02T19:29:35.096Z,2026-09-02T19:29:34.828Z,2026-09-02T19:29:35.096Z,5210,14.50980392156863,"{""value"":14.50980392156863,""timestamp"":""2026-09-02T19:29:28Z""}",,,,,,,,4190
obdEngineLoad,CAN_ENGINE_LOAD,HF_HISTORICAL,2026-09-02T19:29:26.929Z,2026-09-02T19:29:35.299Z,2026-09-02T19:29:35.097Z,2026-09-02T19:29:35.299Z,5215,30.19607843137255,30.19607843137255,c22acb830f773b2e1df5d968ebfdac0f54c58bce5b029b7826553ce55bdb6033,1s,AVG,c22acb830f773b2e1df5d968ebfdac0f54c58bce5b029b7826553ce55bdb6033,2026-09-02T19:29:26.929Z,2026-09-02T19:29:35.097Z,2026-09-02T19:29:35.097Z,4195
obdEngineLoad,CAN_ENGINE_LOAD,HF_HISTORICAL,2026-09-02T19:29:27.929Z,2026-09-02T19:29:35.299Z,2026-09-02T19:29:35.097Z,2026-09-02T19:29:35.299Z,5220,14.50980392156863,14.50980392156863,1db7c617d52c0c115d7007ddc8ad0d09d720b31c2102ad7d64769d72b1073243,1s,AVG,1db7c617d52c0c115d7007ddc8ad0d09d720b31c2102ad7d64769d72b1073243,2026-09-02T19:29:26.929Z,2026-09-02T19:29:35.097Z,2026-09-02T19:29:35.097Z,4200
obdEngineLoad,CAN_ENGINE_LOAD,LATEST_LIVE,2026-09-02T19:29:39.000Z,2026-09-02T19:29:40.962Z,2026-09-02T19:29:40.669Z,2026-09-02T19:29:40.962Z,5225,41.1764705882353,"{""value"":41.1764705882353,""timestamp"":""2026-09-02T19:29:39Z""}",,,,,,,,4205
obdEngineLoad,CAN_ENGINE_LOAD,HF_HISTORICAL,2026-09-02T19:29:34.097Z,2026-09-02T19:29:41.197Z,2026-09-02T19:29:40.963Z,2026-09-02T19:29:41.197Z,5230,0,0,6936698bb860a10b2d754e7b08454f92a53dba7c8db57f399618cc3696592a35,1s,AVG,6936698bb860a10b2d754e7b08454f92a53dba7c8db57f399618cc3696592a35,2026-09-02T19:29:33.097Z,2026-09-02T19:29:40.963Z,2026-09-02T19:29:40.963Z,4210
obdEngineLoad,CAN_ENGINE_LOAD,HF_HISTORICAL,2026-09-02T19:29:35.097Z,2026-09-02T19:29:41.197Z,2026-09-02T19:29:40.963Z,2026-09-02T19:29:41.197Z,5235,10.98039215686275,10.98039215686275,7e6a8ffec9605f4e7b28b74e2d5be187963051894d328581a0cc7c27aa329362,1s,AVG,7e6a8ffec9605f4e7b28b74e2d5be187963051894d328581a0cc7c27aa329362,2026-09-02T19:29:33.097Z,2026-09-02T19:29:40.963Z,2026-09-02T19:29:40.963Z,4215
obdEngineLoad,CAN_ENGINE_LOAD,HF_HISTORICAL,2026-09-02T19:29:36.097Z,2026-09-02T19:29:41.197Z,2026-09-02T19:29:40.963Z,2026-09-02T19:29:41.197Z,5240,29.80392156862745,29.80392156862745,2c0e266b96f0ab558b13eb4763a1590acab0ad5069092ce2bd16d3f05af9562e,1s,AVG,2c0e266b96f0ab558b13eb4763a1590acab0ad5069092ce2bd16d3f05af9562e,2026-09-02T19:29:33.097Z,2026-09-02T19:29:40.963Z,2026-09-02T19:29:40.963Z,4220
obdEngineLoad,CAN_ENGINE_LOAD,HF_HISTORICAL,2026-09-02T19:29:38.097Z,2026-09-02T19:29:41.197Z,2026-09-02T19:29:40.963Z,2026-09-02T19:29:41.197Z,5245,41.1764705882353,41.1764705882353,0ed65e2076a2da0465e93ad5ccd003e01df51d3eb1a2aeacde93a28abadc3fce,1s,AVG,0ed65e2076a2da0465e93ad5ccd003e01df51d3eb1a2aeacde93a28abadc3fce,2026-09-02T19:29:33.097Z,2026-09-02T19:29:40.963Z,2026-09-02T19:29:40.963Z,4225
obdEngineLoad,CAN_ENGINE_LOAD,LATEST_LIVE,2026-09-02T19:29:42.000Z,2026-09-02T19:29:46.870Z,2026-09-02T19:29:46.495Z,2026-09-02T19:29:46.870Z,5250,54.11764705882353,"{""value"":54.11764705882353,""timestamp"":""2026-09-02T19:29:42Z""}",,,,,,,,4230
obdEngineLoad,CAN_ENGINE_LOAD,HF_HISTORICAL,2026-09-02T19:29:38.963Z,2026-09-02T19:29:47.094Z,2026-09-02T19:29:46.871Z,2026-09-02T19:29:47.094Z,5255,41.1764705882353,41.1764705882353,b35ac3e6d3723b4411afa3ba9b91a509cbf2720009ee9037e1c93eabe6443727,1s,AVG,b35ac3e6d3723b4411afa3ba9b91a509cbf2720009ee9037e1c93eabe6443727,2026-09-02T19:29:38.963Z,2026-09-02T19:29:46.871Z,2026-09-02T19:29:46.871Z,4235
obdEngineLoad,CAN_ENGINE_LOAD,HF_HISTORICAL,2026-09-02T19:29:39.963Z,2026-09-02T19:29:47.094Z,2026-09-02T19:29:46.871Z,2026-09-02T19:29:47.094Z,5260,41.56862745098039,41.56862745098039,484561a245aee272ffbf026c600d87b4ab0da7d91d66c2cccbb6213258e50bd7,1s,AVG,484561a245aee272ffbf026c600d87b4ab0da7d91d66c2cccbb6213258e50bd7,2026-09-02T19:29:38.963Z,2026-09-02T19:29:46.871Z,2026-09-02T19:29:46.871Z,4240
obdEngineLoad,CAN_ENGINE_LOAD,HF_HISTORICAL,2026-09-02T19:29:40.963Z,2026-09-02T19:29:47.094Z,2026-09-02T19:29:46.871Z,2026-09-02T19:29:47.094Z,5265,45.88235294117647,45.88235294117647,269555fcdc932da0e9bb134a5f6107efc4fdfc05840023f6b6106570ee1be188,1s,AVG,269555fcdc932da0e9bb134a5f6107efc4fdfc05840023f6b6106570ee1be188,2026-09-02T19:29:38.963Z,2026-09-02T19:29:46.871Z,2026-09-02T19:29:46.871Z,4245
obdEngineLoad,CAN_ENGINE_LOAD,HF_HISTORICAL,2026-09-02T19:29:41.963Z,2026-09-02T19:29:47.094Z,2026-09-02T19:29:46.871Z,2026-09-02T19:29:47.094Z,5270,54.11764705882353,54.11764705882353,d6e2e43758316fbbd8fa3960d50a2a836d5308a26639b4345d467966738f8daf,1s,AVG,d6e2e43758316fbbd8fa3960d50a2a836d5308a26639b4345d467966738f8daf,2026-09-02T19:29:38.963Z,2026-09-02T19:29:46.871Z,2026-09-02T19:29:46.871Z,4250
obdEngineLoad,CAN_ENGINE_LOAD,LATEST_LIVE,2026-09-02T19:29:49.000Z,2026-09-02T19:29:52.958Z,2026-09-02T19:29:52.428Z,2026-09-02T19:29:52.958Z,5275,37.64705882352941,"{""value"":37.64705882352941,""timestamp"":""2026-09-02T19:29:49Z""}",,,,,,,,4255
obdEngineLoad,CAN_ENGINE_LOAD,HF_HISTORICAL,2026-09-02T19:29:45.871Z,2026-09-02T19:29:53.213Z,2026-09-02T19:29:52.959Z,2026-09-02T19:29:53.213Z,5280,7.450980392156863,7.450980392156863,d7ac3e36ff26d429d8469403f15664718135c87abd8274b3cdbc2662fa783daf,1s,AVG,d7ac3e36ff26d429d8469403f15664718135c87abd8274b3cdbc2662fa783daf,2026-09-02T19:29:44.871Z,2026-09-02T19:29:52.959Z,2026-09-02T19:29:52.959Z,4260
obdEngineLoad,CAN_ENGINE_LOAD,HF_HISTORICAL,2026-09-02T19:29:47.871Z,2026-09-02T19:29:53.213Z,2026-09-02T19:29:52.959Z,2026-09-02T19:29:53.213Z,5285,26.27450980392157,26.27450980392157,c433d03e3b352d5fabc7292a6754aadd0a0a67b92b78b6aca681a91c691ec703,1s,AVG,c433d03e3b352d5fabc7292a6754aadd0a0a67b92b78b6aca681a91c691ec703,2026-09-02T19:29:44.871Z,2026-09-02T19:29:52.959Z,2026-09-02T19:29:52.959Z,4265
obdEngineLoad,CAN_ENGINE_LOAD,HF_HISTORICAL,2026-09-02T19:29:48.871Z,2026-09-02T19:29:53.213Z,2026-09-02T19:29:52.959Z,2026-09-02T19:29:53.213Z,5290,37.64705882352941,37.64705882352941,18c3f106be1250062a721a15dfe81c194d2849d80bdac18f88fb4d6918a3cc6c,1s,AVG,18c3f106be1250062a721a15dfe81c194d2849d80bdac18f88fb4d6918a3cc6c,2026-09-02T19:29:44.871Z,2026-09-02T19:29:52.959Z,2026-09-02T19:29:52.959Z,4270
obdEngineLoad,CAN_ENGINE_LOAD,LATEST_LIVE,2026-09-02T19:29:55.000Z,2026-09-02T19:29:59.158Z,2026-09-02T19:29:58.877Z,2026-09-02T19:29:59.158Z,5321,19.6078431372549,"{""value"":19.6078431372549,""timestamp"":""2026-09-02T19:29:55Z""}",,,,,,,,4281
obdEngineLoad,CAN_ENGINE_LOAD,HF_HISTORICAL,2026-09-02T19:29:50.959Z,2026-09-02T19:29:59.385Z,2026-09-02T19:29:59.159Z,2026-09-02T19:29:59.385Z,5326,0,0,b04f37a0659533d570a5e8885b4fbf60ae736605c0db98912b8dfee57073c1b3,1s,AVG,b04f37a0659533d570a5e8885b4fbf60ae736605c0db98912b8dfee57073c1b3,2026-09-02T19:29:50.959Z,2026-09-02T19:29:59.159Z,2026-09-02T19:29:59.159Z,4286
obdEngineLoad,CAN_ENGINE_LOAD,HF_HISTORICAL,2026-09-02T19:29:52.959Z,2026-09-02T19:29:59.385Z,2026-09-02T19:29:59.159Z,2026-09-02T19:29:59.385Z,5331,0,0,b431a84a63033a833c07f81f556f4d8a1825a5e0c3085041ef23f1bdb333324c,1s,AVG,b431a84a63033a833c07f81f556f4d8a1825a5e0c3085041ef23f1bdb333324c,2026-09-02T19:29:50.959Z,2026-09-02T19:29:59.159Z,2026-09-02T19:29:59.159Z,4291
obdEngineLoad,CAN_ENGINE_LOAD,HF_HISTORICAL,2026-09-02T19:29:53.959Z,2026-09-02T19:29:59.385Z,2026-09-02T19:29:59.159Z,2026-09-02T19:29:59.385Z,5336,19.6078431372549,19.6078431372549,e94dc3a431108f752f48d27e1ba7b5c46171e8cc02384079167bee29dda39dd0,1s,AVG,e94dc3a431108f752f48d27e1ba7b5c46171e8cc02384079167bee29dda39dd0,2026-09-02T19:29:50.959Z,2026-09-02T19:29:59.159Z,2026-09-02T19:29:59.159Z,4296
obdEngineLoad,CAN_ENGINE_LOAD,HF_HISTORICAL,2026-09-02T19:29:54.959Z,2026-09-02T19:29:59.385Z,2026-09-02T19:29:59.159Z,2026-09-02T19:29:59.385Z,5341,19.6078431372549,19.6078431372549,244e9b62523c2ef112659e365fd0595c48947e5fe278e22c95be6bda2dd7ab86,1s,AVG,244e9b62523c2ef112659e365fd0595c48947e5fe278e22c95be6bda2dd7ab86,2026-09-02T19:29:50.959Z,2026-09-02T19:29:59.159Z,2026-09-02T19:29:59.159Z,4301
obdEngineLoad,CAN_ENGINE_LOAD,LATEST_LIVE,2026-09-02T19:29:59.000Z,2026-09-02T19:30:05.011Z,2026-09-02T19:30:04.765Z,2026-09-02T19:30:05.011Z,5346,29.80392156862745,"{""value"":29.80392156862745,""timestamp"":""2026-09-02T19:29:59Z""}",,,,,,,,4306
obdEngineLoad,CAN_ENGINE_LOAD,HF_HISTORICAL,2026-09-02T19:29:57.159Z,2026-09-02T19:30:05.213Z,2026-09-02T19:30:05.016Z,2026-09-02T19:30:05.213Z,5351,43.13725490196078,43.13725490196078,bea01bbbcec9b68d6305f76da7f734742f74da484aff893015d23f4bf34424da,1s,AVG,bea01bbbcec9b68d6305f76da7f734742f74da484aff893015d23f4bf34424da,2026-09-02T19:29:57.159Z,2026-09-02T19:30:05.016Z,2026-09-02T19:30:05.016Z,4311
obdEngineLoad,CAN_ENGINE_LOAD,HF_HISTORICAL,2026-09-02T19:29:58.159Z,2026-09-02T19:30:05.213Z,2026-09-02T19:30:05.016Z,2026-09-02T19:30:05.213Z,5356,29.80392156862745,29.80392156862745,26a36494e964befdf73a25b03eb45e38423cfcc3db783d11b2d0e48b1459dc5c,1s,AVG,26a36494e964befdf73a25b03eb45e38423cfcc3db783d11b2d0e48b1459dc5c,2026-09-02T19:29:57.159Z,2026-09-02T19:30:05.016Z,2026-09-02T19:30:05.016Z,4316
obdEngineLoad,CAN_ENGINE_LOAD,LATEST_LIVE,2026-09-02T19:30:07.000Z,2026-09-02T19:30:10.742Z,2026-09-02T19:30:10.500Z,2026-09-02T19:30:10.742Z,5361,0,"{""value"":0,""timestamp"":""2026-09-02T19:30:07Z""}",,,,,,,,4321
obdEngineLoad,CAN_ENGINE_LOAD,HF_HISTORICAL,2026-09-02T19:30:03.016Z,2026-09-02T19:30:10.951Z,2026-09-02T19:30:10.745Z,2026-09-02T19:30:10.951Z,5366,50.19607843137255,50.19607843137255,620211b6dc7ccf8f5647a7fbb8e11b69d90e4e210b162245b040ac6014f5dac0,1s,AVG,620211b6dc7ccf8f5647a7fbb8e11b69d90e4e210b162245b040ac6014f5dac0,2026-09-02T19:30:03.016Z,2026-09-02T19:30:10.745Z,2026-09-02T19:30:10.745Z,4326
obdEngineLoad,CAN_ENGINE_LOAD,HF_HISTORICAL,2026-09-02T19:30:04.016Z,2026-09-02T19:30:10.951Z,2026-09-02T19:30:10.745Z,2026-09-02T19:30:10.951Z,5371,52.94117647058823,52.94117647058823,4e7a8404121ed83898a1af59ca0b786a4a688b8b96e3eb09fe3f0c3673b9225d,1s,AVG,4e7a8404121ed83898a1af59ca0b786a4a688b8b96e3eb09fe3f0c3673b9225d,2026-09-02T19:30:03.016Z,2026-09-02T19:30:10.745Z,2026-09-02T19:30:10.745Z,4331
obdEngineLoad,CAN_ENGINE_LOAD,HF_HISTORICAL,2026-09-02T19:30:06.016Z,2026-09-02T19:30:10.951Z,2026-09-02T19:30:10.745Z,2026-09-02T19:30:10.951Z,5376,0,0,fff87e7989c353bd7688480e64f37a28988b706647421d611b2d46d9ceed40e7,1s,AVG,fff87e7989c353bd7688480e64f37a28988b706647421d611b2d46d9ceed40e7,2026-09-02T19:30:03.016Z,2026-09-02T19:30:10.745Z,2026-09-02T19:30:10.745Z,4336
obdEngineLoad,CAN_ENGINE_LOAD,LATEST_LIVE,2026-09-02T19:30:13.000Z,2026-09-02T19:30:16.485Z,2026-09-02T19:30:16.229Z,2026-09-02T19:30:16.485Z,5381,0,"{""value"":0,""timestamp"":""2026-09-02T19:30:13Z""}",,,,,,,,4341
obdEngineLoad,CAN_ENGINE_LOAD,HF_HISTORICAL,2026-09-02T19:30:08.745Z,2026-09-02T19:30:16.711Z,2026-09-02T19:30:16.486Z,2026-09-02T19:30:16.711Z,5386,0,0,a2229d080440c6d22cf4d9e012962acf72db0a6e18aa94cef8c2b9645f14559a,1s,AVG,a2229d080440c6d22cf4d9e012962acf72db0a6e18aa94cef8c2b9645f14559a,2026-09-02T19:30:08.745Z,2026-09-02T19:30:16.486Z,2026-09-02T19:30:16.486Z,4346
obdEngineLoad,CAN_ENGINE_LOAD,HF_HISTORICAL,2026-09-02T19:30:10.745Z,2026-09-02T19:30:16.711Z,2026-09-02T19:30:16.486Z,2026-09-02T19:30:16.711Z,5391,0,0,5b2eba612fe5cc11e3904dbc55a4fe61fadf28ce413179f9498c6a49396818a2,1s,AVG,5b2eba612fe5cc11e3904dbc55a4fe61fadf28ce413179f9498c6a49396818a2,2026-09-02T19:30:08.745Z,2026-09-02T19:30:16.486Z,2026-09-02T19:30:16.486Z,4351
obdEngineLoad,CAN_ENGINE_LOAD,HF_HISTORICAL,2026-09-02T19:30:12.745Z,2026-09-02T19:30:16.711Z,2026-09-02T19:30:16.486Z,2026-09-02T19:30:16.711Z,5396,0,0,7cf5d9332565bec42713c2b291c11b1a9c8206900d3b052ee2a98aac6872ed5c,1s,AVG,7cf5d9332565bec42713c2b291c11b1a9c8206900d3b052ee2a98aac6872ed5c,2026-09-02T19:30:08.745Z,2026-09-02T19:30:16.486Z,2026-09-02T19:30:16.486Z,4356
obdEngineLoad,CAN_ENGINE_LOAD,LATEST_LIVE,2026-09-02T19:30:18.000Z,2026-09-02T19:30:22.299Z,2026-09-02T19:30:22.069Z,2026-09-02T19:30:22.299Z,5401,29.41176470588235,"{""value"":29.41176470588235,""timestamp"":""2026-09-02T19:30:18Z""}",,,,,,,,4361
obdEngineLoad,CAN_ENGINE_LOAD,HF_HISTORICAL,2026-09-02T19:30:16.486Z,2026-09-02T19:30:22.509Z,2026-09-02T19:30:22.300Z,2026-09-02T19:30:22.509Z,5406,27.45098039215686,27.45098039215686,5648a130715c030d412d50fd2dc7ebbd2328f699c11fe90658589f6c5357ff42,1s,AVG,5648a130715c030d412d50fd2dc7ebbd2328f699c11fe90658589f6c5357ff42,2026-09-02T19:30:14.486Z,2026-09-02T19:30:22.300Z,2026-09-02T19:30:22.300Z,4366
obdEngineLoad,CAN_ENGINE_LOAD,HF_HISTORICAL,2026-09-02T19:30:17.486Z,2026-09-02T19:30:22.509Z,2026-09-02T19:30:22.300Z,2026-09-02T19:30:22.509Z,5411,29.41176470588235,29.41176470588235,9843f815b75997d91745564fecd5edd6df355df81cfc1944759ae4d6f7633d3a,1s,AVG,9843f815b75997d91745564fecd5edd6df355df81cfc1944759ae4d6f7633d3a,2026-09-02T19:30:14.486Z,2026-09-02T19:30:22.300Z,2026-09-02T19:30:22.300Z,4371
obdEngineLoad,CAN_ENGINE_LOAD,LATEST_LIVE,2026-09-02T19:30:23.000Z,2026-09-02T19:30:28.207Z,2026-09-02T19:30:27.811Z,2026-09-02T19:30:28.207Z,5416,31.76470588235294,"{""value"":31.76470588235294,""timestamp"":""2026-09-02T19:30:23Z""}",,,,,,,,4376
obdEngineLoad,CAN_ENGINE_LOAD,HF_HISTORICAL,2026-09-02T19:30:20.300Z,2026-09-02T19:30:28.457Z,2026-09-02T19:30:28.209Z,2026-09-02T19:30:28.457Z,5421,0,0,099f90e773434b75c104904abd591cbe5b23ded29bd31601eeec96be97a2de42,1s,AVG,099f90e773434b75c104904abd591cbe5b23ded29bd31601eeec96be97a2de42,2026-09-02T19:30:20.300Z,2026-09-02T19:30:28.209Z,2026-09-02T19:30:28.209Z,4381
obdEngineLoad,CAN_ENGINE_LOAD,HF_HISTORICAL,2026-09-02T19:30:22.300Z,2026-09-02T19:30:28.457Z,2026-09-02T19:30:28.209Z,2026-09-02T19:30:28.457Z,5426,31.76470588235294,31.76470588235294,1fcf1b9303a41efef595bae9274a67dc88d9eb3d6f48edffc8f6612e1770f416,1s,AVG,1fcf1b9303a41efef595bae9274a67dc88d9eb3d6f48edffc8f6612e1770f416,2026-09-02T19:30:20.300Z,2026-09-02T19:30:28.209Z,2026-09-02T19:30:28.209Z,4386
obdEngineLoad,CAN_ENGINE_LOAD,LATEST_LIVE,2026-09-02T19:30:29.000Z,2026-09-02T19:30:34.865Z,2026-09-02T19:30:34.528Z,2026-09-02T19:30:34.865Z,5457,20,"{""value"":20,""timestamp"":""2026-09-02T19:30:29Z""}",,,,,,,,4397
obdEngineLoad,CAN_ENGINE_LOAD,HF_HISTORICAL,2026-09-02T19:30:26.209Z,2026-09-02T19:30:35.066Z,2026-09-02T19:30:34.866Z,2026-09-02T19:30:35.066Z,5462,0,0,fcf3f42a359e48ee91252842980ceaeb0e1c5452a63a84dc48572d5401f787f8,1s,AVG,fcf3f42a359e48ee91252842980ceaeb0e1c5452a63a84dc48572d5401f787f8,2026-09-02T19:30:26.209Z,2026-09-02T19:30:34.866Z,2026-09-02T19:30:34.866Z,4402
obdEngineLoad,CAN_ENGINE_LOAD,HF_HISTORICAL,2026-09-02T19:30:28.209Z,2026-09-02T19:30:35.066Z,2026-09-02T19:30:34.866Z,2026-09-02T19:30:35.066Z,5467,20,20,8909c4c53e049d9f71184e04240835237bda56c010bbb38a7d03f54653986df8,1s,AVG,8909c4c53e049d9f71184e04240835237bda56c010bbb38a7d03f54653986df8,2026-09-02T19:30:26.209Z,2026-09-02T19:30:34.866Z,2026-09-02T19:30:34.866Z,4407
obdEngineLoad,CAN_ENGINE_LOAD,LATEST_LIVE,2026-09-02T19:30:37.000Z,2026-09-02T19:30:40.662Z,2026-09-02T19:30:40.380Z,2026-09-02T19:30:40.662Z,5472,19.6078431372549,"{""value"":19.6078431372549,""timestamp"":""2026-09-02T19:30:37Z""}",,,,,,,,4412
obdEngineLoad,CAN_ENGINE_LOAD,HF_HISTORICAL,2026-09-02T19:30:32.866Z,2026-09-02T19:30:40.870Z,2026-09-02T19:30:40.663Z,2026-09-02T19:30:40.870Z,5477,49.41176470588236,49.41176470588236,cc9f87df54bd6e5bc03e47212712c5993a1e2b6e540c68c8c3dd002cea6b0785,1s,AVG,cc9f87df54bd6e5bc03e47212712c5993a1e2b6e540c68c8c3dd002cea6b0785,2026-09-02T19:30:32.866Z,2026-09-02T19:30:40.663Z,2026-09-02T19:30:40.663Z,4417
obdEngineLoad,CAN_ENGINE_LOAD,HF_HISTORICAL,2026-09-02T19:30:33.866Z,2026-09-02T19:30:40.870Z,2026-09-02T19:30:40.663Z,2026-09-02T19:30:40.870Z,5482,0,0,1fe50a8a99cf54c5037cb34772934dbd15638ad6e8f990c5c7147b4c3d7fe376,1s,AVG,1fe50a8a99cf54c5037cb34772934dbd15638ad6e8f990c5c7147b4c3d7fe376,2026-09-02T19:30:32.866Z,2026-09-02T19:30:40.663Z,2026-09-02T19:30:40.663Z,4422
obdEngineLoad,CAN_ENGINE_LOAD,HF_HISTORICAL,2026-09-02T19:30:35.866Z,2026-09-02T19:30:40.870Z,2026-09-02T19:30:40.663Z,2026-09-02T19:30:40.870Z,5487,8.235294117647058,8.235294117647058,4f9c973119a9dce1415371682111e4cc8a051984fce92b3e25e5409deb0757da,1s,AVG,4f9c973119a9dce1415371682111e4cc8a051984fce92b3e25e5409deb0757da,2026-09-02T19:30:32.866Z,2026-09-02T19:30:40.663Z,2026-09-02T19:30:40.663Z,4427
obdEngineLoad,CAN_ENGINE_LOAD,HF_HISTORICAL,2026-09-02T19:30:36.866Z,2026-09-02T19:30:40.870Z,2026-09-02T19:30:40.663Z,2026-09-02T19:30:40.870Z,5492,19.6078431372549,19.6078431372549,993a420344ffbc2770590283e1e8a182ff5a438ca260d107da0ac3b4d650932e,1s,AVG,993a420344ffbc2770590283e1e8a182ff5a438ca260d107da0ac3b4d650932e,2026-09-02T19:30:32.866Z,2026-09-02T19:30:40.663Z,2026-09-02T19:30:40.663Z,4432
obdEngineLoad,CAN_ENGINE_LOAD,LATEST_LIVE,2026-09-02T19:30:41.000Z,2026-09-02T19:30:46.504Z,2026-09-02T19:30:46.220Z,2026-09-02T19:30:46.504Z,5497,0,"{""value"":0,""timestamp"":""2026-09-02T19:30:41Z""}",,,,,,,,4437
obdEngineLoad,CAN_ENGINE_LOAD,HF_HISTORICAL,2026-09-02T19:30:38.663Z,2026-09-02T19:30:46.839Z,2026-09-02T19:30:46.506Z,2026-09-02T19:30:46.839Z,5502,47.84313725490196,47.84313725490196,898c8f536e897ca8db111e87523c81178365c1979c136ddbc67b6b90c8dfe118,1s,AVG,898c8f536e897ca8db111e87523c81178365c1979c136ddbc67b6b90c8dfe118,2026-09-02T19:30:38.663Z,2026-09-02T19:30:46.506Z,2026-09-02T19:30:46.506Z,4442
obdEngineLoad,CAN_ENGINE_LOAD,HF_HISTORICAL,2026-09-02T19:30:40.663Z,2026-09-02T19:30:46.839Z,2026-09-02T19:30:46.506Z,2026-09-02T19:30:46.839Z,5507,0,0,504df751025fb91ff95edfa94a301f86f6831cd7d971fd67ede9101e5f17b570,1s,AVG,504df751025fb91ff95edfa94a301f86f6831cd7d971fd67ede9101e5f17b570,2026-09-02T19:30:38.663Z,2026-09-02T19:30:46.506Z,2026-09-02T19:30:46.506Z,4447
obdEngineLoad,CAN_ENGINE_LOAD,LATEST_LIVE,2026-09-02T19:30:41.000Z,2026-09-02T19:30:52.448Z,2026-09-02T19:30:52.249Z,2026-09-02T19:30:52.448Z,5512,0,"{""value"":0,""timestamp"":""2026-09-02T19:30:41Z""}",,,,,,,,4452
obdEngineLoad,CAN_ENGINE_LOAD,LATEST_LIVE,2026-09-02T19:30:41.000Z,2026-09-02T19:30:58.227Z,2026-09-02T19:30:57.985Z,2026-09-02T19:30:58.227Z,5517,0,"{""value"":0,""timestamp"":""2026-09-02T19:30:41Z""}",,,,,,,,4457
obdEngineLoad,CAN_ENGINE_LOAD,LATEST_LIVE,2026-09-02T19:30:41.000Z,2026-09-02T19:31:03.970Z,2026-09-02T19:31:03.732Z,2026-09-02T19:31:03.970Z,5522,0,"{""value"":0,""timestamp"":""2026-09-02T19:30:41Z""}",,,,,,,,4462
obdEngineLoad,CAN_ENGINE_LOAD,HF_HISTORICAL,2026-09-02T19:31:00.228Z,2026-09-02T19:31:04.175Z,2026-09-02T19:31:03.972Z,2026-09-02T19:31:04.175Z,5527,0,0,3969398d72f20a63fe3b80e7255e6f6d26f7fef2ea11399862ba058285f00bb9,1s,AVG,3969398d72f20a63fe3b80e7255e6f6d26f7fef2ea11399862ba058285f00bb9,2026-09-02T19:30:56.228Z,2026-09-02T19:31:03.971Z,2026-09-02T19:31:03.971Z,4467
obdEngineLoad,CAN_ENGINE_LOAD,LATEST_LIVE,2026-09-02T19:31:04.000Z,2026-09-02T19:31:10.023Z,2026-09-02T19:31:09.777Z,2026-09-02T19:31:10.023Z,5558,0,"{""value"":0,""timestamp"":""2026-09-02T19:31:04Z""}",,,,,,,,4478
obdEngineLoad,CAN_ENGINE_LOAD,HF_HISTORICAL,2026-09-02T19:31:01.971Z,2026-09-02T19:31:10.236Z,2026-09-02T19:31:10.025Z,2026-09-02T19:31:10.236Z,5563,44.70588235294117,44.70588235294117,034d8c4cc425cfee5e230b0daa7dda5487218f742c2abbd3ff7b66bcdf058a41,1s,AVG,034d8c4cc425cfee5e230b0daa7dda5487218f742c2abbd3ff7b66bcdf058a41,2026-09-02T19:31:01.971Z,2026-09-02T19:31:10.025Z,2026-09-02T19:31:10.025Z,4483
obdEngineLoad,CAN_ENGINE_LOAD,HF_HISTORICAL,2026-09-02T19:31:02.971Z,2026-09-02T19:31:10.236Z,2026-09-02T19:31:10.025Z,2026-09-02T19:31:10.236Z,5568,0,0,2eddc0f35686f507104fb003550f0141c9b49033bc13d3dc6bd5e357144ad060,1s,AVG,2eddc0f35686f507104fb003550f0141c9b49033bc13d3dc6bd5e357144ad060,2026-09-02T19:31:01.971Z,2026-09-02T19:31:10.025Z,2026-09-02T19:31:10.025Z,4488
obdEngineLoad,CAN_ENGINE_LOAD,HF_HISTORICAL,2026-09-02T19:31:03.971Z,2026-09-02T19:31:10.236Z,2026-09-02T19:31:10.025Z,2026-09-02T19:31:10.236Z,5573,0,0,190564a14608a0eed85dd2f7e6cfc2b11de2cb452ff57288ad9384c722518256,1s,AVG,190564a14608a0eed85dd2f7e6cfc2b11de2cb452ff57288ad9384c722518256,2026-09-02T19:31:01.971Z,2026-09-02T19:31:10.025Z,2026-09-02T19:31:10.025Z,4493
obdEngineLoad,CAN_ENGINE_LOAD,HF_HISTORICAL,2026-09-02T19:31:05.971Z,2026-09-02T19:31:10.236Z,2026-09-02T19:31:10.025Z,2026-09-02T19:31:10.236Z,5578,14.90196078431373,14.90196078431373,75c906719d642138a60ae099c1330a0d5a8742432959bd39fd8536b3a0dc8e3d,1s,AVG,75c906719d642138a60ae099c1330a0d5a8742432959bd39fd8536b3a0dc8e3d,2026-09-02T19:31:01.971Z,2026-09-02T19:31:10.025Z,2026-09-02T19:31:10.025Z,4498
obdEngineLoad,CAN_ENGINE_LOAD,HF_HISTORICAL,2026-09-02T19:31:06.971Z,2026-09-02T19:31:10.236Z,2026-09-02T19:31:10.025Z,2026-09-02T19:31:10.236Z,5583,12.54901960784314,12.54901960784314,4f8961b4351b2d400050b8961f444429367b93fd4fb9f6d2054298a7413ee809,1s,AVG,4f8961b4351b2d400050b8961f444429367b93fd4fb9f6d2054298a7413ee809,2026-09-02T19:31:01.971Z,2026-09-02T19:31:10.025Z,2026-09-02T19:31:10.025Z,4503
obdEngineLoad,CAN_ENGINE_LOAD,LATEST_LIVE,2026-09-02T19:31:12.000Z,2026-09-02T19:31:15.766Z,2026-09-02T19:31:15.506Z,2026-09-02T19:31:15.766Z,5588,26.66666666666667,"{""value"":26.66666666666667,""timestamp"":""2026-09-02T19:31:12Z""}",,,,,,,,4508
obdEngineLoad,CAN_ENGINE_LOAD,HF_HISTORICAL,2026-09-02T19:31:08.025Z,2026-09-02T19:31:16.193Z,2026-09-02T19:31:15.767Z,2026-09-02T19:31:16.193Z,5593,17.64705882352941,17.64705882352941,eda07072f7fc204fc1847b17c7375ba4c54788424ee6947df220ee30cb3c9d86,1s,AVG,eda07072f7fc204fc1847b17c7375ba4c54788424ee6947df220ee30cb3c9d86,2026-09-02T19:31:08.025Z,2026-09-02T19:31:15.767Z,2026-09-02T19:31:15.767Z,4513
obdEngineLoad,CAN_ENGINE_LOAD,HF_HISTORICAL,2026-09-02T19:31:09.025Z,2026-09-02T19:31:16.193Z,2026-09-02T19:31:15.767Z,2026-09-02T19:31:16.193Z,5598,14.50980392156863,14.50980392156863,3c7c858cbdbdad9fe7e711a6c9bd97ee7e58b39fa537bb69522bbde8accba18a,1s,AVG,3c7c858cbdbdad9fe7e711a6c9bd97ee7e58b39fa537bb69522bbde8accba18a,2026-09-02T19:31:08.025Z,2026-09-02T19:31:15.767Z,2026-09-02T19:31:15.767Z,4518
obdEngineLoad,CAN_ENGINE_LOAD,HF_HISTORICAL,2026-09-02T19:31:11.025Z,2026-09-02T19:31:16.193Z,2026-09-02T19:31:15.767Z,2026-09-02T19:31:16.193Z,5603,26.66666666666667,26.66666666666667,f17895b5d730b52eb9acb0403b99d98ed4f0aa155464a3e22177e5db1b2424a4,1s,AVG,f17895b5d730b52eb9acb0403b99d98ed4f0aa155464a3e22177e5db1b2424a4,2026-09-02T19:31:08.025Z,2026-09-02T19:31:15.767Z,2026-09-02T19:31:15.767Z,4523
obdEngineLoad,CAN_ENGINE_LOAD,LATEST_LIVE,2026-09-02T19:31:18.000Z,2026-09-02T19:31:21.748Z,2026-09-02T19:31:21.548Z,2026-09-02T19:31:21.748Z,5608,51.76470588235294,"{""value"":51.76470588235294,""timestamp"":""2026-09-02T19:31:18Z""}",,,,,,,,4528
obdEngineLoad,CAN_ENGINE_LOAD,HF_HISTORICAL,2026-09-02T19:31:14.767Z,2026-09-02T19:31:21.968Z,2026-09-02T19:31:21.749Z,2026-09-02T19:31:21.968Z,5613,43.52941176470588,43.52941176470588,3be008c2d23aaa5479154728b9e8a9a74075a8cf853a6ade0913ee34df6fe037,1s,AVG,3be008c2d23aaa5479154728b9e8a9a74075a8cf853a6ade0913ee34df6fe037,2026-09-02T19:31:13.767Z,2026-09-02T19:31:21.749Z,2026-09-02T19:31:21.749Z,4533
obdEngineLoad,CAN_ENGINE_LOAD,HF_HISTORICAL,2026-09-02T19:31:17.767Z,2026-09-02T19:31:21.968Z,2026-09-02T19:31:21.749Z,2026-09-02T19:31:21.968Z,5618,51.76470588235294,51.76470588235294,868322bb8276e608195e2ef5fbbe82f302f371b886d9443125680bdbad2fbfc2,1s,AVG,868322bb8276e608195e2ef5fbbe82f302f371b886d9443125680bdbad2fbfc2,2026-09-02T19:31:13.767Z,2026-09-02T19:31:21.749Z,2026-09-02T19:31:21.749Z,4538
obdEngineLoad,CAN_ENGINE_LOAD,LATEST_LIVE,2026-09-02T19:31:24.000Z,2026-09-02T19:31:27.539Z,2026-09-02T19:31:27.284Z,2026-09-02T19:31:27.539Z,5623,43.13725490196078,"{""value"":43.13725490196078,""timestamp"":""2026-09-02T19:31:24Z""}",,,,,,,,4543
obdEngineLoad,CAN_ENGINE_LOAD,HF_HISTORICAL,2026-09-02T19:31:19.749Z,2026-09-02T19:31:27.782Z,2026-09-02T19:31:27.541Z,2026-09-02T19:31:27.782Z,5628,3.92156862745098,3.92156862745098,8a0ad7332f89ad539b6965a70c2422110ee09b6a8224a52e2100824dc06c9ed6,1s,AVG,8a0ad7332f89ad539b6965a70c2422110ee09b6a8224a52e2100824dc06c9ed6,2026-09-02T19:31:19.749Z,2026-09-02T19:31:27.540Z,2026-09-02T19:31:27.540Z,4548
obdEngineLoad,CAN_ENGINE_LOAD,HF_HISTORICAL,2026-09-02T19:31:20.749Z,2026-09-02T19:31:27.782Z,2026-09-02T19:31:27.541Z,2026-09-02T19:31:27.782Z,5633,0,0,0e46a73d09b1ae167f6e6b59ee84bd1ff33ec168ed7fc79f0798f180d38cb2e2,1s,AVG,0e46a73d09b1ae167f6e6b59ee84bd1ff33ec168ed7fc79f0798f180d38cb2e2,2026-09-02T19:31:19.749Z,2026-09-02T19:31:27.540Z,2026-09-02T19:31:27.540Z,4553
obdEngineLoad,CAN_ENGINE_LOAD,HF_HISTORICAL,2026-09-02T19:31:22.749Z,2026-09-02T19:31:27.782Z,2026-09-02T19:31:27.541Z,2026-09-02T19:31:27.782Z,5638,11.76470588235294,11.76470588235294,b5c1cc1680e8e112a036b3daab7bd67ce60224b6e02109d4d2455df35189f507,1s,AVG,b5c1cc1680e8e112a036b3daab7bd67ce60224b6e02109d4d2455df35189f507,2026-09-02T19:31:19.749Z,2026-09-02T19:31:27.540Z,2026-09-02T19:31:27.540Z,4558
obdEngineLoad,CAN_ENGINE_LOAD,HF_HISTORICAL,2026-09-02T19:31:23.749Z,2026-09-02T19:31:27.782Z,2026-09-02T19:31:27.541Z,2026-09-02T19:31:27.782Z,5643,43.13725490196078,43.13725490196078,d73122baa936cd088a625a69ce06e8d2eb96562342608e6f04d0a899fc161171,1s,AVG,d73122baa936cd088a625a69ce06e8d2eb96562342608e6f04d0a899fc161171,2026-09-02T19:31:19.749Z,2026-09-02T19:31:27.540Z,2026-09-02T19:31:27.540Z,4563
obdEngineLoad,CAN_ENGINE_LOAD,LATEST_LIVE,2026-09-02T19:31:29.000Z,2026-09-02T19:31:33.333Z,2026-09-02T19:31:33.111Z,2026-09-02T19:31:33.333Z,5648,40.78431372549019,"{""value"":40.78431372549019,""timestamp"":""2026-09-02T19:31:29Z""}",,,,,,,,4568
obdEngineLoad,CAN_ENGINE_LOAD,HF_HISTORICAL,2026-09-02T19:31:25.540Z,2026-09-02T19:31:33.562Z,2026-09-02T19:31:33.334Z,2026-09-02T19:31:33.562Z,5653,17.64705882352941,17.64705882352941,f578dee91f19fb3c8b0ad5fdd1f0deaccdfbdf937c4ae3a3e527e5946fcf211c,1s,AVG,f578dee91f19fb3c8b0ad5fdd1f0deaccdfbdf937c4ae3a3e527e5946fcf211c,2026-09-02T19:31:25.540Z,2026-09-02T19:31:33.334Z,2026-09-02T19:31:33.334Z,4573
obdEngineLoad,CAN_ENGINE_LOAD,HF_HISTORICAL,2026-09-02T19:31:26.540Z,2026-09-02T19:31:33.562Z,2026-09-02T19:31:33.334Z,2026-09-02T19:31:33.562Z,5658,47.05882352941176,47.05882352941176,efd08ad98bd1c3e6b7faa4f03895d7a856fef8f79d35dcc68b2b925e69cd0bb0,1s,AVG,efd08ad98bd1c3e6b7faa4f03895d7a856fef8f79d35dcc68b2b925e69cd0bb0,2026-09-02T19:31:25.540Z,2026-09-02T19:31:33.334Z,2026-09-02T19:31:33.334Z,4578
obdEngineLoad,CAN_ENGINE_LOAD,HF_HISTORICAL,2026-09-02T19:31:27.540Z,2026-09-02T19:31:33.562Z,2026-09-02T19:31:33.334Z,2026-09-02T19:31:33.562Z,5663,36.86274509803921,36.86274509803921,f6e408c7eae93fbb77fc530d013c0fb3d12c43c6915e3f71663071af6f14bad9,1s,AVG,f6e408c7eae93fbb77fc530d013c0fb3d12c43c6915e3f71663071af6f14bad9,2026-09-02T19:31:25.540Z,2026-09-02T19:31:33.334Z,2026-09-02T19:31:33.334Z,4583
obdEngineLoad,CAN_ENGINE_LOAD,HF_HISTORICAL,2026-09-02T19:31:28.540Z,2026-09-02T19:31:33.562Z,2026-09-02T19:31:33.334Z,2026-09-02T19:31:33.562Z,5668,40.78431372549019,40.78431372549019,b24f75dc30b4f2dc9c31cf0d8961a05dd1a902ff5000012cf6c298cedd5ca1b5,1s,AVG,b24f75dc30b4f2dc9c31cf0d8961a05dd1a902ff5000012cf6c298cedd5ca1b5,2026-09-02T19:31:25.540Z,2026-09-02T19:31:33.334Z,2026-09-02T19:31:33.334Z,4588
obdEngineLoad,CAN_ENGINE_LOAD,LATEST_LIVE,2026-09-02T19:31:34.000Z,2026-09-02T19:31:39.359Z,2026-09-02T19:31:38.857Z,2026-09-02T19:31:39.359Z,5673,59.2156862745098,"{""value"":59.2156862745098,""timestamp"":""2026-09-02T19:31:34Z""}",,,,,,,,4593
obdEngineLoad,CAN_ENGINE_LOAD,HF_HISTORICAL,2026-09-02T19:31:31.334Z,2026-09-02T19:31:39.740Z,2026-09-02T19:31:39.360Z,2026-09-02T19:31:39.740Z,5678,35.29411764705883,35.29411764705883,12cd6f2dd03e5cd6f242e9cc3d590364157284e654cd714313462de61edc57a1,1s,AVG,12cd6f2dd03e5cd6f242e9cc3d590364157284e654cd714313462de61edc57a1,2026-09-02T19:31:31.334Z,2026-09-02T19:31:39.360Z,2026-09-02T19:31:39.360Z,4598
obdEngineLoad,CAN_ENGINE_LOAD,HF_HISTORICAL,2026-09-02T19:31:32.334Z,2026-09-02T19:31:39.740Z,2026-09-02T19:31:39.360Z,2026-09-02T19:31:39.740Z,5683,43.92156862745098,43.92156862745098,ccc7a57d71ac78c69c4ae7d8766edafccd1c2253ef58df14eea04cbc9fb32f66,1s,AVG,ccc7a57d71ac78c69c4ae7d8766edafccd1c2253ef58df14eea04cbc9fb32f66,2026-09-02T19:31:31.334Z,2026-09-02T19:31:39.360Z,2026-09-02T19:31:39.360Z,4603
obdEngineLoad,CAN_ENGINE_LOAD,HF_HISTORICAL,2026-09-02T19:31:33.334Z,2026-09-02T19:31:39.740Z,2026-09-02T19:31:39.360Z,2026-09-02T19:31:39.740Z,5688,59.2156862745098,59.2156862745098,bee6aa7d529536bde00d0cc8d689d25ed893bcb5a7753a911cd91ca73d58964b,1s,AVG,bee6aa7d529536bde00d0cc8d689d25ed893bcb5a7753a911cd91ca73d58964b,2026-09-02T19:31:31.334Z,2026-09-02T19:31:39.360Z,2026-09-02T19:31:39.360Z,4608
obdEngineLoad,CAN_ENGINE_LOAD,LATEST_LIVE,2026-09-02T19:31:43.000Z,2026-09-02T19:31:46.330Z,2026-09-02T19:31:45.892Z,2026-09-02T19:31:46.330Z,5719,18.82352941176471,"{""value"":18.82352941176471,""timestamp"":""2026-09-02T19:31:43Z""}",,,,,,,,4619
obdEngineLoad,CAN_ENGINE_LOAD,HF_HISTORICAL,2026-09-02T19:31:39.360Z,2026-09-02T19:31:48.422Z,2026-09-02T19:31:46.331Z,2026-09-02T19:31:48.422Z,5724,27.84313725490196,27.84313725490196,7dbffea85f0cdefe1c513b7084d224ae6c10d1f29ed6a3a19fb3b3fbefaf7a0b,1s,AVG,7dbffea85f0cdefe1c513b7084d224ae6c10d1f29ed6a3a19fb3b3fbefaf7a0b,2026-09-02T19:31:37.360Z,2026-09-02T19:31:46.331Z,2026-09-02T19:31:46.331Z,4624
obdEngineLoad,CAN_ENGINE_LOAD,HF_HISTORICAL,2026-09-02T19:31:41.360Z,2026-09-02T19:31:48.422Z,2026-09-02T19:31:46.331Z,2026-09-02T19:31:48.422Z,5729,45.88235294117647,45.88235294117647,448d86beef02b8919ad2b88703e94e6376994eb601b27107392d23b9fa60157e,1s,AVG,448d86beef02b8919ad2b88703e94e6376994eb601b27107392d23b9fa60157e,2026-09-02T19:31:37.360Z,2026-09-02T19:31:46.331Z,2026-09-02T19:31:46.331Z,4629
obdEngineLoad,CAN_ENGINE_LOAD,HF_HISTORICAL,2026-09-02T19:31:42.360Z,2026-09-02T19:31:48.422Z,2026-09-02T19:31:46.331Z,2026-09-02T19:31:48.422Z,5734,18.82352941176471,18.82352941176471,8bc08f2edab50eaf68da4220d3a79f5245d65369a4b7e97324c06f01647d1319,1s,AVG,8bc08f2edab50eaf68da4220d3a79f5245d65369a4b7e97324c06f01647d1319,2026-09-02T19:31:37.360Z,2026-09-02T19:31:46.331Z,2026-09-02T19:31:46.331Z,4634
obdEngineLoad,CAN_ENGINE_LOAD,LATEST_LIVE,2026-09-02T19:31:45.000Z,2026-09-02T19:31:54.085Z,2026-09-02T19:31:53.833Z,2026-09-02T19:31:54.085Z,5739,57.64705882352941,"{""value"":57.64705882352941,""timestamp"":""2026-09-02T19:31:45Z""}",,,,,,,,4639
obdEngineLoad,CAN_ENGINE_LOAD,HF_HISTORICAL,2026-09-02T19:31:44.331Z,2026-09-02T19:31:54.298Z,2026-09-02T19:31:54.086Z,2026-09-02T19:31:54.298Z,5744,57.64705882352941,57.64705882352941,47eaee27f7347a0e1d0240db7a42dc79bca24cb96f5a8cccba20baa7d0dd5831,1s,AVG,47eaee27f7347a0e1d0240db7a42dc79bca24cb96f5a8cccba20baa7d0dd5831,2026-09-02T19:31:44.331Z,2026-09-02T19:31:54.086Z,2026-09-02T19:31:54.086Z,4644
obdEngineLoad,CAN_ENGINE_LOAD,LATEST_LIVE,2026-09-02T19:31:55.000Z,2026-09-02T19:32:00.013Z,2026-09-02T19:31:59.560Z,2026-09-02T19:32:00.013Z,5749,37.64705882352941,"{""value"":37.64705882352941,""timestamp"":""2026-09-02T19:31:55Z""}",,,,,,,,4649
obdEngineLoad,CAN_ENGINE_LOAD,HF_HISTORICAL,2026-09-02T19:31:52.086Z,2026-09-02T19:32:00.424Z,2026-09-02T19:32:00.014Z,2026-09-02T19:32:00.424Z,5754,57.64705882352941,57.64705882352941,a873d694b7e43b16ed282fa1411fc4091a7f0933a0037cc8d7e2d7ab00cb84b5,1s,AVG,a873d694b7e43b16ed282fa1411fc4091a7f0933a0037cc8d7e2d7ab00cb84b5,2026-09-02T19:31:52.086Z,2026-09-02T19:32:00.013Z,2026-09-02T19:32:00.013Z,4654
obdEngineLoad,CAN_ENGINE_LOAD,HF_HISTORICAL,2026-09-02T19:31:53.086Z,2026-09-02T19:32:00.424Z,2026-09-02T19:32:00.014Z,2026-09-02T19:32:00.424Z,5759,31.76470588235294,31.76470588235294,c69dcbedc667026b5656e398ba836ee7cddc48173b1d5c0d63e735c30937e3b4,1s,AVG,c69dcbedc667026b5656e398ba836ee7cddc48173b1d5c0d63e735c30937e3b4,2026-09-02T19:31:52.086Z,2026-09-02T19:32:00.013Z,2026-09-02T19:32:00.013Z,4659
obdEngineLoad,CAN_ENGINE_LOAD,HF_HISTORICAL,2026-09-02T19:31:54.086Z,2026-09-02T19:32:00.424Z,2026-09-02T19:32:00.014Z,2026-09-02T19:32:00.424Z,5764,37.64705882352941,37.64705882352941,2f58fbb092021bcef2c37feb50163be2bad2232397da0f79a9a70a12da74dd07,1s,AVG,2f58fbb092021bcef2c37feb50163be2bad2232397da0f79a9a70a12da74dd07,2026-09-02T19:31:52.086Z,2026-09-02T19:32:00.013Z,2026-09-02T19:32:00.013Z,4664
obdEngineLoad,CAN_ENGINE_LOAD,LATEST_LIVE,2026-09-02T19:32:00.000Z,2026-09-02T19:32:06.431Z,2026-09-02T19:32:06.147Z,2026-09-02T19:32:06.431Z,5769,0,"{""value"":0,""timestamp"":""2026-09-02T19:32:00Z""}",,,,,,,,4669
obdEngineLoad,CAN_ENGINE_LOAD,HF_HISTORICAL,2026-09-02T19:31:59.013Z,2026-09-02T19:32:06.631Z,2026-09-02T19:32:06.433Z,2026-09-02T19:32:06.631Z,5774,0,0,30b1bc097aa137f640017bc93df42974a94ba35889d70383eb1742a889ad4b4e,1s,AVG,30b1bc097aa137f640017bc93df42974a94ba35889d70383eb1742a889ad4b4e,2026-09-02T19:31:58.013Z,2026-09-02T19:32:06.433Z,2026-09-02T19:32:06.433Z,4674
obdEngineLoad,CAN_ENGINE_LOAD,LATEST_LIVE,2026-09-02T19:32:08.000Z,2026-09-02T19:32:12.166Z,2026-09-02T19:32:11.964Z,2026-09-02T19:32:12.166Z,5779,0,"{""value"":0,""timestamp"":""2026-09-02T19:32:08Z""}",,,,,,,,4679
obdEngineLoad,CAN_ENGINE_LOAD,HF_HISTORICAL,2026-09-02T19:32:05.433Z,2026-09-02T19:32:12.377Z,2026-09-02T19:32:12.167Z,2026-09-02T19:32:12.377Z,5784,0,0,db0a51873e4e5443988e3eb961ea9e950be6d8876d9fd6dace5d9643f21423c5,1s,AVG,db0a51873e4e5443988e3eb961ea9e950be6d8876d9fd6dace5d9643f21423c5,2026-09-02T19:32:04.433Z,2026-09-02T19:32:12.167Z,2026-09-02T19:32:12.167Z,4684
obdEngineLoad,CAN_ENGINE_LOAD,HF_HISTORICAL,2026-09-02T19:32:06.433Z,2026-09-02T19:32:12.377Z,2026-09-02T19:32:12.167Z,2026-09-02T19:32:12.377Z,5787,0,0,57c2f766bb7d929b1cbf2e920c6e2f70aa0a5e4e5259da1f00d476f97b683831,1s,AVG,57c2f766bb7d929b1cbf2e920c6e2f70aa0a5e4e5259da1f00d476f97b683831,2026-09-02T19:32:04.433Z,2026-09-02T19:32:12.167Z,2026-09-02T19:32:12.167Z,4687
obdEngineLoad,CAN_ENGINE_LOAD,HF_HISTORICAL,2026-09-02T19:32:07.433Z,2026-09-02T19:32:12.377Z,2026-09-02T19:32:12.167Z,2026-09-02T19:32:12.377Z,5790,0,0,c0f101f79eee78853c994f522957d62b5ea7a6b8193353b3911d93c90d6cc9c6,1s,AVG,c0f101f79eee78853c994f522957d62b5ea7a6b8193353b3911d93c90d6cc9c6,2026-09-02T19:32:04.433Z,2026-09-02T19:32:12.167Z,2026-09-02T19:32:12.167Z,4690
obdEngineLoad,CAN_ENGINE_LOAD,LATEST_LIVE,2026-09-02T19:32:13.000Z,2026-09-02T19:32:17.930Z,2026-09-02T19:32:17.690Z,2026-09-02T19:32:17.930Z,5794,47.84313725490196,"{""value"":47.84313725490196,""timestamp"":""2026-09-02T19:32:13Z""}",,,,,,,,4694
obdEngineLoad,CAN_ENGINE_LOAD,HF_HISTORICAL,2026-09-02T19:32:12.167Z,2026-09-02T19:32:18.387Z,2026-09-02T19:32:17.931Z,2026-09-02T19:32:18.387Z,5799,47.84313725490196,47.84313725490196,6a821e19f1bb348ad7e48990c7b73a56c4753f768a20ab2dcf3f130c5a25c79c,1s,AVG,6a821e19f1bb348ad7e48990c7b73a56c4753f768a20ab2dcf3f130c5a25c79c,2026-09-02T19:32:10.167Z,2026-09-02T19:32:17.931Z,2026-09-02T19:32:17.931Z,4699
obdEngineLoad,CAN_ENGINE_LOAD,HF_HISTORICAL,2026-09-02T19:32:14.167Z,2026-09-02T19:32:18.387Z,2026-09-02T19:32:17.931Z,2026-09-02T19:32:18.387Z,5804,83.92156862745098,83.92156862745098,70770ad0c113f7ad8b3d5a0cd5112e6a69cf8eb247fd568e056f8cc811bc8037,1s,AVG,70770ad0c113f7ad8b3d5a0cd5112e6a69cf8eb247fd568e056f8cc811bc8037,2026-09-02T19:32:10.167Z,2026-09-02T19:32:17.931Z,2026-09-02T19:32:17.931Z,4704
obdEngineLoad,CAN_ENGINE_LOAD,LATEST_LIVE,2026-09-02T19:32:15.000Z,2026-09-02T19:32:24.192Z,2026-09-02T19:32:23.933Z,2026-09-02T19:32:24.192Z,5835,83.92156862745098,"{""value"":83.92156862745098,""timestamp"":""2026-09-02T19:32:15Z""}",,,,,,,,4715
obdEngineLoad,CAN_ENGINE_LOAD,LATEST_LIVE,2026-09-02T19:32:15.000Z,2026-09-02T19:32:29.907Z,2026-09-02T19:32:29.665Z,2026-09-02T19:32:29.907Z,5840,83.92156862745098,"{""value"":83.92156862745098,""timestamp"":""2026-09-02T19:32:15Z""}",,,,,,,,4720
obdEngineLoad,CAN_ENGINE_LOAD,LATEST_LIVE,2026-09-02T19:32:15.000Z,2026-09-02T19:32:35.724Z,2026-09-02T19:32:35.501Z,2026-09-02T19:32:35.724Z,5845,83.92156862745098,"{""value"":83.92156862745098,""timestamp"":""2026-09-02T19:32:15Z""}",,,,,,,,4725
obdEngineLoad,CAN_ENGINE_LOAD,LATEST_LIVE,2026-09-02T19:32:15.000Z,2026-09-02T19:32:41.457Z,2026-09-02T19:32:41.233Z,2026-09-02T19:32:41.457Z,5850,83.92156862745098,"{""value"":83.92156862745098,""timestamp"":""2026-09-02T19:32:15Z""}",,,,,,,,4730
obdEngineLoad,CAN_ENGINE_LOAD,LATEST_LIVE,2026-09-02T19:32:15.000Z,2026-09-02T19:32:47.309Z,2026-09-02T19:32:46.961Z,2026-09-02T19:32:47.309Z,5855,83.92156862745098,"{""value"":83.92156862745098,""timestamp"":""2026-09-02T19:32:15Z""}",,,,,,,,4735
obdEngineLoad,CAN_ENGINE_LOAD,LATEST_LIVE,2026-09-02T19:32:15.000Z,2026-09-02T19:32:53.131Z,2026-09-02T19:32:52.906Z,2026-09-02T19:32:53.131Z,5860,83.92156862745098,"{""value"":83.92156862745098,""timestamp"":""2026-09-02T19:32:15Z""}",,,,,,,,4740
obdEngineLoad,CAN_ENGINE_LOAD,LATEST_LIVE,2026-09-02T19:32:15.000Z,2026-09-02T19:32:59.081Z,2026-09-02T19:32:58.828Z,2026-09-02T19:32:59.081Z,5891,83.92156862745098,"{""value"":83.92156862745098,""timestamp"":""2026-09-02T19:32:15Z""}",,,,,,,,4751
obdEngineLoad,CAN_ENGINE_LOAD,LATEST_LIVE,2026-09-02T19:32:15.000Z,2026-09-02T19:33:04.809Z,2026-09-02T19:33:04.590Z,2026-09-02T19:33:04.809Z,5896,83.92156862745098,"{""value"":83.92156862745098,""timestamp"":""2026-09-02T19:32:15Z""}",,,,,,,,4756
obdEngineLoad,CAN_ENGINE_LOAD,LATEST_LIVE,2026-09-02T19:32:15.000Z,2026-09-02T19:33:10.636Z,2026-09-02T19:33:10.426Z,2026-09-02T19:33:10.636Z,5901,83.92156862745098,"{""value"":83.92156862745098,""timestamp"":""2026-09-02T19:32:15Z""}",,,,,,,,4761
obdEngineLoad,CAN_ENGINE_LOAD,LATEST_LIVE,2026-09-02T19:32:15.000Z,2026-09-02T19:33:16.422Z,2026-09-02T19:33:16.166Z,2026-09-02T19:33:16.422Z,5906,83.92156862745098,"{""value"":83.92156862745098,""timestamp"":""2026-09-02T19:32:15Z""}",,,,,,,,4766
obdEngineLoad,CAN_ENGINE_LOAD,LATEST_LIVE,2026-09-02T19:32:15.000Z,2026-09-02T19:33:22.210Z,2026-09-02T19:33:21.992Z,2026-09-02T19:33:22.210Z,5911,83.92156862745098,"{""value"":83.92156862745098,""timestamp"":""2026-09-02T19:32:15Z""}",,,,,,,,4771
obdEngineLoad,CAN_ENGINE_LOAD,LATEST_LIVE,2026-09-02T19:32:15.000Z,2026-09-02T19:33:28.008Z,2026-09-02T19:33:27.729Z,2026-09-02T19:33:28.008Z,5916,83.92156862745098,"{""value"":83.92156862745098,""timestamp"":""2026-09-02T19:32:15Z""}",,,,,,,,4776
obdEngineLoad,CAN_ENGINE_LOAD,LATEST_LIVE,2026-09-02T19:32:15.000Z,2026-09-02T19:33:34.209Z,2026-09-02T19:33:33.871Z,2026-09-02T19:33:34.209Z,5947,83.92156862745098,"{""value"":83.92156862745098,""timestamp"":""2026-09-02T19:32:15Z""}",,,,,,,,4787
obdEngineLoad,CAN_ENGINE_LOAD,LATEST_LIVE,2026-09-02T19:32:15.000Z,2026-09-02T19:33:40.104Z,2026-09-02T19:33:39.815Z,2026-09-02T19:33:40.104Z,5952,83.92156862745098,"{""value"":83.92156862745098,""timestamp"":""2026-09-02T19:32:15Z""}",,,,,,,,4792
obdEngineLoad,CAN_ENGINE_LOAD,LATEST_LIVE,2026-09-02T19:32:15.000Z,2026-09-02T19:33:45.959Z,2026-09-02T19:33:45.730Z,2026-09-02T19:33:45.959Z,5957,83.92156862745098,"{""value"":83.92156862745098,""timestamp"":""2026-09-02T19:32:15Z""}",,,,,,,,4797
obdEngineLoad,CAN_ENGINE_LOAD,LATEST_LIVE,2026-09-02T19:32:15.000Z,2026-09-02T19:33:51.770Z,2026-09-02T19:33:51.567Z,2026-09-02T19:33:51.770Z,5962,83.92156862745098,"{""value"":83.92156862745098,""timestamp"":""2026-09-02T19:32:15Z""}",,,,,,,,4802
obdEngineLoad,CAN_ENGINE_LOAD,LATEST_LIVE,2026-09-02T19:32:15.000Z,2026-09-02T19:33:57.708Z,2026-09-02T19:33:57.299Z,2026-09-02T19:33:57.708Z,5967,83.92156862745098,"{""value"":83.92156862745098,""timestamp"":""2026-09-02T19:32:15Z""}",,,,,,,,4807
obdEngineLoad,CAN_ENGINE_LOAD,LATEST_LIVE,2026-09-02T19:32:15.000Z,2026-09-02T19:34:03.532Z,2026-09-02T19:34:03.246Z,2026-09-02T19:34:03.532Z,5972,83.92156862745098,"{""value"":83.92156862745098,""timestamp"":""2026-09-02T19:32:15Z""}",,,,,,,,4812
obdEngineLoad,CAN_ENGINE_LOAD,LATEST_LIVE,2026-09-02T19:32:15.000Z,2026-09-02T19:34:09.715Z,2026-09-02T19:34:09.374Z,2026-09-02T19:34:09.715Z,6003,83.92156862745098,"{""value"":83.92156862745098,""timestamp"":""2026-09-02T19:32:15Z""}",,,,,,,,4823
obdEngineLoad,CAN_ENGINE_LOAD,LATEST_LIVE,2026-09-02T19:32:15.000Z,2026-09-02T19:34:15.825Z,2026-09-02T19:34:15.513Z,2026-09-02T19:34:15.825Z,6008,83.92156862745098,"{""value"":83.92156862745098,""timestamp"":""2026-09-02T19:32:15Z""}",,,,,,,,4828
obdEngineLoad,CAN_ENGINE_LOAD,LATEST_LIVE,2026-09-02T19:32:15.000Z,2026-09-02T19:34:21.706Z,2026-09-02T19:34:21.371Z,2026-09-02T19:34:21.706Z,6013,83.92156862745098,"{""value"":83.92156862745098,""timestamp"":""2026-09-02T19:32:15Z""}",,,,,,,,4833
obdEngineLoad,CAN_ENGINE_LOAD,LATEST_LIVE,2026-09-02T19:34:20.000Z,2026-09-02T19:34:27.499Z,2026-09-02T19:34:27.280Z,2026-09-02T19:34:27.499Z,6018,65.49019607843137,"{""value"":65.49019607843137,""timestamp"":""2026-09-02T19:34:20Z""}",,,,,,,,4838
obdEngineLoad,CAN_ENGINE_LOAD,HF_HISTORICAL,2026-09-02T19:34:19.707Z,2026-09-02T19:34:27.886Z,2026-09-02T19:34:27.500Z,2026-09-02T19:34:27.886Z,6023,65.49019607843137,65.49019607843137,cf778d6ae153366c7f015e9a3e737117d09cf1f0d70e97e40667db7c2fb32ca8,1s,AVG,cf778d6ae153366c7f015e9a3e737117d09cf1f0d70e97e40667db7c2fb32ca8,2026-09-02T19:34:19.707Z,2026-09-02T19:34:27.500Z,2026-09-02T19:34:27.500Z,4843
obdEngineLoad,CAN_ENGINE_LOAD,LATEST_LIVE,2026-09-02T19:34:20.000Z,2026-09-02T19:34:33.433Z,2026-09-02T19:34:33.232Z,2026-09-02T19:34:33.433Z,6028,65.49019607843137,"{""value"":65.49019607843137,""timestamp"":""2026-09-02T19:34:20Z""}",,,,,,,,4848
obdEngineLoad,CAN_ENGINE_LOAD,LATEST_LIVE,2026-09-02T19:34:20.000Z,2026-09-02T19:34:39.372Z,2026-09-02T19:34:39.060Z,2026-09-02T19:34:39.372Z,6033,65.49019607843137,"{""value"":65.49019607843137,""timestamp"":""2026-09-02T19:34:20Z""}",,,,,,,,4853
obdEngineLoad,CAN_ENGINE_LOAD,LATEST_LIVE,2026-09-02T19:34:20.000Z,2026-09-02T19:34:45.525Z,2026-09-02T19:34:45.304Z,2026-09-02T19:34:45.525Z,6064,65.49019607843137,"{""value"":65.49019607843137,""timestamp"":""2026-09-02T19:34:20Z""}",,,,,,,,4864
obdEngineLoad,CAN_ENGINE_LOAD,LATEST_LIVE,2026-09-02T19:34:20.000Z,2026-09-02T19:34:51.289Z,2026-09-02T19:34:51.040Z,2026-09-02T19:34:51.289Z,6069,65.49019607843137,"{""value"":65.49019607843137,""timestamp"":""2026-09-02T19:34:20Z""}",,,,,,,,4869
obdEngineLoad,CAN_ENGINE_LOAD,LATEST_LIVE,2026-09-02T19:34:20.000Z,2026-09-02T19:34:57.276Z,2026-09-02T19:34:56.969Z,2026-09-02T19:34:57.276Z,6074,65.49019607843137,"{""value"":65.49019607843137,""timestamp"":""2026-09-02T19:34:20Z""}",,,,,,,,4874
obdEngineLoad,CAN_ENGINE_LOAD,LATEST_LIVE,2026-09-02T19:34:20.000Z,2026-09-02T19:35:03.291Z,2026-09-02T19:35:02.903Z,2026-09-02T19:35:03.291Z,6079,65.49019607843137,"{""value"":65.49019607843137,""timestamp"":""2026-09-02T19:34:20Z""}",,,,,,,,4879
obdEngineLoad,CAN_ENGINE_LOAD,LATEST_LIVE,2026-09-02T19:34:20.000Z,2026-09-02T19:35:09.269Z,2026-09-02T19:35:08.968Z,2026-09-02T19:35:09.269Z,6084,65.49019607843137,"{""value"":65.49019607843137,""timestamp"":""2026-09-02T19:34:20Z""}",,,,,,,,4884
obdEngineLoad,CAN_ENGINE_LOAD,LATEST_LIVE,2026-09-02T19:34:20.000Z,2026-09-02T19:35:15.375Z,2026-09-02T19:35:15.102Z,2026-09-02T19:35:15.375Z,6089,65.49019607843137,"{""value"":65.49019607843137,""timestamp"":""2026-09-02T19:34:20Z""}",,,,,,,,4889
obdEngineLoad,CAN_ENGINE_LOAD,LATEST_LIVE,2026-09-02T19:34:20.000Z,2026-09-02T19:35:21.637Z,2026-09-02T19:35:21.141Z,2026-09-02T19:35:21.637Z,6120,65.49019607843137,"{""value"":65.49019607843137,""timestamp"":""2026-09-02T19:34:20Z""}",,,,,,,,4900
obdEngineLoad,CAN_ENGINE_LOAD,LATEST_LIVE,2026-09-02T19:34:20.000Z,2026-09-02T19:35:27.389Z,2026-09-02T19:35:27.163Z,2026-09-02T19:35:27.389Z,6125,65.49019607843137,"{""value"":65.49019607843137,""timestamp"":""2026-09-02T19:34:20Z""}",,,,,,,,4905
obdEngineLoad,CAN_ENGINE_LOAD,LATEST_LIVE,2026-09-02T19:34:20.000Z,2026-09-02T19:35:33.117Z,2026-09-02T19:35:32.895Z,2026-09-02T19:35:33.117Z,6130,65.49019607843137,"{""value"":65.49019607843137,""timestamp"":""2026-09-02T19:34:20Z""}",,,,,,,,4910
obdEngineLoad,CAN_ENGINE_LOAD,LATEST_LIVE,2026-09-02T19:34:20.000Z,2026-09-02T19:35:38.911Z,2026-09-02T19:35:38.629Z,2026-09-02T19:35:38.911Z,6135,65.49019607843137,"{""value"":65.49019607843137,""timestamp"":""2026-09-02T19:34:20Z""}",,,,,,,,4915
obdEngineLoad,CAN_ENGINE_LOAD,LATEST_LIVE,2026-09-02T19:34:20.000Z,2026-09-02T19:35:45.599Z,2026-09-02T19:35:45.366Z,2026-09-02T19:35:45.599Z,6140,65.49019607843137,"{""value"":65.49019607843137,""timestamp"":""2026-09-02T19:34:20Z""}",,,,,,,,4920
obdEngineLoad,CAN_ENGINE_LOAD,LATEST_LIVE,2026-09-02T19:35:47.000Z,2026-09-02T19:35:51.886Z,2026-09-02T19:35:51.388Z,2026-09-02T19:35:51.886Z,6145,36.07843137254902,"{""value"":36.07843137254902,""timestamp"":""2026-09-02T19:35:47Z""}",,,,,,,,4925
obdEngineLoad,CAN_ENGINE_LOAD,HF_HISTORICAL,2026-09-02T19:35:46.601Z,2026-09-02T19:35:52.087Z,2026-09-02T19:35:51.887Z,2026-09-02T19:35:52.087Z,6150,36.07843137254902,36.07843137254902,a33dd55f2aa6943f7191bc51ef5bb6b5cf90ac41819f06a284aca40c47d92efd,1s,AVG,a33dd55f2aa6943f7191bc51ef5bb6b5cf90ac41819f06a284aca40c47d92efd,2026-09-02T19:35:43.601Z,2026-09-02T19:35:51.887Z,2026-09-02T19:35:51.887Z,4930
obdEngineLoad,CAN_ENGINE_LOAD,LATEST_LIVE,2026-09-02T19:35:52.000Z,2026-09-02T19:35:57.956Z,2026-09-02T19:35:57.738Z,2026-09-02T19:35:57.956Z,6181,46.27450980392157,"{""value"":46.27450980392157,""timestamp"":""2026-09-02T19:35:52Z""}",,,,,,,,4941
obdEngineLoad,CAN_ENGINE_LOAD,HF_HISTORICAL,2026-09-02T19:35:51.887Z,2026-09-02T19:35:58.164Z,2026-09-02T19:35:57.957Z,2026-09-02T19:35:58.164Z,6186,46.27450980392157,46.27450980392157,9d2736a6430ec5760647f3bca90595de0a07d7801b73433425380ddc673ab60b,1s,AVG,9d2736a6430ec5760647f3bca90595de0a07d7801b73433425380ddc673ab60b,2026-09-02T19:35:49.887Z,2026-09-02T19:35:57.957Z,2026-09-02T19:35:57.957Z,4946
obdEngineLoad,CAN_ENGINE_LOAD,LATEST_LIVE,2026-09-02T19:35:58.000Z,2026-09-02T19:36:03.740Z,2026-09-02T19:36:03.494Z,2026-09-02T19:36:03.740Z,6191,48.62745098039215,"{""value"":48.62745098039215,""timestamp"":""2026-09-02T19:35:58Z""}",,,,,,,,4951
obdEngineLoad,CAN_ENGINE_LOAD,HF_HISTORICAL,2026-09-02T19:35:56.957Z,2026-09-02T19:36:03.960Z,2026-09-02T19:36:03.749Z,2026-09-02T19:36:03.960Z,6196,28.62745098039216,28.62745098039216,da4f4f78a570de56b5578f61e005a9f843ae994c85918ab2fd97fcd68373c916,1s,AVG,da4f4f78a570de56b5578f61e005a9f843ae994c85918ab2fd97fcd68373c916,2026-09-02T19:35:55.957Z,2026-09-02T19:36:03.749Z,2026-09-02T19:36:03.749Z,4956
obdEngineLoad,CAN_ENGINE_LOAD,HF_HISTORICAL,2026-09-02T19:35:57.957Z,2026-09-02T19:36:03.960Z,2026-09-02T19:36:03.749Z,2026-09-02T19:36:03.960Z,6201,48.62745098039215,48.62745098039215,2ebef930aaa8dc9fc2f2ed30655ac3c5a4d9d53b555035cefe733cce3a40a909,1s,AVG,2ebef930aaa8dc9fc2f2ed30655ac3c5a4d9d53b555035cefe733cce3a40a909,2026-09-02T19:35:55.957Z,2026-09-02T19:36:03.749Z,2026-09-02T19:36:03.749Z,4961
obdEngineLoad,CAN_ENGINE_LOAD,LATEST_LIVE,2026-09-02T19:36:06.000Z,2026-09-02T19:36:09.445Z,2026-09-02T19:36:09.214Z,2026-09-02T19:36:09.445Z,6206,53.33333333333334,"{""value"":53.33333333333334,""timestamp"":""2026-09-02T19:36:06Z""}",,,,,,,,4966
obdEngineLoad,CAN_ENGINE_LOAD,HF_HISTORICAL,2026-09-02T19:36:01.749Z,2026-09-02T19:36:09.742Z,2026-09-02T19:36:09.446Z,2026-09-02T19:36:09.743Z,6211,27.45098039215686,27.45098039215686,9b1ddd10c813f24885e3f80bc51517da335707b7a30b45f8b4a4ae7d483d609a,1s,AVG,9b1ddd10c813f24885e3f80bc51517da335707b7a30b45f8b4a4ae7d483d609a,2026-09-02T19:36:01.749Z,2026-09-02T19:36:09.446Z,2026-09-02T19:36:09.446Z,4971
obdEngineLoad,CAN_ENGINE_LOAD,HF_HISTORICAL,2026-09-02T19:36:05.749Z,2026-09-02T19:36:09.742Z,2026-09-02T19:36:09.446Z,2026-09-02T19:36:09.743Z,6216,53.33333333333334,53.33333333333334,2e84f3b85a7335fa7036dc987d3b5905af92f2d3eadedf4b7db2e446a3f22537,1s,AVG,2e84f3b85a7335fa7036dc987d3b5905af92f2d3eadedf4b7db2e446a3f22537,2026-09-02T19:36:01.749Z,2026-09-02T19:36:09.446Z,2026-09-02T19:36:09.446Z,4976
obdEngineLoad,CAN_ENGINE_LOAD,LATEST_LIVE,2026-09-02T19:36:12.000Z,2026-09-02T19:36:15.469Z,2026-09-02T19:36:15.163Z,2026-09-02T19:36:15.469Z,6221,45.88235294117647,"{""value"":45.88235294117647,""timestamp"":""2026-09-02T19:36:12Z""}",,,,,,,,4981
obdEngineLoad,CAN_ENGINE_LOAD,HF_HISTORICAL,2026-09-02T19:36:09.446Z,2026-09-02T19:36:15.748Z,2026-09-02T19:36:15.470Z,2026-09-02T19:36:15.748Z,6226,44.31372549019608,44.31372549019608,d4488b264f51b3a288ebfde9c03e5f442c1a4bb83ca2a862015316f007fb478d,1s,AVG,d4488b264f51b3a288ebfde9c03e5f442c1a4bb83ca2a862015316f007fb478d,2026-09-02T19:36:07.446Z,2026-09-02T19:36:15.470Z,2026-09-02T19:36:15.470Z,4986
obdEngineLoad,CAN_ENGINE_LOAD,HF_HISTORICAL,2026-09-02T19:36:11.446Z,2026-09-02T19:36:15.748Z,2026-09-02T19:36:15.470Z,2026-09-02T19:36:15.748Z,6231,45.88235294117647,45.88235294117647,6f6d9e620c34ddab35156e1e90e3e78d980d459a8b705ef0879589a4eec9bcb2,1s,AVG,6f6d9e620c34ddab35156e1e90e3e78d980d459a8b705ef0879589a4eec9bcb2,2026-09-02T19:36:07.446Z,2026-09-02T19:36:15.470Z,2026-09-02T19:36:15.470Z,4991
obdEngineLoad,CAN_ENGINE_LOAD,LATEST_LIVE,2026-09-02T19:36:17.000Z,2026-09-02T19:36:21.557Z,2026-09-02T19:36:21.312Z,2026-09-02T19:36:21.557Z,6236,69.80392156862744,"{""value"":69.80392156862744,""timestamp"":""2026-09-02T19:36:17Z""}",,,,,,,,4996
obdEngineLoad,CAN_ENGINE_LOAD,HF_HISTORICAL,2026-09-02T19:36:14.470Z,2026-09-02T19:36:21.769Z,2026-09-02T19:36:21.560Z,2026-09-02T19:36:21.769Z,6241,55.29411764705883,55.29411764705883,16f11e5143cf62af4ab186540ac863b82cae42b97577a4feacacb93f22c93ae5,1s,AVG,16f11e5143cf62af4ab186540ac863b82cae42b97577a4feacacb93f22c93ae5,2026-09-02T19:36:13.470Z,2026-09-02T19:36:21.560Z,2026-09-02T19:36:21.560Z,5001
obdEngineLoad,CAN_ENGINE_LOAD,HF_HISTORICAL,2026-09-02T19:36:16.470Z,2026-09-02T19:36:21.769Z,2026-09-02T19:36:21.560Z,2026-09-02T19:36:21.769Z,6246,69.80392156862744,69.80392156862744,1e529f8562309ebb80c439fea8ffc4f4635c4e9cb50fea5ad35820214bbb80ba,1s,AVG,1e529f8562309ebb80c439fea8ffc4f4635c4e9cb50fea5ad35820214bbb80ba,2026-09-02T19:36:13.470Z,2026-09-02T19:36:21.560Z,2026-09-02T19:36:21.560Z,5006
