providerField,canonicalKey,acquisitionSurface,providerTimestamp,synqReceivedAt,requestStartedAt,requestCompletedAt,sequenceNumber,numericValue,rawValueJson,physicalSampleFingerprint,requestedInterval,requestedAggregation,aggregateBucketIdentity,hfWindowFrom,hfWindowTo,hfActualQueryTo,acquisitionOrdinal
powertrainCombustionEngineSpeed,CAN_ENGINE_RPM,LATEST_LIVE,2026-09-02T17:48:50.000Z,2026-09-02T18:59:15.949Z,2026-09-02T18:59:15.730Z,2026-09-02T18:59:15.949Z,3,1831,"{""value"":1831,""timestamp"":""2026-09-02T17:48:50Z""}",,,,,,,,3
powertrainCombustionEngineSpeed,CAN_ENGINE_RPM,LATEST_LIVE,2026-09-02T17:48:50.000Z,2026-09-02T18:59:22.101Z,2026-09-02T18:59:21.772Z,2026-09-02T18:59:22.101Z,34,1831,"{""value"":1831,""timestamp"":""2026-09-02T17:48:50Z""}",,,,,,,,14
powertrainCombustionEngineSpeed,CAN_ENGINE_RPM,LATEST_LIVE,2026-09-02T17:48:50.000Z,2026-09-02T18:59:28.041Z,2026-09-02T18:59:27.805Z,2026-09-02T18:59:28.041Z,39,1831,"{""value"":1831,""timestamp"":""2026-09-02T17:48:50Z""}",,,,,,,,19
powertrainCombustionEngineSpeed,CAN_ENGINE_RPM,LATEST_LIVE,2026-09-02T17:48:50.000Z,2026-09-02T18:59:34.101Z,2026-09-02T18:59:33.640Z,2026-09-02T18:59:34.101Z,44,1831,"{""value"":1831,""timestamp"":""2026-09-02T17:48:50Z""}",,,,,,,,24
powertrainCombustionEngineSpeed,CAN_ENGINE_RPM,LATEST_LIVE,2026-09-02T17:48:50.000Z,2026-09-02T18:59:39.958Z,2026-09-02T18:59:39.672Z,2026-09-02T18:59:39.958Z,49,1831,"{""value"":1831,""timestamp"":""2026-09-02T17:48:50Z""}",,,,,,,,29
powertrainCombustionEngineSpeed,CAN_ENGINE_RPM,LATEST_LIVE,2026-09-02T17:48:50.000Z,2026-09-02T18:59:45.643Z,2026-09-02T18:59:45.415Z,2026-09-02T18:59:45.643Z,54,1831,"{""value"":1831,""timestamp"":""2026-09-02T17:48:50Z""}",,,,,,,,34
powertrainCombustionEngineSpeed,CAN_ENGINE_RPM,LATEST_LIVE,2026-09-02T18:59:47.000Z,2026-09-02T18:59:51.860Z,2026-09-02T18:59:51.544Z,2026-09-02T18:59:51.860Z,85,927,"{""value"":927,""timestamp"":""2026-09-02T18:59:47Z""}",,,,,,,,45
powertrainCombustionEngineSpeed,CAN_ENGINE_RPM,HF_HISTORICAL,2026-09-02T18:59:45.646Z,2026-09-02T18:59:52.125Z,2026-09-02T18:59:51.863Z,2026-09-02T18:59:52.125Z,90,930,930,1d724cca7dd4684d701b752405fbcbefc7919d985e65488d59069560a071555e,1s,AVG,1d724cca7dd4684d701b752405fbcbefc7919d985e65488d59069560a071555e,2026-09-02T18:59:43.646Z,2026-09-02T18:59:51.863Z,2026-09-02T18:59:51.863Z,50
powertrainCombustionEngineSpeed,CAN_ENGINE_RPM,HF_HISTORICAL,2026-09-02T18:59:46.646Z,2026-09-02T18:59:52.125Z,2026-09-02T18:59:51.863Z,2026-09-02T18:59:52.125Z,95,927,927,f71b4a4fe2ffe030558c50fbceda6fd8a7db3ace66f2cd978cbd15e318abceda,1s,AVG,f71b4a4fe2ffe030558c50fbceda6fd8a7db3ace66f2cd978cbd15e318abceda,2026-09-02T18:59:43.646Z,2026-09-02T18:59:51.863Z,2026-09-02T18:59:51.863Z,55
powertrainCombustionEngineSpeed,CAN_ENGINE_RPM,LATEST_LIVE,2026-09-02T18:59:53.000Z,2026-09-02T18:59:57.781Z,2026-09-02T18:59:57.480Z,2026-09-02T18:59:57.781Z,100,930,"{""value"":930,""timestamp"":""2026-09-02T18:59:53Z""}",,,,,,,,60
powertrainCombustionEngineSpeed,CAN_ENGINE_RPM,HF_HISTORICAL,2026-09-02T18:59:49.863Z,2026-09-02T18:59:58.032Z,2026-09-02T18:59:57.784Z,2026-09-02T18:59:58.032Z,105,930,930,ebca26029fec97c1d7dc0ce3aea107427e56a5f687ded7b375fdcc738cab7c1b,1s,AVG,ebca26029fec97c1d7dc0ce3aea107427e56a5f687ded7b375fdcc738cab7c1b,2026-09-02T18:59:49.863Z,2026-09-02T18:59:57.784Z,2026-09-02T18:59:57.784Z,65
powertrainCombustionEngineSpeed,CAN_ENGINE_RPM,HF_HISTORICAL,2026-09-02T18:59:50.863Z,2026-09-02T18:59:58.032Z,2026-09-02T18:59:57.784Z,2026-09-02T18:59:58.032Z,110,929,929,8d404c62b3c57b28d17e2581db53f73c40251ebf6ab7c4dbe63cfcf186a50f20,1s,AVG,8d404c62b3c57b28d17e2581db53f73c40251ebf6ab7c4dbe63cfcf186a50f20,2026-09-02T18:59:49.863Z,2026-09-02T18:59:57.784Z,2026-09-02T18:59:57.784Z,70
powertrainCombustionEngineSpeed,CAN_ENGINE_RPM,HF_HISTORICAL,2026-09-02T18:59:52.863Z,2026-09-02T18:59:58.032Z,2026-09-02T18:59:57.784Z,2026-09-02T18:59:58.032Z,115,930,930,d11e750d47663c7fa35e34e4e69bc3b1d1ecc071ccea3547f29760e64ff32457,1s,AVG,d11e750d47663c7fa35e34e4e69bc3b1d1ecc071ccea3547f29760e64ff32457,2026-09-02T18:59:49.863Z,2026-09-02T18:59:57.784Z,2026-09-02T18:59:57.784Z,75
powertrainCombustionEngineSpeed,CAN_ENGINE_RPM,LATEST_LIVE,2026-09-02T18:59:57.000Z,2026-09-02T19:00:03.829Z,2026-09-02T19:00:03.423Z,2026-09-02T19:00:03.829Z,120,928,"{""value"":928,""timestamp"":""2026-09-02T18:59:57Z""}",,,,,,,,80
powertrainCombustionEngineSpeed,CAN_ENGINE_RPM,HF_HISTORICAL,2026-09-02T18:59:56.784Z,2026-09-02T19:00:04.205Z,2026-09-02T19:00:03.835Z,2026-09-02T19:00:04.205Z,125,928,928,a36889de2755c5afe5e33d640d782fddec889aaec9f4dbd1116f0409bf474828,1s,AVG,a36889de2755c5afe5e33d640d782fddec889aaec9f4dbd1116f0409bf474828,2026-09-02T18:59:55.784Z,2026-09-02T19:00:03.835Z,2026-09-02T19:00:03.835Z,85
powertrainCombustionEngineSpeed,CAN_ENGINE_RPM,LATEST_LIVE,2026-09-02T18:59:59.000Z,2026-09-02T19:00:10.422Z,2026-09-02T19:00:10.054Z,2026-09-02T19:00:10.422Z,130,1159,"{""value"":1159,""timestamp"":""2026-09-02T18:59:59Z""}",,,,,,,,90
powertrainCombustionEngineSpeed,CAN_ENGINE_RPM,LATEST_LIVE,2026-09-02T18:59:59.000Z,2026-09-02T19:00:16.365Z,2026-09-02T19:00:16.117Z,2026-09-02T19:00:16.365Z,135,1159,"{""value"":1159,""timestamp"":""2026-09-02T18:59:59Z""}",,,,,,,,95
powertrainCombustionEngineSpeed,CAN_ENGINE_RPM,LATEST_LIVE,2026-09-02T18:59:59.000Z,2026-09-02T19:00:22.201Z,2026-09-02T19:00:21.969Z,2026-09-02T19:00:22.201Z,140,1159,"{""value"":1159,""timestamp"":""2026-09-02T18:59:59Z""}",,,,,,,,100
powertrainCombustionEngineSpeed,CAN_ENGINE_RPM,LATEST_LIVE,2026-09-02T19:00:18.000Z,2026-09-02T19:00:28.267Z,2026-09-02T19:00:27.998Z,2026-09-02T19:00:28.267Z,171,1159,"{""value"":1159,""timestamp"":""2026-09-02T19:00:18Z""}",,,,,,,,111
powertrainCombustionEngineSpeed,CAN_ENGINE_RPM,LATEST_LIVE,2026-09-02T19:00:18.000Z,2026-09-02T19:00:34.036Z,2026-09-02T19:00:33.754Z,2026-09-02T19:00:34.036Z,176,1159,"{""value"":1159,""timestamp"":""2026-09-02T19:00:18Z""}",,,,,,,,116
powertrainCombustionEngineSpeed,CAN_ENGINE_RPM,LATEST_LIVE,2026-09-02T19:00:18.000Z,2026-09-02T19:00:39.888Z,2026-09-02T19:00:39.577Z,2026-09-02T19:00:39.888Z,181,1159,"{""value"":1159,""timestamp"":""2026-09-02T19:00:18Z""}",,,,,,,,121
powertrainCombustionEngineSpeed,CAN_ENGINE_RPM,LATEST_LIVE,2026-09-02T19:00:18.000Z,2026-09-02T19:00:45.903Z,2026-09-02T19:00:45.637Z,2026-09-02T19:00:45.903Z,186,1159,"{""value"":1159,""timestamp"":""2026-09-02T19:00:18Z""}",,,,,,,,126
powertrainCombustionEngineSpeed,CAN_ENGINE_RPM,LATEST_LIVE,2026-09-02T19:00:18.000Z,2026-09-02T19:00:51.651Z,2026-09-02T19:00:51.457Z,2026-09-02T19:00:51.651Z,191,1159,"{""value"":1159,""timestamp"":""2026-09-02T19:00:18Z""}",,,,,,,,131
powertrainCombustionEngineSpeed,CAN_ENGINE_RPM,LATEST_LIVE,2026-09-02T19:00:18.000Z,2026-09-02T19:00:57.427Z,2026-09-02T19:00:57.200Z,2026-09-02T19:00:57.427Z,196,1159,"{""value"":1159,""timestamp"":""2026-09-02T19:00:18Z""}",,,,,,,,136
powertrainCombustionEngineSpeed,CAN_ENGINE_RPM,LATEST_LIVE,2026-09-02T19:00:18.000Z,2026-09-02T19:01:04.063Z,2026-09-02T19:01:03.474Z,2026-09-02T19:01:04.063Z,227,1159,"{""value"":1159,""timestamp"":""2026-09-02T19:00:18Z""}",,,,,,,,147
powertrainCombustionEngineSpeed,CAN_ENGINE_RPM,LATEST_LIVE,2026-09-02T19:00:18.000Z,2026-09-02T19:01:10.175Z,2026-09-02T19:01:09.888Z,2026-09-02T19:01:10.175Z,232,1159,"{""value"":1159,""timestamp"":""2026-09-02T19:00:18Z""}",,,,,,,,152
powertrainCombustionEngineSpeed,CAN_ENGINE_RPM,LATEST_LIVE,2026-09-02T19:00:18.000Z,2026-09-02T19:01:16.049Z,2026-09-02T19:01:15.704Z,2026-09-02T19:01:16.049Z,237,1159,"{""value"":1159,""timestamp"":""2026-09-02T19:00:18Z""}",,,,,,,,157
powertrainCombustionEngineSpeed,CAN_ENGINE_RPM,LATEST_LIVE,2026-09-02T19:00:18.000Z,2026-09-02T19:01:21.877Z,2026-09-02T19:01:21.651Z,2026-09-02T19:01:21.877Z,242,1159,"{""value"":1159,""timestamp"":""2026-09-02T19:00:18Z""}",,,,,,,,162
powertrainCombustionEngineSpeed,CAN_ENGINE_RPM,LATEST_LIVE,2026-09-02T19:00:18.000Z,2026-09-02T19:01:27.688Z,2026-09-02T19:01:27.383Z,2026-09-02T19:01:27.688Z,247,1159,"{""value"":1159,""timestamp"":""2026-09-02T19:00:18Z""}",,,,,,,,167
powertrainCombustionEngineSpeed,CAN_ENGINE_RPM,LATEST_LIVE,2026-09-02T19:00:18.000Z,2026-09-02T19:01:33.671Z,2026-09-02T19:01:33.425Z,2026-09-02T19:01:33.671Z,252,1159,"{""value"":1159,""timestamp"":""2026-09-02T19:00:18Z""}",,,,,,,,172
powertrainCombustionEngineSpeed,CAN_ENGINE_RPM,LATEST_LIVE,2026-09-02T19:00:18.000Z,2026-09-02T19:01:39.674Z,2026-09-02T19:01:39.454Z,2026-09-02T19:01:39.674Z,283,1159,"{""value"":1159,""timestamp"":""2026-09-02T19:00:18Z""}",,,,,,,,183
powertrainCombustionEngineSpeed,CAN_ENGINE_RPM,LATEST_LIVE,2026-09-02T19:00:18.000Z,2026-09-02T19:01:45.526Z,2026-09-02T19:01:45.290Z,2026-09-02T19:01:45.526Z,288,1159,"{""value"":1159,""timestamp"":""2026-09-02T19:00:18Z""}",,,,,,,,188
powertrainCombustionEngineSpeed,CAN_ENGINE_RPM,LATEST_LIVE,2026-09-02T19:00:18.000Z,2026-09-02T19:01:51.285Z,2026-09-02T19:01:50.993Z,2026-09-02T19:01:51.285Z,293,1159,"{""value"":1159,""timestamp"":""2026-09-02T19:00:18Z""}",,,,,,,,193
powertrainCombustionEngineSpeed,CAN_ENGINE_RPM,LATEST_LIVE,2026-09-02T19:00:18.000Z,2026-09-02T19:01:57.205Z,2026-09-02T19:01:56.972Z,2026-09-02T19:01:57.205Z,298,1159,"{""value"":1159,""timestamp"":""2026-09-02T19:00:18Z""}",,,,,,,,198
powertrainCombustionEngineSpeed,CAN_ENGINE_RPM,LATEST_LIVE,2026-09-02T19:00:18.000Z,2026-09-02T19:02:03.161Z,2026-09-02T19:02:02.764Z,2026-09-02T19:02:03.161Z,303,1159,"{""value"":1159,""timestamp"":""2026-09-02T19:00:18Z""}",,,,,,,,203
powertrainCombustionEngineSpeed,CAN_ENGINE_RPM,LATEST_LIVE,2026-09-02T19:00:18.000Z,2026-09-02T19:02:08.905Z,2026-09-02T19:02:08.660Z,2026-09-02T19:02:08.905Z,308,1159,"{""value"":1159,""timestamp"":""2026-09-02T19:00:18Z""}",,,,,,,,208
powertrainCombustionEngineSpeed,CAN_ENGINE_RPM,LATEST_LIVE,2026-09-02T19:00:18.000Z,2026-09-02T19:02:14.934Z,2026-09-02T19:02:14.629Z,2026-09-02T19:02:14.934Z,339,1159,"{""value"":1159,""timestamp"":""2026-09-02T19:00:18Z""}",,,,,,,,219
powertrainCombustionEngineSpeed,CAN_ENGINE_RPM,LATEST_LIVE,2026-09-02T19:00:18.000Z,2026-09-02T19:02:20.752Z,2026-09-02T19:02:20.483Z,2026-09-02T19:02:20.752Z,344,1159,"{""value"":1159,""timestamp"":""2026-09-02T19:00:18Z""}",,,,,,,,224
powertrainCombustionEngineSpeed,CAN_ENGINE_RPM,LATEST_LIVE,2026-09-02T19:00:18.000Z,2026-09-02T19:02:26.617Z,2026-09-02T19:02:26.398Z,2026-09-02T19:02:26.617Z,349,1159,"{""value"":1159,""timestamp"":""2026-09-02T19:00:18Z""}",,,,,,,,229
powertrainCombustionEngineSpeed,CAN_ENGINE_RPM,LATEST_LIVE,2026-09-02T19:00:18.000Z,2026-09-02T19:02:32.648Z,2026-09-02T19:02:32.227Z,2026-09-02T19:02:32.648Z,354,1159,"{""value"":1159,""timestamp"":""2026-09-02T19:00:18Z""}",,,,,,,,234
powertrainCombustionEngineSpeed,CAN_ENGINE_RPM,LATEST_LIVE,2026-09-02T19:00:18.000Z,2026-09-02T19:02:38.941Z,2026-09-02T19:02:38.653Z,2026-09-02T19:02:38.941Z,359,1159,"{""value"":1159,""timestamp"":""2026-09-02T19:00:18Z""}",,,,,,,,239
powertrainCombustionEngineSpeed,CAN_ENGINE_RPM,LATEST_LIVE,2026-09-02T19:00:18.000Z,2026-09-02T19:02:44.730Z,2026-09-02T19:02:44.485Z,2026-09-02T19:02:44.730Z,364,1159,"{""value"":1159,""timestamp"":""2026-09-02T19:00:18Z""}",,,,,,,,244
powertrainCombustionEngineSpeed,CAN_ENGINE_RPM,LATEST_LIVE,2026-09-02T19:00:18.000Z,2026-09-02T19:02:50.829Z,2026-09-02T19:02:50.543Z,2026-09-02T19:02:50.829Z,395,1159,"{""value"":1159,""timestamp"":""2026-09-02T19:00:18Z""}",,,,,,,,255
powertrainCombustionEngineSpeed,CAN_ENGINE_RPM,LATEST_LIVE,2026-09-02T19:00:18.000Z,2026-09-02T19:02:56.638Z,2026-09-02T19:02:56.365Z,2026-09-02T19:02:56.638Z,400,1159,"{""value"":1159,""timestamp"":""2026-09-02T19:00:18Z""}",,,,,,,,260
powertrainCombustionEngineSpeed,CAN_ENGINE_RPM,LATEST_LIVE,2026-09-02T19:00:18.000Z,2026-09-02T19:03:02.397Z,2026-09-02T19:03:02.121Z,2026-09-02T19:03:02.397Z,405,1159,"{""value"":1159,""timestamp"":""2026-09-02T19:00:18Z""}",,,,,,,,265
powertrainCombustionEngineSpeed,CAN_ENGINE_RPM,LATEST_LIVE,2026-09-02T19:00:18.000Z,2026-09-02T19:03:08.475Z,2026-09-02T19:03:07.953Z,2026-09-02T19:03:08.475Z,410,1159,"{""value"":1159,""timestamp"":""2026-09-02T19:00:18Z""}",,,,,,,,270
powertrainCombustionEngineSpeed,CAN_ENGINE_RPM,LATEST_LIVE,2026-09-02T19:00:18.000Z,2026-09-02T19:03:14.327Z,2026-09-02T19:03:14.077Z,2026-09-02T19:03:14.327Z,415,1159,"{""value"":1159,""timestamp"":""2026-09-02T19:00:18Z""}",,,,,,,,275
powertrainCombustionEngineSpeed,CAN_ENGINE_RPM,LATEST_LIVE,2026-09-02T19:00:18.000Z,2026-09-02T19:03:20.417Z,2026-09-02T19:03:20.133Z,2026-09-02T19:03:20.417Z,420,1159,"{""value"":1159,""timestamp"":""2026-09-02T19:00:18Z""}",,,,,,,,280
powertrainCombustionEngineSpeed,CAN_ENGINE_RPM,LATEST_LIVE,2026-09-02T19:00:18.000Z,2026-09-02T19:03:26.994Z,2026-09-02T19:03:26.754Z,2026-09-02T19:03:26.994Z,451,1159,"{""value"":1159,""timestamp"":""2026-09-02T19:00:18Z""}",,,,,,,,291
powertrainCombustionEngineSpeed,CAN_ENGINE_RPM,LATEST_LIVE,2026-09-02T19:03:24.000Z,2026-09-02T19:03:33.385Z,2026-09-02T19:03:32.510Z,2026-09-02T19:03:33.385Z,456,2014,"{""value"":2014,""timestamp"":""2026-09-02T19:03:24Z""}",,,,,,,,296
powertrainCombustionEngineSpeed,CAN_ENGINE_RPM,LATEST_LIVE,2026-09-02T19:03:24.000Z,2026-09-02T19:03:39.521Z,2026-09-02T19:03:39.031Z,2026-09-02T19:03:39.521Z,461,2014,"{""value"":2014,""timestamp"":""2026-09-02T19:03:24Z""}",,,,,,,,301
powertrainCombustionEngineSpeed,CAN_ENGINE_RPM,LATEST_LIVE,2026-09-02T19:03:41.000Z,2026-09-02T19:03:45.421Z,2026-09-02T19:03:45.176Z,2026-09-02T19:03:45.421Z,466,1257,"{""value"":1257,""timestamp"":""2026-09-02T19:03:41Z""}",,,,,,,,306
powertrainCombustionEngineSpeed,CAN_ENGINE_RPM,HF_HISTORICAL,2026-09-02T19:03:39.522Z,2026-09-02T19:03:45.616Z,2026-09-02T19:03:45.423Z,2026-09-02T19:03:45.616Z,471,2245,2245,dbfaf324c91f828a5c53e9a564596e08c7dc5918c67651964727b33d74e2bb65,1s,AVG,dbfaf324c91f828a5c53e9a564596e08c7dc5918c67651964727b33d74e2bb65,2026-09-02T19:03:37.522Z,2026-09-02T19:03:45.423Z,2026-09-02T19:03:45.423Z,311
powertrainCombustionEngineSpeed,CAN_ENGINE_RPM,HF_HISTORICAL,2026-09-02T19:03:40.522Z,2026-09-02T19:03:45.616Z,2026-09-02T19:03:45.423Z,2026-09-02T19:03:45.616Z,476,1257,1257,877420bc992a680a04aec67d3b44b859bcfaaf3f7960369f9c94e3234d2b3091,1s,AVG,877420bc992a680a04aec67d3b44b859bcfaaf3f7960369f9c94e3234d2b3091,2026-09-02T19:03:37.522Z,2026-09-02T19:03:45.423Z,2026-09-02T19:03:45.423Z,316
powertrainCombustionEngineSpeed,CAN_ENGINE_RPM,LATEST_LIVE,2026-09-02T19:03:46.000Z,2026-09-02T19:03:51.189Z,2026-09-02T19:03:50.897Z,2026-09-02T19:03:51.189Z,481,1618,"{""value"":1618,""timestamp"":""2026-09-02T19:03:46Z""}",,,,,,,,321
powertrainCombustionEngineSpeed,CAN_ENGINE_RPM,HF_HISTORICAL,2026-09-02T19:03:44.423Z,2026-09-02T19:03:51.378Z,2026-09-02T19:03:51.190Z,2026-09-02T19:03:51.378Z,486,1257,1257,f3f1b9ba43d7d0a9100a33f2d151b2772fba980eccde821f5077427ed1f1b1ed,1s,AVG,f3f1b9ba43d7d0a9100a33f2d151b2772fba980eccde821f5077427ed1f1b1ed,2026-09-02T19:03:43.423Z,2026-09-02T19:03:51.190Z,2026-09-02T19:03:51.190Z,326
powertrainCombustionEngineSpeed,CAN_ENGINE_RPM,HF_HISTORICAL,2026-09-02T19:03:45.423Z,2026-09-02T19:03:51.378Z,2026-09-02T19:03:51.190Z,2026-09-02T19:03:51.378Z,491,1618,1618,2135a605dfbc6a7fdbd4b1e91dfe319085180a8c16258129aef97ecf6f9e2362,1s,AVG,2135a605dfbc6a7fdbd4b1e91dfe319085180a8c16258129aef97ecf6f9e2362,2026-09-02T19:03:43.423Z,2026-09-02T19:03:51.190Z,2026-09-02T19:03:51.190Z,331
powertrainCombustionEngineSpeed,CAN_ENGINE_RPM,LATEST_LIVE,2026-09-02T19:03:53.000Z,2026-09-02T19:03:56.904Z,2026-09-02T19:03:56.660Z,2026-09-02T19:03:56.904Z,496,1629,"{""value"":1629,""timestamp"":""2026-09-02T19:03:53Z""}",,,,,,,,336
powertrainCombustionEngineSpeed,CAN_ENGINE_RPM,HF_HISTORICAL,2026-09-02T19:03:49.190Z,2026-09-02T19:03:57.120Z,2026-09-02T19:03:56.905Z,2026-09-02T19:03:57.120Z,501,1754,1754,6a7ebf341f0b81352becc428ff7f3f96ecf65c48025ac528ee64402802e3ced4,1s,AVG,6a7ebf341f0b81352becc428ff7f3f96ecf65c48025ac528ee64402802e3ced4,2026-09-02T19:03:49.190Z,2026-09-02T19:03:56.905Z,2026-09-02T19:03:56.905Z,341
powertrainCombustionEngineSpeed,CAN_ENGINE_RPM,HF_HISTORICAL,2026-09-02T19:03:52.190Z,2026-09-02T19:03:57.120Z,2026-09-02T19:03:56.905Z,2026-09-02T19:03:57.120Z,506,1629,1629,638ea70d31b05e9b19c61d976b97462ab08b28276f317fb1090a0dc398d9bd8d,1s,AVG,638ea70d31b05e9b19c61d976b97462ab08b28276f317fb1090a0dc398d9bd8d,2026-09-02T19:03:49.190Z,2026-09-02T19:03:56.905Z,2026-09-02T19:03:56.905Z,346
powertrainCombustionEngineSpeed,CAN_ENGINE_RPM,LATEST_LIVE,2026-09-02T19:03:54.000Z,2026-09-02T19:04:02.951Z,2026-09-02T19:04:02.688Z,2026-09-02T19:04:02.951Z,537,1546,"{""value"":1546,""timestamp"":""2026-09-02T19:03:54Z""}",,,,,,,,357
powertrainCombustionEngineSpeed,CAN_ENGINE_RPM,LATEST_LIVE,2026-09-02T19:04:04.000Z,2026-09-02T19:04:08.756Z,2026-09-02T19:04:08.514Z,2026-09-02T19:04:08.756Z,546,1490,"{""value"":1490,""timestamp"":""2026-09-02T19:04:04Z""}",,,,,,,,366
powertrainCombustionEngineSpeed,CAN_ENGINE_RPM,HF_HISTORICAL,2026-09-02T19:04:03.952Z,2026-09-02T19:04:09.005Z,2026-09-02T19:04:08.760Z,2026-09-02T19:04:09.005Z,551,1490,1490,fc24f0d010e851905b1ade628c24498799227618abfb72bfc058f5ae25907902,1s,AVG,fc24f0d010e851905b1ade628c24498799227618abfb72bfc058f5ae25907902,2026-09-02T19:04:00.952Z,2026-09-02T19:04:08.760Z,2026-09-02T19:04:08.760Z,371
powertrainCombustionEngineSpeed,CAN_ENGINE_RPM,LATEST_LIVE,2026-09-02T19:04:10.000Z,2026-09-02T19:04:14.643Z,2026-09-02T19:04:14.347Z,2026-09-02T19:04:14.643Z,556,1788,"{""value"":1788,""timestamp"":""2026-09-02T19:04:10Z""}",,,,,,,,376
powertrainCombustionEngineSpeed,CAN_ENGINE_RPM,HF_HISTORICAL,2026-09-02T19:04:07.760Z,2026-09-02T19:04:14.991Z,2026-09-02T19:04:14.644Z,2026-09-02T19:04:14.991Z,561,1498,1498,f104836bebcec26c15ec66b7dd5bfb1713c9e0632c84f1981cedb4ef7e39f4ff,1s,AVG,f104836bebcec26c15ec66b7dd5bfb1713c9e0632c84f1981cedb4ef7e39f4ff,2026-09-02T19:04:06.760Z,2026-09-02T19:04:14.644Z,2026-09-02T19:04:14.644Z,381
powertrainCombustionEngineSpeed,CAN_ENGINE_RPM,HF_HISTORICAL,2026-09-02T19:04:09.760Z,2026-09-02T19:04:14.991Z,2026-09-02T19:04:14.644Z,2026-09-02T19:04:14.991Z,566,1788,1788,593de22cda6c5ea9f7d01fdca45a716f7b8c3bd4fcd75922528d3ec0a1e8d701,1s,AVG,593de22cda6c5ea9f7d01fdca45a716f7b8c3bd4fcd75922528d3ec0a1e8d701,2026-09-02T19:04:06.760Z,2026-09-02T19:04:14.644Z,2026-09-02T19:04:14.644Z,386
powertrainCombustionEngineSpeed,CAN_ENGINE_RPM,LATEST_LIVE,2026-09-02T19:04:16.000Z,2026-09-02T19:04:20.522Z,2026-09-02T19:04:20.291Z,2026-09-02T19:04:20.522Z,571,1380,"{""value"":1380,""timestamp"":""2026-09-02T19:04:16Z""}",,,,,,,,391
powertrainCombustionEngineSpeed,CAN_ENGINE_RPM,HF_HISTORICAL,2026-09-02T19:04:15.644Z,2026-09-02T19:04:20.732Z,2026-09-02T19:04:20.523Z,2026-09-02T19:04:20.732Z,576,1380,1380,f37e0636666068fa4ec412f1adf8261fd8b326eaea5ecabb7b1a8d387e9fd1ac,1s,AVG,f37e0636666068fa4ec412f1adf8261fd8b326eaea5ecabb7b1a8d387e9fd1ac,2026-09-02T19:04:12.644Z,2026-09-02T19:04:20.523Z,2026-09-02T19:04:20.523Z,396
powertrainCombustionEngineSpeed,CAN_ENGINE_RPM,LATEST_LIVE,2026-09-02T19:04:20.000Z,2026-09-02T19:04:26.342Z,2026-09-02T19:04:26.124Z,2026-09-02T19:04:26.342Z,581,1600,"{""value"":1600,""timestamp"":""2026-09-02T19:04:20Z""}",,,,,,,,401
powertrainCombustionEngineSpeed,CAN_ENGINE_RPM,HF_HISTORICAL,2026-09-02T19:04:19.523Z,2026-09-02T19:04:26.548Z,2026-09-02T19:04:26.344Z,2026-09-02T19:04:26.548Z,586,1600,1600,9bdf6549fd6d857dc7d3bbfe1ac8e1543cb2a4c9937c1ba18aa334cd3d5c661b,1s,AVG,9bdf6549fd6d857dc7d3bbfe1ac8e1543cb2a4c9937c1ba18aa334cd3d5c661b,2026-09-02T19:04:18.523Z,2026-09-02T19:04:26.344Z,2026-09-02T19:04:26.344Z,406
powertrainCombustionEngineSpeed,CAN_ENGINE_RPM,HF_HISTORICAL,2026-09-02T19:04:22.523Z,2026-09-02T19:04:26.548Z,2026-09-02T19:04:26.344Z,2026-09-02T19:04:26.548Z,591,2067,2067,83629533258f6910186f5270a990441668bafdf36e4988708044a7c2ba7a3868,1s,AVG,83629533258f6910186f5270a990441668bafdf36e4988708044a7c2ba7a3868,2026-09-02T19:04:18.523Z,2026-09-02T19:04:26.344Z,2026-09-02T19:04:26.344Z,411
powertrainCombustionEngineSpeed,CAN_ENGINE_RPM,LATEST_LIVE,2026-09-02T19:04:23.000Z,2026-09-02T19:04:32.120Z,2026-09-02T19:04:31.857Z,2026-09-02T19:04:32.120Z,596,2067,"{""value"":2067,""timestamp"":""2026-09-02T19:04:23Z""}",,,,,,,,416
powertrainCombustionEngineSpeed,CAN_ENGINE_RPM,LATEST_LIVE,2026-09-02T19:04:23.000Z,2026-09-02T19:04:38.281Z,2026-09-02T19:04:37.907Z,2026-09-02T19:04:38.281Z,627,2067,"{""value"":2067,""timestamp"":""2026-09-02T19:04:23Z""}",,,,,,,,427
powertrainCombustionEngineSpeed,CAN_ENGINE_RPM,LATEST_LIVE,2026-09-02T19:04:23.000Z,2026-09-02T19:04:43.976Z,2026-09-02T19:04:43.761Z,2026-09-02T19:04:43.976Z,632,2067,"{""value"":2067,""timestamp"":""2026-09-02T19:04:23Z""}",,,,,,,,432
powertrainCombustionEngineSpeed,CAN_ENGINE_RPM,LATEST_LIVE,2026-09-02T19:04:44.000Z,2026-09-02T19:04:49.842Z,2026-09-02T19:04:49.478Z,2026-09-02T19:04:49.842Z,637,2429,"{""value"":2429,""timestamp"":""2026-09-02T19:04:44Z""}",,,,,,,,437
powertrainCombustionEngineSpeed,CAN_ENGINE_RPM,HF_HISTORICAL,2026-09-02T19:04:41.977Z,2026-09-02T19:04:50.130Z,2026-09-02T19:04:49.844Z,2026-09-02T19:04:50.130Z,642,2067,2067,c9c32bfa2960df98ad5603e89a4239477cfe8487d12d2bfa552a89f2b5cce2e1,1s,AVG,c9c32bfa2960df98ad5603e89a4239477cfe8487d12d2bfa552a89f2b5cce2e1,2026-09-02T19:04:41.977Z,2026-09-02T19:04:49.844Z,2026-09-02T19:04:49.844Z,442
powertrainCombustionEngineSpeed,CAN_ENGINE_RPM,HF_HISTORICAL,2026-09-02T19:04:43.977Z,2026-09-02T19:04:50.130Z,2026-09-02T19:04:49.844Z,2026-09-02T19:04:50.130Z,647,2429,2429,95bd7a024940c8ecaf5e3fc31e6ba427b0a502a24e95c521efc63e975747dd7b,1s,AVG,95bd7a024940c8ecaf5e3fc31e6ba427b0a502a24e95c521efc63e975747dd7b,2026-09-02T19:04:41.977Z,2026-09-02T19:04:49.844Z,2026-09-02T19:04:49.844Z,447
powertrainCombustionEngineSpeed,CAN_ENGINE_RPM,LATEST_LIVE,2026-09-02T19:04:50.000Z,2026-09-02T19:04:55.644Z,2026-09-02T19:04:55.414Z,2026-09-02T19:04:55.644Z,656,1721,"{""value"":1721,""timestamp"":""2026-09-02T19:04:50Z""}",,,,,,,,456
powertrainCombustionEngineSpeed,CAN_ENGINE_RPM,HF_HISTORICAL,2026-09-02T19:04:48.844Z,2026-09-02T19:04:55.854Z,2026-09-02T19:04:55.648Z,2026-09-02T19:04:55.854Z,661,1608,1608,b757c12c9ba7eef841dedfe79b425b3f35c8dc1e680276b7cabf0a6554bda482,1s,AVG,b757c12c9ba7eef841dedfe79b425b3f35c8dc1e680276b7cabf0a6554bda482,2026-09-02T19:04:47.844Z,2026-09-02T19:04:55.648Z,2026-09-02T19:04:55.648Z,461
powertrainCombustionEngineSpeed,CAN_ENGINE_RPM,HF_HISTORICAL,2026-09-02T19:04:49.844Z,2026-09-02T19:04:55.854Z,2026-09-02T19:04:55.648Z,2026-09-02T19:04:55.854Z,666,1721,1721,bcd7de4be3dfc239391d1a523734dfc4caa13f18fae4649d8f2df449ce330668,1s,AVG,bcd7de4be3dfc239391d1a523734dfc4caa13f18fae4649d8f2df449ce330668,2026-09-02T19:04:47.844Z,2026-09-02T19:04:55.648Z,2026-09-02T19:04:55.648Z,466
powertrainCombustionEngineSpeed,CAN_ENGINE_RPM,LATEST_LIVE,2026-09-02T19:04:50.000Z,2026-09-02T19:05:01.853Z,2026-09-02T19:05:01.430Z,2026-09-02T19:05:01.853Z,671,1721,"{""value"":1721,""timestamp"":""2026-09-02T19:04:50Z""}",,,,,,,,471
powertrainCombustionEngineSpeed,CAN_ENGINE_RPM,LATEST_LIVE,2026-09-02T19:04:50.000Z,2026-09-02T19:05:08.118Z,2026-09-02T19:05:07.876Z,2026-09-02T19:05:08.118Z,676,1721,"{""value"":1721,""timestamp"":""2026-09-02T19:04:50Z""}",,,,,,,,476
powertrainCombustionEngineSpeed,CAN_ENGINE_RPM,LATEST_LIVE,2026-09-02T19:04:50.000Z,2026-09-02T19:05:14.269Z,2026-09-02T19:05:13.980Z,2026-09-02T19:05:14.269Z,707,1721,"{""value"":1721,""timestamp"":""2026-09-02T19:04:50Z""}",,,,,,,,487
powertrainCombustionEngineSpeed,CAN_ENGINE_RPM,LATEST_LIVE,2026-09-02T19:04:50.000Z,2026-09-02T19:05:20.314Z,2026-09-02T19:05:19.945Z,2026-09-02T19:05:20.314Z,723,1721,"{""value"":1721,""timestamp"":""2026-09-02T19:04:50Z""}",,,,,,,,503
powertrainCombustionEngineSpeed,CAN_ENGINE_RPM,LATEST_LIVE,2026-09-02T19:04:50.000Z,2026-09-02T19:05:26.205Z,2026-09-02T19:05:25.954Z,2026-09-02T19:05:26.205Z,736,1721,"{""value"":1721,""timestamp"":""2026-09-02T19:04:50Z""}",,,,,,,,516
powertrainCombustionEngineSpeed,CAN_ENGINE_RPM,LATEST_LIVE,2026-09-02T19:04:50.000Z,2026-09-02T19:05:31.889Z,2026-09-02T19:05:31.682Z,2026-09-02T19:05:31.889Z,747,1721,"{""value"":1721,""timestamp"":""2026-09-02T19:04:50Z""}",,,,,,,,527
powertrainCombustionEngineSpeed,CAN_ENGINE_RPM,LATEST_LIVE,2026-09-02T19:05:34.000Z,2026-09-02T19:05:37.655Z,2026-09-02T19:05:37.417Z,2026-09-02T19:05:37.655Z,756,945,"{""value"":945,""timestamp"":""2026-09-02T19:05:34Z""}",,,,,,,,536
powertrainCombustionEngineSpeed,CAN_ENGINE_RPM,HF_HISTORICAL,2026-09-02T19:05:29.891Z,2026-09-02T19:05:37.895Z,2026-09-02T19:05:37.656Z,2026-09-02T19:05:37.895Z,760,1200,1200,ee9827409d7bb2d3c74b8ad022c0e4761fc763e115c9c4d2165d86d426f57e09,1s,AVG,ee9827409d7bb2d3c74b8ad022c0e4761fc763e115c9c4d2165d86d426f57e09,2026-09-02T19:05:29.891Z,2026-09-02T19:05:37.656Z,2026-09-02T19:05:37.656Z,540
powertrainCombustionEngineSpeed,CAN_ENGINE_RPM,HF_HISTORICAL,2026-09-02T19:05:30.891Z,2026-09-02T19:05:37.895Z,2026-09-02T19:05:37.656Z,2026-09-02T19:05:37.895Z,765,1195,1195,939a8d0324a658a83061c2d0de4aeb55f9fe387746b5329c06850f99371711e1,1s,AVG,939a8d0324a658a83061c2d0de4aeb55f9fe387746b5329c06850f99371711e1,2026-09-02T19:05:29.891Z,2026-09-02T19:05:37.656Z,2026-09-02T19:05:37.656Z,545
powertrainCombustionEngineSpeed,CAN_ENGINE_RPM,HF_HISTORICAL,2026-09-02T19:05:32.891Z,2026-09-02T19:05:37.895Z,2026-09-02T19:05:37.656Z,2026-09-02T19:05:37.895Z,770,962,962,08b0dc9287d5a5708f197580e85eb6933f7106ee65b3dd269ab3a8fb23e50ae5,1s,AVG,08b0dc9287d5a5708f197580e85eb6933f7106ee65b3dd269ab3a8fb23e50ae5,2026-09-02T19:05:29.891Z,2026-09-02T19:05:37.656Z,2026-09-02T19:05:37.656Z,550
powertrainCombustionEngineSpeed,CAN_ENGINE_RPM,HF_HISTORICAL,2026-09-02T19:05:33.891Z,2026-09-02T19:05:37.895Z,2026-09-02T19:05:37.656Z,2026-09-02T19:05:37.895Z,775,945,945,796b570dfc44285d8d0fc4d3f83230ce64e92b657d7f0bbf4b64345d18edc80a,1s,AVG,796b570dfc44285d8d0fc4d3f83230ce64e92b657d7f0bbf4b64345d18edc80a,2026-09-02T19:05:29.891Z,2026-09-02T19:05:37.656Z,2026-09-02T19:05:37.656Z,555
powertrainCombustionEngineSpeed,CAN_ENGINE_RPM,LATEST_LIVE,2026-09-02T19:05:40.000Z,2026-09-02T19:05:43.572Z,2026-09-02T19:05:43.263Z,2026-09-02T19:05:43.572Z,780,368,"{""value"":368,""timestamp"":""2026-09-02T19:05:40Z""}",,,,,,,,560
powertrainCombustionEngineSpeed,CAN_ENGINE_RPM,HF_HISTORICAL,2026-09-02T19:05:36.656Z,2026-09-02T19:05:43.895Z,2026-09-02T19:05:43.574Z,2026-09-02T19:05:43.895Z,785,1203,1203,e8050a5d6a68b857b5c0c5ee0526a80db0acd5da0dd7954b7da424fe3b8a2730,1s,AVG,e8050a5d6a68b857b5c0c5ee0526a80db0acd5da0dd7954b7da424fe3b8a2730,2026-09-02T19:05:35.656Z,2026-09-02T19:05:43.574Z,2026-09-02T19:05:43.574Z,565
powertrainCombustionEngineSpeed,CAN_ENGINE_RPM,HF_HISTORICAL,2026-09-02T19:05:39.656Z,2026-09-02T19:05:43.895Z,2026-09-02T19:05:43.574Z,2026-09-02T19:05:43.895Z,790,368,368,bf9ec618f63a602fe8ee7231a800996236ebcbfb4516f13d0b38ea4500f43cb8,1s,AVG,bf9ec618f63a602fe8ee7231a800996236ebcbfb4516f13d0b38ea4500f43cb8,2026-09-02T19:05:35.656Z,2026-09-02T19:05:43.574Z,2026-09-02T19:05:43.574Z,570
powertrainCombustionEngineSpeed,CAN_ENGINE_RPM,LATEST_LIVE,2026-09-02T19:05:44.000Z,2026-09-02T19:05:50.560Z,2026-09-02T19:05:49.504Z,2026-09-02T19:05:50.560Z,821,2052,"{""value"":2052,""timestamp"":""2026-09-02T19:05:44Z""}",,,,,,,,581
powertrainCombustionEngineSpeed,CAN_ENGINE_RPM,HF_HISTORICAL,2026-09-02T19:05:42.574Z,2026-09-02T19:05:50.895Z,2026-09-02T19:05:50.561Z,2026-09-02T19:05:50.895Z,826,1330,1330,3f36f6939de610709bae6e7a42fd844f57fcbbce2764bc09ff45fd88e347b522,1s,AVG,3f36f6939de610709bae6e7a42fd844f57fcbbce2764bc09ff45fd88e347b522,2026-09-02T19:05:41.574Z,2026-09-02T19:05:50.561Z,2026-09-02T19:05:50.561Z,586
powertrainCombustionEngineSpeed,CAN_ENGINE_RPM,HF_HISTORICAL,2026-09-02T19:05:43.574Z,2026-09-02T19:05:50.895Z,2026-09-02T19:05:50.561Z,2026-09-02T19:05:50.895Z,831,2052,2052,bb99fa4b1bc62066d1773850dfe1be988d3dad26749f60a82cfe9e22af82de57,1s,AVG,bb99fa4b1bc62066d1773850dfe1be988d3dad26749f60a82cfe9e22af82de57,2026-09-02T19:05:41.574Z,2026-09-02T19:05:50.561Z,2026-09-02T19:05:50.561Z,591
powertrainCombustionEngineSpeed,CAN_ENGINE_RPM,LATEST_LIVE,2026-09-02T19:05:52.000Z,2026-09-02T19:05:56.479Z,2026-09-02T19:05:56.231Z,2026-09-02T19:05:56.479Z,844,875,"{""value"":875,""timestamp"":""2026-09-02T19:05:52Z""}",,,,,,,,604
powertrainCombustionEngineSpeed,CAN_ENGINE_RPM,HF_HISTORICAL,2026-09-02T19:05:50.561Z,2026-09-02T19:05:56.707Z,2026-09-02T19:05:56.482Z,2026-09-02T19:05:56.707Z,857,1542,1542,1c6eb051f53a35a78e1c9b3eb9d3db44cd0055381019133218249991f72695b3,1s,AVG,1c6eb051f53a35a78e1c9b3eb9d3db44cd0055381019133218249991f72695b3,2026-09-02T19:05:48.561Z,2026-09-02T19:05:56.481Z,2026-09-02T19:05:56.481Z,617
powertrainCombustionEngineSpeed,CAN_ENGINE_RPM,HF_HISTORICAL,2026-09-02T19:05:51.561Z,2026-09-02T19:05:56.707Z,2026-09-02T19:05:56.482Z,2026-09-02T19:05:56.707Z,862,875,875,173043a7a49102ea47941074d072b691b21385b9a8b3a72496c2e732651cd6ae,1s,AVG,173043a7a49102ea47941074d072b691b21385b9a8b3a72496c2e732651cd6ae,2026-09-02T19:05:48.561Z,2026-09-02T19:05:56.481Z,2026-09-02T19:05:56.481Z,622
powertrainCombustionEngineSpeed,CAN_ENGINE_RPM,LATEST_LIVE,2026-09-02T19:05:55.000Z,2026-09-02T19:06:02.472Z,2026-09-02T19:06:02.186Z,2026-09-02T19:06:02.472Z,867,1517,"{""value"":1517,""timestamp"":""2026-09-02T19:05:55Z""}",,,,,,,,627
powertrainCombustionEngineSpeed,CAN_ENGINE_RPM,HF_HISTORICAL,2026-09-02T19:05:54.481Z,2026-09-02T19:06:02.727Z,2026-09-02T19:06:02.479Z,2026-09-02T19:06:02.727Z,872,1517,1517,7c37154cb52255ce9326bceb3890bb6bd167f791fdc2850751b4137deafb34c1,1s,AVG,7c37154cb52255ce9326bceb3890bb6bd167f791fdc2850751b4137deafb34c1,2026-09-02T19:05:54.481Z,2026-09-02T19:06:02.478Z,2026-09-02T19:06:02.478Z,632
powertrainCombustionEngineSpeed,CAN_ENGINE_RPM,LATEST_LIVE,2026-09-02T19:06:04.000Z,2026-09-02T19:06:08.425Z,2026-09-02T19:06:08.133Z,2026-09-02T19:06:08.425Z,885,1122,"{""value"":1122,""timestamp"":""2026-09-02T19:06:04Z""}",,,,,,,,645
powertrainCombustionEngineSpeed,CAN_ENGINE_RPM,HF_HISTORICAL,2026-09-02T19:06:00.478Z,2026-09-02T19:06:08.650Z,2026-09-02T19:06:08.428Z,2026-09-02T19:06:08.650Z,890,931,931,ea7313d399fde478322f92dbf5b1fb89cbec06d8d12e60f9ad2b50c32cc48fde,1s,AVG,ea7313d399fde478322f92dbf5b1fb89cbec06d8d12e60f9ad2b50c32cc48fde,2026-09-02T19:06:00.478Z,2026-09-02T19:06:08.428Z,2026-09-02T19:06:08.428Z,650
powertrainCombustionEngineSpeed,CAN_ENGINE_RPM,HF_HISTORICAL,2026-09-02T19:06:01.478Z,2026-09-02T19:06:08.650Z,2026-09-02T19:06:08.428Z,2026-09-02T19:06:08.650Z,895,2327,2327,556bd6b7423a9326fa5c58c6edb1c3cfaaa3a1c65e38fb9d76b855bbc95da6d9,1s,AVG,556bd6b7423a9326fa5c58c6edb1c3cfaaa3a1c65e38fb9d76b855bbc95da6d9,2026-09-02T19:06:00.478Z,2026-09-02T19:06:08.428Z,2026-09-02T19:06:08.428Z,655
powertrainCombustionEngineSpeed,CAN_ENGINE_RPM,HF_HISTORICAL,2026-09-02T19:06:03.478Z,2026-09-02T19:06:08.650Z,2026-09-02T19:06:08.428Z,2026-09-02T19:06:08.650Z,900,1122,1122,88df95a3cad4161d3a71c1d61bb4d8df5ea342a5ea1712f1ebeebc1a523464e5,1s,AVG,88df95a3cad4161d3a71c1d61bb4d8df5ea342a5ea1712f1ebeebc1a523464e5,2026-09-02T19:06:00.478Z,2026-09-02T19:06:08.428Z,2026-09-02T19:06:08.428Z,660
powertrainCombustionEngineSpeed,CAN_ENGINE_RPM,LATEST_LIVE,2026-09-02T19:06:06.000Z,2026-09-02T19:06:14.289Z,2026-09-02T19:06:13.969Z,2026-09-02T19:06:14.289Z,905,1788,"{""value"":1788,""timestamp"":""2026-09-02T19:06:06Z""}",,,,,,,,665
powertrainCombustionEngineSpeed,CAN_ENGINE_RPM,LATEST_LIVE,2026-09-02T19:06:06.000Z,2026-09-02T19:06:20.192Z,2026-09-02T19:06:19.806Z,2026-09-02T19:06:20.192Z,910,1788,"{""value"":1788,""timestamp"":""2026-09-02T19:06:06Z""}",,,,,,,,670
powertrainCombustionEngineSpeed,CAN_ENGINE_RPM,LATEST_LIVE,2026-09-02T19:06:20.000Z,2026-09-02T19:06:26.257Z,2026-09-02T19:06:25.936Z,2026-09-02T19:06:26.257Z,941,921,"{""value"":921,""timestamp"":""2026-09-02T19:06:20Z""}",,,,,,,,681
powertrainCombustionEngineSpeed,CAN_ENGINE_RPM,HF_HISTORICAL,2026-09-02T19:06:19.194Z,2026-09-02T19:06:26.448Z,2026-09-02T19:06:26.259Z,2026-09-02T19:06:26.448Z,946,921,921,b65d6f3b08c90fac6e08717122712b967a6b29804ae2e0910025671719936001,1s,AVG,b65d6f3b08c90fac6e08717122712b967a6b29804ae2e0910025671719936001,2026-09-02T19:06:18.194Z,2026-09-02T19:06:26.259Z,2026-09-02T19:06:26.259Z,686
powertrainCombustionEngineSpeed,CAN_ENGINE_RPM,HF_HISTORICAL,2026-09-02T19:06:21.194Z,2026-09-02T19:06:26.448Z,2026-09-02T19:06:26.259Z,2026-09-02T19:06:26.448Z,951,1832,1832,b17f19b9ade341316d4e51ccfb06685049de59e6ac05318c7939169910b5f21b,1s,AVG,b17f19b9ade341316d4e51ccfb06685049de59e6ac05318c7939169910b5f21b,2026-09-02T19:06:18.194Z,2026-09-02T19:06:26.259Z,2026-09-02T19:06:26.259Z,691
powertrainCombustionEngineSpeed,CAN_ENGINE_RPM,LATEST_LIVE,2026-09-02T19:06:26.000Z,2026-09-02T19:06:32.117Z,2026-09-02T19:06:31.762Z,2026-09-02T19:06:32.117Z,956,1553,"{""value"":1553,""timestamp"":""2026-09-02T19:06:26Z""}",,,,,,,,696
powertrainCombustionEngineSpeed,CAN_ENGINE_RPM,HF_HISTORICAL,2026-09-02T19:06:24.259Z,2026-09-02T19:06:33.430Z,2026-09-02T19:06:32.120Z,2026-09-02T19:06:33.430Z,961,1369,1369,96846033f97056ba688c3ff9d175abc55fc09276a0208a4ec7d71f4e31267b61,1s,AVG,96846033f97056ba688c3ff9d175abc55fc09276a0208a4ec7d71f4e31267b61,2026-09-02T19:06:24.259Z,2026-09-02T19:06:32.120Z,2026-09-02T19:06:32.120Z,701
powertrainCombustionEngineSpeed,CAN_ENGINE_RPM,HF_HISTORICAL,2026-09-02T19:06:25.259Z,2026-09-02T19:06:33.430Z,2026-09-02T19:06:32.120Z,2026-09-02T19:06:33.430Z,966,1553,1553,e9ebaa9114aa1105c766b631087b4c949cd57606f62998d7ea20f922077aa946,1s,AVG,e9ebaa9114aa1105c766b631087b4c949cd57606f62998d7ea20f922077aa946,2026-09-02T19:06:24.259Z,2026-09-02T19:06:32.120Z,2026-09-02T19:06:32.120Z,706
powertrainCombustionEngineSpeed,CAN_ENGINE_RPM,LATEST_LIVE,2026-09-02T19:06:28.000Z,2026-09-02T19:06:39.538Z,2026-09-02T19:06:39.201Z,2026-09-02T19:06:39.538Z,971,1507,"{""value"":1507,""timestamp"":""2026-09-02T19:06:28Z""}",,,,,,,,711
powertrainCombustionEngineSpeed,CAN_ENGINE_RPM,LATEST_LIVE,2026-09-02T19:06:42.000Z,2026-09-02T19:06:45.399Z,2026-09-02T19:06:45.135Z,2026-09-02T19:06:45.399Z,976,1398,"{""value"":1398,""timestamp"":""2026-09-02T19:06:42Z""}",,,,,,,,716
powertrainCombustionEngineSpeed,CAN_ENGINE_RPM,HF_HISTORICAL,2026-09-02T19:06:39.539Z,2026-09-02T19:06:45.606Z,2026-09-02T19:06:45.401Z,2026-09-02T19:06:45.606Z,981,1507,1507,8a09c6fd608910296ac4a5c3d88559ab46024581c55d6fda3c8b50ac6c24799a,1s,AVG,8a09c6fd608910296ac4a5c3d88559ab46024581c55d6fda3c8b50ac6c24799a,2026-09-02T19:06:37.539Z,2026-09-02T19:06:45.400Z,2026-09-02T19:06:45.400Z,721
powertrainCombustionEngineSpeed,CAN_ENGINE_RPM,HF_HISTORICAL,2026-09-02T19:06:41.539Z,2026-09-02T19:06:45.606Z,2026-09-02T19:06:45.401Z,2026-09-02T19:06:45.606Z,986,1398,1398,aa421a41d44ca03637681ddd680a4f655edb35529890e64394e9cdceb7525934,1s,AVG,aa421a41d44ca03637681ddd680a4f655edb35529890e64394e9cdceb7525934,2026-09-02T19:06:37.539Z,2026-09-02T19:06:45.400Z,2026-09-02T19:06:45.400Z,726
powertrainCombustionEngineSpeed,CAN_ENGINE_RPM,LATEST_LIVE,2026-09-02T19:06:44.000Z,2026-09-02T19:06:51.417Z,2026-09-02T19:06:51.046Z,2026-09-02T19:06:51.417Z,991,1394,"{""value"":1394,""timestamp"":""2026-09-02T19:06:44Z""}",,,,,,,,731
powertrainCombustionEngineSpeed,CAN_ENGINE_RPM,HF_HISTORICAL,2026-09-02T19:06:43.400Z,2026-09-02T19:06:51.719Z,2026-09-02T19:06:51.418Z,2026-09-02T19:06:51.719Z,996,1394,1394,4bf3555c04f6a5598a44c2e2e8c8b37b8f23e5410a4b23e60668984a142d941d,1s,AVG,4bf3555c04f6a5598a44c2e2e8c8b37b8f23e5410a4b23e60668984a142d941d,2026-09-02T19:06:43.400Z,2026-09-02T19:06:51.418Z,2026-09-02T19:06:51.418Z,736
powertrainCombustionEngineSpeed,CAN_ENGINE_RPM,LATEST_LIVE,2026-09-02T19:06:52.000Z,2026-09-02T19:06:57.355Z,2026-09-02T19:06:57.114Z,2026-09-02T19:06:57.355Z,1001,1767,"{""value"":1767,""timestamp"":""2026-09-02T19:06:52Z""}",,,,,,,,741
powertrainCombustionEngineSpeed,CAN_ENGINE_RPM,HF_HISTORICAL,2026-09-02T19:06:49.418Z,2026-09-02T19:06:57.579Z,2026-09-02T19:06:57.356Z,2026-09-02T19:06:57.579Z,1006,1616,1616,689724bbc25556d9b8cafd8a32a99f961fb39920b80cd97ae5abd1aae9c9ac59,1s,AVG,689724bbc25556d9b8cafd8a32a99f961fb39920b80cd97ae5abd1aae9c9ac59,2026-09-02T19:06:49.418Z,2026-09-02T19:06:57.356Z,2026-09-02T19:06:57.356Z,746
powertrainCombustionEngineSpeed,CAN_ENGINE_RPM,HF_HISTORICAL,2026-09-02T19:06:51.418Z,2026-09-02T19:06:57.579Z,2026-09-02T19:06:57.356Z,2026-09-02T19:06:57.579Z,1011,1767,1767,6c0f0e87a86bee89f01349856e505e7b80d610cdfb1bfbc575ae0c4141f24088,1s,AVG,6c0f0e87a86bee89f01349856e505e7b80d610cdfb1bfbc575ae0c4141f24088,2026-09-02T19:06:49.418Z,2026-09-02T19:06:57.356Z,2026-09-02T19:06:57.356Z,751
powertrainCombustionEngineSpeed,CAN_ENGINE_RPM,LATEST_LIVE,2026-09-02T19:06:58.000Z,2026-09-02T19:07:03.402Z,2026-09-02T19:07:03.177Z,2026-09-02T19:07:03.402Z,1042,1453,"{""value"":1453,""timestamp"":""2026-09-02T19:06:58Z""}",,,,,,,,762
powertrainCombustionEngineSpeed,CAN_ENGINE_RPM,HF_HISTORICAL,2026-09-02T19:06:55.356Z,2026-09-02T19:07:03.612Z,2026-09-02T19:07:03.405Z,2026-09-02T19:07:03.612Z,1047,1628,1628,28366d0de702cf993d035742a8a6bb2d0cfbfa06429105b67d47f1a9a7876508,1s,AVG,28366d0de702cf993d035742a8a6bb2d0cfbfa06429105b67d47f1a9a7876508,2026-09-02T19:06:55.356Z,2026-09-02T19:07:03.405Z,2026-09-02T19:07:03.405Z,767
powertrainCombustionEngineSpeed,CAN_ENGINE_RPM,HF_HISTORICAL,2026-09-02T19:06:57.356Z,2026-09-02T19:07:03.612Z,2026-09-02T19:07:03.405Z,2026-09-02T19:07:03.612Z,1052,1453,1453,e00521d0c06c1d2d0acdaceb6a674aa06578ad627d64acb2e4788be161f1f1df,1s,AVG,e00521d0c06c1d2d0acdaceb6a674aa06578ad627d64acb2e4788be161f1f1df,2026-09-02T19:06:55.356Z,2026-09-02T19:07:03.405Z,2026-09-02T19:07:03.405Z,772
powertrainCombustionEngineSpeed,CAN_ENGINE_RPM,HF_HISTORICAL,2026-09-02T19:06:58.356Z,2026-09-02T19:07:03.612Z,2026-09-02T19:07:03.405Z,2026-09-02T19:07:03.612Z,1057,969,969,f58653938019036213c40348622c2f5de332ee08bb66cea545bb4f2ca095ab51,1s,AVG,f58653938019036213c40348622c2f5de332ee08bb66cea545bb4f2ca095ab51,2026-09-02T19:06:55.356Z,2026-09-02T19:07:03.405Z,2026-09-02T19:07:03.405Z,777
powertrainCombustionEngineSpeed,CAN_ENGINE_RPM,HF_HISTORICAL,2026-09-02T19:06:59.356Z,2026-09-02T19:07:03.612Z,2026-09-02T19:07:03.405Z,2026-09-02T19:07:03.612Z,1062,929,929,0716cc2e64c20c11fcc15f4079b794f88c9b6796e48fc78941f9c9de3d057767,1s,AVG,0716cc2e64c20c11fcc15f4079b794f88c9b6796e48fc78941f9c9de3d057767,2026-09-02T19:06:55.356Z,2026-09-02T19:07:03.405Z,2026-09-02T19:07:03.405Z,782
powertrainCombustionEngineSpeed,CAN_ENGINE_RPM,LATEST_LIVE,2026-09-02T19:07:04.000Z,2026-09-02T19:07:09.135Z,2026-09-02T19:07:08.888Z,2026-09-02T19:07:09.135Z,1067,923,"{""value"":923,""timestamp"":""2026-09-02T19:07:04Z""}",,,,,,,,787
powertrainCombustionEngineSpeed,CAN_ENGINE_RPM,HF_HISTORICAL,2026-09-02T19:07:01.405Z,2026-09-02T19:07:09.362Z,2026-09-02T19:07:09.138Z,2026-09-02T19:07:09.362Z,1072,928,928,d29523200fec207c228c93bbdcc9099b16a2d01cda60fde0d0d13404a99dc920,1s,AVG,d29523200fec207c228c93bbdcc9099b16a2d01cda60fde0d0d13404a99dc920,2026-09-02T19:07:01.405Z,2026-09-02T19:07:09.138Z,2026-09-02T19:07:09.138Z,792
powertrainCombustionEngineSpeed,CAN_ENGINE_RPM,HF_HISTORICAL,2026-09-02T19:07:02.405Z,2026-09-02T19:07:09.362Z,2026-09-02T19:07:09.138Z,2026-09-02T19:07:09.362Z,1077,1116,1116,2645d3aac60f3dcf71796f37f93303f59fed4a1b788d455b9ab37a6df3fdca5f,1s,AVG,2645d3aac60f3dcf71796f37f93303f59fed4a1b788d455b9ab37a6df3fdca5f,2026-09-02T19:07:01.405Z,2026-09-02T19:07:09.138Z,2026-09-02T19:07:09.138Z,797
powertrainCombustionEngineSpeed,CAN_ENGINE_RPM,HF_HISTORICAL,2026-09-02T19:07:03.405Z,2026-09-02T19:07:09.362Z,2026-09-02T19:07:09.138Z,2026-09-02T19:07:09.362Z,1082,923,923,9427ab2d0bf817507e19eb59c72ff50c9b54046d1222343493203931a6b1d1a6,1s,AVG,9427ab2d0bf817507e19eb59c72ff50c9b54046d1222343493203931a6b1d1a6,2026-09-02T19:07:01.405Z,2026-09-02T19:07:09.138Z,2026-09-02T19:07:09.138Z,802
powertrainCombustionEngineSpeed,CAN_ENGINE_RPM,LATEST_LIVE,2026-09-02T19:07:11.000Z,2026-09-02T19:07:15.116Z,2026-09-02T19:07:14.915Z,2026-09-02T19:07:15.116Z,1087,1959,"{""value"":1959,""timestamp"":""2026-09-02T19:07:11Z""}",,,,,,,,807
powertrainCombustionEngineSpeed,CAN_ENGINE_RPM,HF_HISTORICAL,2026-09-02T19:07:07.138Z,2026-09-02T19:07:15.316Z,2026-09-02T19:07:15.117Z,2026-09-02T19:07:15.316Z,1092,1219,1219,5207cc14b5a0a30b9163fc85f14689f8a64bc25021baee9fbca7fa5ff31e109d,1s,AVG,5207cc14b5a0a30b9163fc85f14689f8a64bc25021baee9fbca7fa5ff31e109d,2026-09-02T19:07:07.138Z,2026-09-02T19:07:15.117Z,2026-09-02T19:07:15.117Z,812
powertrainCombustionEngineSpeed,CAN_ENGINE_RPM,HF_HISTORICAL,2026-09-02T19:07:10.138Z,2026-09-02T19:07:15.316Z,2026-09-02T19:07:15.117Z,2026-09-02T19:07:15.316Z,1097,1959,1959,f0f4adb0ac807598a36a44763c498a83492284d556e785881ac4dae61f66f5cd,1s,AVG,f0f4adb0ac807598a36a44763c498a83492284d556e785881ac4dae61f66f5cd,2026-09-02T19:07:07.138Z,2026-09-02T19:07:15.117Z,2026-09-02T19:07:15.117Z,817
powertrainCombustionEngineSpeed,CAN_ENGINE_RPM,LATEST_LIVE,2026-09-02T19:07:16.000Z,2026-09-02T19:07:20.959Z,2026-09-02T19:07:20.596Z,2026-09-02T19:07:20.959Z,1102,997,"{""value"":997,""timestamp"":""2026-09-02T19:07:16Z""}",,,,,,,,822
powertrainCombustionEngineSpeed,CAN_ENGINE_RPM,HF_HISTORICAL,2026-09-02T19:07:14.117Z,2026-09-02T19:07:21.230Z,2026-09-02T19:07:20.960Z,2026-09-02T19:07:21.230Z,1107,997,997,a810687ba62de297b6811701eba6d47add434b8008f807fa551ad981f090411d,1s,AVG,a810687ba62de297b6811701eba6d47add434b8008f807fa551ad981f090411d,2026-09-02T19:07:13.117Z,2026-09-02T19:07:20.960Z,2026-09-02T19:07:20.960Z,827
powertrainCombustionEngineSpeed,CAN_ENGINE_RPM,HF_HISTORICAL,2026-09-02T19:07:15.117Z,2026-09-02T19:07:21.230Z,2026-09-02T19:07:20.960Z,2026-09-02T19:07:21.230Z,1112,997,997,b6c1f9137413c8ddbeb7cccfd96b79882f7d7967db321abb05eb68a42ba94805,1s,AVG,b6c1f9137413c8ddbeb7cccfd96b79882f7d7967db321abb05eb68a42ba94805,2026-09-02T19:07:13.117Z,2026-09-02T19:07:20.960Z,2026-09-02T19:07:20.960Z,832
powertrainCombustionEngineSpeed,CAN_ENGINE_RPM,LATEST_LIVE,2026-09-02T19:07:22.000Z,2026-09-02T19:07:26.835Z,2026-09-02T19:07:26.591Z,2026-09-02T19:07:26.835Z,1117,1020,"{""value"":1020,""timestamp"":""2026-09-02T19:07:22Z""}",,,,,,,,837
powertrainCombustionEngineSpeed,CAN_ENGINE_RPM,HF_HISTORICAL,2026-09-02T19:07:19.960Z,2026-09-02T19:07:27.069Z,2026-09-02T19:07:26.837Z,2026-09-02T19:07:27.069Z,1122,1046,1046,5784fc27e5b4d3f7ab26d6a6747f6b321840224ac8c91b860d3bf62f7a5f72db,1s,AVG,5784fc27e5b4d3f7ab26d6a6747f6b321840224ac8c91b860d3bf62f7a5f72db,2026-09-02T19:07:18.960Z,2026-09-02T19:07:26.837Z,2026-09-02T19:07:26.837Z,842
powertrainCombustionEngineSpeed,CAN_ENGINE_RPM,HF_HISTORICAL,2026-09-02T19:07:20.960Z,2026-09-02T19:07:27.069Z,2026-09-02T19:07:26.837Z,2026-09-02T19:07:27.069Z,1127,1074,1074,c2be1a5e694dcb7fedcca747dac38364f8a76feb65bf1442e70e04124ef9e66c,1s,AVG,c2be1a5e694dcb7fedcca747dac38364f8a76feb65bf1442e70e04124ef9e66c,2026-09-02T19:07:18.960Z,2026-09-02T19:07:26.837Z,2026-09-02T19:07:26.837Z,847
powertrainCombustionEngineSpeed,CAN_ENGINE_RPM,HF_HISTORICAL,2026-09-02T19:07:21.960Z,2026-09-02T19:07:27.069Z,2026-09-02T19:07:26.837Z,2026-09-02T19:07:27.069Z,1132,1020,1020,397bcbfab597db575082519905e44f7d9dcaed764ed80182819601b7e839bc69,1s,AVG,397bcbfab597db575082519905e44f7d9dcaed764ed80182819601b7e839bc69,2026-09-02T19:07:18.960Z,2026-09-02T19:07:26.837Z,2026-09-02T19:07:26.837Z,852
powertrainCombustionEngineSpeed,CAN_ENGINE_RPM,LATEST_LIVE,2026-09-02T19:07:29.000Z,2026-09-02T19:07:32.707Z,2026-09-02T19:07:32.425Z,2026-09-02T19:07:32.707Z,1137,1626,"{""value"":1626,""timestamp"":""2026-09-02T19:07:29Z""}",,,,,,,,857
powertrainCombustionEngineSpeed,CAN_ENGINE_RPM,HF_HISTORICAL,2026-09-02T19:07:24.837Z,2026-09-02T19:07:32.931Z,2026-09-02T19:07:32.708Z,2026-09-02T19:07:32.931Z,1142,1020,1020,bdf712f00020ad2e620be5813d4b73cea50bead382a514a3c8fa0b96e6d54998,1s,AVG,bdf712f00020ad2e620be5813d4b73cea50bead382a514a3c8fa0b96e6d54998,2026-09-02T19:07:24.837Z,2026-09-02T19:07:32.708Z,2026-09-02T19:07:32.708Z,862
powertrainCombustionEngineSpeed,CAN_ENGINE_RPM,HF_HISTORICAL,2026-09-02T19:07:25.837Z,2026-09-02T19:07:32.931Z,2026-09-02T19:07:32.708Z,2026-09-02T19:07:32.931Z,1147,933,933,5945523e6bb950feaa2f6cbd7126618fd2013bb5cc0cb981bf4114fadbdf024a,1s,AVG,5945523e6bb950feaa2f6cbd7126618fd2013bb5cc0cb981bf4114fadbdf024a,2026-09-02T19:07:24.837Z,2026-09-02T19:07:32.708Z,2026-09-02T19:07:32.708Z,867
powertrainCombustionEngineSpeed,CAN_ENGINE_RPM,HF_HISTORICAL,2026-09-02T19:07:27.837Z,2026-09-02T19:07:32.931Z,2026-09-02T19:07:32.708Z,2026-09-02T19:07:32.931Z,1152,932,932,430ec04859d7342b2f39946dea6841104a0a87057c160e2addedebb8cce93698,1s,AVG,430ec04859d7342b2f39946dea6841104a0a87057c160e2addedebb8cce93698,2026-09-02T19:07:24.837Z,2026-09-02T19:07:32.708Z,2026-09-02T19:07:32.708Z,872
powertrainCombustionEngineSpeed,CAN_ENGINE_RPM,HF_HISTORICAL,2026-09-02T19:07:28.837Z,2026-09-02T19:07:32.931Z,2026-09-02T19:07:32.708Z,2026-09-02T19:07:32.931Z,1157,1626,1626,847a5003e2d03ac75aebcf43988c02e10d0d2712bb79f0eedae3e2d5ad14499c,1s,AVG,847a5003e2d03ac75aebcf43988c02e10d0d2712bb79f0eedae3e2d5ad14499c,2026-09-02T19:07:24.837Z,2026-09-02T19:07:32.708Z,2026-09-02T19:07:32.708Z,877
powertrainCombustionEngineSpeed,CAN_ENGINE_RPM,LATEST_LIVE,2026-09-02T19:07:35.000Z,2026-09-02T19:07:38.924Z,2026-09-02T19:07:38.659Z,2026-09-02T19:07:38.924Z,1188,1730,"{""value"":1730,""timestamp"":""2026-09-02T19:07:35Z""}",,,,,,,,888
powertrainCombustionEngineSpeed,CAN_ENGINE_RPM,HF_HISTORICAL,2026-09-02T19:07:30.708Z,2026-09-02T19:07:39.223Z,2026-09-02T19:07:38.926Z,2026-09-02T19:07:39.223Z,1193,1848,1848,b35cf3362413636d66c0f4d51601e62a2852416609ddfac5f03365b675cf250b,1s,AVG,b35cf3362413636d66c0f4d51601e62a2852416609ddfac5f03365b675cf250b,2026-09-02T19:07:30.708Z,2026-09-02T19:07:38.926Z,2026-09-02T19:07:38.926Z,893
powertrainCombustionEngineSpeed,CAN_ENGINE_RPM,HF_HISTORICAL,2026-09-02T19:07:32.708Z,2026-09-02T19:07:39.223Z,2026-09-02T19:07:38.926Z,2026-09-02T19:07:39.223Z,1198,1688,1688,94e3377c7092ab114e03eea4738440db949011cbe594e479672d8e5b12335a5f,1s,AVG,94e3377c7092ab114e03eea4738440db949011cbe594e479672d8e5b12335a5f,2026-09-02T19:07:30.708Z,2026-09-02T19:07:38.926Z,2026-09-02T19:07:38.926Z,898
powertrainCombustionEngineSpeed,CAN_ENGINE_RPM,HF_HISTORICAL,2026-09-02T19:07:33.708Z,2026-09-02T19:07:39.223Z,2026-09-02T19:07:38.926Z,2026-09-02T19:07:39.223Z,1203,1805,1805,6539d82e56086c0ff47a89e5808e2626f9dba874806f8bd021132e1f14e54a0d,1s,AVG,6539d82e56086c0ff47a89e5808e2626f9dba874806f8bd021132e1f14e54a0d,2026-09-02T19:07:30.708Z,2026-09-02T19:07:38.926Z,2026-09-02T19:07:38.926Z,903
powertrainCombustionEngineSpeed,CAN_ENGINE_RPM,HF_HISTORICAL,2026-09-02T19:07:34.708Z,2026-09-02T19:07:39.223Z,2026-09-02T19:07:38.926Z,2026-09-02T19:07:39.223Z,1208,1730,1730,8891fd8133facffd6a4c902949285d643190dbcf9eae1017e080096ff40ce384,1s,AVG,8891fd8133facffd6a4c902949285d643190dbcf9eae1017e080096ff40ce384,2026-09-02T19:07:30.708Z,2026-09-02T19:07:38.926Z,2026-09-02T19:07:38.926Z,908
powertrainCombustionEngineSpeed,CAN_ENGINE_RPM,LATEST_LIVE,2026-09-02T19:07:41.000Z,2026-09-02T19:07:45.066Z,2026-09-02T19:07:44.800Z,2026-09-02T19:07:45.066Z,1213,929,"{""value"":929,""timestamp"":""2026-09-02T19:07:41Z""}",,,,,,,,913
powertrainCombustionEngineSpeed,CAN_ENGINE_RPM,HF_HISTORICAL,2026-09-02T19:07:36.926Z,2026-09-02T19:07:45.384Z,2026-09-02T19:07:45.067Z,2026-09-02T19:07:45.384Z,1218,1460,1460,27ce75f3515ee210828dfa15f28dd5f07e4a4f47f255fab0e0b398c91e3afe90,1s,AVG,27ce75f3515ee210828dfa15f28dd5f07e4a4f47f255fab0e0b398c91e3afe90,2026-09-02T19:07:36.926Z,2026-09-02T19:07:45.067Z,2026-09-02T19:07:45.067Z,918
powertrainCombustionEngineSpeed,CAN_ENGINE_RPM,HF_HISTORICAL,2026-09-02T19:07:37.926Z,2026-09-02T19:07:45.384Z,2026-09-02T19:07:45.067Z,2026-09-02T19:07:45.384Z,1223,930,930,ba7dd3628e894c902ec6896995de9b167d981a15b493a73d4463f8006f69de8a,1s,AVG,ba7dd3628e894c902ec6896995de9b167d981a15b493a73d4463f8006f69de8a,2026-09-02T19:07:36.926Z,2026-09-02T19:07:45.067Z,2026-09-02T19:07:45.067Z,923
powertrainCombustionEngineSpeed,CAN_ENGINE_RPM,HF_HISTORICAL,2026-09-02T19:07:40.926Z,2026-09-02T19:07:45.384Z,2026-09-02T19:07:45.067Z,2026-09-02T19:07:45.384Z,1228,929,929,4e7486602e85ae93dad456e84cae071273d70104f485f6e46cd79d71bc625659,1s,AVG,4e7486602e85ae93dad456e84cae071273d70104f485f6e46cd79d71bc625659,2026-09-02T19:07:36.926Z,2026-09-02T19:07:45.067Z,2026-09-02T19:07:45.067Z,928
powertrainCombustionEngineSpeed,CAN_ENGINE_RPM,LATEST_LIVE,2026-09-02T19:07:47.000Z,2026-09-02T19:07:51.001Z,2026-09-02T19:07:50.742Z,2026-09-02T19:07:51.001Z,1233,1702,"{""value"":1702,""timestamp"":""2026-09-02T19:07:47Z""}",,,,,,,,933
powertrainCombustionEngineSpeed,CAN_ENGINE_RPM,HF_HISTORICAL,2026-09-02T19:07:44.067Z,2026-09-02T19:07:51.247Z,2026-09-02T19:07:51.003Z,2026-09-02T19:07:51.247Z,1238,931,931,4c1f8655fcf9f754241a327a9f5564270215535f4ae53cb10666cc2b432b7ceb,1s,AVG,4c1f8655fcf9f754241a327a9f5564270215535f4ae53cb10666cc2b432b7ceb,2026-09-02T19:07:43.067Z,2026-09-02T19:07:51.003Z,2026-09-02T19:07:51.003Z,938
powertrainCombustionEngineSpeed,CAN_ENGINE_RPM,HF_HISTORICAL,2026-09-02T19:07:45.067Z,2026-09-02T19:07:51.247Z,2026-09-02T19:07:51.003Z,2026-09-02T19:07:51.247Z,1243,1415,1415,bb4fd8557a45cf613403590cbe8648d6bc3f4223cd2c5bcaa8c21c079350a2b6,1s,AVG,bb4fd8557a45cf613403590cbe8648d6bc3f4223cd2c5bcaa8c21c079350a2b6,2026-09-02T19:07:43.067Z,2026-09-02T19:07:51.003Z,2026-09-02T19:07:51.003Z,943
powertrainCombustionEngineSpeed,CAN_ENGINE_RPM,HF_HISTORICAL,2026-09-02T19:07:46.067Z,2026-09-02T19:07:51.247Z,2026-09-02T19:07:51.003Z,2026-09-02T19:07:51.247Z,1248,1702,1702,715f8bdf5d7ce58376feba33e5d53ca8273cbe280e725fef5d9981009e301710,1s,AVG,715f8bdf5d7ce58376feba33e5d53ca8273cbe280e725fef5d9981009e301710,2026-09-02T19:07:43.067Z,2026-09-02T19:07:51.003Z,2026-09-02T19:07:51.003Z,948
powertrainCombustionEngineSpeed,CAN_ENGINE_RPM,LATEST_LIVE,2026-09-02T19:07:53.000Z,2026-09-02T19:07:56.798Z,2026-09-02T19:07:56.570Z,2026-09-02T19:07:56.798Z,1253,1940,"{""value"":1940,""timestamp"":""2026-09-02T19:07:53Z""}",,,,,,,,953
powertrainCombustionEngineSpeed,CAN_ENGINE_RPM,HF_HISTORICAL,2026-09-02T19:07:49.003Z,2026-09-02T19:07:56.996Z,2026-09-02T19:07:56.799Z,2026-09-02T19:07:56.996Z,1258,955,955,1efeef838fa68eed0bc9ef96d9bb0f2893ba003d211c7c345c93eec4434b19db,1s,AVG,1efeef838fa68eed0bc9ef96d9bb0f2893ba003d211c7c345c93eec4434b19db,2026-09-02T19:07:49.003Z,2026-09-02T19:07:56.799Z,2026-09-02T19:07:56.799Z,958
powertrainCombustionEngineSpeed,CAN_ENGINE_RPM,HF_HISTORICAL,2026-09-02T19:07:50.003Z,2026-09-02T19:07:56.996Z,2026-09-02T19:07:56.799Z,2026-09-02T19:07:56.996Z,1263,964,964,53a7d97b8a20755b0a4c8273525fff728443f95b426b5d19118ae1e30a93394f,1s,AVG,53a7d97b8a20755b0a4c8273525fff728443f95b426b5d19118ae1e30a93394f,2026-09-02T19:07:49.003Z,2026-09-02T19:07:56.799Z,2026-09-02T19:07:56.799Z,963
powertrainCombustionEngineSpeed,CAN_ENGINE_RPM,HF_HISTORICAL,2026-09-02T19:07:52.003Z,2026-09-02T19:07:56.996Z,2026-09-02T19:07:56.799Z,2026-09-02T19:07:56.996Z,1268,1940,1940,e8af2ace392e62719f0b07dcbec5afa0db18498cc95ad574918302351b31d08c,1s,AVG,e8af2ace392e62719f0b07dcbec5afa0db18498cc95ad574918302351b31d08c,2026-09-02T19:07:49.003Z,2026-09-02T19:07:56.799Z,2026-09-02T19:07:56.799Z,968
powertrainCombustionEngineSpeed,CAN_ENGINE_RPM,LATEST_LIVE,2026-09-02T19:07:59.000Z,2026-09-02T19:08:02.791Z,2026-09-02T19:08:02.527Z,2026-09-02T19:08:02.791Z,1273,933,"{""value"":933,""timestamp"":""2026-09-02T19:07:59Z""}",,,,,,,,973
powertrainCombustionEngineSpeed,CAN_ENGINE_RPM,HF_HISTORICAL,2026-09-02T19:07:56.799Z,2026-09-02T19:08:03.001Z,2026-09-02T19:08:02.792Z,2026-09-02T19:08:03.001Z,1278,927,927,b34eecb94baa3e39ed0560d0a96f2b1147e978d4f8eba48a4511736cc7599c9d,1s,AVG,b34eecb94baa3e39ed0560d0a96f2b1147e978d4f8eba48a4511736cc7599c9d,2026-09-02T19:07:54.799Z,2026-09-02T19:08:02.792Z,2026-09-02T19:08:02.792Z,978
powertrainCombustionEngineSpeed,CAN_ENGINE_RPM,HF_HISTORICAL,2026-09-02T19:07:57.799Z,2026-09-02T19:08:03.001Z,2026-09-02T19:08:02.792Z,2026-09-02T19:08:03.001Z,1283,920,920,9762797ae7164a14fe30c28d750219cfee9cb6c23dec5186ec410ba15bf321c2,1s,AVG,9762797ae7164a14fe30c28d750219cfee9cb6c23dec5186ec410ba15bf321c2,2026-09-02T19:07:54.799Z,2026-09-02T19:08:02.792Z,2026-09-02T19:08:02.792Z,983
powertrainCombustionEngineSpeed,CAN_ENGINE_RPM,HF_HISTORICAL,2026-09-02T19:07:58.799Z,2026-09-02T19:08:03.001Z,2026-09-02T19:08:02.792Z,2026-09-02T19:08:03.001Z,1288,933,933,67f4cbdbca305ddac4c44579cdb19f19660de845ab4fda68cfc4d8d52c7bbed0,1s,AVG,67f4cbdbca305ddac4c44579cdb19f19660de845ab4fda68cfc4d8d52c7bbed0,2026-09-02T19:07:54.799Z,2026-09-02T19:08:02.792Z,2026-09-02T19:08:02.792Z,988
powertrainCombustionEngineSpeed,CAN_ENGINE_RPM,LATEST_LIVE,2026-09-02T19:08:04.000Z,2026-09-02T19:08:08.800Z,2026-09-02T19:08:08.466Z,2026-09-02T19:08:08.800Z,1293,1884,"{""value"":1884,""timestamp"":""2026-09-02T19:08:04Z""}",,,,,,,,993
powertrainCombustionEngineSpeed,CAN_ENGINE_RPM,HF_HISTORICAL,2026-09-02T19:08:00.792Z,2026-09-02T19:08:09.015Z,2026-09-02T19:08:08.802Z,2026-09-02T19:08:09.015Z,1298,968,968,3ca19e1cfbfd3ff2b8b2c59952190e7c1f5a052a76dd94d3fa7352415ad56a06,1s,AVG,3ca19e1cfbfd3ff2b8b2c59952190e7c1f5a052a76dd94d3fa7352415ad56a06,2026-09-02T19:08:00.792Z,2026-09-02T19:08:08.802Z,2026-09-02T19:08:08.802Z,998
powertrainCombustionEngineSpeed,CAN_ENGINE_RPM,HF_HISTORICAL,2026-09-02T19:08:01.792Z,2026-09-02T19:08:09.015Z,2026-09-02T19:08:08.802Z,2026-09-02T19:08:09.015Z,1303,1507,1507,fee16be6a1ca7c87ad4759c2b23aa35c13c437641693e5caaef06c456543711d,1s,AVG,fee16be6a1ca7c87ad4759c2b23aa35c13c437641693e5caaef06c456543711d,2026-09-02T19:08:00.792Z,2026-09-02T19:08:08.802Z,2026-09-02T19:08:08.802Z,1003
powertrainCombustionEngineSpeed,CAN_ENGINE_RPM,HF_HISTORICAL,2026-09-02T19:08:03.792Z,2026-09-02T19:08:09.015Z,2026-09-02T19:08:08.802Z,2026-09-02T19:08:09.015Z,1308,1884,1884,d9d175c2db818e7a6c92aec352e66ab225170f0fcd8e1a0acbb2ce5d05f0d367,1s,AVG,d9d175c2db818e7a6c92aec352e66ab225170f0fcd8e1a0acbb2ce5d05f0d367,2026-09-02T19:08:00.792Z,2026-09-02T19:08:08.802Z,2026-09-02T19:08:08.802Z,1008
powertrainCombustionEngineSpeed,CAN_ENGINE_RPM,LATEST_LIVE,2026-09-02T19:08:08.000Z,2026-09-02T19:08:14.955Z,2026-09-02T19:08:14.698Z,2026-09-02T19:08:14.955Z,1339,929,"{""value"":929,""timestamp"":""2026-09-02T19:08:08Z""}",,,,,,,,1019
powertrainCombustionEngineSpeed,CAN_ENGINE_RPM,HF_HISTORICAL,2026-09-02T19:08:06.802Z,2026-09-02T19:08:15.258Z,2026-09-02T19:08:14.957Z,2026-09-02T19:08:15.258Z,1344,952,952,17e38d3445dabeb4ed9eeb0e67c2224b27da154898d04aa049372791e89313f7,1s,AVG,17e38d3445dabeb4ed9eeb0e67c2224b27da154898d04aa049372791e89313f7,2026-09-02T19:08:06.802Z,2026-09-02T19:08:14.956Z,2026-09-02T19:08:14.956Z,1024
powertrainCombustionEngineSpeed,CAN_ENGINE_RPM,HF_HISTORICAL,2026-09-02T19:08:07.802Z,2026-09-02T19:08:15.258Z,2026-09-02T19:08:14.957Z,2026-09-02T19:08:15.258Z,1349,929,929,1ed38c78ee1e09f7a41a2702b25ad7d4810f727f498972996403cb96174d2dea,1s,AVG,1ed38c78ee1e09f7a41a2702b25ad7d4810f727f498972996403cb96174d2dea,2026-09-02T19:08:06.802Z,2026-09-02T19:08:14.956Z,2026-09-02T19:08:14.956Z,1029
powertrainCombustionEngineSpeed,CAN_ENGINE_RPM,LATEST_LIVE,2026-09-02T19:08:16.000Z,2026-09-02T19:08:20.737Z,2026-09-02T19:08:20.539Z,2026-09-02T19:08:20.737Z,1354,927,"{""value"":927,""timestamp"":""2026-09-02T19:08:16Z""}",,,,,,,,1034
powertrainCombustionEngineSpeed,CAN_ENGINE_RPM,HF_HISTORICAL,2026-09-02T19:08:12.956Z,2026-09-02T19:08:20.941Z,2026-09-02T19:08:20.738Z,2026-09-02T19:08:20.941Z,1359,1007,1007,818a5d7e703b578d82381a6e6ea713bec46a39d7f32911278aaa309148f51be3,1s,AVG,818a5d7e703b578d82381a6e6ea713bec46a39d7f32911278aaa309148f51be3,2026-09-02T19:08:12.956Z,2026-09-02T19:08:20.738Z,2026-09-02T19:08:20.738Z,1039
powertrainCombustionEngineSpeed,CAN_ENGINE_RPM,HF_HISTORICAL,2026-09-02T19:08:14.956Z,2026-09-02T19:08:20.941Z,2026-09-02T19:08:20.738Z,2026-09-02T19:08:20.941Z,1364,1480,1480,7d44006c9e2a64f99c33741933dd686feac23f0421e6bdce0048326497e45e89,1s,AVG,7d44006c9e2a64f99c33741933dd686feac23f0421e6bdce0048326497e45e89,2026-09-02T19:08:12.956Z,2026-09-02T19:08:20.738Z,2026-09-02T19:08:20.738Z,1044
powertrainCombustionEngineSpeed,CAN_ENGINE_RPM,HF_HISTORICAL,2026-09-02T19:08:15.956Z,2026-09-02T19:08:20.941Z,2026-09-02T19:08:20.738Z,2026-09-02T19:08:20.941Z,1369,927,927,d0bb9e83dc9bd3f372b15868ff2e6021b688ff820bcdecba974adbc9199bc276,1s,AVG,d0bb9e83dc9bd3f372b15868ff2e6021b688ff820bcdecba974adbc9199bc276,2026-09-02T19:08:12.956Z,2026-09-02T19:08:20.738Z,2026-09-02T19:08:20.738Z,1049
powertrainCombustionEngineSpeed,CAN_ENGINE_RPM,LATEST_LIVE,2026-09-02T19:08:22.000Z,2026-09-02T19:08:26.505Z,2026-09-02T19:08:26.269Z,2026-09-02T19:08:26.505Z,1374,2829,"{""value"":2829,""timestamp"":""2026-09-02T19:08:22Z""}",,,,,,,,1054
powertrainCombustionEngineSpeed,CAN_ENGINE_RPM,HF_HISTORICAL,2026-09-02T19:08:19.738Z,2026-09-02T19:08:26.701Z,2026-09-02T19:08:26.508Z,2026-09-02T19:08:26.701Z,1379,3212,3212,bd32fa947741b0211f8c00c5d03b10cf0fd9a831b938af66a921a4e6f0f54f79,1s,AVG,bd32fa947741b0211f8c00c5d03b10cf0fd9a831b938af66a921a4e6f0f54f79,2026-09-02T19:08:18.738Z,2026-09-02T19:08:26.508Z,2026-09-02T19:08:26.508Z,1059
powertrainCombustionEngineSpeed,CAN_ENGINE_RPM,HF_HISTORICAL,2026-09-02T19:08:21.738Z,2026-09-02T19:08:26.701Z,2026-09-02T19:08:26.508Z,2026-09-02T19:08:26.701Z,1384,2829,2829,cd43815324e80ada2f9893973316c6ecb78577fba4a95d75970ed42008444081,1s,AVG,cd43815324e80ada2f9893973316c6ecb78577fba4a95d75970ed42008444081,2026-09-02T19:08:18.738Z,2026-09-02T19:08:26.508Z,2026-09-02T19:08:26.508Z,1064
powertrainCombustionEngineSpeed,CAN_ENGINE_RPM,LATEST_LIVE,2026-09-02T19:08:24.000Z,2026-09-02T19:08:32.293Z,2026-09-02T19:08:32.008Z,2026-09-02T19:08:32.293Z,1389,1037,"{""value"":1037,""timestamp"":""2026-09-02T19:08:24Z""}",,,,,,,,1069
powertrainCombustionEngineSpeed,CAN_ENGINE_RPM,LATEST_LIVE,2026-09-02T19:08:33.000Z,2026-09-02T19:08:38.535Z,2026-09-02T19:08:38.032Z,2026-09-02T19:08:38.535Z,1394,1116,"{""value"":1116,""timestamp"":""2026-09-02T19:08:33Z""}",,,,,,,,1074
powertrainCombustionEngineSpeed,CAN_ENGINE_RPM,HF_HISTORICAL,2026-09-02T19:08:32.294Z,2026-09-02T19:08:39.030Z,2026-09-02T19:08:38.536Z,2026-09-02T19:08:39.030Z,1399,1116,1116,a29a0b744619cb1e9e85fa2b2b57d51abac9517b6a2b0f1f2c52ad68cae0c215,1s,AVG,a29a0b744619cb1e9e85fa2b2b57d51abac9517b6a2b0f1f2c52ad68cae0c215,2026-09-02T19:08:30.294Z,2026-09-02T19:08:38.536Z,2026-09-02T19:08:38.536Z,1079
powertrainCombustionEngineSpeed,CAN_ENGINE_RPM,LATEST_LIVE,2026-09-02T19:08:39.000Z,2026-09-02T19:08:45.453Z,2026-09-02T19:08:44.776Z,2026-09-02T19:08:45.453Z,1404,1549,"{""value"":1549,""timestamp"":""2026-09-02T19:08:39Z""}",,,,,,,,1084
powertrainCombustionEngineSpeed,CAN_ENGINE_RPM,HF_HISTORICAL,2026-09-02T19:08:38.536Z,2026-09-02T19:08:46.394Z,2026-09-02T19:08:45.455Z,2026-09-02T19:08:46.394Z,1409,1549,1549,e1e4495e1116339c2441e48aac2b8a47ab48e06d7002a8de0d091fb55e6dc70e,1s,AVG,e1e4495e1116339c2441e48aac2b8a47ab48e06d7002a8de0d091fb55e6dc70e,2026-09-02T19:08:36.536Z,2026-09-02T19:08:45.455Z,2026-09-02T19:08:45.455Z,1089
powertrainCombustionEngineSpeed,CAN_ENGINE_RPM,LATEST_LIVE,2026-09-02T19:08:39.000Z,2026-09-02T19:09:02.556Z,2026-09-02T19:08:52.220Z,2026-09-02T19:09:02.556Z,1440,1549,"{""value"":1549,""timestamp"":""2026-09-02T19:08:39Z""}",,,,,,,,1100
powertrainCombustionEngineSpeed,CAN_ENGINE_RPM,LATEST_LIVE,2026-09-02T19:08:39.000Z,2026-09-02T19:09:08.408Z,2026-09-02T19:09:08.151Z,2026-09-02T19:09:08.408Z,1445,1549,"{""value"":1549,""timestamp"":""2026-09-02T19:08:39Z""}",,,,,,,,1105
powertrainCombustionEngineSpeed,CAN_ENGINE_RPM,LATEST_LIVE,2026-09-02T19:08:39.000Z,2026-09-02T19:09:14.127Z,2026-09-02T19:09:13.875Z,2026-09-02T19:09:14.127Z,1450,1549,"{""value"":1549,""timestamp"":""2026-09-02T19:08:39Z""}",,,,,,,,1110
powertrainCombustionEngineSpeed,CAN_ENGINE_RPM,LATEST_LIVE,2026-09-02T19:08:39.000Z,2026-09-02T19:09:19.883Z,2026-09-02T19:09:19.615Z,2026-09-02T19:09:19.883Z,1455,1549,"{""value"":1549,""timestamp"":""2026-09-02T19:08:39Z""}",,,,,,,,1115
powertrainCombustionEngineSpeed,CAN_ENGINE_RPM,LATEST_LIVE,2026-09-02T19:08:39.000Z,2026-09-02T19:09:25.689Z,2026-09-02T19:09:25.447Z,2026-09-02T19:09:25.689Z,1460,1549,"{""value"":1549,""timestamp"":""2026-09-02T19:08:39Z""}",,,,,,,,1120
powertrainCombustionEngineSpeed,CAN_ENGINE_RPM,LATEST_LIVE,2026-09-02T19:08:39.000Z,2026-09-02T19:09:31.431Z,2026-09-02T19:09:31.179Z,2026-09-02T19:09:31.431Z,1465,1549,"{""value"":1549,""timestamp"":""2026-09-02T19:08:39Z""}",,,,,,,,1125
powertrainCombustionEngineSpeed,CAN_ENGINE_RPM,LATEST_LIVE,2026-09-02T19:08:39.000Z,2026-09-02T19:09:37.601Z,2026-09-02T19:09:37.311Z,2026-09-02T19:09:37.601Z,1496,1549,"{""value"":1549,""timestamp"":""2026-09-02T19:08:39Z""}",,,,,,,,1136
powertrainCombustionEngineSpeed,CAN_ENGINE_RPM,LATEST_LIVE,2026-09-02T19:08:39.000Z,2026-09-02T19:09:43.371Z,2026-09-02T19:09:43.152Z,2026-09-02T19:09:43.371Z,1501,1549,"{""value"":1549,""timestamp"":""2026-09-02T19:08:39Z""}",,,,,,,,1141
powertrainCombustionEngineSpeed,CAN_ENGINE_RPM,LATEST_LIVE,2026-09-02T19:08:39.000Z,2026-09-02T19:09:49.469Z,2026-09-02T19:09:48.981Z,2026-09-02T19:09:49.469Z,1506,1549,"{""value"":1549,""timestamp"":""2026-09-02T19:08:39Z""}",,,,,,,,1146
powertrainCombustionEngineSpeed,CAN_ENGINE_RPM,LATEST_LIVE,2026-09-02T19:08:39.000Z,2026-09-02T19:09:55.562Z,2026-09-02T19:09:55.306Z,2026-09-02T19:09:55.562Z,1511,1549,"{""value"":1549,""timestamp"":""2026-09-02T19:08:39Z""}",,,,,,,,1151
powertrainCombustionEngineSpeed,CAN_ENGINE_RPM,LATEST_LIVE,2026-09-02T19:09:57.000Z,2026-09-02T19:10:01.429Z,2026-09-02T19:10:01.180Z,2026-09-02T19:10:01.429Z,1516,1549,"{""value"":1549,""timestamp"":""2026-09-02T19:09:57Z""}",,,,,,,,1156
powertrainCombustionEngineSpeed,CAN_ENGINE_RPM,HF_HISTORICAL,2026-09-02T19:09:56.564Z,2026-09-02T19:10:01.739Z,2026-09-02T19:10:01.433Z,2026-09-02T19:10:01.739Z,1521,1549,1549,8c45a501e703c7fd8b3909f8e55d2a14f3c3640bafe91e1e24eb723d523e19da,1s,AVG,8c45a501e703c7fd8b3909f8e55d2a14f3c3640bafe91e1e24eb723d523e19da,2026-09-02T19:09:53.564Z,2026-09-02T19:10:01.433Z,2026-09-02T19:10:01.433Z,1161
powertrainCombustionEngineSpeed,CAN_ENGINE_RPM,LATEST_LIVE,2026-09-02T19:10:04.000Z,2026-09-02T19:10:07.436Z,2026-09-02T19:10:07.212Z,2026-09-02T19:10:07.436Z,1526,931,"{""value"":931,""timestamp"":""2026-09-02T19:10:04Z""}",,,,,,,,1166
powertrainCombustionEngineSpeed,CAN_ENGINE_RPM,HF_HISTORICAL,2026-09-02T19:10:00.433Z,2026-09-02T19:10:07.730Z,2026-09-02T19:10:07.439Z,2026-09-02T19:10:07.730Z,1531,1185,1185,b73d6bdf01ddc6a4b43e90f71ab4a1ac93791beeb8e8f548cc2ea7167f01b525,1s,AVG,b73d6bdf01ddc6a4b43e90f71ab4a1ac93791beeb8e8f548cc2ea7167f01b525,2026-09-02T19:09:59.433Z,2026-09-02T19:10:07.439Z,2026-09-02T19:10:07.439Z,1171
powertrainCombustionEngineSpeed,CAN_ENGINE_RPM,HF_HISTORICAL,2026-09-02T19:10:03.433Z,2026-09-02T19:10:07.730Z,2026-09-02T19:10:07.439Z,2026-09-02T19:10:07.730Z,1536,931,931,1844ed6f58858f79d37d84805ebdd3c8b6475be8a6b8ee87862efe98fe16453b,1s,AVG,1844ed6f58858f79d37d84805ebdd3c8b6475be8a6b8ee87862efe98fe16453b,2026-09-02T19:09:59.433Z,2026-09-02T19:10:07.439Z,2026-09-02T19:10:07.439Z,1176
powertrainCombustionEngineSpeed,CAN_ENGINE_RPM,LATEST_LIVE,2026-09-02T19:10:09.000Z,2026-09-02T19:10:13.520Z,2026-09-02T19:10:13.302Z,2026-09-02T19:10:13.520Z,1567,1880,"{""value"":1880,""timestamp"":""2026-09-02T19:10:09Z""}",,,,,,,,1187
powertrainCombustionEngineSpeed,CAN_ENGINE_RPM,HF_HISTORICAL,2026-09-02T19:10:07.439Z,2026-09-02T19:10:13.715Z,2026-09-02T19:10:13.522Z,2026-09-02T19:10:13.715Z,1572,2045,2045,c67c2409ad72f3b6bd6a9f02ad20168b1a132a8303831bbf4f38585197416a3b,1s,AVG,c67c2409ad72f3b6bd6a9f02ad20168b1a132a8303831bbf4f38585197416a3b,2026-09-02T19:10:05.439Z,2026-09-02T19:10:13.521Z,2026-09-02T19:10:13.521Z,1192
powertrainCombustionEngineSpeed,CAN_ENGINE_RPM,HF_HISTORICAL,2026-09-02T19:10:08.439Z,2026-09-02T19:10:13.715Z,2026-09-02T19:10:13.522Z,2026-09-02T19:10:13.715Z,1577,1880,1880,0e37beb12d6279d8e2dce8dc5292ee908034cd9913af24570e9bd332d9272748,1s,AVG,0e37beb12d6279d8e2dce8dc5292ee908034cd9913af24570e9bd332d9272748,2026-09-02T19:10:05.439Z,2026-09-02T19:10:13.521Z,2026-09-02T19:10:13.521Z,1197
powertrainCombustionEngineSpeed,CAN_ENGINE_RPM,LATEST_LIVE,2026-09-02T19:10:16.000Z,2026-09-02T19:10:19.337Z,2026-09-02T19:10:19.067Z,2026-09-02T19:10:19.337Z,1582,933,"{""value"":933,""timestamp"":""2026-09-02T19:10:16Z""}",,,,,,,,1202
powertrainCombustionEngineSpeed,CAN_ENGINE_RPM,HF_HISTORICAL,2026-09-02T19:10:11.521Z,2026-09-02T19:10:19.546Z,2026-09-02T19:10:19.340Z,2026-09-02T19:10:19.546Z,1587,935,935,ce28d546775219062f7c1afe91ce7648a18f822f98fd44691182b74ba4a88a6e,1s,AVG,ce28d546775219062f7c1afe91ce7648a18f822f98fd44691182b74ba4a88a6e,2026-09-02T19:10:11.521Z,2026-09-02T19:10:19.340Z,2026-09-02T19:10:19.340Z,1207
powertrainCombustionEngineSpeed,CAN_ENGINE_RPM,HF_HISTORICAL,2026-09-02T19:10:12.521Z,2026-09-02T19:10:19.546Z,2026-09-02T19:10:19.340Z,2026-09-02T19:10:19.546Z,1592,929,929,1b2a6f406e4d82c5e42862c996835160867c922ce83464e7613068cabee2c618,1s,AVG,1b2a6f406e4d82c5e42862c996835160867c922ce83464e7613068cabee2c618,2026-09-02T19:10:11.521Z,2026-09-02T19:10:19.340Z,2026-09-02T19:10:19.340Z,1212
powertrainCombustionEngineSpeed,CAN_ENGINE_RPM,HF_HISTORICAL,2026-09-02T19:10:15.521Z,2026-09-02T19:10:19.546Z,2026-09-02T19:10:19.340Z,2026-09-02T19:10:19.546Z,1597,933,933,f51fcfdabbb18e979aa2f36ef4a3ca102325f8e3b52abbdfe1940617c08e434f,1s,AVG,f51fcfdabbb18e979aa2f36ef4a3ca102325f8e3b52abbdfe1940617c08e434f,2026-09-02T19:10:11.521Z,2026-09-02T19:10:19.340Z,2026-09-02T19:10:19.340Z,1217
powertrainCombustionEngineSpeed,CAN_ENGINE_RPM,LATEST_LIVE,2026-09-02T19:10:20.000Z,2026-09-02T19:10:25.100Z,2026-09-02T19:10:24.898Z,2026-09-02T19:10:25.100Z,1602,939,"{""value"":939,""timestamp"":""2026-09-02T19:10:20Z""}",,,,,,,,1222
powertrainCombustionEngineSpeed,CAN_ENGINE_RPM,HF_HISTORICAL,2026-09-02T19:10:19.340Z,2026-09-02T19:10:25.321Z,2026-09-02T19:10:25.102Z,2026-09-02T19:10:25.321Z,1607,939,939,7918e6b6c6cea5b862c7b2c9c1ddf581a4895ce1d7a3acf258c9b28d76318a08,1s,AVG,7918e6b6c6cea5b862c7b2c9c1ddf581a4895ce1d7a3acf258c9b28d76318a08,2026-09-02T19:10:17.340Z,2026-09-02T19:10:25.102Z,2026-09-02T19:10:25.102Z,1227
powertrainCombustionEngineSpeed,CAN_ENGINE_RPM,LATEST_LIVE,2026-09-02T19:10:27.000Z,2026-09-02T19:10:30.981Z,2026-09-02T19:10:30.640Z,2026-09-02T19:10:30.981Z,1612,925,"{""value"":925,""timestamp"":""2026-09-02T19:10:27Z""}",,,,,,,,1232
powertrainCombustionEngineSpeed,CAN_ENGINE_RPM,HF_HISTORICAL,2026-09-02T19:10:23.102Z,2026-09-02T19:10:31.191Z,2026-09-02T19:10:30.982Z,2026-09-02T19:10:31.191Z,1617,1456,1456,bcb48f61689844dc056d6569f147e599a87b319eec8536dd0133354905c51986,1s,AVG,bcb48f61689844dc056d6569f147e599a87b319eec8536dd0133354905c51986,2026-09-02T19:10:23.102Z,2026-09-02T19:10:30.982Z,2026-09-02T19:10:30.982Z,1237
powertrainCombustionEngineSpeed,CAN_ENGINE_RPM,HF_HISTORICAL,2026-09-02T19:10:25.102Z,2026-09-02T19:10:31.191Z,2026-09-02T19:10:30.982Z,2026-09-02T19:10:31.191Z,1622,949,949,71f5b8703428f93b11f9517ef78c7467623093f32f16a24644c9c614afc22ba9,1s,AVG,71f5b8703428f93b11f9517ef78c7467623093f32f16a24644c9c614afc22ba9,2026-09-02T19:10:23.102Z,2026-09-02T19:10:30.982Z,2026-09-02T19:10:30.982Z,1242
powertrainCombustionEngineSpeed,CAN_ENGINE_RPM,HF_HISTORICAL,2026-09-02T19:10:26.102Z,2026-09-02T19:10:31.191Z,2026-09-02T19:10:30.982Z,2026-09-02T19:10:31.191Z,1627,925,925,fcd5f5513ef325b5c7a82f1fd36703047967837e8cfeaba29fe0fe2d777bce15,1s,AVG,fcd5f5513ef325b5c7a82f1fd36703047967837e8cfeaba29fe0fe2d777bce15,2026-09-02T19:10:23.102Z,2026-09-02T19:10:30.982Z,2026-09-02T19:10:30.982Z,1247
powertrainCombustionEngineSpeed,CAN_ENGINE_RPM,LATEST_LIVE,2026-09-02T19:10:31.000Z,2026-09-02T19:10:36.835Z,2026-09-02T19:10:36.590Z,2026-09-02T19:10:36.835Z,1632,929,"{""value"":929,""timestamp"":""2026-09-02T19:10:31Z""}",,,,,,,,1252
powertrainCombustionEngineSpeed,CAN_ENGINE_RPM,HF_HISTORICAL,2026-09-02T19:10:29.982Z,2026-09-02T19:10:37.050Z,2026-09-02T19:10:36.842Z,2026-09-02T19:10:37.050Z,1637,928,928,9a83e6e3db41cc09722e747173e4004281de82d4bb4f0478596cbb4da07d781a,1s,AVG,9a83e6e3db41cc09722e747173e4004281de82d4bb4f0478596cbb4da07d781a,2026-09-02T19:10:28.982Z,2026-09-02T19:10:36.841Z,2026-09-02T19:10:36.841Z,1257
powertrainCombustionEngineSpeed,CAN_ENGINE_RPM,HF_HISTORICAL,2026-09-02T19:10:30.982Z,2026-09-02T19:10:37.050Z,2026-09-02T19:10:36.842Z,2026-09-02T19:10:37.050Z,1642,929,929,a921a525f5804dfda40f0671e35ca4efb52d171c6b6c71a46667c4cb02feb8c2,1s,AVG,a921a525f5804dfda40f0671e35ca4efb52d171c6b6c71a46667c4cb02feb8c2,2026-09-02T19:10:28.982Z,2026-09-02T19:10:36.841Z,2026-09-02T19:10:36.841Z,1262
powertrainCombustionEngineSpeed,CAN_ENGINE_RPM,LATEST_LIVE,2026-09-02T19:10:39.000Z,2026-09-02T19:10:42.717Z,2026-09-02T19:10:42.416Z,2026-09-02T19:10:42.717Z,1647,2143,"{""value"":2143,""timestamp"":""2026-09-02T19:10:39Z""}",,,,,,,,1267
powertrainCombustionEngineSpeed,CAN_ENGINE_RPM,HF_HISTORICAL,2026-09-02T19:10:35.841Z,2026-09-02T19:10:42.954Z,2026-09-02T19:10:42.720Z,2026-09-02T19:10:42.954Z,1652,932,932,cfc225256a40eb47d71a1329fba78e75b685867b11a09f7833e3d1669d679404,1s,AVG,cfc225256a40eb47d71a1329fba78e75b685867b11a09f7833e3d1669d679404,2026-09-02T19:10:34.841Z,2026-09-02T19:10:42.720Z,2026-09-02T19:10:42.720Z,1272
powertrainCombustionEngineSpeed,CAN_ENGINE_RPM,HF_HISTORICAL,2026-09-02T19:10:36.841Z,2026-09-02T19:10:42.954Z,2026-09-02T19:10:42.720Z,2026-09-02T19:10:42.954Z,1657,1452,1452,ed95d99d7ca93057f19f9f39d156c9bab597ee24bcb74524b89a3cb9dd587683,1s,AVG,ed95d99d7ca93057f19f9f39d156c9bab597ee24bcb74524b89a3cb9dd587683,2026-09-02T19:10:34.841Z,2026-09-02T19:10:42.720Z,2026-09-02T19:10:42.720Z,1277
powertrainCombustionEngineSpeed,CAN_ENGINE_RPM,HF_HISTORICAL,2026-09-02T19:10:37.841Z,2026-09-02T19:10:42.954Z,2026-09-02T19:10:42.720Z,2026-09-02T19:10:42.954Z,1662,2143,2143,a7b96912a3d4d0d3dcb47118b75ef37669747d4b551c468a2c4865290a2ab9db,1s,AVG,a7b96912a3d4d0d3dcb47118b75ef37669747d4b551c468a2c4865290a2ab9db,2026-09-02T19:10:34.841Z,2026-09-02T19:10:42.720Z,2026-09-02T19:10:42.720Z,1282
powertrainCombustionEngineSpeed,CAN_ENGINE_RPM,HF_HISTORICAL,2026-09-02T19:10:38.841Z,2026-09-02T19:10:42.954Z,2026-09-02T19:10:42.720Z,2026-09-02T19:10:42.954Z,1667,2143,2143,4ec68646170a2a088f09df7c695b631fc9c8663ab77c090df3ccdcf2336abe23,1s,AVG,4ec68646170a2a088f09df7c695b631fc9c8663ab77c090df3ccdcf2336abe23,2026-09-02T19:10:34.841Z,2026-09-02T19:10:42.720Z,2026-09-02T19:10:42.720Z,1287
powertrainCombustionEngineSpeed,CAN_ENGINE_RPM,LATEST_LIVE,2026-09-02T19:10:44.000Z,2026-09-02T19:10:49.107Z,2026-09-02T19:10:48.854Z,2026-09-02T19:10:49.107Z,1698,1724,"{""value"":1724,""timestamp"":""2026-09-02T19:10:44Z""}",,,,,,,,1298
powertrainCombustionEngineSpeed,CAN_ENGINE_RPM,HF_HISTORICAL,2026-09-02T19:10:40.720Z,2026-09-02T19:10:49.333Z,2026-09-02T19:10:49.109Z,2026-09-02T19:10:49.333Z,1703,1521,1521,5582d7f21a1a73775b52e1697a3e6c702d1602957cbe5b8c2b536b217c22d9d3,1s,AVG,5582d7f21a1a73775b52e1697a3e6c702d1602957cbe5b8c2b536b217c22d9d3,2026-09-02T19:10:40.720Z,2026-09-02T19:10:49.109Z,2026-09-02T19:10:49.109Z,1303
powertrainCombustionEngineSpeed,CAN_ENGINE_RPM,HF_HISTORICAL,2026-09-02T19:10:41.720Z,2026-09-02T19:10:49.333Z,2026-09-02T19:10:49.109Z,2026-09-02T19:10:49.333Z,1708,978,978,434f5390e3f2cf43a1bb30266079288192ebf13c230823074ecf3e0367b9a6f1,1s,AVG,434f5390e3f2cf43a1bb30266079288192ebf13c230823074ecf3e0367b9a6f1,2026-09-02T19:10:40.720Z,2026-09-02T19:10:49.109Z,2026-09-02T19:10:49.109Z,1308
powertrainCombustionEngineSpeed,CAN_ENGINE_RPM,HF_HISTORICAL,2026-09-02T19:10:42.720Z,2026-09-02T19:10:49.333Z,2026-09-02T19:10:49.109Z,2026-09-02T19:10:49.333Z,1713,1632,1632,2e59b60267a498b1522d3693656d6a8bb546d976b3442058d9b33e9d11faff5c,1s,AVG,2e59b60267a498b1522d3693656d6a8bb546d976b3442058d9b33e9d11faff5c,2026-09-02T19:10:40.720Z,2026-09-02T19:10:49.109Z,2026-09-02T19:10:49.109Z,1313
powertrainCombustionEngineSpeed,CAN_ENGINE_RPM,HF_HISTORICAL,2026-09-02T19:10:43.720Z,2026-09-02T19:10:49.333Z,2026-09-02T19:10:49.109Z,2026-09-02T19:10:49.333Z,1718,1724,1724,ef958a8911eb1e1dd0d73b9a674238bf738695f7e40e2cee6bdbef675f7f2058,1s,AVG,ef958a8911eb1e1dd0d73b9a674238bf738695f7e40e2cee6bdbef675f7f2058,2026-09-02T19:10:40.720Z,2026-09-02T19:10:49.109Z,2026-09-02T19:10:49.109Z,1318
powertrainCombustionEngineSpeed,CAN_ENGINE_RPM,LATEST_LIVE,2026-09-02T19:10:51.000Z,2026-09-02T19:10:54.962Z,2026-09-02T19:10:54.703Z,2026-09-02T19:10:54.962Z,1723,1507,"{""value"":1507,""timestamp"":""2026-09-02T19:10:51Z""}",,,,,,,,1323
powertrainCombustionEngineSpeed,CAN_ENGINE_RPM,HF_HISTORICAL,2026-09-02T19:10:47.109Z,2026-09-02T19:10:55.166Z,2026-09-02T19:10:54.964Z,2026-09-02T19:10:55.166Z,1728,965,965,6b54d1145b76f9066a36be3de2110fbfbb46722bef98c0c8cf4a75c2d11c7b3a,1s,AVG,6b54d1145b76f9066a36be3de2110fbfbb46722bef98c0c8cf4a75c2d11c7b3a,2026-09-02T19:10:47.109Z,2026-09-02T19:10:54.964Z,2026-09-02T19:10:54.964Z,1328
powertrainCombustionEngineSpeed,CAN_ENGINE_RPM,HF_HISTORICAL,2026-09-02T19:10:49.109Z,2026-09-02T19:10:55.166Z,2026-09-02T19:10:54.964Z,2026-09-02T19:10:55.166Z,1733,948,948,c10d3b0665312d746c1483ca1735346a2bd4fa14ecf340a3aa391e36b99709d4,1s,AVG,c10d3b0665312d746c1483ca1735346a2bd4fa14ecf340a3aa391e36b99709d4,2026-09-02T19:10:47.109Z,2026-09-02T19:10:54.964Z,2026-09-02T19:10:54.964Z,1333
powertrainCombustionEngineSpeed,CAN_ENGINE_RPM,HF_HISTORICAL,2026-09-02T19:10:50.109Z,2026-09-02T19:10:55.166Z,2026-09-02T19:10:54.964Z,2026-09-02T19:10:55.166Z,1738,1507,1507,cd3e4da9b1fc94d5a7d02b46412e593cba9149c67659340200e429580e6573f8,1s,AVG,cd3e4da9b1fc94d5a7d02b46412e593cba9149c67659340200e429580e6573f8,2026-09-02T19:10:47.109Z,2026-09-02T19:10:54.964Z,2026-09-02T19:10:54.964Z,1338
powertrainCombustionEngineSpeed,CAN_ENGINE_RPM,LATEST_LIVE,2026-09-02T19:10:56.000Z,2026-09-02T19:11:00.708Z,2026-09-02T19:11:00.435Z,2026-09-02T19:11:00.708Z,1743,1282,"{""value"":1282,""timestamp"":""2026-09-02T19:10:56Z""}",,,,,,,,1343
powertrainCombustionEngineSpeed,CAN_ENGINE_RPM,HF_HISTORICAL,2026-09-02T19:10:53.964Z,2026-09-02T19:11:01.021Z,2026-09-02T19:11:00.712Z,2026-09-02T19:11:01.021Z,1748,1955,1955,af8c0f010b7366c8dfcaf5eac2518193b2bc732f8491f7f7f3f7d9fa21687f1b,1s,AVG,af8c0f010b7366c8dfcaf5eac2518193b2bc732f8491f7f7f3f7d9fa21687f1b,2026-09-02T19:10:52.964Z,2026-09-02T19:11:00.712Z,2026-09-02T19:11:00.712Z,1348
powertrainCombustionEngineSpeed,CAN_ENGINE_RPM,HF_HISTORICAL,2026-09-02T19:10:54.964Z,2026-09-02T19:11:01.021Z,2026-09-02T19:11:00.712Z,2026-09-02T19:11:01.021Z,1753,993,993,6661d8f1d318d88eca4867e8a8c8d7c945c3077969eedceab1cb76cb9fad8331,1s,AVG,6661d8f1d318d88eca4867e8a8c8d7c945c3077969eedceab1cb76cb9fad8331,2026-09-02T19:10:52.964Z,2026-09-02T19:11:00.712Z,2026-09-02T19:11:00.712Z,1353
powertrainCombustionEngineSpeed,CAN_ENGINE_RPM,HF_HISTORICAL,2026-09-02T19:10:55.964Z,2026-09-02T19:11:01.021Z,2026-09-02T19:11:00.712Z,2026-09-02T19:11:01.021Z,1758,1282,1282,4ecd952e4ce787413991ace58177bd69be6590a68cd40e77d732eb219c596446,1s,AVG,4ecd952e4ce787413991ace58177bd69be6590a68cd40e77d732eb219c596446,2026-09-02T19:10:52.964Z,2026-09-02T19:11:00.712Z,2026-09-02T19:11:00.712Z,1358
powertrainCombustionEngineSpeed,CAN_ENGINE_RPM,LATEST_LIVE,2026-09-02T19:11:03.000Z,2026-09-02T19:11:06.650Z,2026-09-02T19:11:06.387Z,2026-09-02T19:11:06.650Z,1763,1387,"{""value"":1387,""timestamp"":""2026-09-02T19:11:03Z""}",,,,,,,,1363
powertrainCombustionEngineSpeed,CAN_ENGINE_RPM,HF_HISTORICAL,2026-09-02T19:10:58.712Z,2026-09-02T19:11:06.856Z,2026-09-02T19:11:06.654Z,2026-09-02T19:11:06.856Z,1768,929,929,81e3233ff23a87aebc4388c16b1c8080b4feaf389303c24c62872aa29666230e,1s,AVG,81e3233ff23a87aebc4388c16b1c8080b4feaf389303c24c62872aa29666230e,2026-09-02T19:10:58.712Z,2026-09-02T19:11:06.654Z,2026-09-02T19:11:06.654Z,1368
powertrainCombustionEngineSpeed,CAN_ENGINE_RPM,HF_HISTORICAL,2026-09-02T19:10:59.712Z,2026-09-02T19:11:06.856Z,2026-09-02T19:11:06.654Z,2026-09-02T19:11:06.856Z,1773,932,932,41a932c57b36a29c557a3882ae5f897c305204ce59b8a07b59a872f7a7e3cb85,1s,AVG,41a932c57b36a29c557a3882ae5f897c305204ce59b8a07b59a872f7a7e3cb85,2026-09-02T19:10:58.712Z,2026-09-02T19:11:06.654Z,2026-09-02T19:11:06.654Z,1373
powertrainCombustionEngineSpeed,CAN_ENGINE_RPM,HF_HISTORICAL,2026-09-02T19:11:02.712Z,2026-09-02T19:11:06.856Z,2026-09-02T19:11:06.654Z,2026-09-02T19:11:06.856Z,1778,1387,1387,c549414518fbc089cc10d473078cae8e7556fbe4c5efbb75168a7aceb9caf99c,1s,AVG,c549414518fbc089cc10d473078cae8e7556fbe4c5efbb75168a7aceb9caf99c,2026-09-02T19:10:58.712Z,2026-09-02T19:11:06.654Z,2026-09-02T19:11:06.654Z,1378
powertrainCombustionEngineSpeed,CAN_ENGINE_RPM,LATEST_LIVE,2026-09-02T19:11:06.000Z,2026-09-02T19:11:12.532Z,2026-09-02T19:11:12.263Z,2026-09-02T19:11:12.532Z,1783,928,"{""value"":928,""timestamp"":""2026-09-02T19:11:06Z""}",,,,,,,,1383
powertrainCombustionEngineSpeed,CAN_ENGINE_RPM,HF_HISTORICAL,2026-09-02T19:11:05.654Z,2026-09-02T19:11:12.723Z,2026-09-02T19:11:12.533Z,2026-09-02T19:11:12.723Z,1788,928,928,1ec9d814ad45efc6af8a53cb1d3ddb81c4db3219de3670d204c1dab77f5441ed,1s,AVG,1ec9d814ad45efc6af8a53cb1d3ddb81c4db3219de3670d204c1dab77f5441ed,2026-09-02T19:11:04.654Z,2026-09-02T19:11:12.533Z,2026-09-02T19:11:12.533Z,1388
powertrainCombustionEngineSpeed,CAN_ENGINE_RPM,LATEST_LIVE,2026-09-02T19:11:14.000Z,2026-09-02T19:11:18.324Z,2026-09-02T19:11:18.055Z,2026-09-02T19:11:18.324Z,1799,1889,"{""value"":1889,""timestamp"":""2026-09-02T19:11:14Z""}",,,,,,,,1399
powertrainCombustionEngineSpeed,CAN_ENGINE_RPM,HF_HISTORICAL,2026-09-02T19:11:10.533Z,2026-09-02T19:11:18.631Z,2026-09-02T19:11:18.327Z,2026-09-02T19:11:18.631Z,1803,1213,1213,c7bcadbb3964cf2dab0b93b6a9d453f2d5dbc46193cd9c297f128425aa312fa7,1s,AVG,c7bcadbb3964cf2dab0b93b6a9d453f2d5dbc46193cd9c297f128425aa312fa7,2026-09-02T19:11:10.533Z,2026-09-02T19:11:18.327Z,2026-09-02T19:11:18.327Z,1403
powertrainCombustionEngineSpeed,CAN_ENGINE_RPM,HF_HISTORICAL,2026-09-02T19:11:11.533Z,2026-09-02T19:11:18.631Z,2026-09-02T19:11:18.327Z,2026-09-02T19:11:18.631Z,1808,1069,1069,8ed43a803ac8f0bf40215457ddf517cbf76027e989c7f1c6048e11c7a3dc99de,1s,AVG,8ed43a803ac8f0bf40215457ddf517cbf76027e989c7f1c6048e11c7a3dc99de,2026-09-02T19:11:10.533Z,2026-09-02T19:11:18.327Z,2026-09-02T19:11:18.327Z,1408
powertrainCombustionEngineSpeed,CAN_ENGINE_RPM,HF_HISTORICAL,2026-09-02T19:11:13.533Z,2026-09-02T19:11:18.631Z,2026-09-02T19:11:18.327Z,2026-09-02T19:11:18.631Z,1813,1889,1889,1e8ec6c845174d603d61dbfe6cceddc43bfc6ede15c18facddf6a24df40b76e8,1s,AVG,1e8ec6c845174d603d61dbfe6cceddc43bfc6ede15c18facddf6a24df40b76e8,2026-09-02T19:11:10.533Z,2026-09-02T19:11:18.327Z,2026-09-02T19:11:18.327Z,1413
powertrainCombustionEngineSpeed,CAN_ENGINE_RPM,HF_HISTORICAL,2026-09-02T19:11:14.533Z,2026-09-02T19:11:18.631Z,2026-09-02T19:11:18.327Z,2026-09-02T19:11:18.631Z,1818,1687,1687,67e30ceb388e442ca3d425c6f583e854f78351c510fe031e5ee9f10f93155ffd,1s,AVG,67e30ceb388e442ca3d425c6f583e854f78351c510fe031e5ee9f10f93155ffd,2026-09-02T19:11:10.533Z,2026-09-02T19:11:18.327Z,2026-09-02T19:11:18.327Z,1418
powertrainCombustionEngineSpeed,CAN_ENGINE_RPM,LATEST_LIVE,2026-09-02T19:11:19.000Z,2026-09-02T19:11:24.492Z,2026-09-02T19:11:24.303Z,2026-09-02T19:11:24.492Z,1849,927,"{""value"":927,""timestamp"":""2026-09-02T19:11:19Z""}",,,,,,,,1429
powertrainCombustionEngineSpeed,CAN_ENGINE_RPM,HF_HISTORICAL,2026-09-02T19:11:18.327Z,2026-09-02T19:11:24.681Z,2026-09-02T19:11:24.493Z,2026-09-02T19:11:24.681Z,1854,927,927,fb9ad63a55f852f120f6950b4f45085068b322c56c13cd249efb037909388007,1s,AVG,fb9ad63a55f852f120f6950b4f45085068b322c56c13cd249efb037909388007,2026-09-02T19:11:16.327Z,2026-09-02T19:11:24.493Z,2026-09-02T19:11:24.493Z,1434
powertrainCombustionEngineSpeed,CAN_ENGINE_RPM,HF_HISTORICAL,2026-09-02T19:11:20.327Z,2026-09-02T19:11:24.681Z,2026-09-02T19:11:24.493Z,2026-09-02T19:11:24.681Z,1859,931,931,eaa554cc588bc7d7ed820910f828cb76c4129a3505931d158b97adb5cf49f13a,1s,AVG,eaa554cc588bc7d7ed820910f828cb76c4129a3505931d158b97adb5cf49f13a,2026-09-02T19:11:16.327Z,2026-09-02T19:11:24.493Z,2026-09-02T19:11:24.493Z,1439
powertrainCombustionEngineSpeed,CAN_ENGINE_RPM,LATEST_LIVE,2026-09-02T19:11:25.000Z,2026-09-02T19:11:30.319Z,2026-09-02T19:11:30.026Z,2026-09-02T19:11:30.319Z,1864,930,"{""value"":930,""timestamp"":""2026-09-02T19:11:25Z""}",,,,,,,,1444
powertrainCombustionEngineSpeed,CAN_ENGINE_RPM,HF_HISTORICAL,2026-09-02T19:11:23.493Z,2026-09-02T19:11:30.778Z,2026-09-02T19:11:30.320Z,2026-09-02T19:11:30.778Z,1869,927,927,81c6440b05925c501063a5d982eb3e9ee79a8cab510df18515a593b1ace6b093,1s,AVG,81c6440b05925c501063a5d982eb3e9ee79a8cab510df18515a593b1ace6b093,2026-09-02T19:11:22.493Z,2026-09-02T19:11:30.320Z,2026-09-02T19:11:30.320Z,1449
powertrainCombustionEngineSpeed,CAN_ENGINE_RPM,HF_HISTORICAL,2026-09-02T19:11:24.493Z,2026-09-02T19:11:30.778Z,2026-09-02T19:11:30.320Z,2026-09-02T19:11:30.778Z,1874,930,930,065c17aa4d17c3ad6d5a70df762712a0815e56b00af53ea3d0a25c98b53a7998,1s,AVG,065c17aa4d17c3ad6d5a70df762712a0815e56b00af53ea3d0a25c98b53a7998,2026-09-02T19:11:22.493Z,2026-09-02T19:11:30.320Z,2026-09-02T19:11:30.320Z,1454
powertrainCombustionEngineSpeed,CAN_ENGINE_RPM,HF_HISTORICAL,2026-09-02T19:11:26.493Z,2026-09-02T19:11:30.778Z,2026-09-02T19:11:30.320Z,2026-09-02T19:11:30.778Z,1879,930,930,5a45e72dfc83d89c8c10864c030844002c0a21b020dc7a4691c15412ae83b80e,1s,AVG,5a45e72dfc83d89c8c10864c030844002c0a21b020dc7a4691c15412ae83b80e,2026-09-02T19:11:22.493Z,2026-09-02T19:11:30.320Z,2026-09-02T19:11:30.320Z,1459
powertrainCombustionEngineSpeed,CAN_ENGINE_RPM,LATEST_LIVE,2026-09-02T19:11:31.000Z,2026-09-02T19:11:36.484Z,2026-09-02T19:11:36.098Z,2026-09-02T19:11:36.484Z,1884,1895,"{""value"":1895,""timestamp"":""2026-09-02T19:11:31Z""}",,,,,,,,1464
powertrainCombustionEngineSpeed,CAN_ENGINE_RPM,HF_HISTORICAL,2026-09-02T19:11:29.320Z,2026-09-02T19:11:36.802Z,2026-09-02T19:11:36.486Z,2026-09-02T19:11:36.802Z,1889,1689,1689,12032349379ae6fd3ccbdffbce28668f1053042b6e703f7ca785bd3590d18e53,1s,AVG,12032349379ae6fd3ccbdffbce28668f1053042b6e703f7ca785bd3590d18e53,2026-09-02T19:11:28.320Z,2026-09-02T19:11:36.486Z,2026-09-02T19:11:36.486Z,1469
powertrainCombustionEngineSpeed,CAN_ENGINE_RPM,HF_HISTORICAL,2026-09-02T19:11:30.320Z,2026-09-02T19:11:36.802Z,2026-09-02T19:11:36.486Z,2026-09-02T19:11:36.802Z,1894,1895,1895,f3413e8c6c8aa4d5ae76a92b5d0eff5ca49506d2f0213641802b8e2e469c2022,1s,AVG,f3413e8c6c8aa4d5ae76a92b5d0eff5ca49506d2f0213641802b8e2e469c2022,2026-09-02T19:11:28.320Z,2026-09-02T19:11:36.486Z,2026-09-02T19:11:36.486Z,1474
powertrainCombustionEngineSpeed,CAN_ENGINE_RPM,HF_HISTORICAL,2026-09-02T19:11:33.320Z,2026-09-02T19:11:36.802Z,2026-09-02T19:11:36.486Z,2026-09-02T19:11:36.802Z,1899,1704,1704,a1ae6e852c9840a4fb790765f8cccc6f21bb042f6a2308625053f779a8689785,1s,AVG,a1ae6e852c9840a4fb790765f8cccc6f21bb042f6a2308625053f779a8689785,2026-09-02T19:11:28.320Z,2026-09-02T19:11:36.486Z,2026-09-02T19:11:36.486Z,1479
powertrainCombustionEngineSpeed,CAN_ENGINE_RPM,LATEST_LIVE,2026-09-02T19:11:35.000Z,2026-09-02T19:11:42.446Z,2026-09-02T19:11:42.206Z,2026-09-02T19:11:42.446Z,1904,929,"{""value"":929,""timestamp"":""2026-09-02T19:11:35Z""}",,,,,,,,1484
powertrainCombustionEngineSpeed,CAN_ENGINE_RPM,HF_HISTORICAL,2026-09-02T19:11:34.486Z,2026-09-02T19:11:42.666Z,2026-09-02T19:11:42.450Z,2026-09-02T19:11:42.666Z,1909,929,929,626b3fa4cdd66eb276c711037c8100c3c33272eed2c0460aa79aeaac112c3a3e,1s,AVG,626b3fa4cdd66eb276c711037c8100c3c33272eed2c0460aa79aeaac112c3a3e,2026-09-02T19:11:34.486Z,2026-09-02T19:11:42.450Z,2026-09-02T19:11:42.450Z,1489
powertrainCombustionEngineSpeed,CAN_ENGINE_RPM,LATEST_LIVE,2026-09-02T19:11:45.000Z,2026-09-02T19:11:48.284Z,2026-09-02T19:11:48.036Z,2026-09-02T19:11:48.284Z,1914,924,"{""value"":924,""timestamp"":""2026-09-02T19:11:45Z""}",,,,,,,,1494
powertrainCombustionEngineSpeed,CAN_ENGINE_RPM,HF_HISTORICAL,2026-09-02T19:11:41.450Z,2026-09-02T19:11:48.502Z,2026-09-02T19:11:48.292Z,2026-09-02T19:11:48.502Z,1919,931,931,59f3b5eaf21f733c7c18aa035eb6661b230627990c67c3d0497ff8e49a191639,1s,AVG,59f3b5eaf21f733c7c18aa035eb6661b230627990c67c3d0497ff8e49a191639,2026-09-02T19:11:40.450Z,2026-09-02T19:11:48.292Z,2026-09-02T19:11:48.292Z,1499
powertrainCombustionEngineSpeed,CAN_ENGINE_RPM,HF_HISTORICAL,2026-09-02T19:11:43.450Z,2026-09-02T19:11:48.502Z,2026-09-02T19:11:48.292Z,2026-09-02T19:11:48.502Z,1924,930,930,b1187ca67154a65bd4f60b90921b75ee46d2279ad267321fce3daf66866b9175,1s,AVG,b1187ca67154a65bd4f60b90921b75ee46d2279ad267321fce3daf66866b9175,2026-09-02T19:11:40.450Z,2026-09-02T19:11:48.292Z,2026-09-02T19:11:48.292Z,1504
powertrainCombustionEngineSpeed,CAN_ENGINE_RPM,HF_HISTORICAL,2026-09-02T19:11:44.450Z,2026-09-02T19:11:48.502Z,2026-09-02T19:11:48.292Z,2026-09-02T19:11:48.502Z,1929,924,924,7fdf3782ad29e2bf8652d2ce93c1383524250d92088a49e97842e4de28b36a11,1s,AVG,7fdf3782ad29e2bf8652d2ce93c1383524250d92088a49e97842e4de28b36a11,2026-09-02T19:11:40.450Z,2026-09-02T19:11:48.292Z,2026-09-02T19:11:48.292Z,1509
powertrainCombustionEngineSpeed,CAN_ENGINE_RPM,LATEST_LIVE,2026-09-02T19:11:51.000Z,2026-09-02T19:11:54.318Z,2026-09-02T19:11:53.902Z,2026-09-02T19:11:54.318Z,1934,978,"{""value"":978,""timestamp"":""2026-09-02T19:11:51Z""}",,,,,,,,1514
powertrainCombustionEngineSpeed,CAN_ENGINE_RPM,HF_HISTORICAL,2026-09-02T19:11:48.292Z,2026-09-02T19:11:54.563Z,2026-09-02T19:11:54.321Z,2026-09-02T19:11:54.563Z,1939,1009,1009,c44730e0e8fc64d157e13af03e65c29f87640f6a90bfeb8e027733b10f0ecd92,1s,AVG,c44730e0e8fc64d157e13af03e65c29f87640f6a90bfeb8e027733b10f0ecd92,2026-09-02T19:11:46.292Z,2026-09-02T19:11:54.321Z,2026-09-02T19:11:54.321Z,1519
powertrainCombustionEngineSpeed,CAN_ENGINE_RPM,HF_HISTORICAL,2026-09-02T19:11:49.292Z,2026-09-02T19:11:54.563Z,2026-09-02T19:11:54.321Z,2026-09-02T19:11:54.563Z,1944,980,980,6ac3bc11a9f5e1f2045325da34264aa20103b56f49621b3fae5b518dcd639f29,1s,AVG,6ac3bc11a9f5e1f2045325da34264aa20103b56f49621b3fae5b518dcd639f29,2026-09-02T19:11:46.292Z,2026-09-02T19:11:54.321Z,2026-09-02T19:11:54.321Z,1524
powertrainCombustionEngineSpeed,CAN_ENGINE_RPM,HF_HISTORICAL,2026-09-02T19:11:50.292Z,2026-09-02T19:11:54.563Z,2026-09-02T19:11:54.321Z,2026-09-02T19:11:54.563Z,1949,978,978,777c4d6553ef607749cbd105f3d32bc7a3452d5ef6f211b56ab4d416ef613cfb,1s,AVG,777c4d6553ef607749cbd105f3d32bc7a3452d5ef6f211b56ab4d416ef613cfb,2026-09-02T19:11:46.292Z,2026-09-02T19:11:54.321Z,2026-09-02T19:11:54.321Z,1529
powertrainCombustionEngineSpeed,CAN_ENGINE_RPM,LATEST_LIVE,2026-09-02T19:11:55.000Z,2026-09-02T19:12:00.571Z,2026-09-02T19:12:00.267Z,2026-09-02T19:12:00.571Z,1980,1197,"{""value"":1197,""timestamp"":""2026-09-02T19:11:55Z""}",,,,,,,,1540
powertrainCombustionEngineSpeed,CAN_ENGINE_RPM,HF_HISTORICAL,2026-09-02T19:11:53.321Z,2026-09-02T19:12:00.893Z,2026-09-02T19:12:00.575Z,2026-09-02T19:12:00.893Z,1985,1457,1457,6c028b2bd2a24404170054d0030175cf7c101d83a3286499d8eefe33d7bf9f44,1s,AVG,6c028b2bd2a24404170054d0030175cf7c101d83a3286499d8eefe33d7bf9f44,2026-09-02T19:11:52.321Z,2026-09-02T19:12:00.575Z,2026-09-02T19:12:00.575Z,1545
powertrainCombustionEngineSpeed,CAN_ENGINE_RPM,HF_HISTORICAL,2026-09-02T19:11:54.321Z,2026-09-02T19:12:00.893Z,2026-09-02T19:12:00.575Z,2026-09-02T19:12:00.893Z,1990,1197,1197,8abb5dd45aa9ee015f1776f58dfe01ff7e8b86db17fea4bb78a80e0e36bcc287,1s,AVG,8abb5dd45aa9ee015f1776f58dfe01ff7e8b86db17fea4bb78a80e0e36bcc287,2026-09-02T19:11:52.321Z,2026-09-02T19:12:00.575Z,2026-09-02T19:12:00.575Z,1550
powertrainCombustionEngineSpeed,CAN_ENGINE_RPM,HF_HISTORICAL,2026-09-02T19:11:55.321Z,2026-09-02T19:12:00.893Z,2026-09-02T19:12:00.575Z,2026-09-02T19:12:00.893Z,1995,931,931,8228142edac93d61b9bfd6113b8703adb7fcb9d35682b549969ced4a48480dcd,1s,AVG,8228142edac93d61b9bfd6113b8703adb7fcb9d35682b549969ced4a48480dcd,2026-09-02T19:11:52.321Z,2026-09-02T19:12:00.575Z,2026-09-02T19:12:00.575Z,1555
powertrainCombustionEngineSpeed,CAN_ENGINE_RPM,HF_HISTORICAL,2026-09-02T19:11:56.321Z,2026-09-02T19:12:00.893Z,2026-09-02T19:12:00.575Z,2026-09-02T19:12:00.893Z,2000,928,928,c347048572ab9a8bba02134b6f23407968b25c5b0f2666f06b14f6dbfb95ecb2,1s,AVG,c347048572ab9a8bba02134b6f23407968b25c5b0f2666f06b14f6dbfb95ecb2,2026-09-02T19:11:52.321Z,2026-09-02T19:12:00.575Z,2026-09-02T19:12:00.575Z,1560
powertrainCombustionEngineSpeed,CAN_ENGINE_RPM,LATEST_LIVE,2026-09-02T19:12:00.000Z,2026-09-02T19:12:06.595Z,2026-09-02T19:12:06.282Z,2026-09-02T19:12:06.595Z,2005,1617,"{""value"":1617,""timestamp"":""2026-09-02T19:12:00Z""}",,,,,,,,1565
powertrainCombustionEngineSpeed,CAN_ENGINE_RPM,HF_HISTORICAL,2026-09-02T19:11:58.575Z,2026-09-02T19:12:06.819Z,2026-09-02T19:12:06.598Z,2026-09-02T19:12:06.819Z,2010,1684,1684,973604b218d06758a6a34b9cba8099bd11ff05c2c0086257300248f6fea6bee7,1s,AVG,973604b218d06758a6a34b9cba8099bd11ff05c2c0086257300248f6fea6bee7,2026-09-02T19:11:58.575Z,2026-09-02T19:12:06.598Z,2026-09-02T19:12:06.598Z,1570
powertrainCombustionEngineSpeed,CAN_ENGINE_RPM,HF_HISTORICAL,2026-09-02T19:11:59.575Z,2026-09-02T19:12:06.819Z,2026-09-02T19:12:06.598Z,2026-09-02T19:12:06.819Z,2015,1617,1617,75d11b8e4af937326fac1b6b029acb31ac01794f07010cf53155592d59b78c23,1s,AVG,75d11b8e4af937326fac1b6b029acb31ac01794f07010cf53155592d59b78c23,2026-09-02T19:11:58.575Z,2026-09-02T19:12:06.598Z,2026-09-02T19:12:06.598Z,1575
powertrainCombustionEngineSpeed,CAN_ENGINE_RPM,LATEST_LIVE,2026-09-02T19:12:00.000Z,2026-09-02T19:12:12.411Z,2026-09-02T19:12:12.144Z,2026-09-02T19:12:12.411Z,2020,1617,"{""value"":1617,""timestamp"":""2026-09-02T19:12:00Z""}",,,,,,,,1580
powertrainCombustionEngineSpeed,CAN_ENGINE_RPM,LATEST_LIVE,2026-09-02T19:12:00.000Z,2026-09-02T19:12:18.224Z,2026-09-02T19:12:17.948Z,2026-09-02T19:12:18.224Z,2025,1617,"{""value"":1617,""timestamp"":""2026-09-02T19:12:00Z""}",,,,,,,,1585
powertrainCombustionEngineSpeed,CAN_ENGINE_RPM,LATEST_LIVE,2026-09-02T19:12:00.000Z,2026-09-02T19:12:24.179Z,2026-09-02T19:12:23.884Z,2026-09-02T19:12:24.179Z,2030,1617,"{""value"":1617,""timestamp"":""2026-09-02T19:12:00Z""}",,,,,,,,1590
powertrainCombustionEngineSpeed,CAN_ENGINE_RPM,LATEST_LIVE,2026-09-02T19:12:26.000Z,2026-09-02T19:12:30.416Z,2026-09-02T19:12:30.174Z,2026-09-02T19:12:30.416Z,2035,1669,"{""value"":1669,""timestamp"":""2026-09-02T19:12:26Z""}",,,,,,,,1595
powertrainCombustionEngineSpeed,CAN_ENGINE_RPM,HF_HISTORICAL,2026-09-02T19:12:22.180Z,2026-09-02T19:12:30.663Z,2026-09-02T19:12:30.418Z,2026-09-02T19:12:30.663Z,2040,1780,1780,0f46665732c70035e4a53096bd7c7a052699f63e924d761ed46c80b1f2c2470a,1s,AVG,0f46665732c70035e4a53096bd7c7a052699f63e924d761ed46c80b1f2c2470a,2026-09-02T19:12:22.180Z,2026-09-02T19:12:30.418Z,2026-09-02T19:12:30.418Z,1600
powertrainCombustionEngineSpeed,CAN_ENGINE_RPM,HF_HISTORICAL,2026-09-02T19:12:23.180Z,2026-09-02T19:12:30.663Z,2026-09-02T19:12:30.418Z,2026-09-02T19:12:30.663Z,2045,958,958,ecdddcc316dbf2914298c6d38fb8336465fb535f0149c46935c80b8694f21ab9,1s,AVG,ecdddcc316dbf2914298c6d38fb8336465fb535f0149c46935c80b8694f21ab9,2026-09-02T19:12:22.180Z,2026-09-02T19:12:30.418Z,2026-09-02T19:12:30.418Z,1605
powertrainCombustionEngineSpeed,CAN_ENGINE_RPM,HF_HISTORICAL,2026-09-02T19:12:25.180Z,2026-09-02T19:12:30.663Z,2026-09-02T19:12:30.418Z,2026-09-02T19:12:30.663Z,2050,1669,1669,f3f9f4906a65b965919f8fa66f7c22651443bbd400a89474a2494f4666b7edab,1s,AVG,f3f9f4906a65b965919f8fa66f7c22651443bbd400a89474a2494f4666b7edab,2026-09-02T19:12:22.180Z,2026-09-02T19:12:30.418Z,2026-09-02T19:12:30.418Z,1610
powertrainCombustionEngineSpeed,CAN_ENGINE_RPM,HF_HISTORICAL,2026-09-02T19:12:26.180Z,2026-09-02T19:12:30.663Z,2026-09-02T19:12:30.418Z,2026-09-02T19:12:30.663Z,2055,2433,2433,712ba4e6364d5bd51b42b8d6172c402e856ce1923d9014c58607325f2af8cf72,1s,AVG,712ba4e6364d5bd51b42b8d6172c402e856ce1923d9014c58607325f2af8cf72,2026-09-02T19:12:22.180Z,2026-09-02T19:12:30.418Z,2026-09-02T19:12:30.418Z,1615
powertrainCombustionEngineSpeed,CAN_ENGINE_RPM,HF_HISTORICAL,2026-09-02T19:12:27.180Z,2026-09-02T19:12:30.663Z,2026-09-02T19:12:30.418Z,2026-09-02T19:12:30.663Z,2060,1525,1525,c47bf0c33609c774e455ea1b805a2d0a54ba88b1922ed6e4342756578de1a254,1s,AVG,c47bf0c33609c774e455ea1b805a2d0a54ba88b1922ed6e4342756578de1a254,2026-09-02T19:12:22.180Z,2026-09-02T19:12:30.418Z,2026-09-02T19:12:30.418Z,1620
powertrainCombustionEngineSpeed,CAN_ENGINE_RPM,LATEST_LIVE,2026-09-02T19:12:32.000Z,2026-09-02T19:12:37.008Z,2026-09-02T19:12:36.565Z,2026-09-02T19:12:37.008Z,2091,1429,"{""value"":1429,""timestamp"":""2026-09-02T19:12:32Z""}",,,,,,,,1631
powertrainCombustionEngineSpeed,CAN_ENGINE_RPM,HF_HISTORICAL,2026-09-02T19:12:28.418Z,2026-09-02T19:12:37.225Z,2026-09-02T19:12:37.010Z,2026-09-02T19:12:37.225Z,2096,927,927,b193e06ff6e32c0d4d6fc970a208eb18f993ac36504547817e5216f6f91285ac,1s,AVG,b193e06ff6e32c0d4d6fc970a208eb18f993ac36504547817e5216f6f91285ac,2026-09-02T19:12:28.418Z,2026-09-02T19:12:37.010Z,2026-09-02T19:12:37.010Z,1636
powertrainCombustionEngineSpeed,CAN_ENGINE_RPM,HF_HISTORICAL,2026-09-02T19:12:29.418Z,2026-09-02T19:12:37.225Z,2026-09-02T19:12:37.010Z,2026-09-02T19:12:37.225Z,2101,1358,1358,fa1d9a64a46162bdee326e8639f6fa5d6d302f735a3cd94cef020538e1ee48b8,1s,AVG,fa1d9a64a46162bdee326e8639f6fa5d6d302f735a3cd94cef020538e1ee48b8,2026-09-02T19:12:28.418Z,2026-09-02T19:12:37.010Z,2026-09-02T19:12:37.010Z,1641
powertrainCombustionEngineSpeed,CAN_ENGINE_RPM,HF_HISTORICAL,2026-09-02T19:12:31.418Z,2026-09-02T19:12:37.225Z,2026-09-02T19:12:37.010Z,2026-09-02T19:12:37.225Z,2106,1429,1429,7b32ebb19449f342849b7189b0faf5a5605450fd6abc286c1765483f4b0cc1c1,1s,AVG,7b32ebb19449f342849b7189b0faf5a5605450fd6abc286c1765483f4b0cc1c1,2026-09-02T19:12:28.418Z,2026-09-02T19:12:37.010Z,2026-09-02T19:12:37.010Z,1646
powertrainCombustionEngineSpeed,CAN_ENGINE_RPM,LATEST_LIVE,2026-09-02T19:12:35.000Z,2026-09-02T19:12:42.765Z,2026-09-02T19:12:42.506Z,2026-09-02T19:12:42.765Z,2111,993,"{""value"":993,""timestamp"":""2026-09-02T19:12:35Z""}",,,,,,,,1651
powertrainCombustionEngineSpeed,CAN_ENGINE_RPM,LATEST_LIVE,2026-09-02T19:12:43.000Z,2026-09-02T19:12:48.444Z,2026-09-02T19:12:48.238Z,2026-09-02T19:12:48.444Z,2116,1347,"{""value"":1347,""timestamp"":""2026-09-02T19:12:43Z""}",,,,,,,,1656
powertrainCombustionEngineSpeed,CAN_ENGINE_RPM,HF_HISTORICAL,2026-09-02T19:12:41.768Z,2026-09-02T19:12:48.740Z,2026-09-02T19:12:48.446Z,2026-09-02T19:12:48.740Z,2121,1034,1034,46a0be47b926ea97fa8ec7c729adcef88dafa0127a984504b452534ad7fce8ff,1s,AVG,46a0be47b926ea97fa8ec7c729adcef88dafa0127a984504b452534ad7fce8ff,2026-09-02T19:12:40.768Z,2026-09-02T19:12:48.446Z,2026-09-02T19:12:48.446Z,1661
powertrainCombustionEngineSpeed,CAN_ENGINE_RPM,HF_HISTORICAL,2026-09-02T19:12:42.768Z,2026-09-02T19:12:48.740Z,2026-09-02T19:12:48.446Z,2026-09-02T19:12:48.740Z,2126,1347,1347,cc1073e2058dca40a54b566f23125f123049954f5ddeb9dc5514e99bfd7baf6f,1s,AVG,cc1073e2058dca40a54b566f23125f123049954f5ddeb9dc5514e99bfd7baf6f,2026-09-02T19:12:40.768Z,2026-09-02T19:12:48.446Z,2026-09-02T19:12:48.446Z,1666
powertrainCombustionEngineSpeed,CAN_ENGINE_RPM,LATEST_LIVE,2026-09-02T19:12:50.000Z,2026-09-02T19:12:54.346Z,2026-09-02T19:12:54.084Z,2026-09-02T19:12:54.346Z,2131,933,"{""value"":933,""timestamp"":""2026-09-02T19:12:50Z""}",,,,,,,,1671
powertrainCombustionEngineSpeed,CAN_ENGINE_RPM,HF_HISTORICAL,2026-09-02T19:12:46.446Z,2026-09-02T19:12:54.550Z,2026-09-02T19:12:54.348Z,2026-09-02T19:12:54.550Z,2136,1254,1254,848aff9de3e4d7ab2427ce821ebf098af6d6daf69028b672f44e23b2517e7fbf,1s,AVG,848aff9de3e4d7ab2427ce821ebf098af6d6daf69028b672f44e23b2517e7fbf,2026-09-02T19:12:46.446Z,2026-09-02T19:12:54.348Z,2026-09-02T19:12:54.348Z,1676
powertrainCombustionEngineSpeed,CAN_ENGINE_RPM,HF_HISTORICAL,2026-09-02T19:12:49.446Z,2026-09-02T19:12:54.550Z,2026-09-02T19:12:54.348Z,2026-09-02T19:12:54.550Z,2141,933,933,14cb455e5a3a7cef630a4489836c7113b2d903d0a374adf9b89d8c8a0f9f9009,1s,AVG,14cb455e5a3a7cef630a4489836c7113b2d903d0a374adf9b89d8c8a0f9f9009,2026-09-02T19:12:46.446Z,2026-09-02T19:12:54.348Z,2026-09-02T19:12:54.348Z,1681
powertrainCombustionEngineSpeed,CAN_ENGINE_RPM,LATEST_LIVE,2026-09-02T19:12:56.000Z,2026-09-02T19:13:00.151Z,2026-09-02T19:12:59.910Z,2026-09-02T19:13:00.151Z,2146,972,"{""value"":972,""timestamp"":""2026-09-02T19:12:56Z""}",,,,,,,,1686
powertrainCombustionEngineSpeed,CAN_ENGINE_RPM,HF_HISTORICAL,2026-09-02T19:12:53.348Z,2026-09-02T19:13:00.387Z,2026-09-02T19:13:00.153Z,2026-09-02T19:13:00.387Z,2151,972,972,ce79f63978a362a517db61cecc47e8a7c3ac6ff68bbca57f8596204fad825537,1s,AVG,ce79f63978a362a517db61cecc47e8a7c3ac6ff68bbca57f8596204fad825537,2026-09-02T19:12:52.348Z,2026-09-02T19:13:00.152Z,2026-09-02T19:13:00.152Z,1691
powertrainCombustionEngineSpeed,CAN_ENGINE_RPM,HF_HISTORICAL,2026-09-02T19:12:55.348Z,2026-09-02T19:13:00.387Z,2026-09-02T19:13:00.153Z,2026-09-02T19:13:00.387Z,2156,972,972,9201c1f8aec53686974cad0d4755d9e429417d65dd1ee640924e13a344344e63,1s,AVG,9201c1f8aec53686974cad0d4755d9e429417d65dd1ee640924e13a344344e63,2026-09-02T19:12:52.348Z,2026-09-02T19:13:00.152Z,2026-09-02T19:13:00.152Z,1696
powertrainCombustionEngineSpeed,CAN_ENGINE_RPM,LATEST_LIVE,2026-09-02T19:13:02.000Z,2026-09-02T19:13:05.929Z,2026-09-02T19:13:05.664Z,2026-09-02T19:13:05.929Z,2161,936,"{""value"":936,""timestamp"":""2026-09-02T19:13:02Z""}",,,,,,,,1701
powertrainCombustionEngineSpeed,CAN_ENGINE_RPM,HF_HISTORICAL,2026-09-02T19:12:59.152Z,2026-09-02T19:13:06.137Z,2026-09-02T19:13:05.930Z,2026-09-02T19:13:06.137Z,2166,953,953,33e3d6f7e7b67bdb3483a781c028afb0c27bf6a0e53a5b1b35c241016f6a5692,1s,AVG,33e3d6f7e7b67bdb3483a781c028afb0c27bf6a0e53a5b1b35c241016f6a5692,2026-09-02T19:12:58.152Z,2026-09-02T19:13:05.930Z,2026-09-02T19:13:05.930Z,1706
powertrainCombustionEngineSpeed,CAN_ENGINE_RPM,HF_HISTORICAL,2026-09-02T19:13:01.152Z,2026-09-02T19:13:06.137Z,2026-09-02T19:13:05.930Z,2026-09-02T19:13:06.137Z,2171,936,936,c310c102c0b580ef93eecf363a30b172aeb10e83d061bf76bd38e6ff57a01f36,1s,AVG,c310c102c0b580ef93eecf363a30b172aeb10e83d061bf76bd38e6ff57a01f36,2026-09-02T19:12:58.152Z,2026-09-02T19:13:05.930Z,2026-09-02T19:13:05.930Z,1711
powertrainCombustionEngineSpeed,CAN_ENGINE_RPM,LATEST_LIVE,2026-09-02T19:13:05.000Z,2026-09-02T19:13:12.030Z,2026-09-02T19:13:11.800Z,2026-09-02T19:13:12.030Z,2202,1081,"{""value"":1081,""timestamp"":""2026-09-02T19:13:05Z""}",,,,,,,,1722
powertrainCombustionEngineSpeed,CAN_ENGINE_RPM,HF_HISTORICAL,2026-09-02T19:13:04.930Z,2026-09-02T19:13:12.226Z,2026-09-02T19:13:12.031Z,2026-09-02T19:13:12.226Z,2207,1081,1081,4cb16a598dfcd49d8f6f72e4f2f4cb151f6b3cbac7b207c1085523533b933226,1s,AVG,4cb16a598dfcd49d8f6f72e4f2f4cb151f6b3cbac7b207c1085523533b933226,2026-09-02T19:13:03.930Z,2026-09-02T19:13:12.031Z,2026-09-02T19:13:12.031Z,1727
powertrainCombustionEngineSpeed,CAN_ENGINE_RPM,LATEST_LIVE,2026-09-02T19:13:07.000Z,2026-09-02T19:13:17.757Z,2026-09-02T19:13:17.531Z,2026-09-02T19:13:17.757Z,2212,1745,"{""value"":1745,""timestamp"":""2026-09-02T19:13:07Z""}",,,,,,,,1732
powertrainCombustionEngineSpeed,CAN_ENGINE_RPM,LATEST_LIVE,2026-09-02T19:13:07.000Z,2026-09-02T19:13:23.505Z,2026-09-02T19:13:23.272Z,2026-09-02T19:13:23.505Z,2217,1745,"{""value"":1745,""timestamp"":""2026-09-02T19:13:07Z""}",,,,,,,,1737
powertrainCombustionEngineSpeed,CAN_ENGINE_RPM,LATEST_LIVE,2026-09-02T19:13:07.000Z,2026-09-02T19:13:29.501Z,2026-09-02T19:13:29.097Z,2026-09-02T19:13:29.501Z,2222,1745,"{""value"":1745,""timestamp"":""2026-09-02T19:13:07Z""}",,,,,,,,1742
powertrainCombustionEngineSpeed,CAN_ENGINE_RPM,LATEST_LIVE,2026-09-02T19:13:31.000Z,2026-09-02T19:13:35.345Z,2026-09-02T19:13:35.034Z,2026-09-02T19:13:35.345Z,2227,2520,"{""value"":2520,""timestamp"":""2026-09-02T19:13:31Z""}",,,,,,,,1747
powertrainCombustionEngineSpeed,CAN_ENGINE_RPM,HF_HISTORICAL,2026-09-02T19:13:27.504Z,2026-09-02T19:13:35.574Z,2026-09-02T19:13:35.347Z,2026-09-02T19:13:35.574Z,2232,2031,2031,7d20a9c9478376ad7a1cb1e41a238e3263a3d2cd77df16146482f7922f720256,1s,AVG,7d20a9c9478376ad7a1cb1e41a238e3263a3d2cd77df16146482f7922f720256,2026-09-02T19:13:27.504Z,2026-09-02T19:13:35.347Z,2026-09-02T19:13:35.347Z,1752
powertrainCombustionEngineSpeed,CAN_ENGINE_RPM,HF_HISTORICAL,2026-09-02T19:13:28.504Z,2026-09-02T19:13:35.574Z,2026-09-02T19:13:35.347Z,2026-09-02T19:13:35.574Z,2237,1305,1305,6c52511e29c6c5f767f248256a14a309e59f4a3ac4ed728442695eb1c3741f8e,1s,AVG,6c52511e29c6c5f767f248256a14a309e59f4a3ac4ed728442695eb1c3741f8e,2026-09-02T19:13:27.504Z,2026-09-02T19:13:35.347Z,2026-09-02T19:13:35.347Z,1757
powertrainCombustionEngineSpeed,CAN_ENGINE_RPM,HF_HISTORICAL,2026-09-02T19:13:30.504Z,2026-09-02T19:13:35.574Z,2026-09-02T19:13:35.347Z,2026-09-02T19:13:35.574Z,2242,2520,2520,e1fc3ef10e0b694e217a57aab8c14d33d806fb9e0bc7efb623c42eea2f9275f6,1s,AVG,e1fc3ef10e0b694e217a57aab8c14d33d806fb9e0bc7efb623c42eea2f9275f6,2026-09-02T19:13:27.504Z,2026-09-02T19:13:35.347Z,2026-09-02T19:13:35.347Z,1762
powertrainCombustionEngineSpeed,CAN_ENGINE_RPM,LATEST_LIVE,2026-09-02T19:13:37.000Z,2026-09-02T19:13:41.122Z,2026-09-02T19:13:40.883Z,2026-09-02T19:13:41.122Z,2247,2004,"{""value"":2004,""timestamp"":""2026-09-02T19:13:37Z""}",,,,,,,,1767
powertrainCombustionEngineSpeed,CAN_ENGINE_RPM,HF_HISTORICAL,2026-09-02T19:13:36.347Z,2026-09-02T19:13:41.527Z,2026-09-02T19:13:41.124Z,2026-09-02T19:13:41.527Z,2252,2004,2004,0ab21b89b8efaa89a885d69a86fb1cb62ea1b8a93d5fb80fc7aa25ce7e32f065,1s,AVG,0ab21b89b8efaa89a885d69a86fb1cb62ea1b8a93d5fb80fc7aa25ce7e32f065,2026-09-02T19:13:33.347Z,2026-09-02T19:13:41.124Z,2026-09-02T19:13:41.124Z,1772
powertrainCombustionEngineSpeed,CAN_ENGINE_RPM,LATEST_LIVE,2026-09-02T19:13:42.000Z,2026-09-02T19:13:47.420Z,2026-09-02T19:13:47.118Z,2026-09-02T19:13:47.420Z,2283,1042,"{""value"":1042,""timestamp"":""2026-09-02T19:13:42Z""}",,,,,,,,1783
powertrainCombustionEngineSpeed,CAN_ENGINE_RPM,HF_HISTORICAL,2026-09-02T19:13:41.124Z,2026-09-02T19:13:47.759Z,2026-09-02T19:13:47.422Z,2026-09-02T19:13:47.759Z,2288,1042,1042,8cb6113d3f33a9278f931c8c373dc838b8cd9758e6c900fb313536b6ef98ffe6,1s,AVG,8cb6113d3f33a9278f931c8c373dc838b8cd9758e6c900fb313536b6ef98ffe6,2026-09-02T19:13:39.124Z,2026-09-02T19:13:47.422Z,2026-09-02T19:13:47.422Z,1788
powertrainCombustionEngineSpeed,CAN_ENGINE_RPM,LATEST_LIVE,2026-09-02T19:13:49.000Z,2026-09-02T19:13:53.429Z,2026-09-02T19:13:53.161Z,2026-09-02T19:13:53.429Z,2293,1396,"{""value"":1396,""timestamp"":""2026-09-02T19:13:49Z""}",,,,,,,,1793
powertrainCombustionEngineSpeed,CAN_ENGINE_RPM,HF_HISTORICAL,2026-09-02T19:13:45.422Z,2026-09-02T19:13:53.661Z,2026-09-02T19:13:53.431Z,2026-09-02T19:13:53.661Z,2298,1234,1234,6e6a29955fefe6f5c9d1dfee526784347ee234ff3be58aad1e6c00299b3f6a75,1s,AVG,6e6a29955fefe6f5c9d1dfee526784347ee234ff3be58aad1e6c00299b3f6a75,2026-09-02T19:13:45.422Z,2026-09-02T19:13:53.431Z,2026-09-02T19:13:53.431Z,1798
powertrainCombustionEngineSpeed,CAN_ENGINE_RPM,HF_HISTORICAL,2026-09-02T19:13:46.422Z,2026-09-02T19:13:53.661Z,2026-09-02T19:13:53.431Z,2026-09-02T19:13:53.661Z,2303,1396,1396,1f9fc28011d6c5277417d335c9bf600360c60df6eb17bef69d127d98f71462f4,1s,AVG,1f9fc28011d6c5277417d335c9bf600360c60df6eb17bef69d127d98f71462f4,2026-09-02T19:13:45.422Z,2026-09-02T19:13:53.431Z,2026-09-02T19:13:53.431Z,1803
powertrainCombustionEngineSpeed,CAN_ENGINE_RPM,HF_HISTORICAL,2026-09-02T19:13:48.422Z,2026-09-02T19:13:53.661Z,2026-09-02T19:13:53.431Z,2026-09-02T19:13:53.661Z,2308,1396,1396,06d9b85ca09b704060086880a310bf9f66722f23cf2e047b99e1123f5f71c545,1s,AVG,06d9b85ca09b704060086880a310bf9f66722f23cf2e047b99e1123f5f71c545,2026-09-02T19:13:45.422Z,2026-09-02T19:13:53.431Z,2026-09-02T19:13:53.431Z,1808
powertrainCombustionEngineSpeed,CAN_ENGINE_RPM,LATEST_LIVE,2026-09-02T19:13:56.000Z,2026-09-02T19:13:59.237Z,2026-09-02T19:13:59.011Z,2026-09-02T19:13:59.237Z,2313,1893,"{""value"":1893,""timestamp"":""2026-09-02T19:13:56Z""}",,,,,,,,1813
powertrainCombustionEngineSpeed,CAN_ENGINE_RPM,HF_HISTORICAL,2026-09-02T19:13:53.431Z,2026-09-02T19:13:59.466Z,2026-09-02T19:13:59.241Z,2026-09-02T19:13:59.466Z,2318,931,931,aa3b3905195b1eaa0db59dba8c92d28b907ded6558d8bbb8447688ed9f10cccf,1s,AVG,aa3b3905195b1eaa0db59dba8c92d28b907ded6558d8bbb8447688ed9f10cccf,2026-09-02T19:13:51.431Z,2026-09-02T19:13:59.240Z,2026-09-02T19:13:59.240Z,1818
powertrainCombustionEngineSpeed,CAN_ENGINE_RPM,HF_HISTORICAL,2026-09-02T19:13:55.431Z,2026-09-02T19:13:59.466Z,2026-09-02T19:13:59.241Z,2026-09-02T19:13:59.466Z,2323,1893,1893,9faf0a62fc1a4181f965c7f0573f767c06f84fd7407edb8e9e41122c2ab859c9,1s,AVG,9faf0a62fc1a4181f965c7f0573f767c06f84fd7407edb8e9e41122c2ab859c9,2026-09-02T19:13:51.431Z,2026-09-02T19:13:59.240Z,2026-09-02T19:13:59.240Z,1823
powertrainCombustionEngineSpeed,CAN_ENGINE_RPM,LATEST_LIVE,2026-09-02T19:14:00.000Z,2026-09-02T19:14:05.913Z,2026-09-02T19:14:04.866Z,2026-09-02T19:14:05.913Z,2328,972,"{""value"":972,""timestamp"":""2026-09-02T19:14:00Z""}",,,,,,,,1828
powertrainCombustionEngineSpeed,CAN_ENGINE_RPM,HF_HISTORICAL,2026-09-02T19:13:59.240Z,2026-09-02T19:14:06.099Z,2026-09-02T19:14:05.915Z,2026-09-02T19:14:06.099Z,2333,972,972,28048ea0e07e4baf069eaac2ea4f4e7b9fca5353e456c96938fa16fc5bb60e7a,1s,AVG,28048ea0e07e4baf069eaac2ea4f4e7b9fca5353e456c96938fa16fc5bb60e7a,2026-09-02T19:13:57.240Z,2026-09-02T19:14:05.915Z,2026-09-02T19:14:05.915Z,1833
powertrainCombustionEngineSpeed,CAN_ENGINE_RPM,LATEST_LIVE,2026-09-02T19:14:05.000Z,2026-09-02T19:14:13.363Z,2026-09-02T19:14:12.701Z,2026-09-02T19:14:13.363Z,2338,1071,"{""value"":1071,""timestamp"":""2026-09-02T19:14:05Z""}",,,,,,,,1838
powertrainCombustionEngineSpeed,CAN_ENGINE_RPM,HF_HISTORICAL,2026-09-02T19:14:03.915Z,2026-09-02T19:14:13.585Z,2026-09-02T19:14:13.365Z,2026-09-02T19:14:13.585Z,2343,1014,1014,537144252ea3a8931cc487445b07dfb63d828187a41174fdce9ae32c63506ccf,1s,AVG,537144252ea3a8931cc487445b07dfb63d828187a41174fdce9ae32c63506ccf,2026-09-02T19:14:03.915Z,2026-09-02T19:14:13.365Z,2026-09-02T19:14:13.365Z,1843
powertrainCombustionEngineSpeed,CAN_ENGINE_RPM,HF_HISTORICAL,2026-09-02T19:14:04.915Z,2026-09-02T19:14:13.585Z,2026-09-02T19:14:13.365Z,2026-09-02T19:14:13.585Z,2348,1071,1071,a91c42e08620bf8334f9e47e175bc90447dd3c28bb561edaba01af4d9e6c04e4,1s,AVG,a91c42e08620bf8334f9e47e175bc90447dd3c28bb561edaba01af4d9e6c04e4,2026-09-02T19:14:03.915Z,2026-09-02T19:14:13.365Z,2026-09-02T19:14:13.365Z,1848
powertrainCombustionEngineSpeed,CAN_ENGINE_RPM,LATEST_LIVE,2026-09-02T19:14:10.000Z,2026-09-02T19:14:19.324Z,2026-09-02T19:14:18.951Z,2026-09-02T19:14:19.324Z,2353,931,"{""value"":931,""timestamp"":""2026-09-02T19:14:10Z""}",,,,,,,,1853
powertrainCombustionEngineSpeed,CAN_ENGINE_RPM,LATEST_LIVE,2026-09-02T19:14:10.000Z,2026-09-02T19:14:25.991Z,2026-09-02T19:14:25.682Z,2026-09-02T19:14:25.991Z,2389,931,"{""value"":931,""timestamp"":""2026-09-02T19:14:10Z""}",,,,,,,,1869
powertrainCombustionEngineSpeed,CAN_ENGINE_RPM,LATEST_LIVE,2026-09-02T19:14:10.000Z,2026-09-02T19:14:31.725Z,2026-09-02T19:14:31.514Z,2026-09-02T19:14:31.725Z,2396,931,"{""value"":931,""timestamp"":""2026-09-02T19:14:10Z""}",,,,,,,,1876
powertrainCombustionEngineSpeed,CAN_ENGINE_RPM,LATEST_LIVE,2026-09-02T19:14:10.000Z,2026-09-02T19:14:37.513Z,2026-09-02T19:14:37.249Z,2026-09-02T19:14:37.513Z,2401,931,"{""value"":931,""timestamp"":""2026-09-02T19:14:10Z""}",,,,,,,,1881
powertrainCombustionEngineSpeed,CAN_ENGINE_RPM,LATEST_LIVE,2026-09-02T19:14:10.000Z,2026-09-02T19:14:43.288Z,2026-09-02T19:14:43.081Z,2026-09-02T19:14:43.288Z,2406,931,"{""value"":931,""timestamp"":""2026-09-02T19:14:10Z""}",,,,,,,,1886
powertrainCombustionEngineSpeed,CAN_ENGINE_RPM,LATEST_LIVE,2026-09-02T19:14:10.000Z,2026-09-02T19:14:49.014Z,2026-09-02T19:14:48.746Z,2026-09-02T19:14:49.014Z,2411,931,"{""value"":931,""timestamp"":""2026-09-02T19:14:10Z""}",,,,,,,,1891
powertrainCombustionEngineSpeed,CAN_ENGINE_RPM,LATEST_LIVE,2026-09-02T19:14:10.000Z,2026-09-02T19:14:54.893Z,2026-09-02T19:14:54.658Z,2026-09-02T19:14:54.893Z,2416,931,"{""value"":931,""timestamp"":""2026-09-02T19:14:10Z""}",,,,,,,,1896
powertrainCombustionEngineSpeed,CAN_ENGINE_RPM,LATEST_LIVE,2026-09-02T19:14:10.000Z,2026-09-02T19:15:00.983Z,2026-09-02T19:15:00.729Z,2026-09-02T19:15:00.983Z,2447,931,"{""value"":931,""timestamp"":""2026-09-02T19:14:10Z""}",,,,,,,,1907
powertrainCombustionEngineSpeed,CAN_ENGINE_RPM,LATEST_LIVE,2026-09-02T19:14:10.000Z,2026-09-02T19:15:06.901Z,2026-09-02T19:15:06.655Z,2026-09-02T19:15:06.901Z,2452,931,"{""value"":931,""timestamp"":""2026-09-02T19:14:10Z""}",,,,,,,,1912
powertrainCombustionEngineSpeed,CAN_ENGINE_RPM,LATEST_LIVE,2026-09-02T19:14:10.000Z,2026-09-02T19:15:12.876Z,2026-09-02T19:15:12.406Z,2026-09-02T19:15:12.876Z,2457,931,"{""value"":931,""timestamp"":""2026-09-02T19:14:10Z""}",,,,,,,,1917
powertrainCombustionEngineSpeed,CAN_ENGINE_RPM,LATEST_LIVE,2026-09-02T19:14:10.000Z,2026-09-02T19:15:18.630Z,2026-09-02T19:15:18.345Z,2026-09-02T19:15:18.630Z,2462,931,"{""value"":931,""timestamp"":""2026-09-02T19:14:10Z""}",,,,,,,,1922
powertrainCombustionEngineSpeed,CAN_ENGINE_RPM,LATEST_LIVE,2026-09-02T19:14:10.000Z,2026-09-02T19:15:24.752Z,2026-09-02T19:15:24.501Z,2026-09-02T19:15:24.752Z,2467,931,"{""value"":931,""timestamp"":""2026-09-02T19:14:10Z""}",,,,,,,,1927
powertrainCombustionEngineSpeed,CAN_ENGINE_RPM,LATEST_LIVE,2026-09-02T19:14:10.000Z,2026-09-02T19:15:30.579Z,2026-09-02T19:15:30.246Z,2026-09-02T19:15:30.579Z,2472,931,"{""value"":931,""timestamp"":""2026-09-02T19:14:10Z""}",,,,,,,,1932
powertrainCombustionEngineSpeed,CAN_ENGINE_RPM,LATEST_LIVE,2026-09-02T19:14:10.000Z,2026-09-02T19:15:36.832Z,2026-09-02T19:15:36.598Z,2026-09-02T19:15:36.832Z,2503,931,"{""value"":931,""timestamp"":""2026-09-02T19:14:10Z""}",,,,,,,,1943
powertrainCombustionEngineSpeed,CAN_ENGINE_RPM,LATEST_LIVE,2026-09-02T19:14:10.000Z,2026-09-02T19:15:42.534Z,2026-09-02T19:15:42.320Z,2026-09-02T19:15:42.534Z,2508,931,"{""value"":931,""timestamp"":""2026-09-02T19:14:10Z""}",,,,,,,,1948
powertrainCombustionEngineSpeed,CAN_ENGINE_RPM,LATEST_LIVE,2026-09-02T19:14:10.000Z,2026-09-02T19:15:48.278Z,2026-09-02T19:15:48.051Z,2026-09-02T19:15:48.278Z,2513,931,"{""value"":931,""timestamp"":""2026-09-02T19:14:10Z""}",,,,,,,,1953
powertrainCombustionEngineSpeed,CAN_ENGINE_RPM,LATEST_LIVE,2026-09-02T19:14:10.000Z,2026-09-02T19:15:54.314Z,2026-09-02T19:15:53.900Z,2026-09-02T19:15:54.314Z,2518,931,"{""value"":931,""timestamp"":""2026-09-02T19:14:10Z""}",,,,,,,,1958
powertrainCombustionEngineSpeed,CAN_ENGINE_RPM,LATEST_LIVE,2026-09-02T19:15:53.000Z,2026-09-02T19:16:00.171Z,2026-09-02T19:15:59.825Z,2026-09-02T19:16:00.171Z,2523,1197,"{""value"":1197,""timestamp"":""2026-09-02T19:15:53Z""}",,,,,,,,1963
powertrainCombustionEngineSpeed,CAN_ENGINE_RPM,HF_HISTORICAL,2026-09-02T19:15:52.321Z,2026-09-02T19:16:00.377Z,2026-09-02T19:16:00.172Z,2026-09-02T19:16:00.377Z,2527,1197,1197,4fce12264d6d6bf85693585610777715a312c6e75e25d1eb46f3e00149bdd301,1s,AVG,4fce12264d6d6bf85693585610777715a312c6e75e25d1eb46f3e00149bdd301,2026-09-02T19:15:52.321Z,2026-09-02T19:16:00.172Z,2026-09-02T19:16:00.172Z,1967
powertrainCombustionEngineSpeed,CAN_ENGINE_RPM,LATEST_LIVE,2026-09-02T19:15:57.000Z,2026-09-02T19:16:06.063Z,2026-09-02T19:16:05.783Z,2026-09-02T19:16:06.063Z,2532,926,"{""value"":926,""timestamp"":""2026-09-02T19:15:57Z""}",,,,,,,,1972
powertrainCombustionEngineSpeed,CAN_ENGINE_RPM,LATEST_LIVE,2026-09-02T19:16:06.000Z,2026-09-02T19:16:12.098Z,2026-09-02T19:16:11.829Z,2026-09-02T19:16:12.098Z,2568,1328,"{""value"":1328,""timestamp"":""2026-09-02T19:16:06Z""}",,,,,,,,1988
powertrainCombustionEngineSpeed,CAN_ENGINE_RPM,HF_HISTORICAL,2026-09-02T19:16:04.065Z,2026-09-02T19:16:12.306Z,2026-09-02T19:16:12.100Z,2026-09-02T19:16:12.306Z,2572,961,961,e999a97e6951ba073769652c77d063f6993f3085609668d5d050ac6999f66307,1s,AVG,e999a97e6951ba073769652c77d063f6993f3085609668d5d050ac6999f66307,2026-09-02T19:16:04.065Z,2026-09-02T19:16:12.100Z,2026-09-02T19:16:12.100Z,1992
powertrainCombustionEngineSpeed,CAN_ENGINE_RPM,HF_HISTORICAL,2026-09-02T19:16:05.065Z,2026-09-02T19:16:12.306Z,2026-09-02T19:16:12.100Z,2026-09-02T19:16:12.306Z,2577,1328,1328,3ede46ab7821e1062734e605fec4bf70e3d160b87f71c53d893d16cf941c938e,1s,AVG,3ede46ab7821e1062734e605fec4bf70e3d160b87f71c53d893d16cf941c938e,2026-09-02T19:16:04.065Z,2026-09-02T19:16:12.100Z,2026-09-02T19:16:12.100Z,1997
powertrainCombustionEngineSpeed,CAN_ENGINE_RPM,LATEST_LIVE,2026-09-02T19:16:13.000Z,2026-09-02T19:16:17.913Z,2026-09-02T19:16:17.674Z,2026-09-02T19:16:17.913Z,2582,932,"{""value"":932,""timestamp"":""2026-09-02T19:16:13Z""}",,,,,,,,2002
powertrainCombustionEngineSpeed,CAN_ENGINE_RPM,HF_HISTORICAL,2026-09-02T19:16:10.100Z,2026-09-02T19:16:18.197Z,2026-09-02T19:16:17.915Z,2026-09-02T19:16:18.197Z,2587,928,928,f803e49cde0affeba397e00e3ade89cb2ce132f084bfd133b67e520d522ec8c6,1s,AVG,f803e49cde0affeba397e00e3ade89cb2ce132f084bfd133b67e520d522ec8c6,2026-09-02T19:16:10.100Z,2026-09-02T19:16:17.915Z,2026-09-02T19:16:17.915Z,2007
powertrainCombustionEngineSpeed,CAN_ENGINE_RPM,HF_HISTORICAL,2026-09-02T19:16:12.100Z,2026-09-02T19:16:18.197Z,2026-09-02T19:16:17.915Z,2026-09-02T19:16:18.197Z,2592,932,932,4cca9740a4589e7e1e7ab443638b4ee9eebaed219aef6de795d13b35ad37d965,1s,AVG,4cca9740a4589e7e1e7ab443638b4ee9eebaed219aef6de795d13b35ad37d965,2026-09-02T19:16:10.100Z,2026-09-02T19:16:17.915Z,2026-09-02T19:16:17.915Z,2012
powertrainCombustionEngineSpeed,CAN_ENGINE_RPM,LATEST_LIVE,2026-09-02T19:16:18.000Z,2026-09-02T19:16:23.789Z,2026-09-02T19:16:23.526Z,2026-09-02T19:16:23.789Z,2597,2009,"{""value"":2009,""timestamp"":""2026-09-02T19:16:18Z""}",,,,,,,,2017
powertrainCombustionEngineSpeed,CAN_ENGINE_RPM,HF_HISTORICAL,2026-09-02T19:16:16.915Z,2026-09-02T19:16:24.041Z,2026-09-02T19:16:23.793Z,2026-09-02T19:16:24.041Z,2602,1097,1097,a65345e84010bedac7169938ee3be289ddd8f72ecfbb417d14fc14ff78bc9ebb,1s,AVG,a65345e84010bedac7169938ee3be289ddd8f72ecfbb417d14fc14ff78bc9ebb,2026-09-02T19:16:15.915Z,2026-09-02T19:16:23.793Z,2026-09-02T19:16:23.793Z,2022
powertrainCombustionEngineSpeed,CAN_ENGINE_RPM,HF_HISTORICAL,2026-09-02T19:16:17.915Z,2026-09-02T19:16:24.041Z,2026-09-02T19:16:23.793Z,2026-09-02T19:16:24.041Z,2607,2009,2009,07dd99fcdcfb452a5abd38e1cc41aa807d053a304fe76d8f5bf2c1bcd615cb3c,1s,AVG,07dd99fcdcfb452a5abd38e1cc41aa807d053a304fe76d8f5bf2c1bcd615cb3c,2026-09-02T19:16:15.915Z,2026-09-02T19:16:23.793Z,2026-09-02T19:16:23.793Z,2027
powertrainCombustionEngineSpeed,CAN_ENGINE_RPM,LATEST_LIVE,2026-09-02T19:16:25.000Z,2026-09-02T19:16:29.688Z,2026-09-02T19:16:29.438Z,2026-09-02T19:16:29.688Z,2612,1289,"{""value"":1289,""timestamp"":""2026-09-02T19:16:25Z""}",,,,,,,,2032
powertrainCombustionEngineSpeed,CAN_ENGINE_RPM,HF_HISTORICAL,2026-09-02T19:16:21.793Z,2026-09-02T19:16:29.961Z,2026-09-02T19:16:29.689Z,2026-09-02T19:16:29.961Z,2617,901,901,f6f277c54e505919158f597cabd045edd226f0b89ea964b6e133bdb58fbb8c7d,1s,AVG,f6f277c54e505919158f597cabd045edd226f0b89ea964b6e133bdb58fbb8c7d,2026-09-02T19:16:21.793Z,2026-09-02T19:16:29.689Z,2026-09-02T19:16:29.689Z,2037
powertrainCombustionEngineSpeed,CAN_ENGINE_RPM,HF_HISTORICAL,2026-09-02T19:16:22.793Z,2026-09-02T19:16:29.961Z,2026-09-02T19:16:29.689Z,2026-09-02T19:16:29.961Z,2622,1289,1289,ab329e62c4ee04cdbe2018ace76228d42f040b7b3dd85135f3c73d36637f1b32,1s,AVG,ab329e62c4ee04cdbe2018ace76228d42f040b7b3dd85135f3c73d36637f1b32,2026-09-02T19:16:21.793Z,2026-09-02T19:16:29.689Z,2026-09-02T19:16:29.689Z,2042
powertrainCombustionEngineSpeed,CAN_ENGINE_RPM,HF_HISTORICAL,2026-09-02T19:16:24.793Z,2026-09-02T19:16:29.961Z,2026-09-02T19:16:29.689Z,2026-09-02T19:16:29.961Z,2627,1289,1289,fb6ce2bf76cf99e1e782225bbd708ae25e28e2f84c9381fa2cbb10d876fde0da,1s,AVG,fb6ce2bf76cf99e1e782225bbd708ae25e28e2f84c9381fa2cbb10d876fde0da,2026-09-02T19:16:21.793Z,2026-09-02T19:16:29.689Z,2026-09-02T19:16:29.689Z,2047
powertrainCombustionEngineSpeed,CAN_ENGINE_RPM,LATEST_LIVE,2026-09-02T19:16:25.000Z,2026-09-02T19:16:35.747Z,2026-09-02T19:16:35.400Z,2026-09-02T19:16:35.747Z,2632,1289,"{""value"":1289,""timestamp"":""2026-09-02T19:16:25Z""}",,,,,,,,2052
powertrainCombustionEngineSpeed,CAN_ENGINE_RPM,LATEST_LIVE,2026-09-02T19:16:37.000Z,2026-09-02T19:16:41.778Z,2026-09-02T19:16:41.532Z,2026-09-02T19:16:41.778Z,2637,1821,"{""value"":1821,""timestamp"":""2026-09-02T19:16:37Z""}",,,,,,,,2057
powertrainCombustionEngineSpeed,CAN_ENGINE_RPM,HF_HISTORICAL,2026-09-02T19:16:35.750Z,2026-09-02T19:16:41.981Z,2026-09-02T19:16:41.779Z,2026-09-02T19:16:41.981Z,2642,1678,1678,ae09e18ee56d2ca4d89c17698df976b354dd50212cdfd79423e9ab4df053faa7,1s,AVG,ae09e18ee56d2ca4d89c17698df976b354dd50212cdfd79423e9ab4df053faa7,2026-09-02T19:16:33.750Z,2026-09-02T19:16:41.779Z,2026-09-02T19:16:41.779Z,2062
powertrainCombustionEngineSpeed,CAN_ENGINE_RPM,HF_HISTORICAL,2026-09-02T19:16:36.750Z,2026-09-02T19:16:41.981Z,2026-09-02T19:16:41.779Z,2026-09-02T19:16:41.981Z,2647,1821,1821,5024f748d5927c45ed9575d9f712bc8721012c22db0948d6df5cb97695c5ce99,1s,AVG,5024f748d5927c45ed9575d9f712bc8721012c22db0948d6df5cb97695c5ce99,2026-09-02T19:16:33.750Z,2026-09-02T19:16:41.779Z,2026-09-02T19:16:41.779Z,2067
powertrainCombustionEngineSpeed,CAN_ENGINE_RPM,LATEST_LIVE,2026-09-02T19:16:42.000Z,2026-09-02T19:16:47.938Z,2026-09-02T19:16:47.574Z,2026-09-02T19:16:47.938Z,2678,1556,"{""value"":1556,""timestamp"":""2026-09-02T19:16:42Z""}",,,,,,,,2078
powertrainCombustionEngineSpeed,CAN_ENGINE_RPM,HF_HISTORICAL,2026-09-02T19:16:40.779Z,2026-09-02T19:16:48.305Z,2026-09-02T19:16:47.939Z,2026-09-02T19:16:48.306Z,2683,1091,1091,b8a9339ecab7d7f182736430f323e078ad5c98bc680ca56b1ba73850a50fc063,1s,AVG,b8a9339ecab7d7f182736430f323e078ad5c98bc680ca56b1ba73850a50fc063,2026-09-02T19:16:39.779Z,2026-09-02T19:16:47.939Z,2026-09-02T19:16:47.939Z,2083
powertrainCombustionEngineSpeed,CAN_ENGINE_RPM,HF_HISTORICAL,2026-09-02T19:16:41.779Z,2026-09-02T19:16:48.305Z,2026-09-02T19:16:47.939Z,2026-09-02T19:16:48.306Z,2688,1556,1556,f9f629a4caa6575ff308d8faf44249164cc180c908c880696ab0268fc210e068,1s,AVG,f9f629a4caa6575ff308d8faf44249164cc180c908c880696ab0268fc210e068,2026-09-02T19:16:39.779Z,2026-09-02T19:16:47.939Z,2026-09-02T19:16:47.939Z,2088
powertrainCombustionEngineSpeed,CAN_ENGINE_RPM,LATEST_LIVE,2026-09-02T19:16:49.000Z,2026-09-02T19:16:54.228Z,2026-09-02T19:16:53.718Z,2026-09-02T19:16:54.228Z,2693,928,"{""value"":928,""timestamp"":""2026-09-02T19:16:49Z""}",,,,,,,,2093
powertrainCombustionEngineSpeed,CAN_ENGINE_RPM,HF_HISTORICAL,2026-09-02T19:16:46.939Z,2026-09-02T19:16:54.461Z,2026-09-02T19:16:54.229Z,2026-09-02T19:16:54.461Z,2698,1015,1015,4d6c1713ee90a891fac070760ceec433ae33422d8c44b8f97a99e78aeb7d1042,1s,AVG,4d6c1713ee90a891fac070760ceec433ae33422d8c44b8f97a99e78aeb7d1042,2026-09-02T19:16:45.939Z,2026-09-02T19:16:54.229Z,2026-09-02T19:16:54.229Z,2098
powertrainCombustionEngineSpeed,CAN_ENGINE_RPM,HF_HISTORICAL,2026-09-02T19:16:48.939Z,2026-09-02T19:16:54.461Z,2026-09-02T19:16:54.229Z,2026-09-02T19:16:54.461Z,2703,928,928,f64da4631d86088d065e8736f90de947376a0a1b055a9be6ce6061370c2dfb6b,1s,AVG,f64da4631d86088d065e8736f90de947376a0a1b055a9be6ce6061370c2dfb6b,2026-09-02T19:16:45.939Z,2026-09-02T19:16:54.229Z,2026-09-02T19:16:54.229Z,2103
powertrainCombustionEngineSpeed,CAN_ENGINE_RPM,LATEST_LIVE,2026-09-02T19:16:57.000Z,2026-09-02T19:17:00.366Z,2026-09-02T19:16:59.862Z,2026-09-02T19:17:00.366Z,2708,927,"{""value"":927,""timestamp"":""2026-09-02T19:16:57Z""}",,,,,,,,2108
powertrainCombustionEngineSpeed,CAN_ENGINE_RPM,HF_HISTORICAL,2026-09-02T19:16:53.229Z,2026-09-02T19:17:00.655Z,2026-09-02T19:17:00.371Z,2026-09-02T19:17:00.655Z,2713,1060,1060,8585ce3ae5ebd9c80a033301cdd75866364c93884bc596aa3ca073cdeef4c95a,1s,AVG,8585ce3ae5ebd9c80a033301cdd75866364c93884bc596aa3ca073cdeef4c95a,2026-09-02T19:16:52.229Z,2026-09-02T19:17:00.371Z,2026-09-02T19:17:00.371Z,2113
powertrainCombustionEngineSpeed,CAN_ENGINE_RPM,HF_HISTORICAL,2026-09-02T19:16:54.229Z,2026-09-02T19:17:00.655Z,2026-09-02T19:17:00.371Z,2026-09-02T19:17:00.655Z,2718,1066,1066,0864b679da3723cb5cd913b4d323ae6af0a4fbb242477178e81e817de132a998,1s,AVG,0864b679da3723cb5cd913b4d323ae6af0a4fbb242477178e81e817de132a998,2026-09-02T19:16:52.229Z,2026-09-02T19:17:00.371Z,2026-09-02T19:17:00.371Z,2118
powertrainCombustionEngineSpeed,CAN_ENGINE_RPM,HF_HISTORICAL,2026-09-02T19:16:56.229Z,2026-09-02T19:17:00.655Z,2026-09-02T19:17:00.371Z,2026-09-02T19:17:00.655Z,2723,927,927,ca60a1120787d881a9a4dbdd8f5e83eef70856a38119d0de7cecaa31538f2b87,1s,AVG,ca60a1120787d881a9a4dbdd8f5e83eef70856a38119d0de7cecaa31538f2b87,2026-09-02T19:16:52.229Z,2026-09-02T19:17:00.371Z,2026-09-02T19:17:00.371Z,2123
powertrainCombustionEngineSpeed,CAN_ENGINE_RPM,LATEST_LIVE,2026-09-02T19:16:57.000Z,2026-09-02T19:17:06.386Z,2026-09-02T19:17:06.036Z,2026-09-02T19:17:06.386Z,2728,927,"{""value"":927,""timestamp"":""2026-09-02T19:16:57Z""}",,,,,,,,2128
powertrainCombustionEngineSpeed,CAN_ENGINE_RPM,LATEST_LIVE,2026-09-02T19:17:07.000Z,2026-09-02T19:17:12.222Z,2026-09-02T19:17:11.968Z,2026-09-02T19:17:12.222Z,2740,1158,"{""value"":1158,""timestamp"":""2026-09-02T19:17:07Z""}",,,,,,,,2140
powertrainCombustionEngineSpeed,CAN_ENGINE_RPM,HF_HISTORICAL,2026-09-02T19:17:06.399Z,2026-09-02T19:17:12.437Z,2026-09-02T19:17:12.224Z,2026-09-02T19:17:12.437Z,2747,1158,1158,7dc3c8f4682bbfc05aa4ad849173fd24038a164372e340c3b2829e02a1d2106a,1s,AVG,7dc3c8f4682bbfc05aa4ad849173fd24038a164372e340c3b2829e02a1d2106a,2026-09-02T19:17:04.399Z,2026-09-02T19:17:12.224Z,2026-09-02T19:17:12.224Z,2147
powertrainCombustionEngineSpeed,CAN_ENGINE_RPM,LATEST_LIVE,2026-09-02T19:17:13.000Z,2026-09-02T19:17:18.056Z,2026-09-02T19:17:17.796Z,2026-09-02T19:17:18.056Z,2752,1882,"{""value"":1882,""timestamp"":""2026-09-02T19:17:13Z""}",,,,,,,,2152
powertrainCombustionEngineSpeed,CAN_ENGINE_RPM,HF_HISTORICAL,2026-09-02T19:17:11.224Z,2026-09-02T19:17:18.292Z,2026-09-02T19:17:18.059Z,2026-09-02T19:17:18.292Z,2757,960,960,8d6a19fd3d61a9f0ed8ea26691d957c3aaf376ccedd1cb29af30be61f24c2beb,1s,AVG,8d6a19fd3d61a9f0ed8ea26691d957c3aaf376ccedd1cb29af30be61f24c2beb,2026-09-02T19:17:10.224Z,2026-09-02T19:17:18.059Z,2026-09-02T19:17:18.059Z,2157
powertrainCombustionEngineSpeed,CAN_ENGINE_RPM,HF_HISTORICAL,2026-09-02T19:17:12.224Z,2026-09-02T19:17:18.292Z,2026-09-02T19:17:18.059Z,2026-09-02T19:17:18.292Z,2762,1882,1882,0c200028d68c827c43bc75ea109a588cb17152fa8afa6b8300a8d81170af7cf8,1s,AVG,0c200028d68c827c43bc75ea109a588cb17152fa8afa6b8300a8d81170af7cf8,2026-09-02T19:17:10.224Z,2026-09-02T19:17:18.059Z,2026-09-02T19:17:18.059Z,2162
powertrainCombustionEngineSpeed,CAN_ENGINE_RPM,LATEST_LIVE,2026-09-02T19:17:21.000Z,2026-09-02T19:17:24.263Z,2026-09-02T19:17:24.053Z,2026-09-02T19:17:24.263Z,2793,1716,"{""value"":1716,""timestamp"":""2026-09-02T19:17:21Z""}",,,,,,,,2173
powertrainCombustionEngineSpeed,CAN_ENGINE_RPM,HF_HISTORICAL,2026-09-02T19:17:16.059Z,2026-09-02T19:17:24.459Z,2026-09-02T19:17:24.265Z,2026-09-02T19:17:24.459Z,2798,1126,1126,92301c20948272b1ebb2f31fe157ae5092f21de4bace986ca0afe42f38be0c22,1s,AVG,92301c20948272b1ebb2f31fe157ae5092f21de4bace986ca0afe42f38be0c22,2026-09-02T19:17:16.059Z,2026-09-02T19:17:24.265Z,2026-09-02T19:17:24.265Z,2178
powertrainCombustionEngineSpeed,CAN_ENGINE_RPM,HF_HISTORICAL,2026-09-02T19:17:17.059Z,2026-09-02T19:17:24.459Z,2026-09-02T19:17:24.265Z,2026-09-02T19:17:24.459Z,2803,1126,1126,1c4fb74759775c907a303846a02be19debf707773095779d67c3541eb6425f4f,1s,AVG,1c4fb74759775c907a303846a02be19debf707773095779d67c3541eb6425f4f,2026-09-02T19:17:16.059Z,2026-09-02T19:17:24.265Z,2026-09-02T19:17:24.265Z,2183
powertrainCombustionEngineSpeed,CAN_ENGINE_RPM,HF_HISTORICAL,2026-09-02T19:17:19.059Z,2026-09-02T19:17:24.459Z,2026-09-02T19:17:24.265Z,2026-09-02T19:17:24.459Z,2808,1393,1393,493a84baf014ce7d92977ff35f7f9d90115b410825a78f29553ca004320ceccd,1s,AVG,493a84baf014ce7d92977ff35f7f9d90115b410825a78f29553ca004320ceccd,2026-09-02T19:17:16.059Z,2026-09-02T19:17:24.265Z,2026-09-02T19:17:24.265Z,2188
powertrainCombustionEngineSpeed,CAN_ENGINE_RPM,HF_HISTORICAL,2026-09-02T19:17:20.059Z,2026-09-02T19:17:24.459Z,2026-09-02T19:17:24.265Z,2026-09-02T19:17:24.459Z,2813,1716,1716,a678212a0519e2f0e9e9a75b72123829c7ff1798d28aa1279579ff0cd671475b,1s,AVG,a678212a0519e2f0e9e9a75b72123829c7ff1798d28aa1279579ff0cd671475b,2026-09-02T19:17:16.059Z,2026-09-02T19:17:24.265Z,2026-09-02T19:17:24.265Z,2193
powertrainCombustionEngineSpeed,CAN_ENGINE_RPM,LATEST_LIVE,2026-09-02T19:17:26.000Z,2026-09-02T19:17:30.179Z,2026-09-02T19:17:29.885Z,2026-09-02T19:17:30.179Z,2818,1435,"{""value"":1435,""timestamp"":""2026-09-02T19:17:26Z""}",,,,,,,,2198
powertrainCombustionEngineSpeed,CAN_ENGINE_RPM,HF_HISTORICAL,2026-09-02T19:17:23.265Z,2026-09-02T19:17:30.387Z,2026-09-02T19:17:30.181Z,2026-09-02T19:17:30.387Z,2823,985,985,6ba5d634e5f1909cf4473d0cc45cc20402fa596552bed8b4ee7ec2545630a89d,1s,AVG,6ba5d634e5f1909cf4473d0cc45cc20402fa596552bed8b4ee7ec2545630a89d,2026-09-02T19:17:22.265Z,2026-09-02T19:17:30.181Z,2026-09-02T19:17:30.181Z,2203
powertrainCombustionEngineSpeed,CAN_ENGINE_RPM,HF_HISTORICAL,2026-09-02T19:17:24.265Z,2026-09-02T19:17:30.387Z,2026-09-02T19:17:30.181Z,2026-09-02T19:17:30.387Z,2828,1369,1369,f4af6b7ff0f2bac8776a41f4242a9c7a4d6f2e075eb659d95bea99b832255ac0,1s,AVG,f4af6b7ff0f2bac8776a41f4242a9c7a4d6f2e075eb659d95bea99b832255ac0,2026-09-02T19:17:22.265Z,2026-09-02T19:17:30.181Z,2026-09-02T19:17:30.181Z,2208
powertrainCombustionEngineSpeed,CAN_ENGINE_RPM,HF_HISTORICAL,2026-09-02T19:17:25.265Z,2026-09-02T19:17:30.387Z,2026-09-02T19:17:30.181Z,2026-09-02T19:17:30.387Z,2833,1435,1435,5a69c1a93e2f970826d3b2a86509bcc51d93d854689400f3fdb38905f3a64507,1s,AVG,5a69c1a93e2f970826d3b2a86509bcc51d93d854689400f3fdb38905f3a64507,2026-09-02T19:17:22.265Z,2026-09-02T19:17:30.181Z,2026-09-02T19:17:30.181Z,2213
powertrainCombustionEngineSpeed,CAN_ENGINE_RPM,LATEST_LIVE,2026-09-02T19:17:31.000Z,2026-09-02T19:17:36.186Z,2026-09-02T19:17:35.934Z,2026-09-02T19:17:36.186Z,2838,2091,"{""value"":2091,""timestamp"":""2026-09-02T19:17:31Z""}",,,,,,,,2218
powertrainCombustionEngineSpeed,CAN_ENGINE_RPM,HF_HISTORICAL,2026-09-02T19:17:30.181Z,2026-09-02T19:17:36.473Z,2026-09-02T19:17:36.189Z,2026-09-02T19:17:36.473Z,2843,2091,2091,e1450d1672ae4c56bb14d9c08897612e9d2777891e7dae8d00df75ae326a7c30,1s,AVG,e1450d1672ae4c56bb14d9c08897612e9d2777891e7dae8d00df75ae326a7c30,2026-09-02T19:17:28.181Z,2026-09-02T19:17:36.189Z,2026-09-02T19:17:36.189Z,2223
powertrainCombustionEngineSpeed,CAN_ENGINE_RPM,LATEST_LIVE,2026-09-02T19:17:38.000Z,2026-09-02T19:17:42.011Z,2026-09-02T19:17:41.785Z,2026-09-02T19:17:42.011Z,2848,1685,"{""value"":1685,""timestamp"":""2026-09-02T19:17:38Z""}",,,,,,,,2228
powertrainCombustionEngineSpeed,CAN_ENGINE_RPM,HF_HISTORICAL,2026-09-02T19:17:34.189Z,2026-09-02T19:17:42.247Z,2026-09-02T19:17:42.015Z,2026-09-02T19:17:42.247Z,2853,1565,1565,8b68fa6415bcb297ab166b1fddc15ce4d710826b6769c4dbe500c0a01b33a0d3,1s,AVG,8b68fa6415bcb297ab166b1fddc15ce4d710826b6769c4dbe500c0a01b33a0d3,2026-09-02T19:17:34.189Z,2026-09-02T19:17:42.014Z,2026-09-02T19:17:42.014Z,2233
powertrainCombustionEngineSpeed,CAN_ENGINE_RPM,HF_HISTORICAL,2026-09-02T19:17:35.189Z,2026-09-02T19:17:42.247Z,2026-09-02T19:17:42.015Z,2026-09-02T19:17:42.247Z,2858,933,933,7bb362261e5580ae96f05e017bb95e466612b0a15f52261b837bf2af7244fa27,1s,AVG,7bb362261e5580ae96f05e017bb95e466612b0a15f52261b837bf2af7244fa27,2026-09-02T19:17:34.189Z,2026-09-02T19:17:42.014Z,2026-09-02T19:17:42.014Z,2238
powertrainCombustionEngineSpeed,CAN_ENGINE_RPM,HF_HISTORICAL,2026-09-02T19:17:37.189Z,2026-09-02T19:17:42.247Z,2026-09-02T19:17:42.015Z,2026-09-02T19:17:42.247Z,2863,1685,1685,51c1e331719cbd452bfa7e4b43b02ea11ad2a880d35d653b9bdde53e71e8a085,1s,AVG,51c1e331719cbd452bfa7e4b43b02ea11ad2a880d35d653b9bdde53e71e8a085,2026-09-02T19:17:34.189Z,2026-09-02T19:17:42.014Z,2026-09-02T19:17:42.014Z,2243
powertrainCombustionEngineSpeed,CAN_ENGINE_RPM,LATEST_LIVE,2026-09-02T19:17:42.000Z,2026-09-02T19:17:47.825Z,2026-09-02T19:17:47.610Z,2026-09-02T19:17:47.825Z,2868,981,"{""value"":981,""timestamp"":""2026-09-02T19:17:42Z""}",,,,,,,,2248
powertrainCombustionEngineSpeed,CAN_ENGINE_RPM,HF_HISTORICAL,2026-09-02T19:17:40.014Z,2026-09-02T19:17:48.096Z,2026-09-02T19:17:47.828Z,2026-09-02T19:17:48.096Z,2873,981,981,7ab6501cc9d8e6d6e7653a7c7226deebb8f95b679182f6b8f2bb4f368df4acb6,1s,AVG,7ab6501cc9d8e6d6e7653a7c7226deebb8f95b679182f6b8f2bb4f368df4acb6,2026-09-02T19:17:40.014Z,2026-09-02T19:17:47.827Z,2026-09-02T19:17:47.827Z,2253
powertrainCombustionEngineSpeed,CAN_ENGINE_RPM,HF_HISTORICAL,2026-09-02T19:17:41.014Z,2026-09-02T19:17:48.096Z,2026-09-02T19:17:47.828Z,2026-09-02T19:17:48.096Z,2878,981,981,4354db58ebd2debf693cf19eb4ac7b1058048368c728bab318d98b2afdfd35a8,1s,AVG,4354db58ebd2debf693cf19eb4ac7b1058048368c728bab318d98b2afdfd35a8,2026-09-02T19:17:40.014Z,2026-09-02T19:17:47.827Z,2026-09-02T19:17:47.827Z,2258
powertrainCombustionEngineSpeed,CAN_ENGINE_RPM,LATEST_LIVE,2026-09-02T19:17:49.000Z,2026-09-02T19:17:53.775Z,2026-09-02T19:17:53.449Z,2026-09-02T19:17:53.775Z,2883,985,"{""value"":985,""timestamp"":""2026-09-02T19:17:49Z""}",,,,,,,,2263
powertrainCombustionEngineSpeed,CAN_ENGINE_RPM,HF_HISTORICAL,2026-09-02T19:17:45.827Z,2026-09-02T19:17:54.020Z,2026-09-02T19:17:53.776Z,2026-09-02T19:17:54.020Z,2888,1373,1373,a12fd9523b777a2e1e55d8022bce294faf564ae60af613a807ac289e463104be,1s,AVG,a12fd9523b777a2e1e55d8022bce294faf564ae60af613a807ac289e463104be,2026-09-02T19:17:45.827Z,2026-09-02T19:17:53.776Z,2026-09-02T19:17:53.776Z,2268
powertrainCombustionEngineSpeed,CAN_ENGINE_RPM,HF_HISTORICAL,2026-09-02T19:17:46.827Z,2026-09-02T19:17:54.020Z,2026-09-02T19:17:53.776Z,2026-09-02T19:17:54.020Z,2893,1616,1616,a30692a004d2edb1aa152e5fdf9265d72f6ddc008a133d103a0f79dfc9e71e79,1s,AVG,a30692a004d2edb1aa152e5fdf9265d72f6ddc008a133d103a0f79dfc9e71e79,2026-09-02T19:17:45.827Z,2026-09-02T19:17:53.776Z,2026-09-02T19:17:53.776Z,2273
powertrainCombustionEngineSpeed,CAN_ENGINE_RPM,HF_HISTORICAL,2026-09-02T19:17:48.827Z,2026-09-02T19:17:54.020Z,2026-09-02T19:17:53.776Z,2026-09-02T19:17:54.020Z,2898,985,985,81a2102a754f1bfe55cabc36e272b1bc046a48eb09e5ec33f5c4694515807731,1s,AVG,81a2102a754f1bfe55cabc36e272b1bc046a48eb09e5ec33f5c4694515807731,2026-09-02T19:17:45.827Z,2026-09-02T19:17:53.776Z,2026-09-02T19:17:53.776Z,2278
powertrainCombustionEngineSpeed,CAN_ENGINE_RPM,LATEST_LIVE,2026-09-02T19:17:56.000Z,2026-09-02T19:17:59.865Z,2026-09-02T19:17:59.582Z,2026-09-02T19:17:59.865Z,2929,930,"{""value"":930,""timestamp"":""2026-09-02T19:17:56Z""}",,,,,,,,2289
powertrainCombustionEngineSpeed,CAN_ENGINE_RPM,HF_HISTORICAL,2026-09-02T19:17:52.776Z,2026-09-02T19:18:00.193Z,2026-09-02T19:17:59.866Z,2026-09-02T19:18:00.193Z,2934,857,857,f510151e84cb1b59422b7c5f38dec5d9650267c2e66f0834256b5321b1514511,1s,AVG,f510151e84cb1b59422b7c5f38dec5d9650267c2e66f0834256b5321b1514511,2026-09-02T19:17:51.776Z,2026-09-02T19:17:59.866Z,2026-09-02T19:17:59.866Z,2294
powertrainCombustionEngineSpeed,CAN_ENGINE_RPM,HF_HISTORICAL,2026-09-02T19:17:53.776Z,2026-09-02T19:18:00.193Z,2026-09-02T19:17:59.866Z,2026-09-02T19:18:00.193Z,2939,930,930,96bd0d72127a52d373f3d9964f5fa4cc25299886c3e5f8c7a904a8cc16ba3f8a,1s,AVG,96bd0d72127a52d373f3d9964f5fa4cc25299886c3e5f8c7a904a8cc16ba3f8a,2026-09-02T19:17:51.776Z,2026-09-02T19:17:59.866Z,2026-09-02T19:17:59.866Z,2299
powertrainCombustionEngineSpeed,CAN_ENGINE_RPM,HF_HISTORICAL,2026-09-02T19:17:55.776Z,2026-09-02T19:18:00.193Z,2026-09-02T19:17:59.866Z,2026-09-02T19:18:00.193Z,2944,930,930,a5adc41eda15b012dd343c5d2b7999647291cb5bb9a3fa4722072402192a6a82,1s,AVG,a5adc41eda15b012dd343c5d2b7999647291cb5bb9a3fa4722072402192a6a82,2026-09-02T19:17:51.776Z,2026-09-02T19:17:59.866Z,2026-09-02T19:17:59.866Z,2304
powertrainCombustionEngineSpeed,CAN_ENGINE_RPM,LATEST_LIVE,2026-09-02T19:18:02.000Z,2026-09-02T19:18:05.969Z,2026-09-02T19:18:05.555Z,2026-09-02T19:18:05.969Z,2949,930,"{""value"":930,""timestamp"":""2026-09-02T19:18:02Z""}",,,,,,,,2309
powertrainCombustionEngineSpeed,CAN_ENGINE_RPM,HF_HISTORICAL,2026-09-02T19:17:59.866Z,2026-09-02T19:18:06.188Z,2026-09-02T19:18:05.970Z,2026-09-02T19:18:06.188Z,2954,929,929,ef30d73d283e09c3efe5caae73fefadb79b7b9b29cf5f68e313aaa5d051dfe88,1s,AVG,ef30d73d283e09c3efe5caae73fefadb79b7b9b29cf5f68e313aaa5d051dfe88,2026-09-02T19:17:57.866Z,2026-09-02T19:18:05.970Z,2026-09-02T19:18:05.970Z,2314
powertrainCombustionEngineSpeed,CAN_ENGINE_RPM,HF_HISTORICAL,2026-09-02T19:18:01.866Z,2026-09-02T19:18:06.188Z,2026-09-02T19:18:05.970Z,2026-09-02T19:18:06.188Z,2959,930,930,6e797f85eddf9fbdcfe8acbfea3e70a521f2f3eeb1272675e4f8257fec108f03,1s,AVG,6e797f85eddf9fbdcfe8acbfea3e70a521f2f3eeb1272675e4f8257fec108f03,2026-09-02T19:17:57.866Z,2026-09-02T19:18:05.970Z,2026-09-02T19:18:05.970Z,2319
powertrainCombustionEngineSpeed,CAN_ENGINE_RPM,LATEST_LIVE,2026-09-02T19:18:08.000Z,2026-09-02T19:18:11.772Z,2026-09-02T19:18:11.486Z,2026-09-02T19:18:11.772Z,2964,928,"{""value"":928,""timestamp"":""2026-09-02T19:18:08Z""}",,,,,,,,2324
powertrainCombustionEngineSpeed,CAN_ENGINE_RPM,HF_HISTORICAL,2026-09-02T19:18:04.970Z,2026-09-02T19:18:11.975Z,2026-09-02T19:18:11.777Z,2026-09-02T19:18:11.975Z,2969,928,928,5832ecae5a97b09043ab56187436d75bc4beeabfc8c4c634bf3cd2ab8e594831,1s,AVG,5832ecae5a97b09043ab56187436d75bc4beeabfc8c4c634bf3cd2ab8e594831,2026-09-02T19:18:03.970Z,2026-09-02T19:18:11.777Z,2026-09-02T19:18:11.777Z,2329
powertrainCombustionEngineSpeed,CAN_ENGINE_RPM,HF_HISTORICAL,2026-09-02T19:18:05.970Z,2026-09-02T19:18:11.975Z,2026-09-02T19:18:11.777Z,2026-09-02T19:18:11.975Z,2974,929,929,9128c0e5b8958b26ccbbe38f5a06fcf11f85822d362cd8e53e838aef5bdb9030,1s,AVG,9128c0e5b8958b26ccbbe38f5a06fcf11f85822d362cd8e53e838aef5bdb9030,2026-09-02T19:18:03.970Z,2026-09-02T19:18:11.777Z,2026-09-02T19:18:11.777Z,2334
powertrainCombustionEngineSpeed,CAN_ENGINE_RPM,HF_HISTORICAL,2026-09-02T19:18:07.970Z,2026-09-02T19:18:11.975Z,2026-09-02T19:18:11.777Z,2026-09-02T19:18:11.975Z,2979,928,928,84346f4fb152c04bace8aecc771bd451ede5e2da3ea442e1681a69d0bbf78bc3,1s,AVG,84346f4fb152c04bace8aecc771bd451ede5e2da3ea442e1681a69d0bbf78bc3,2026-09-02T19:18:03.970Z,2026-09-02T19:18:11.777Z,2026-09-02T19:18:11.777Z,2339
powertrainCombustionEngineSpeed,CAN_ENGINE_RPM,LATEST_LIVE,2026-09-02T19:18:12.000Z,2026-09-02T19:18:17.525Z,2026-09-02T19:18:17.315Z,2026-09-02T19:18:17.525Z,2984,931,"{""value"":931,""timestamp"":""2026-09-02T19:18:12Z""}",,,,,,,,2344
powertrainCombustionEngineSpeed,CAN_ENGINE_RPM,HF_HISTORICAL,2026-09-02T19:18:10.777Z,2026-09-02T19:18:17.740Z,2026-09-02T19:18:17.528Z,2026-09-02T19:18:17.740Z,2989,931,931,8cd6b96d0f09e1e8fb1f2a591cbed610f81cbc4f986c488d6aea52f5dea3b166,1s,AVG,8cd6b96d0f09e1e8fb1f2a591cbed610f81cbc4f986c488d6aea52f5dea3b166,2026-09-02T19:18:09.777Z,2026-09-02T19:18:17.528Z,2026-09-02T19:18:17.528Z,2349
powertrainCombustionEngineSpeed,CAN_ENGINE_RPM,HF_HISTORICAL,2026-09-02T19:18:11.777Z,2026-09-02T19:18:17.740Z,2026-09-02T19:18:17.528Z,2026-09-02T19:18:17.740Z,2994,931,931,02e1af0fa838936bf8729c1b5eb23f17a8d72c6696455a76cdccf4236ccefe9b,1s,AVG,02e1af0fa838936bf8729c1b5eb23f17a8d72c6696455a76cdccf4236ccefe9b,2026-09-02T19:18:09.777Z,2026-09-02T19:18:17.528Z,2026-09-02T19:18:17.528Z,2354
powertrainCombustionEngineSpeed,CAN_ENGINE_RPM,LATEST_LIVE,2026-09-02T19:18:19.000Z,2026-09-02T19:18:23.318Z,2026-09-02T19:18:23.071Z,2026-09-02T19:18:23.318Z,2999,969,"{""value"":969,""timestamp"":""2026-09-02T19:18:19Z""}",,,,,,,,2359
powertrainCombustionEngineSpeed,CAN_ENGINE_RPM,HF_HISTORICAL,2026-09-02T19:18:16.528Z,2026-09-02T19:18:23.553Z,2026-09-02T19:18:23.321Z,2026-09-02T19:18:23.553Z,3004,1050.5,1050.5,6bd0fa6a8cc3365b78101b10bf7320052d68982387f5c0132b23b96d223c764d,1s,AVG,6bd0fa6a8cc3365b78101b10bf7320052d68982387f5c0132b23b96d223c764d,2026-09-02T19:18:15.528Z,2026-09-02T19:18:23.321Z,2026-09-02T19:18:23.321Z,2364
powertrainCombustionEngineSpeed,CAN_ENGINE_RPM,HF_HISTORICAL,2026-09-02T19:18:17.528Z,2026-09-02T19:18:23.553Z,2026-09-02T19:18:23.321Z,2026-09-02T19:18:23.553Z,3009,2182,2182,0dd92fa400626115c67fc05d15f88e0378cce227a3a937a06f6238a4b9d129b4,1s,AVG,0dd92fa400626115c67fc05d15f88e0378cce227a3a937a06f6238a4b9d129b4,2026-09-02T19:18:15.528Z,2026-09-02T19:18:23.321Z,2026-09-02T19:18:23.321Z,2369
powertrainCombustionEngineSpeed,CAN_ENGINE_RPM,HF_HISTORICAL,2026-09-02T19:18:18.528Z,2026-09-02T19:18:23.553Z,2026-09-02T19:18:23.321Z,2026-09-02T19:18:23.553Z,3014,969,969,65cfbe2dccec09c1d2a7a85b0cc5a8b445f6e23199c6bfc91da3b4bfab113e93,1s,AVG,65cfbe2dccec09c1d2a7a85b0cc5a8b445f6e23199c6bfc91da3b4bfab113e93,2026-09-02T19:18:15.528Z,2026-09-02T19:18:23.321Z,2026-09-02T19:18:23.321Z,2374
powertrainCombustionEngineSpeed,CAN_ENGINE_RPM,LATEST_LIVE,2026-09-02T19:18:25.000Z,2026-09-02T19:18:29.214Z,2026-09-02T19:18:28.893Z,2026-09-02T19:18:29.214Z,3019,1959,"{""value"":1959,""timestamp"":""2026-09-02T19:18:25Z""}",,,,,,,,2379
powertrainCombustionEngineSpeed,CAN_ENGINE_RPM,HF_HISTORICAL,2026-09-02T19:18:21.321Z,2026-09-02T19:18:29.482Z,2026-09-02T19:18:29.216Z,2026-09-02T19:18:29.482Z,3024,1677,1677,a413e509a24bb61e89d05350cfa89c35ea16e431453420cc678baf3f1683ea7a,1s,AVG,a413e509a24bb61e89d05350cfa89c35ea16e431453420cc678baf3f1683ea7a,2026-09-02T19:18:21.321Z,2026-09-02T19:18:29.215Z,2026-09-02T19:18:29.215Z,2384
powertrainCombustionEngineSpeed,CAN_ENGINE_RPM,HF_HISTORICAL,2026-09-02T19:18:22.321Z,2026-09-02T19:18:29.482Z,2026-09-02T19:18:29.216Z,2026-09-02T19:18:29.482Z,3029,1667,1667,0854f9bff7328c7f9ccd5a7883402afcd1eade64537a64ed91cddc2fd8d1188a,1s,AVG,0854f9bff7328c7f9ccd5a7883402afcd1eade64537a64ed91cddc2fd8d1188a,2026-09-02T19:18:21.321Z,2026-09-02T19:18:29.215Z,2026-09-02T19:18:29.215Z,2389
powertrainCombustionEngineSpeed,CAN_ENGINE_RPM,HF_HISTORICAL,2026-09-02T19:18:23.321Z,2026-09-02T19:18:29.482Z,2026-09-02T19:18:29.216Z,2026-09-02T19:18:29.482Z,3034,1645,1645,7ab577d82215d046f1e2581dc0e7942d3ffba04788aac25e28068f5b69f37dcb,1s,AVG,7ab577d82215d046f1e2581dc0e7942d3ffba04788aac25e28068f5b69f37dcb,2026-09-02T19:18:21.321Z,2026-09-02T19:18:29.215Z,2026-09-02T19:18:29.215Z,2394
powertrainCombustionEngineSpeed,CAN_ENGINE_RPM,HF_HISTORICAL,2026-09-02T19:18:24.321Z,2026-09-02T19:18:29.482Z,2026-09-02T19:18:29.216Z,2026-09-02T19:18:29.482Z,3039,1959,1959,26178e4b739f7302817709342f666d78c4ec08ca6004b629c709d791dee8f482,1s,AVG,26178e4b739f7302817709342f666d78c4ec08ca6004b629c709d791dee8f482,2026-09-02T19:18:21.321Z,2026-09-02T19:18:29.215Z,2026-09-02T19:18:29.215Z,2399
powertrainCombustionEngineSpeed,CAN_ENGINE_RPM,LATEST_LIVE,2026-09-02T19:18:28.000Z,2026-09-02T19:18:35.252Z,2026-09-02T19:18:35.032Z,2026-09-02T19:18:35.252Z,3070,1855,"{""value"":1855,""timestamp"":""2026-09-02T19:18:28Z""}",,,,,,,,2410
powertrainCombustionEngineSpeed,CAN_ENGINE_RPM,HF_HISTORICAL,2026-09-02T19:18:27.215Z,2026-09-02T19:18:35.436Z,2026-09-02T19:18:35.253Z,2026-09-02T19:18:35.436Z,3075,1855,1855,4c74f447d5513c2ad9448587282db498a6b4542a3e442149e0a429d626459c5e,1s,AVG,4c74f447d5513c2ad9448587282db498a6b4542a3e442149e0a429d626459c5e,2026-09-02T19:18:27.215Z,2026-09-02T19:18:35.253Z,2026-09-02T19:18:35.253Z,2415
powertrainCombustionEngineSpeed,CAN_ENGINE_RPM,LATEST_LIVE,2026-09-02T19:18:38.000Z,2026-09-02T19:18:41.016Z,2026-09-02T19:18:40.766Z,2026-09-02T19:18:41.016Z,3080,1822,"{""value"":1822,""timestamp"":""2026-09-02T19:18:38Z""}",,,,,,,,2420
powertrainCombustionEngineSpeed,CAN_ENGINE_RPM,HF_HISTORICAL,2026-09-02T19:18:33.253Z,2026-09-02T19:18:41.230Z,2026-09-02T19:18:41.017Z,2026-09-02T19:18:41.230Z,3085,1839,1839,408bb11acf230da63eccf4dd95ef1c6a826e5fcb7d364d5bef85c5ac1b0c7af3,1s,AVG,408bb11acf230da63eccf4dd95ef1c6a826e5fcb7d364d5bef85c5ac1b0c7af3,2026-09-02T19:18:33.253Z,2026-09-02T19:18:41.017Z,2026-09-02T19:18:41.017Z,2425
powertrainCombustionEngineSpeed,CAN_ENGINE_RPM,HF_HISTORICAL,2026-09-02T19:18:34.253Z,2026-09-02T19:18:41.230Z,2026-09-02T19:18:41.017Z,2026-09-02T19:18:41.230Z,3090,1578,1578,a1140b6631c67515aa39b6c8bf9ab3a660fcc04f66f3c38b6dc1d38e7e31d21c,1s,AVG,a1140b6631c67515aa39b6c8bf9ab3a660fcc04f66f3c38b6dc1d38e7e31d21c,2026-09-02T19:18:33.253Z,2026-09-02T19:18:41.017Z,2026-09-02T19:18:41.017Z,2430
powertrainCombustionEngineSpeed,CAN_ENGINE_RPM,HF_HISTORICAL,2026-09-02T19:18:36.253Z,2026-09-02T19:18:41.230Z,2026-09-02T19:18:41.017Z,2026-09-02T19:18:41.230Z,3095,1100,1100,d50c2d69febcfa4986a76f72bb49e5bc15ba163145bcb7d5d13ae359272625cc,1s,AVG,d50c2d69febcfa4986a76f72bb49e5bc15ba163145bcb7d5d13ae359272625cc,2026-09-02T19:18:33.253Z,2026-09-02T19:18:41.017Z,2026-09-02T19:18:41.017Z,2435
powertrainCombustionEngineSpeed,CAN_ENGINE_RPM,HF_HISTORICAL,2026-09-02T19:18:37.253Z,2026-09-02T19:18:41.230Z,2026-09-02T19:18:41.017Z,2026-09-02T19:18:41.230Z,3100,1822,1822,8659f3870170d761cee83aca8f8c55d7d90e28b239df66401b12d4aa2cdf4bf9,1s,AVG,8659f3870170d761cee83aca8f8c55d7d90e28b239df66401b12d4aa2cdf4bf9,2026-09-02T19:18:33.253Z,2026-09-02T19:18:41.017Z,2026-09-02T19:18:41.017Z,2440
powertrainCombustionEngineSpeed,CAN_ENGINE_RPM,LATEST_LIVE,2026-09-02T19:18:43.000Z,2026-09-02T19:18:47.084Z,2026-09-02T19:18:46.812Z,2026-09-02T19:18:47.084Z,3105,453,"{""value"":453,""timestamp"":""2026-09-02T19:18:43Z""}",,,,,,,,2445
powertrainCombustionEngineSpeed,CAN_ENGINE_RPM,HF_HISTORICAL,2026-09-02T19:18:40.017Z,2026-09-02T19:18:47.495Z,2026-09-02T19:18:47.085Z,2026-09-02T19:18:47.495Z,3110,1919,1919,4de82df2b4b58672cf6f1bf8c71985205e199c030484e915f2d5915571c0b273,1s,AVG,4de82df2b4b58672cf6f1bf8c71985205e199c030484e915f2d5915571c0b273,2026-09-02T19:18:39.017Z,2026-09-02T19:18:47.085Z,2026-09-02T19:18:47.085Z,2450
powertrainCombustionEngineSpeed,CAN_ENGINE_RPM,HF_HISTORICAL,2026-09-02T19:18:41.017Z,2026-09-02T19:18:47.495Z,2026-09-02T19:18:47.085Z,2026-09-02T19:18:47.495Z,3115,1904,1904,af39b38f4e97d4e3c5dcb1b260a961aa34c8a0707eb296190e06dfc1e65cd79d,1s,AVG,af39b38f4e97d4e3c5dcb1b260a961aa34c8a0707eb296190e06dfc1e65cd79d,2026-09-02T19:18:39.017Z,2026-09-02T19:18:47.085Z,2026-09-02T19:18:47.085Z,2455
powertrainCombustionEngineSpeed,CAN_ENGINE_RPM,HF_HISTORICAL,2026-09-02T19:18:42.017Z,2026-09-02T19:18:47.495Z,2026-09-02T19:18:47.085Z,2026-09-02T19:18:47.495Z,3120,453,453,b0bccf1a3e3cd509ea9ada260ba7fd82c1256cdea977426b2f45447ca8394107,1s,AVG,b0bccf1a3e3cd509ea9ada260ba7fd82c1256cdea977426b2f45447ca8394107,2026-09-02T19:18:39.017Z,2026-09-02T19:18:47.085Z,2026-09-02T19:18:47.085Z,2460
powertrainCombustionEngineSpeed,CAN_ENGINE_RPM,LATEST_LIVE,2026-09-02T19:18:47.000Z,2026-09-02T19:18:53.091Z,2026-09-02T19:18:52.850Z,2026-09-02T19:18:53.091Z,3125,1779,"{""value"":1779,""timestamp"":""2026-09-02T19:18:47Z""}",,,,,,,,2465
powertrainCombustionEngineSpeed,CAN_ENGINE_RPM,HF_HISTORICAL,2026-09-02T19:18:45.085Z,2026-09-02T19:18:53.308Z,2026-09-02T19:18:53.094Z,2026-09-02T19:18:53.308Z,3130,1781,1781,8a20aa113f23d24b5515236bb76ac06c6fd2d37fada01aef118716691dd02738,1s,AVG,8a20aa113f23d24b5515236bb76ac06c6fd2d37fada01aef118716691dd02738,2026-09-02T19:18:45.085Z,2026-09-02T19:18:53.094Z,2026-09-02T19:18:53.094Z,2470
powertrainCombustionEngineSpeed,CAN_ENGINE_RPM,HF_HISTORICAL,2026-09-02T19:18:46.085Z,2026-09-02T19:18:53.308Z,2026-09-02T19:18:53.094Z,2026-09-02T19:18:53.308Z,3135,1779,1779,bbedad6737b58223907d522d0ee0460b3885e51fa4183f02442ef2cb19e417f2,1s,AVG,bbedad6737b58223907d522d0ee0460b3885e51fa4183f02442ef2cb19e417f2,2026-09-02T19:18:45.085Z,2026-09-02T19:18:53.094Z,2026-09-02T19:18:53.094Z,2475
powertrainCombustionEngineSpeed,CAN_ENGINE_RPM,LATEST_LIVE,2026-09-02T19:18:55.000Z,2026-09-02T19:18:58.881Z,2026-09-02T19:18:58.583Z,2026-09-02T19:18:58.881Z,3148,1593,"{""value"":1593,""timestamp"":""2026-09-02T19:18:55Z""}",,,,,,,,2488
powertrainCombustionEngineSpeed,CAN_ENGINE_RPM,HF_HISTORICAL,2026-09-02T19:18:52.094Z,2026-09-02T19:18:59.094Z,2026-09-02T19:18:58.883Z,2026-09-02T19:18:59.094Z,3153,1297,1297,98857bff049f23f3c37e3f108b87e04e7d2da120c7934c8b845744c00a4070b6,1s,AVG,98857bff049f23f3c37e3f108b87e04e7d2da120c7934c8b845744c00a4070b6,2026-09-02T19:18:51.094Z,2026-09-02T19:18:58.883Z,2026-09-02T19:18:58.883Z,2493
powertrainCombustionEngineSpeed,CAN_ENGINE_RPM,HF_HISTORICAL,2026-09-02T19:18:53.094Z,2026-09-02T19:18:59.094Z,2026-09-02T19:18:58.883Z,2026-09-02T19:18:59.094Z,3158,1911,1911,58a578a745c487b4bfc628fd386aa4e7c35e92637044bc5ea9ab9d32d0cdaf5f,1s,AVG,58a578a745c487b4bfc628fd386aa4e7c35e92637044bc5ea9ab9d32d0cdaf5f,2026-09-02T19:18:51.094Z,2026-09-02T19:18:58.883Z,2026-09-02T19:18:58.883Z,2498
powertrainCombustionEngineSpeed,CAN_ENGINE_RPM,HF_HISTORICAL,2026-09-02T19:18:54.094Z,2026-09-02T19:18:59.094Z,2026-09-02T19:18:58.883Z,2026-09-02T19:18:59.094Z,3163,1593,1593,fa596967d3e5fda25941b97c5992ba1be9ae362691d3c3da419583eb81f87d44,1s,AVG,fa596967d3e5fda25941b97c5992ba1be9ae362691d3c3da419583eb81f87d44,2026-09-02T19:18:51.094Z,2026-09-02T19:18:58.883Z,2026-09-02T19:18:58.883Z,2503
powertrainCombustionEngineSpeed,CAN_ENGINE_RPM,LATEST_LIVE,2026-09-02T19:19:01.000Z,2026-09-02T19:19:04.708Z,2026-09-02T19:19:04.436Z,2026-09-02T19:19:04.708Z,3168,1506,"{""value"":1506,""timestamp"":""2026-09-02T19:19:01Z""}",,,,,,,,2508
powertrainCombustionEngineSpeed,CAN_ENGINE_RPM,HF_HISTORICAL,2026-09-02T19:18:57.883Z,2026-09-02T19:19:04.923Z,2026-09-02T19:19:04.712Z,2026-09-02T19:19:04.923Z,3173,1550,1550,8c1f2d8f6ddd7d039b11aad261f1eaa0f7290bdf5b32b7290e408487cb89a99a,1s,AVG,8c1f2d8f6ddd7d039b11aad261f1eaa0f7290bdf5b32b7290e408487cb89a99a,2026-09-02T19:18:56.883Z,2026-09-02T19:19:04.712Z,2026-09-02T19:19:04.712Z,2513
powertrainCombustionEngineSpeed,CAN_ENGINE_RPM,HF_HISTORICAL,2026-09-02T19:19:00.883Z,2026-09-02T19:19:04.923Z,2026-09-02T19:19:04.712Z,2026-09-02T19:19:04.923Z,3178,1506,1506,da8ecba4b012a194c0416e5ff864613bb5849febe4bfb4d8f26276f02f76a1de,1s,AVG,da8ecba4b012a194c0416e5ff864613bb5849febe4bfb4d8f26276f02f76a1de,2026-09-02T19:18:56.883Z,2026-09-02T19:19:04.712Z,2026-09-02T19:19:04.712Z,2518
powertrainCombustionEngineSpeed,CAN_ENGINE_RPM,LATEST_LIVE,2026-09-02T19:19:05.000Z,2026-09-02T19:19:10.759Z,2026-09-02T19:19:10.465Z,2026-09-02T19:19:10.759Z,3209,1679,"{""value"":1679,""timestamp"":""2026-09-02T19:19:05Z""}",,,,,,,,2529
powertrainCombustionEngineSpeed,CAN_ENGINE_RPM,HF_HISTORICAL,2026-09-02T19:19:02.712Z,2026-09-02T19:19:10.959Z,2026-09-02T19:19:10.760Z,2026-09-02T19:19:10.959Z,3214,1967,1967,ba69f47a41a6a541a220f9da4256e58f1d6a3a90a8b7c387fa42b725cb54f16a,1s,AVG,ba69f47a41a6a541a220f9da4256e58f1d6a3a90a8b7c387fa42b725cb54f16a,2026-09-02T19:19:02.712Z,2026-09-02T19:19:10.760Z,2026-09-02T19:19:10.760Z,2534
powertrainCombustionEngineSpeed,CAN_ENGINE_RPM,HF_HISTORICAL,2026-09-02T19:19:04.712Z,2026-09-02T19:19:10.959Z,2026-09-02T19:19:10.760Z,2026-09-02T19:19:10.959Z,3219,1679,1679,bda0ad56e875b5c541420ac074535a65334fe6a42959bd402c67c5aa3c4b48aa,1s,AVG,bda0ad56e875b5c541420ac074535a65334fe6a42959bd402c67c5aa3c4b48aa,2026-09-02T19:19:02.712Z,2026-09-02T19:19:10.760Z,2026-09-02T19:19:10.760Z,2539
powertrainCombustionEngineSpeed,CAN_ENGINE_RPM,LATEST_LIVE,2026-09-02T19:19:06.000Z,2026-09-02T19:19:16.556Z,2026-09-02T19:19:16.302Z,2026-09-02T19:19:16.556Z,3224,1504,"{""value"":1504,""timestamp"":""2026-09-02T19:19:06Z""}",,,,,,,,2544
powertrainCombustionEngineSpeed,CAN_ENGINE_RPM,HF_HISTORICAL,2026-09-02T19:19:12.760Z,2026-09-02T19:19:16.760Z,2026-09-02T19:19:16.558Z,2026-09-02T19:19:16.760Z,3229,1725,1725,d899cfb1e6a37cb2a0b750c62b06aef71fd076741e6b6e0a6d2e91f3f9361973,1s,AVG,d899cfb1e6a37cb2a0b750c62b06aef71fd076741e6b6e0a6d2e91f3f9361973,2026-09-02T19:19:08.760Z,2026-09-02T19:19:16.558Z,2026-09-02T19:19:16.558Z,2549
powertrainCombustionEngineSpeed,CAN_ENGINE_RPM,LATEST_LIVE,2026-09-02T19:19:13.000Z,2026-09-02T19:19:22.339Z,2026-09-02T19:19:22.137Z,2026-09-02T19:19:22.339Z,3234,1725,"{""value"":1725,""timestamp"":""2026-09-02T19:19:13Z""}",,,,,,,,2554
powertrainCombustionEngineSpeed,CAN_ENGINE_RPM,LATEST_LIVE,2026-09-02T19:19:13.000Z,2026-09-02T19:19:28.022Z,2026-09-02T19:19:27.765Z,2026-09-02T19:19:28.022Z,3239,1725,"{""value"":1725,""timestamp"":""2026-09-02T19:19:13Z""}",,,,,,,,2559
powertrainCombustionEngineSpeed,CAN_ENGINE_RPM,LATEST_LIVE,2026-09-02T19:19:13.000Z,2026-09-02T19:19:33.812Z,2026-09-02T19:19:33.498Z,2026-09-02T19:19:33.812Z,3244,1725,"{""value"":1725,""timestamp"":""2026-09-02T19:19:13Z""}",,,,,,,,2564
powertrainCombustionEngineSpeed,CAN_ENGINE_RPM,LATEST_LIVE,2026-09-02T19:19:13.000Z,2026-09-02T19:19:39.845Z,2026-09-02T19:19:39.445Z,2026-09-02T19:19:39.845Z,3249,1725,"{""value"":1725,""timestamp"":""2026-09-02T19:19:13Z""}",,,,,,,,2569
powertrainCombustionEngineSpeed,CAN_ENGINE_RPM,LATEST_LIVE,2026-09-02T19:19:13.000Z,2026-09-02T19:19:45.999Z,2026-09-02T19:19:45.787Z,2026-09-02T19:19:45.999Z,3280,1725,"{""value"":1725,""timestamp"":""2026-09-02T19:19:13Z""}",,,,,,,,2580
powertrainCombustionEngineSpeed,CAN_ENGINE_RPM,LATEST_LIVE,2026-09-02T19:19:17.000Z,2026-09-02T19:19:51.715Z,2026-09-02T19:19:51.515Z,2026-09-02T19:19:51.715Z,3285,2001,"{""value"":2001,""timestamp"":""2026-09-02T19:19:17Z""}",,,,,,,,2585
powertrainCombustionEngineSpeed,CAN_ENGINE_RPM,LATEST_LIVE,2026-09-02T19:19:17.000Z,2026-09-02T19:19:59.622Z,2026-09-02T19:19:57.362Z,2026-09-02T19:19:59.622Z,3290,2001,"{""value"":2001,""timestamp"":""2026-09-02T19:19:17Z""}",,,,,,,,2590
powertrainCombustionEngineSpeed,CAN_ENGINE_RPM,LATEST_LIVE,2026-09-02T19:19:17.000Z,2026-09-02T19:20:06.820Z,2026-09-02T19:20:05.464Z,2026-09-02T19:20:06.820Z,3295,2001,"{""value"":2001,""timestamp"":""2026-09-02T19:19:17Z""}",,,,,,,,2595
powertrainCombustionEngineSpeed,CAN_ENGINE_RPM,LATEST_LIVE,2026-09-02T19:19:17.000Z,2026-09-02T19:20:13.915Z,2026-09-02T19:20:13.592Z,2026-09-02T19:20:13.915Z,3300,2001,"{""value"":2001,""timestamp"":""2026-09-02T19:19:17Z""}",,,,,,,,2600
powertrainCombustionEngineSpeed,CAN_ENGINE_RPM,LATEST_LIVE,2026-09-02T19:19:17.000Z,2026-09-02T19:20:20.507Z,2026-09-02T19:20:20.260Z,2026-09-02T19:20:20.507Z,3305,2001,"{""value"":2001,""timestamp"":""2026-09-02T19:19:17Z""}",,,,,,,,2605
powertrainCombustionEngineSpeed,CAN_ENGINE_RPM,LATEST_LIVE,2026-09-02T19:19:17.000Z,2026-09-02T19:20:26.764Z,2026-09-02T19:20:26.495Z,2026-09-02T19:20:26.764Z,3336,2001,"{""value"":2001,""timestamp"":""2026-09-02T19:19:17Z""}",,,,,,,,2616
powertrainCombustionEngineSpeed,CAN_ENGINE_RPM,LATEST_LIVE,2026-09-02T19:19:17.000Z,2026-09-02T19:20:32.702Z,2026-09-02T19:20:32.332Z,2026-09-02T19:20:32.702Z,3341,2001,"{""value"":2001,""timestamp"":""2026-09-02T19:19:17Z""}",,,,,,,,2621
powertrainCombustionEngineSpeed,CAN_ENGINE_RPM,LATEST_LIVE,2026-09-02T19:19:17.000Z,2026-09-02T19:20:39.117Z,2026-09-02T19:20:38.871Z,2026-09-02T19:20:39.117Z,3346,2001,"{""value"":2001,""timestamp"":""2026-09-02T19:19:17Z""}",,,,,,,,2626
powertrainCombustionEngineSpeed,CAN_ENGINE_RPM,LATEST_LIVE,2026-09-02T19:19:17.000Z,2026-09-02T19:20:44.828Z,2026-09-02T19:20:44.593Z,2026-09-02T19:20:44.828Z,3351,2001,"{""value"":2001,""timestamp"":""2026-09-02T19:19:17Z""}",,,,,,,,2631
powertrainCombustionEngineSpeed,CAN_ENGINE_RPM,LATEST_LIVE,2026-09-02T19:19:17.000Z,2026-09-02T19:20:50.564Z,2026-09-02T19:20:50.334Z,2026-09-02T19:20:50.564Z,3356,2001,"{""value"":2001,""timestamp"":""2026-09-02T19:19:17Z""}",,,,,,,,2636
powertrainCombustionEngineSpeed,CAN_ENGINE_RPM,LATEST_LIVE,2026-09-02T19:19:17.000Z,2026-09-02T19:20:56.425Z,2026-09-02T19:20:56.187Z,2026-09-02T19:20:56.425Z,3361,2001,"{""value"":2001,""timestamp"":""2026-09-02T19:19:17Z""}",,,,,,,,2641
powertrainCombustionEngineSpeed,CAN_ENGINE_RPM,LATEST_LIVE,2026-09-02T19:19:17.000Z,2026-09-02T19:21:02.367Z,2026-09-02T19:21:02.129Z,2026-09-02T19:21:02.367Z,3392,2001,"{""value"":2001,""timestamp"":""2026-09-02T19:19:17Z""}",,,,,,,,2652
powertrainCombustionEngineSpeed,CAN_ENGINE_RPM,LATEST_LIVE,2026-09-02T19:21:00.000Z,2026-09-02T19:21:08.259Z,2026-09-02T19:21:07.982Z,2026-09-02T19:21:08.259Z,3397,1539,"{""value"":1539,""timestamp"":""2026-09-02T19:21:00Z""}",,,,,,,,2657
powertrainCombustionEngineSpeed,CAN_ENGINE_RPM,LATEST_LIVE,2026-09-02T19:21:10.000Z,2026-09-02T19:21:14.450Z,2026-09-02T19:21:13.911Z,2026-09-02T19:21:14.450Z,3402,1639,"{""value"":1639,""timestamp"":""2026-09-02T19:21:10Z""}",,,,,,,,2662
powertrainCombustionEngineSpeed,CAN_ENGINE_RPM,HF_HISTORICAL,2026-09-02T19:21:09.261Z,2026-09-02T19:21:14.701Z,2026-09-02T19:21:14.452Z,2026-09-02T19:21:14.701Z,3411,1639,1639,6a1c0976b1e53707a4253929a40ce682f91edc0b801a7d3ed4b4067e2ff29df2,1s,AVG,6a1c0976b1e53707a4253929a40ce682f91edc0b801a7d3ed4b4067e2ff29df2,2026-09-02T19:21:06.261Z,2026-09-02T19:21:14.452Z,2026-09-02T19:21:14.452Z,2671
powertrainCombustionEngineSpeed,CAN_ENGINE_RPM,LATEST_LIVE,2026-09-02T19:21:13.000Z,2026-09-02T19:21:20.322Z,2026-09-02T19:21:20.055Z,2026-09-02T19:21:20.322Z,3416,1909,"{""value"":1909,""timestamp"":""2026-09-02T19:21:13Z""}",,,,,,,,2676
powertrainCombustionEngineSpeed,CAN_ENGINE_RPM,HF_HISTORICAL,2026-09-02T19:21:12.452Z,2026-09-02T19:21:20.626Z,2026-09-02T19:21:20.325Z,2026-09-02T19:21:20.626Z,3421,1909,1909,9a1f7216ca0b534ce87d678789d279f0b5075712564f5a452db7aed76dd6cb3a,1s,AVG,9a1f7216ca0b534ce87d678789d279f0b5075712564f5a452db7aed76dd6cb3a,2026-09-02T19:21:12.452Z,2026-09-02T19:21:20.325Z,2026-09-02T19:21:20.325Z,2681
powertrainCombustionEngineSpeed,CAN_ENGINE_RPM,LATEST_LIVE,2026-09-02T19:21:20.000Z,2026-09-02T19:21:26.235Z,2026-09-02T19:21:26.021Z,2026-09-02T19:21:26.235Z,3430,1648,"{""value"":1648,""timestamp"":""2026-09-02T19:21:20Z""}",,,,,,,,2690
powertrainCombustionEngineSpeed,CAN_ENGINE_RPM,HF_HISTORICAL,2026-09-02T19:21:19.325Z,2026-09-02T19:21:26.429Z,2026-09-02T19:21:26.237Z,2026-09-02T19:21:26.429Z,3435,1648,1648,202edc0d1c361a1d4cbee12c9adb16925db989f6eb8fcf519aebefdb918f5ec6,1s,AVG,202edc0d1c361a1d4cbee12c9adb16925db989f6eb8fcf519aebefdb918f5ec6,2026-09-02T19:21:18.325Z,2026-09-02T19:21:26.237Z,2026-09-02T19:21:26.237Z,2695
powertrainCombustionEngineSpeed,CAN_ENGINE_RPM,LATEST_LIVE,2026-09-02T19:21:23.000Z,2026-09-02T19:21:32.333Z,2026-09-02T19:21:32.105Z,2026-09-02T19:21:32.333Z,3440,227,"{""value"":227,""timestamp"":""2026-09-02T19:21:23Z""}",,,,,,,,2700
powertrainCombustionEngineSpeed,CAN_ENGINE_RPM,LATEST_LIVE,2026-09-02T19:21:34.000Z,2026-09-02T19:21:38.493Z,2026-09-02T19:21:38.275Z,2026-09-02T19:21:38.493Z,3483,1766,"{""value"":1766,""timestamp"":""2026-09-02T19:21:34Z""}",,,,,,,,2723
powertrainCombustionEngineSpeed,CAN_ENGINE_RPM,HF_HISTORICAL,2026-09-02T19:21:32.336Z,2026-09-02T19:21:38.726Z,2026-09-02T19:21:38.494Z,2026-09-02T19:21:38.726Z,3488,1800,1800,f1f4332e66f3fb658f3cd0ffb97d3975a40f22c6d07111ef73a660a995ef0b14,1s,AVG,f1f4332e66f3fb658f3cd0ffb97d3975a40f22c6d07111ef73a660a995ef0b14,2026-09-02T19:21:30.336Z,2026-09-02T19:21:38.494Z,2026-09-02T19:21:38.494Z,2728
powertrainCombustionEngineSpeed,CAN_ENGINE_RPM,HF_HISTORICAL,2026-09-02T19:21:33.336Z,2026-09-02T19:21:38.726Z,2026-09-02T19:21:38.494Z,2026-09-02T19:21:38.726Z,3493,1766,1766,2a58e95129399070bd6d73730cabb73b05ee383546bafc12714de8c655601300,1s,AVG,2a58e95129399070bd6d73730cabb73b05ee383546bafc12714de8c655601300,2026-09-02T19:21:30.336Z,2026-09-02T19:21:38.494Z,2026-09-02T19:21:38.494Z,2733
powertrainCombustionEngineSpeed,CAN_ENGINE_RPM,LATEST_LIVE,2026-09-02T19:21:41.000Z,2026-09-02T19:21:44.235Z,2026-09-02T19:21:43.999Z,2026-09-02T19:21:44.235Z,3498,1816,"{""value"":1816,""timestamp"":""2026-09-02T19:21:41Z""}",,,,,,,,2738
powertrainCombustionEngineSpeed,CAN_ENGINE_RPM,HF_HISTORICAL,2026-09-02T19:21:36.494Z,2026-09-02T19:21:44.434Z,2026-09-02T19:21:44.237Z,2026-09-02T19:21:44.434Z,3503,1898,1898,084c23ffb5cb83a5a8325dcd15b108518b0cf5701b62a592034343999321e254,1s,AVG,084c23ffb5cb83a5a8325dcd15b108518b0cf5701b62a592034343999321e254,2026-09-02T19:21:36.494Z,2026-09-02T19:21:44.237Z,2026-09-02T19:21:44.237Z,2743
powertrainCombustionEngineSpeed,CAN_ENGINE_RPM,HF_HISTORICAL,2026-09-02T19:21:40.494Z,2026-09-02T19:21:44.434Z,2026-09-02T19:21:44.237Z,2026-09-02T19:21:44.434Z,3512,1816,1816,e3e6894745e560fc5d8f5e48a4909504d22ff0edba5e23ae780126dcc82fafeb,1s,AVG,e3e6894745e560fc5d8f5e48a4909504d22ff0edba5e23ae780126dcc82fafeb,2026-09-02T19:21:36.494Z,2026-09-02T19:21:44.237Z,2026-09-02T19:21:44.237Z,2752
powertrainCombustionEngineSpeed,CAN_ENGINE_RPM,LATEST_LIVE,2026-09-02T19:21:47.000Z,2026-09-02T19:21:49.970Z,2026-09-02T19:21:49.739Z,2026-09-02T19:21:49.970Z,3517,493,"{""value"":493,""timestamp"":""2026-09-02T19:21:47Z""}",,,,,,,,2757
powertrainCombustionEngineSpeed,CAN_ENGINE_RPM,HF_HISTORICAL,2026-09-02T19:21:42.237Z,2026-09-02T19:21:50.187Z,2026-09-02T19:21:49.972Z,2026-09-02T19:21:50.187Z,3522,1513.5,1513.5,57315efaa9b455c53ae64ff58b3534fa847012a086572682afce52128c577643,1s,AVG,57315efaa9b455c53ae64ff58b3534fa847012a086572682afce52128c577643,2026-09-02T19:21:42.237Z,2026-09-02T19:21:49.972Z,2026-09-02T19:21:49.972Z,2762
powertrainCombustionEngineSpeed,CAN_ENGINE_RPM,HF_HISTORICAL,2026-09-02T19:21:45.237Z,2026-09-02T19:21:50.187Z,2026-09-02T19:21:49.972Z,2026-09-02T19:21:50.187Z,3527,1690,1690,c490500c3a4947627598d6d892ad047eaea0c6211b4de87075cbaca0a56b392b,1s,AVG,c490500c3a4947627598d6d892ad047eaea0c6211b4de87075cbaca0a56b392b,2026-09-02T19:21:42.237Z,2026-09-02T19:21:49.972Z,2026-09-02T19:21:49.972Z,2767
powertrainCombustionEngineSpeed,CAN_ENGINE_RPM,HF_HISTORICAL,2026-09-02T19:21:46.237Z,2026-09-02T19:21:50.187Z,2026-09-02T19:21:49.972Z,2026-09-02T19:21:50.187Z,3532,493,493,583de8078c0a26bf648ee44cf9010798930aa8826c5b7cc301f53939cd23ee74,1s,AVG,583de8078c0a26bf648ee44cf9010798930aa8826c5b7cc301f53939cd23ee74,2026-09-02T19:21:42.237Z,2026-09-02T19:21:49.972Z,2026-09-02T19:21:49.972Z,2772
powertrainCombustionEngineSpeed,CAN_ENGINE_RPM,LATEST_LIVE,2026-09-02T19:21:51.000Z,2026-09-02T19:21:55.805Z,2026-09-02T19:21:55.564Z,2026-09-02T19:21:55.805Z,3537,1905,"{""value"":1905,""timestamp"":""2026-09-02T19:21:51Z""}",,,,,,,,2777
powertrainCombustionEngineSpeed,CAN_ENGINE_RPM,HF_HISTORICAL,2026-09-02T19:21:47.972Z,2026-09-02T19:21:55.999Z,2026-09-02T19:21:55.806Z,2026-09-02T19:21:55.999Z,3542,1559,1559,e63d588badc8c070c17cc5650f73d6e606b9353daa447a0d7b38c6c7df839971,1s,AVG,e63d588badc8c070c17cc5650f73d6e606b9353daa447a0d7b38c6c7df839971,2026-09-02T19:21:47.972Z,2026-09-02T19:21:55.806Z,2026-09-02T19:21:55.806Z,2782
powertrainCombustionEngineSpeed,CAN_ENGINE_RPM,HF_HISTORICAL,2026-09-02T19:21:48.972Z,2026-09-02T19:21:55.999Z,2026-09-02T19:21:55.806Z,2026-09-02T19:21:55.999Z,3547,2211,2211,58ce3f2c0fc9676791a8e0d3246ad5eebbbfdb0ff5f82e035116e36d33ac83ce,1s,AVG,58ce3f2c0fc9676791a8e0d3246ad5eebbbfdb0ff5f82e035116e36d33ac83ce,2026-09-02T19:21:47.972Z,2026-09-02T19:21:55.806Z,2026-09-02T19:21:55.806Z,2787
powertrainCombustionEngineSpeed,CAN_ENGINE_RPM,HF_HISTORICAL,2026-09-02T19:21:50.972Z,2026-09-02T19:21:55.999Z,2026-09-02T19:21:55.806Z,2026-09-02T19:21:55.999Z,3552,1905,1905,a9ace45401df10b02796120dbb5a6878b0d5a5930be987423339a487210eb3d9,1s,AVG,a9ace45401df10b02796120dbb5a6878b0d5a5930be987423339a487210eb3d9,2026-09-02T19:21:47.972Z,2026-09-02T19:21:55.806Z,2026-09-02T19:21:55.806Z,2792
powertrainCombustionEngineSpeed,CAN_ENGINE_RPM,LATEST_LIVE,2026-09-02T19:21:57.000Z,2026-09-02T19:22:01.688Z,2026-09-02T19:22:01.420Z,2026-09-02T19:22:01.688Z,3557,1830,"{""value"":1830,""timestamp"":""2026-09-02T19:21:57Z""}",,,,,,,,2797
powertrainCombustionEngineSpeed,CAN_ENGINE_RPM,HF_HISTORICAL,2026-09-02T19:21:56.806Z,2026-09-02T19:22:01.917Z,2026-09-02T19:22:01.693Z,2026-09-02T19:22:01.917Z,3562,1830,1830,a94543f9156353f9522eee2b18004649d6e5fcdae36095a18f62e7d18fea6665,1s,AVG,a94543f9156353f9522eee2b18004649d6e5fcdae36095a18f62e7d18fea6665,2026-09-02T19:21:53.806Z,2026-09-02T19:22:01.693Z,2026-09-02T19:22:01.693Z,2802
powertrainCombustionEngineSpeed,CAN_ENGINE_RPM,LATEST_LIVE,2026-09-02T19:22:03.000Z,2026-09-02T19:22:07.604Z,2026-09-02T19:22:07.371Z,2026-09-02T19:22:07.604Z,3567,1535,"{""value"":1535,""timestamp"":""2026-09-02T19:22:03Z""}",,,,,,,,2807
powertrainCombustionEngineSpeed,CAN_ENGINE_RPM,HF_HISTORICAL,2026-09-02T19:21:59.693Z,2026-09-02T19:22:07.896Z,2026-09-02T19:22:07.607Z,2026-09-02T19:22:07.896Z,3572,1875,1875,897ea1443a9f935c8ade772b4b1e7258abbb053ef01ba5051fd8227761c7c1a9,1s,AVG,897ea1443a9f935c8ade772b4b1e7258abbb053ef01ba5051fd8227761c7c1a9,2026-09-02T19:21:59.693Z,2026-09-02T19:22:07.606Z,2026-09-02T19:22:07.606Z,2812
powertrainCombustionEngineSpeed,CAN_ENGINE_RPM,HF_HISTORICAL,2026-09-02T19:22:01.693Z,2026-09-02T19:22:07.896Z,2026-09-02T19:22:07.607Z,2026-09-02T19:22:07.896Z,3577,1980,1980,4fc08cc5c9ee182c561e26cf0ed0ada04b657237ba96efac820150114abc5900,1s,AVG,4fc08cc5c9ee182c561e26cf0ed0ada04b657237ba96efac820150114abc5900,2026-09-02T19:21:59.693Z,2026-09-02T19:22:07.606Z,2026-09-02T19:22:07.606Z,2817
powertrainCombustionEngineSpeed,CAN_ENGINE_RPM,HF_HISTORICAL,2026-09-02T19:22:02.693Z,2026-09-02T19:22:07.896Z,2026-09-02T19:22:07.607Z,2026-09-02T19:22:07.896Z,3582,1535,1535,337185cc6031b3e051133b3e972d94898f5539e02edaf9cfb1e61fa1710f857c,1s,AVG,337185cc6031b3e051133b3e972d94898f5539e02edaf9cfb1e61fa1710f857c,2026-09-02T19:21:59.693Z,2026-09-02T19:22:07.606Z,2026-09-02T19:22:07.606Z,2822
powertrainCombustionEngineSpeed,CAN_ENGINE_RPM,LATEST_LIVE,2026-09-02T19:22:08.000Z,2026-09-02T19:22:13.750Z,2026-09-02T19:22:13.513Z,2026-09-02T19:22:13.750Z,3617,990,"{""value"":990,""timestamp"":""2026-09-02T19:22:08Z""}",,,,,,,,2837
powertrainCombustionEngineSpeed,CAN_ENGINE_RPM,HF_HISTORICAL,2026-09-02T19:22:07.606Z,2026-09-02T19:22:13.978Z,2026-09-02T19:22:13.752Z,2026-09-02T19:22:13.978Z,3626,990,990,712e8ab0ac836a142b13124e06c1470fd3765d73e07e096f15a49fb9674f9740,1s,AVG,712e8ab0ac836a142b13124e06c1470fd3765d73e07e096f15a49fb9674f9740,2026-09-02T19:22:05.606Z,2026-09-02T19:22:13.752Z,2026-09-02T19:22:13.752Z,2846
powertrainCombustionEngineSpeed,CAN_ENGINE_RPM,LATEST_LIVE,2026-09-02T19:22:16.000Z,2026-09-02T19:22:19.643Z,2026-09-02T19:22:19.335Z,2026-09-02T19:22:19.643Z,3631,2145,"{""value"":2145,""timestamp"":""2026-09-02T19:22:16Z""}",,,,,,,,2851
powertrainCombustionEngineSpeed,CAN_ENGINE_RPM,HF_HISTORICAL,2026-09-02T19:22:12.752Z,2026-09-02T19:22:19.936Z,2026-09-02T19:22:19.645Z,2026-09-02T19:22:19.936Z,3636,1628,1628,7ec133840f6687fabb3d1ffc204b2949e27acee8f49ce57964fa90695769f8ea,1s,AVG,7ec133840f6687fabb3d1ffc204b2949e27acee8f49ce57964fa90695769f8ea,2026-09-02T19:22:11.752Z,2026-09-02T19:22:19.645Z,2026-09-02T19:22:19.645Z,2856
powertrainCombustionEngineSpeed,CAN_ENGINE_RPM,HF_HISTORICAL,2026-09-02T19:22:13.752Z,2026-09-02T19:22:19.936Z,2026-09-02T19:22:19.645Z,2026-09-02T19:22:19.936Z,3641,2539,2539,55389c538e6076b0c3af60b15347095dfd2bc6132f7d7b3942004648c2b3becc,1s,AVG,55389c538e6076b0c3af60b15347095dfd2bc6132f7d7b3942004648c2b3becc,2026-09-02T19:22:11.752Z,2026-09-02T19:22:19.645Z,2026-09-02T19:22:19.645Z,2861
powertrainCombustionEngineSpeed,CAN_ENGINE_RPM,HF_HISTORICAL,2026-09-02T19:22:15.752Z,2026-09-02T19:22:19.936Z,2026-09-02T19:22:19.645Z,2026-09-02T19:22:19.936Z,3646,2145,2145,78bc28ae2daa51dff7b0db71c103be46e68c98c483ec10969e9d76b5d4202ffa,1s,AVG,78bc28ae2daa51dff7b0db71c103be46e68c98c483ec10969e9d76b5d4202ffa,2026-09-02T19:22:11.752Z,2026-09-02T19:22:19.645Z,2026-09-02T19:22:19.645Z,2866
powertrainCombustionEngineSpeed,CAN_ENGINE_RPM,LATEST_LIVE,2026-09-02T19:22:21.000Z,2026-09-02T19:22:25.602Z,2026-09-02T19:22:25.274Z,2026-09-02T19:22:25.602Z,3651,1932,"{""value"":1932,""timestamp"":""2026-09-02T19:22:21Z""}",,,,,,,,2871
powertrainCombustionEngineSpeed,CAN_ENGINE_RPM,HF_HISTORICAL,2026-09-02T19:22:17.645Z,2026-09-02T19:22:26.059Z,2026-09-02T19:22:25.605Z,2026-09-02T19:22:26.059Z,3656,1232,1232,19a13f11240b406690afa0563f578838fdedf20d5b992db43f19df85a651e0a3,1s,AVG,19a13f11240b406690afa0563f578838fdedf20d5b992db43f19df85a651e0a3,2026-09-02T19:22:17.645Z,2026-09-02T19:22:25.605Z,2026-09-02T19:22:25.605Z,2876
powertrainCombustionEngineSpeed,CAN_ENGINE_RPM,HF_HISTORICAL,2026-09-02T19:22:19.645Z,2026-09-02T19:22:26.059Z,2026-09-02T19:22:25.605Z,2026-09-02T19:22:26.059Z,3661,1329,1329,6907443c6db9cc183c92ea07e6f9cc338f74c0826f739731808a407f05d7ff27,1s,AVG,6907443c6db9cc183c92ea07e6f9cc338f74c0826f739731808a407f05d7ff27,2026-09-02T19:22:17.645Z,2026-09-02T19:22:25.605Z,2026-09-02T19:22:25.605Z,2881
powertrainCombustionEngineSpeed,CAN_ENGINE_RPM,HF_HISTORICAL,2026-09-02T19:22:20.645Z,2026-09-02T19:22:26.059Z,2026-09-02T19:22:25.605Z,2026-09-02T19:22:26.059Z,3666,1932,1932,2fd8a7655e769cd5d88e7c4f6f25415398862b863e41311f000f34f6b80e9e27,1s,AVG,2fd8a7655e769cd5d88e7c4f6f25415398862b863e41311f000f34f6b80e9e27,2026-09-02T19:22:17.645Z,2026-09-02T19:22:25.605Z,2026-09-02T19:22:25.605Z,2886
powertrainCombustionEngineSpeed,CAN_ENGINE_RPM,LATEST_LIVE,2026-09-02T19:22:21.000Z,2026-09-02T19:22:31.667Z,2026-09-02T19:22:31.423Z,2026-09-02T19:22:31.667Z,3675,1932,"{""value"":1932,""timestamp"":""2026-09-02T19:22:21Z""}",,,,,,,,2895
powertrainCombustionEngineSpeed,CAN_ENGINE_RPM,LATEST_LIVE,2026-09-02T19:22:21.000Z,2026-09-02T19:22:37.429Z,2026-09-02T19:22:37.169Z,2026-09-02T19:22:37.429Z,3680,1932,"{""value"":1932,""timestamp"":""2026-09-02T19:22:21Z""}",,,,,,,,2900
powertrainCombustionEngineSpeed,CAN_ENGINE_RPM,LATEST_LIVE,2026-09-02T19:22:21.000Z,2026-09-02T19:22:43.328Z,2026-09-02T19:22:43.088Z,2026-09-02T19:22:43.328Z,3685,1932,"{""value"":1932,""timestamp"":""2026-09-02T19:22:21Z""}",,,,,,,,2905
powertrainCombustionEngineSpeed,CAN_ENGINE_RPM,LATEST_LIVE,2026-09-02T19:22:21.000Z,2026-09-02T19:22:49.565Z,2026-09-02T19:22:49.230Z,2026-09-02T19:22:49.565Z,3724,1932,"{""value"":1932,""timestamp"":""2026-09-02T19:22:21Z""}",,,,,,,,2924
powertrainCombustionEngineSpeed,CAN_ENGINE_RPM,LATEST_LIVE,2026-09-02T19:22:44.000Z,2026-09-02T19:22:55.436Z,2026-09-02T19:22:55.169Z,2026-09-02T19:22:55.436Z,3733,1670,"{""value"":1670,""timestamp"":""2026-09-02T19:22:44Z""}",,,,,,,,2933
powertrainCombustionEngineSpeed,CAN_ENGINE_RPM,LATEST_LIVE,2026-09-02T19:22:55.000Z,2026-09-02T19:23:01.314Z,2026-09-02T19:23:01.013Z,2026-09-02T19:23:01.314Z,3746,1851,"{""value"":1851,""timestamp"":""2026-09-02T19:22:55Z""}",,,,,,,,2946
powertrainCombustionEngineSpeed,CAN_ENGINE_RPM,HF_HISTORICAL,2026-09-02T19:22:53.438Z,2026-09-02T19:23:01.575Z,2026-09-02T19:23:01.326Z,2026-09-02T19:23:01.575Z,3751,1615,1615,a435dc0fc48ac22d4734df84b4c8c7d81daea48dd35af4210107da8a29a32406,1s,AVG,a435dc0fc48ac22d4734df84b4c8c7d81daea48dd35af4210107da8a29a32406,2026-09-02T19:22:53.438Z,2026-09-02T19:23:01.325Z,2026-09-02T19:23:01.325Z,2951
powertrainCombustionEngineSpeed,CAN_ENGINE_RPM,HF_HISTORICAL,2026-09-02T19:22:54.438Z,2026-09-02T19:23:01.575Z,2026-09-02T19:23:01.326Z,2026-09-02T19:23:01.575Z,3756,1851,1851,6c856bdf6bc8501a4def897730e526f4f08e07a43122602acc280acecf6cb672,1s,AVG,6c856bdf6bc8501a4def897730e526f4f08e07a43122602acc280acecf6cb672,2026-09-02T19:22:53.438Z,2026-09-02T19:23:01.325Z,2026-09-02T19:23:01.325Z,2956
powertrainCombustionEngineSpeed,CAN_ENGINE_RPM,LATEST_LIVE,2026-09-02T19:22:55.000Z,2026-09-02T19:23:07.178Z,2026-09-02T19:23:06.970Z,2026-09-02T19:23:07.178Z,3761,1851,"{""value"":1851,""timestamp"":""2026-09-02T19:22:55Z""}",,,,,,,,2961
powertrainCombustionEngineSpeed,CAN_ENGINE_RPM,LATEST_LIVE,2026-09-02T19:22:55.000Z,2026-09-02T19:23:12.913Z,2026-09-02T19:23:12.695Z,2026-09-02T19:23:12.913Z,3782,1851,"{""value"":1851,""timestamp"":""2026-09-02T19:22:55Z""}",,,,,,,,2982
powertrainCombustionEngineSpeed,CAN_ENGINE_RPM,LATEST_LIVE,2026-09-02T19:23:14.000Z,2026-09-02T19:23:18.664Z,2026-09-02T19:23:18.432Z,2026-09-02T19:23:18.664Z,3797,647,"{""value"":647,""timestamp"":""2026-09-02T19:23:14Z""}",,,,,,,,2997
powertrainCombustionEngineSpeed,CAN_ENGINE_RPM,HF_HISTORICAL,2026-09-02T19:23:13.914Z,2026-09-02T19:23:18.878Z,2026-09-02T19:23:18.665Z,2026-09-02T19:23:18.878Z,3804,647,647,75de6fa5a6b9feacdad797ad4a5967eee7ca29191e3caceb85722bb1203ba188,1s,AVG,75de6fa5a6b9feacdad797ad4a5967eee7ca29191e3caceb85722bb1203ba188,2026-09-02T19:23:10.914Z,2026-09-02T19:23:18.665Z,2026-09-02T19:23:18.665Z,3004
powertrainCombustionEngineSpeed,CAN_ENGINE_RPM,HF_HISTORICAL,2026-09-02T19:23:15.914Z,2026-09-02T19:23:18.878Z,2026-09-02T19:23:18.665Z,2026-09-02T19:23:18.878Z,3809,1799,1799,1c586cfef84362ebc2922bd41680b4f655ef104c7f06c23618bdd484d7b6f0db,1s,AVG,1c586cfef84362ebc2922bd41680b4f655ef104c7f06c23618bdd484d7b6f0db,2026-09-02T19:23:10.914Z,2026-09-02T19:23:18.665Z,2026-09-02T19:23:18.665Z,3009
powertrainCombustionEngineSpeed,CAN_ENGINE_RPM,LATEST_LIVE,2026-09-02T19:23:20.000Z,2026-09-02T19:23:24.556Z,2026-09-02T19:23:24.368Z,2026-09-02T19:23:24.556Z,3840,1842,"{""value"":1842,""timestamp"":""2026-09-02T19:23:20Z""}",,,,,,,,3020
powertrainCombustionEngineSpeed,CAN_ENGINE_RPM,HF_HISTORICAL,2026-09-02T19:23:19.665Z,2026-09-02T19:23:24.798Z,2026-09-02T19:23:24.560Z,2026-09-02T19:23:24.798Z,3853,1842,1842,1549b9910b009a4eeb07659ecad18689285ad7998485bfcbd14755744f8c571d,1s,AVG,1549b9910b009a4eeb07659ecad18689285ad7998485bfcbd14755744f8c571d,2026-09-02T19:23:16.665Z,2026-09-02T19:23:24.560Z,2026-09-02T19:23:24.560Z,3033
powertrainCombustionEngineSpeed,CAN_ENGINE_RPM,HF_HISTORICAL,2026-09-02T19:23:20.665Z,2026-09-02T19:23:24.798Z,2026-09-02T19:23:24.560Z,2026-09-02T19:23:24.798Z,3858,1786,1786,e82ab909d65e3c0e3a0e0e304610addb93b4a1f4da8a108e5b6c0105b57bb3ff,1s,AVG,e82ab909d65e3c0e3a0e0e304610addb93b4a1f4da8a108e5b6c0105b57bb3ff,2026-09-02T19:23:16.665Z,2026-09-02T19:23:24.560Z,2026-09-02T19:23:24.560Z,3038
powertrainCombustionEngineSpeed,CAN_ENGINE_RPM,LATEST_LIVE,2026-09-02T19:23:25.000Z,2026-09-02T19:23:30.380Z,2026-09-02T19:23:30.139Z,2026-09-02T19:23:30.380Z,3863,1208,"{""value"":1208,""timestamp"":""2026-09-02T19:23:25Z""}",,,,,,,,3043
powertrainCombustionEngineSpeed,CAN_ENGINE_RPM,HF_HISTORICAL,2026-09-02T19:23:22.560Z,2026-09-02T19:23:30.585Z,2026-09-02T19:23:30.383Z,2026-09-02T19:23:30.585Z,3868,1651,1651,844eb21d3618d7ea490e458600439f60782a6cb41e31d22b873ba5425f88304a,1s,AVG,844eb21d3618d7ea490e458600439f60782a6cb41e31d22b873ba5425f88304a,2026-09-02T19:23:22.560Z,2026-09-02T19:23:30.383Z,2026-09-02T19:23:30.383Z,3048
powertrainCombustionEngineSpeed,CAN_ENGINE_RPM,HF_HISTORICAL,2026-09-02T19:23:24.560Z,2026-09-02T19:23:30.585Z,2026-09-02T19:23:30.383Z,2026-09-02T19:23:30.585Z,3873,1208,1208,271cf9b08c3ae642e062c0cef4795024bafd8067d4b21c447283d37086240975,1s,AVG,271cf9b08c3ae642e062c0cef4795024bafd8067d4b21c447283d37086240975,2026-09-02T19:23:22.560Z,2026-09-02T19:23:30.383Z,2026-09-02T19:23:30.383Z,3053
powertrainCombustionEngineSpeed,CAN_ENGINE_RPM,LATEST_LIVE,2026-09-02T19:23:31.000Z,2026-09-02T19:23:36.174Z,2026-09-02T19:23:35.951Z,2026-09-02T19:23:36.174Z,3878,572,"{""value"":572,""timestamp"":""2026-09-02T19:23:31Z""}",,,,,,,,3058
powertrainCombustionEngineSpeed,CAN_ENGINE_RPM,HF_HISTORICAL,2026-09-02T19:23:29.383Z,2026-09-02T19:23:36.364Z,2026-09-02T19:23:36.175Z,2026-09-02T19:23:36.364Z,3883,2087,2087,1005d8e6073d1b9ab007ff416d816f1b222bcd27de52de54c2501265448336eb,1s,AVG,1005d8e6073d1b9ab007ff416d816f1b222bcd27de52de54c2501265448336eb,2026-09-02T19:23:28.383Z,2026-09-02T19:23:36.175Z,2026-09-02T19:23:36.175Z,3063
powertrainCombustionEngineSpeed,CAN_ENGINE_RPM,HF_HISTORICAL,2026-09-02T19:23:30.383Z,2026-09-02T19:23:36.364Z,2026-09-02T19:23:36.175Z,2026-09-02T19:23:36.364Z,3888,572,572,9cabb438941bf67cf87d4afd9a6ea9ec22cd930937dc0374f91ba24310273781,1s,AVG,9cabb438941bf67cf87d4afd9a6ea9ec22cd930937dc0374f91ba24310273781,2026-09-02T19:23:28.383Z,2026-09-02T19:23:36.175Z,2026-09-02T19:23:36.175Z,3068
powertrainCombustionEngineSpeed,CAN_ENGINE_RPM,LATEST_LIVE,2026-09-02T19:23:36.000Z,2026-09-02T19:23:41.884Z,2026-09-02T19:23:41.678Z,2026-09-02T19:23:41.884Z,3893,1044,"{""value"":1044,""timestamp"":""2026-09-02T19:23:36Z""}",,,,,,,,3073
powertrainCombustionEngineSpeed,CAN_ENGINE_RPM,HF_HISTORICAL,2026-09-02T19:23:34.175Z,2026-09-02T19:23:42.088Z,2026-09-02T19:23:41.885Z,2026-09-02T19:23:42.088Z,3898,1184,1184,691844d4b6d41958035c51a2d577bafe53e9943f180129e3d362fd11f4779ee2,1s,AVG,691844d4b6d41958035c51a2d577bafe53e9943f180129e3d362fd11f4779ee2,2026-09-02T19:23:34.175Z,2026-09-02T19:23:41.885Z,2026-09-02T19:23:41.885Z,3078
powertrainCombustionEngineSpeed,CAN_ENGINE_RPM,HF_HISTORICAL,2026-09-02T19:23:35.175Z,2026-09-02T19:23:42.088Z,2026-09-02T19:23:41.885Z,2026-09-02T19:23:42.088Z,3903,1044,1044,61f2402dd030416f006f4f739f912df20c68d2f50e3977395ea165753c8fd6f4,1s,AVG,61f2402dd030416f006f4f739f912df20c68d2f50e3977395ea165753c8fd6f4,2026-09-02T19:23:34.175Z,2026-09-02T19:23:41.885Z,2026-09-02T19:23:41.885Z,3083
powertrainCombustionEngineSpeed,CAN_ENGINE_RPM,HF_HISTORICAL,2026-09-02T19:23:37.175Z,2026-09-02T19:23:42.088Z,2026-09-02T19:23:41.885Z,2026-09-02T19:23:42.088Z,3908,961,961,f56ee265e2247c10d59d42ac2a7560065b1ff637a83f5572a928119a0e4f7131,1s,AVG,f56ee265e2247c10d59d42ac2a7560065b1ff637a83f5572a928119a0e4f7131,2026-09-02T19:23:34.175Z,2026-09-02T19:23:41.885Z,2026-09-02T19:23:41.885Z,3088
powertrainCombustionEngineSpeed,CAN_ENGINE_RPM,HF_HISTORICAL,2026-09-02T19:23:38.175Z,2026-09-02T19:23:42.088Z,2026-09-02T19:23:41.885Z,2026-09-02T19:23:42.088Z,3913,925,925,36613e2770681155861d8004e8e8fbc32d046a5cf8f19944de68e780e38a996f,1s,AVG,36613e2770681155861d8004e8e8fbc32d046a5cf8f19944de68e780e38a996f,2026-09-02T19:23:34.175Z,2026-09-02T19:23:41.885Z,2026-09-02T19:23:41.885Z,3093
powertrainCombustionEngineSpeed,CAN_ENGINE_RPM,LATEST_LIVE,2026-09-02T19:23:44.000Z,2026-09-02T19:23:47.798Z,2026-09-02T19:23:47.426Z,2026-09-02T19:23:47.798Z,3918,1137,"{""value"":1137,""timestamp"":""2026-09-02T19:23:44Z""}",,,,,,,,3098
powertrainCombustionEngineSpeed,CAN_ENGINE_RPM,HF_HISTORICAL,2026-09-02T19:23:39.885Z,2026-09-02T19:23:48.007Z,2026-09-02T19:23:47.805Z,2026-09-02T19:23:48.007Z,3923,997,997,f50dc1173afcfc434bd211af158cb8e7ad2623799e1351ac35b9521caf72af78,1s,AVG,f50dc1173afcfc434bd211af158cb8e7ad2623799e1351ac35b9521caf72af78,2026-09-02T19:23:39.885Z,2026-09-02T19:23:47.805Z,2026-09-02T19:23:47.805Z,3103
powertrainCombustionEngineSpeed,CAN_ENGINE_RPM,HF_HISTORICAL,2026-09-02T19:23:43.885Z,2026-09-02T19:23:48.007Z,2026-09-02T19:23:47.805Z,2026-09-02T19:23:48.007Z,3928,1137,1137,da6c154155b1f56f50a8c6c3856f3da2bfc0c891b9072ed331034d48b3fcbe4e,1s,AVG,da6c154155b1f56f50a8c6c3856f3da2bfc0c891b9072ed331034d48b3fcbe4e,2026-09-02T19:23:39.885Z,2026-09-02T19:23:47.805Z,2026-09-02T19:23:47.805Z,3108
powertrainCombustionEngineSpeed,CAN_ENGINE_RPM,LATEST_LIVE,2026-09-02T19:23:44.000Z,2026-09-02T19:23:53.955Z,2026-09-02T19:23:53.463Z,2026-09-02T19:23:53.955Z,3933,1137,"{""value"":1137,""timestamp"":""2026-09-02T19:23:44Z""}",,,,,,,,3113
powertrainCombustionEngineSpeed,CAN_ENGINE_RPM,LATEST_LIVE,2026-09-02T19:23:55.000Z,2026-09-02T19:24:00.048Z,2026-09-02T19:23:59.808Z,2026-09-02T19:24:00.048Z,3978,938,"{""value"":938,""timestamp"":""2026-09-02T19:23:55Z""}",,,,,,,,3138
powertrainCombustionEngineSpeed,CAN_ENGINE_RPM,HF_HISTORICAL,2026-09-02T19:23:51.956Z,2026-09-02T19:24:00.256Z,2026-09-02T19:24:00.051Z,2026-09-02T19:24:00.256Z,3982,969,969,da16a208e7c8d3fe398224a5e6884350bb1a42a212ae215125f1ba17d30a9501,1s,AVG,da16a208e7c8d3fe398224a5e6884350bb1a42a212ae215125f1ba17d30a9501,2026-09-02T19:23:51.956Z,2026-09-02T19:24:00.050Z,2026-09-02T19:24:00.050Z,3142
powertrainCombustionEngineSpeed,CAN_ENGINE_RPM,HF_HISTORICAL,2026-09-02T19:23:54.956Z,2026-09-02T19:24:00.256Z,2026-09-02T19:24:00.051Z,2026-09-02T19:24:00.256Z,3991,938,938,4fa923fad96099afb6dd5269164c223ff6286eba1483a7365735005ba35c5848,1s,AVG,4fa923fad96099afb6dd5269164c223ff6286eba1483a7365735005ba35c5848,2026-09-02T19:23:51.956Z,2026-09-02T19:24:00.050Z,2026-09-02T19:24:00.050Z,3151
powertrainCombustionEngineSpeed,CAN_ENGINE_RPM,LATEST_LIVE,2026-09-02T19:24:00.000Z,2026-09-02T19:24:05.866Z,2026-09-02T19:24:05.636Z,2026-09-02T19:24:05.866Z,3996,1794,"{""value"":1794,""timestamp"":""2026-09-02T19:24:00Z""}",,,,,,,,3156
powertrainCombustionEngineSpeed,CAN_ENGINE_RPM,HF_HISTORICAL,2026-09-02T19:23:59.050Z,2026-09-02T19:24:06.142Z,2026-09-02T19:24:05.871Z,2026-09-02T19:24:06.142Z,4001,1794,1794,2a53259e45f720a11858fd3e73a7f66fa4e4c44e5d44a20351daa2f3db1a5635,1s,AVG,2a53259e45f720a11858fd3e73a7f66fa4e4c44e5d44a20351daa2f3db1a5635,2026-09-02T19:23:58.050Z,2026-09-02T19:24:05.871Z,2026-09-02T19:24:05.871Z,3161
powertrainCombustionEngineSpeed,CAN_ENGINE_RPM,LATEST_LIVE,2026-09-02T19:24:08.000Z,2026-09-02T19:24:11.703Z,2026-09-02T19:24:11.473Z,2026-09-02T19:24:11.703Z,4006,1764,"{""value"":1764,""timestamp"":""2026-09-02T19:24:08Z""}",,,,,,,,3166
powertrainCombustionEngineSpeed,CAN_ENGINE_RPM,HF_HISTORICAL,2026-09-02T19:24:04.871Z,2026-09-02T19:24:12.121Z,2026-09-02T19:24:11.705Z,2026-09-02T19:24:12.121Z,4011,1892,1892,74b2746424ea8aad10df143b127eb3072d671ecd94631f2d923a29f22cb9b79f,1s,AVG,74b2746424ea8aad10df143b127eb3072d671ecd94631f2d923a29f22cb9b79f,2026-09-02T19:24:03.871Z,2026-09-02T19:24:11.705Z,2026-09-02T19:24:11.705Z,3171
powertrainCombustionEngineSpeed,CAN_ENGINE_RPM,HF_HISTORICAL,2026-09-02T19:24:05.871Z,2026-09-02T19:24:12.121Z,2026-09-02T19:24:11.705Z,2026-09-02T19:24:12.121Z,4016,2567,2567,b87f10a5ec37b3f3f9d94e31e86b6a517cbd4ba0622612c7f13ad343ecece694,1s,AVG,b87f10a5ec37b3f3f9d94e31e86b6a517cbd4ba0622612c7f13ad343ecece694,2026-09-02T19:24:03.871Z,2026-09-02T19:24:11.705Z,2026-09-02T19:24:11.705Z,3176
powertrainCombustionEngineSpeed,CAN_ENGINE_RPM,HF_HISTORICAL,2026-09-02T19:24:07.871Z,2026-09-02T19:24:12.121Z,2026-09-02T19:24:11.705Z,2026-09-02T19:24:12.121Z,4021,1764,1764,534f90d37401e92b24cbf0e24dafac1c49a8835d4625cb074c6e893d316c014d,1s,AVG,534f90d37401e92b24cbf0e24dafac1c49a8835d4625cb074c6e893d316c014d,2026-09-02T19:24:03.871Z,2026-09-02T19:24:11.705Z,2026-09-02T19:24:11.705Z,3181
powertrainCombustionEngineSpeed,CAN_ENGINE_RPM,LATEST_LIVE,2026-09-02T19:24:12.000Z,2026-09-02T19:24:17.640Z,2026-09-02T19:24:17.409Z,2026-09-02T19:24:17.640Z,4026,1900,"{""value"":1900,""timestamp"":""2026-09-02T19:24:12Z""}",,,,,,,,3186
powertrainCombustionEngineSpeed,CAN_ENGINE_RPM,HF_HISTORICAL,2026-09-02T19:24:09.705Z,2026-09-02T19:24:17.845Z,2026-09-02T19:24:17.641Z,2026-09-02T19:24:17.845Z,4031,1745,1745,ad5eaf975a5c0d3bd2577466964b5670ae600bddfbcc98fa5649ce31be891608,1s,AVG,ad5eaf975a5c0d3bd2577466964b5670ae600bddfbcc98fa5649ce31be891608,2026-09-02T19:24:09.705Z,2026-09-02T19:24:17.641Z,2026-09-02T19:24:17.641Z,3191
powertrainCombustionEngineSpeed,CAN_ENGINE_RPM,HF_HISTORICAL,2026-09-02T19:24:11.705Z,2026-09-02T19:24:17.845Z,2026-09-02T19:24:17.641Z,2026-09-02T19:24:17.845Z,4036,1900,1900,fd477423781326d3b9b745fa92cd0efcf9f27673730bf580d06ffac077924352,1s,AVG,fd477423781326d3b9b745fa92cd0efcf9f27673730bf580d06ffac077924352,2026-09-02T19:24:09.705Z,2026-09-02T19:24:17.641Z,2026-09-02T19:24:17.641Z,3196
powertrainCombustionEngineSpeed,CAN_ENGINE_RPM,LATEST_LIVE,2026-09-02T19:24:19.000Z,2026-09-02T19:24:23.393Z,2026-09-02T19:24:23.154Z,2026-09-02T19:24:23.393Z,4041,861,"{""value"":861,""timestamp"":""2026-09-02T19:24:19Z""}",,,,,,,,3201
powertrainCombustionEngineSpeed,CAN_ENGINE_RPM,HF_HISTORICAL,2026-09-02T19:24:18.641Z,2026-09-02T19:24:23.628Z,2026-09-02T19:24:23.394Z,2026-09-02T19:24:23.628Z,4050,861,861,eb29be0ae2cc75ee79644cbfa89ba86cc7d0ab91956f7feb886d60e86f0e2a22,1s,AVG,eb29be0ae2cc75ee79644cbfa89ba86cc7d0ab91956f7feb886d60e86f0e2a22,2026-09-02T19:24:15.641Z,2026-09-02T19:24:23.394Z,2026-09-02T19:24:23.394Z,3210
powertrainCombustionEngineSpeed,CAN_ENGINE_RPM,LATEST_LIVE,2026-09-02T19:24:26.000Z,2026-09-02T19:24:29.238Z,2026-09-02T19:24:28.990Z,2026-09-02T19:24:29.238Z,4055,1754,"{""value"":1754,""timestamp"":""2026-09-02T19:24:26Z""}",,,,,,,,3215
powertrainCombustionEngineSpeed,CAN_ENGINE_RPM,HF_HISTORICAL,2026-09-02T19:24:21.394Z,2026-09-02T19:24:29.438Z,2026-09-02T19:24:29.240Z,2026-09-02T19:24:29.438Z,4060,1809,1809,eada2230233bdfac8b8dd6cef186b67cb631223c962f2e56de6887b12682d29a,1s,AVG,eada2230233bdfac8b8dd6cef186b67cb631223c962f2e56de6887b12682d29a,2026-09-02T19:24:21.394Z,2026-09-02T19:24:29.240Z,2026-09-02T19:24:29.240Z,3220
powertrainCombustionEngineSpeed,CAN_ENGINE_RPM,HF_HISTORICAL,2026-09-02T19:24:22.394Z,2026-09-02T19:24:29.438Z,2026-09-02T19:24:29.240Z,2026-09-02T19:24:29.438Z,4065,1755,1755,80f1ca6bbb737f6dd81123d0fba507026924f7d05ee1dc92e2ca4d2d7306f900,1s,AVG,80f1ca6bbb737f6dd81123d0fba507026924f7d05ee1dc92e2ca4d2d7306f900,2026-09-02T19:24:21.394Z,2026-09-02T19:24:29.240Z,2026-09-02T19:24:29.240Z,3225
powertrainCombustionEngineSpeed,CAN_ENGINE_RPM,HF_HISTORICAL,2026-09-02T19:24:25.394Z,2026-09-02T19:24:29.438Z,2026-09-02T19:24:29.240Z,2026-09-02T19:24:29.438Z,4074,1754,1754,17ca064206f017092e0dbe0bb0bf277d56e929ca9d8accd1e1f6877c02b9e910,1s,AVG,17ca064206f017092e0dbe0bb0bf277d56e929ca9d8accd1e1f6877c02b9e910,2026-09-02T19:24:21.394Z,2026-09-02T19:24:29.240Z,2026-09-02T19:24:29.240Z,3234
powertrainCombustionEngineSpeed,CAN_ENGINE_RPM,LATEST_LIVE,2026-09-02T19:24:31.000Z,2026-09-02T19:24:35.274Z,2026-09-02T19:24:35.044Z,2026-09-02T19:24:35.274Z,4105,1753,"{""value"":1753,""timestamp"":""2026-09-02T19:24:31Z""}",,,,,,,,3245
powertrainCombustionEngineSpeed,CAN_ENGINE_RPM,HF_HISTORICAL,2026-09-02T19:24:28.240Z,2026-09-02T19:24:35.488Z,2026-09-02T19:24:35.275Z,2026-09-02T19:24:35.488Z,4110,1835,1835,795af968022d8b8bb03cfb86c5335097d4f5129a166f290d018e84524eb67766,1s,AVG,795af968022d8b8bb03cfb86c5335097d4f5129a166f290d018e84524eb67766,2026-09-02T19:24:27.240Z,2026-09-02T19:24:35.275Z,2026-09-02T19:24:35.275Z,3250
powertrainCombustionEngineSpeed,CAN_ENGINE_RPM,HF_HISTORICAL,2026-09-02T19:24:30.240Z,2026-09-02T19:24:35.488Z,2026-09-02T19:24:35.275Z,2026-09-02T19:24:35.488Z,4115,1753,1753,cbd2aabe19579adb0c9211fa63730444a2cc6d7e22009daf9fd31dfc322f39a7,1s,AVG,cbd2aabe19579adb0c9211fa63730444a2cc6d7e22009daf9fd31dfc322f39a7,2026-09-02T19:24:27.240Z,2026-09-02T19:24:35.275Z,2026-09-02T19:24:35.275Z,3255
powertrainCombustionEngineSpeed,CAN_ENGINE_RPM,LATEST_LIVE,2026-09-02T19:24:37.000Z,2026-09-02T19:24:41.054Z,2026-09-02T19:24:40.765Z,2026-09-02T19:24:41.054Z,4120,195,"{""value"":195,""timestamp"":""2026-09-02T19:24:37Z""}",,,,,,,,3260
powertrainCombustionEngineSpeed,CAN_ENGINE_RPM,HF_HISTORICAL,2026-09-02T19:24:33.275Z,2026-09-02T19:24:41.494Z,2026-09-02T19:24:41.055Z,2026-09-02T19:24:41.494Z,4125,1729,1729,0158d1d29deb6dea936393533a09b4b940ee8609f5dc568ff23a0bb59d0b2d7f,1s,AVG,0158d1d29deb6dea936393533a09b4b940ee8609f5dc568ff23a0bb59d0b2d7f,2026-09-02T19:24:33.275Z,2026-09-02T19:24:41.055Z,2026-09-02T19:24:41.055Z,3265
powertrainCombustionEngineSpeed,CAN_ENGINE_RPM,HF_HISTORICAL,2026-09-02T19:24:34.275Z,2026-09-02T19:24:41.494Z,2026-09-02T19:24:41.055Z,2026-09-02T19:24:41.494Z,4130,1506,1506,8303d0e2011e1a8b538555046ca820d60ec687f10976faf1253fa43c5c4fff4d,1s,AVG,8303d0e2011e1a8b538555046ca820d60ec687f10976faf1253fa43c5c4fff4d,2026-09-02T19:24:33.275Z,2026-09-02T19:24:41.055Z,2026-09-02T19:24:41.055Z,3270
powertrainCombustionEngineSpeed,CAN_ENGINE_RPM,HF_HISTORICAL,2026-09-02T19:24:36.275Z,2026-09-02T19:24:41.494Z,2026-09-02T19:24:41.055Z,2026-09-02T19:24:41.494Z,4135,195,195,55d83fb6cbeae8f1d1e00c9101729a16c3c872eda620dadb6c92dd41ffb73e52,1s,AVG,55d83fb6cbeae8f1d1e00c9101729a16c3c872eda620dadb6c92dd41ffb73e52,2026-09-02T19:24:33.275Z,2026-09-02T19:24:41.055Z,2026-09-02T19:24:41.055Z,3275
powertrainCombustionEngineSpeed,CAN_ENGINE_RPM,LATEST_LIVE,2026-09-02T19:24:44.000Z,2026-09-02T19:24:47.265Z,2026-09-02T19:24:46.812Z,2026-09-02T19:24:47.265Z,4140,1501,"{""value"":1501,""timestamp"":""2026-09-02T19:24:44Z""}",,,,,,,,3280
powertrainCombustionEngineSpeed,CAN_ENGINE_RPM,HF_HISTORICAL,2026-09-02T19:24:40.055Z,2026-09-02T19:24:47.498Z,2026-09-02T19:24:47.266Z,2026-09-02T19:24:47.498Z,4145,1514.5,1514.5,c7f30a7c0f437b8877feb44ba70759bc201149a3c65cca19a71724ae6a2ca5dd,1s,AVG,c7f30a7c0f437b8877feb44ba70759bc201149a3c65cca19a71724ae6a2ca5dd,2026-09-02T19:24:39.055Z,2026-09-02T19:24:47.266Z,2026-09-02T19:24:47.266Z,3285
powertrainCombustionEngineSpeed,CAN_ENGINE_RPM,HF_HISTORICAL,2026-09-02T19:24:43.055Z,2026-09-02T19:24:47.498Z,2026-09-02T19:24:47.266Z,2026-09-02T19:24:47.498Z,4150,1501,1501,a65335f4b978e3e80767bb1c7e231d8decb3986ba5b4b40f1be7a276b86bb88d,1s,AVG,a65335f4b978e3e80767bb1c7e231d8decb3986ba5b4b40f1be7a276b86bb88d,2026-09-02T19:24:39.055Z,2026-09-02T19:24:47.266Z,2026-09-02T19:24:47.266Z,3290
powertrainCombustionEngineSpeed,CAN_ENGINE_RPM,LATEST_LIVE,2026-09-02T19:24:49.000Z,2026-09-02T19:24:53.005Z,2026-09-02T19:24:52.759Z,2026-09-02T19:24:53.005Z,4155,1697,"{""value"":1697,""timestamp"":""2026-09-02T19:24:49Z""}",,,,,,,,3295
powertrainCombustionEngineSpeed,CAN_ENGINE_RPM,HF_HISTORICAL,2026-09-02T19:24:45.266Z,2026-09-02T19:24:53.249Z,2026-09-02T19:24:53.006Z,2026-09-02T19:24:53.249Z,4160,1660,1660,c482556d7f882eb0a61644f4bd4947fe4e00d7ea2d12f8a9d6ef100f7c3e9adb,1s,AVG,c482556d7f882eb0a61644f4bd4947fe4e00d7ea2d12f8a9d6ef100f7c3e9adb,2026-09-02T19:24:45.266Z,2026-09-02T19:24:53.006Z,2026-09-02T19:24:53.006Z,3300
powertrainCombustionEngineSpeed,CAN_ENGINE_RPM,HF_HISTORICAL,2026-09-02T19:24:46.266Z,2026-09-02T19:24:53.249Z,2026-09-02T19:24:53.006Z,2026-09-02T19:24:53.249Z,4165,1869,1869,82e5c55604ea82ce70174043cc93beee6e7a353d8e0ce4f69f661f0597e9ad44,1s,AVG,82e5c55604ea82ce70174043cc93beee6e7a353d8e0ce4f69f661f0597e9ad44,2026-09-02T19:24:45.266Z,2026-09-02T19:24:53.006Z,2026-09-02T19:24:53.006Z,3305
powertrainCombustionEngineSpeed,CAN_ENGINE_RPM,HF_HISTORICAL,2026-09-02T19:24:48.266Z,2026-09-02T19:24:53.249Z,2026-09-02T19:24:53.006Z,2026-09-02T19:24:53.249Z,4170,1697,1697,69723d6b983575137f642b97ab3a92444fc6e5fbb5d8a8b968e90a21d1d0c08d,1s,AVG,69723d6b983575137f642b97ab3a92444fc6e5fbb5d8a8b968e90a21d1d0c08d,2026-09-02T19:24:45.266Z,2026-09-02T19:24:53.006Z,2026-09-02T19:24:53.006Z,3310
powertrainCombustionEngineSpeed,CAN_ENGINE_RPM,LATEST_LIVE,2026-09-02T19:24:55.000Z,2026-09-02T19:24:58.878Z,2026-09-02T19:24:58.580Z,2026-09-02T19:24:58.878Z,4179,1769,"{""value"":1769,""timestamp"":""2026-09-02T19:24:55Z""}",,,,,,,,3319
powertrainCombustionEngineSpeed,CAN_ENGINE_RPM,HF_HISTORICAL,2026-09-02T19:24:52.006Z,2026-09-02T19:24:59.109Z,2026-09-02T19:24:58.880Z,2026-09-02T19:24:59.109Z,4184,1703,1703,6354e6ade924be05439d3b0a02f1f8c26f8ed63517866e480d5246ed6257acb1,1s,AVG,6354e6ade924be05439d3b0a02f1f8c26f8ed63517866e480d5246ed6257acb1,2026-09-02T19:24:51.006Z,2026-09-02T19:24:58.880Z,2026-09-02T19:24:58.880Z,3324
powertrainCombustionEngineSpeed,CAN_ENGINE_RPM,HF_HISTORICAL,2026-09-02T19:24:53.006Z,2026-09-02T19:24:59.109Z,2026-09-02T19:24:58.880Z,2026-09-02T19:24:59.109Z,4189,1695,1695,f08db9f01b37ed9c77ddfbf50635c20eaf9e15042828a0b892e502c592744b04,1s,AVG,f08db9f01b37ed9c77ddfbf50635c20eaf9e15042828a0b892e502c592744b04,2026-09-02T19:24:51.006Z,2026-09-02T19:24:58.880Z,2026-09-02T19:24:58.880Z,3329
powertrainCombustionEngineSpeed,CAN_ENGINE_RPM,HF_HISTORICAL,2026-09-02T19:24:54.006Z,2026-09-02T19:24:59.109Z,2026-09-02T19:24:58.880Z,2026-09-02T19:24:59.109Z,4194,1769,1769,64204dac5b38fdf2673574edd978ae0c2e5eb0bc4da815f7eda8957639b6d4eb,1s,AVG,64204dac5b38fdf2673574edd978ae0c2e5eb0bc4da815f7eda8957639b6d4eb,2026-09-02T19:24:51.006Z,2026-09-02T19:24:58.880Z,2026-09-02T19:24:58.880Z,3334
powertrainCombustionEngineSpeed,CAN_ENGINE_RPM,LATEST_LIVE,2026-09-02T19:25:00.000Z,2026-09-02T19:25:04.777Z,2026-09-02T19:25:04.466Z,2026-09-02T19:25:04.777Z,4199,1857,"{""value"":1857,""timestamp"":""2026-09-02T19:25:00Z""}",,,,,,,,3339
powertrainCombustionEngineSpeed,CAN_ENGINE_RPM,HF_HISTORICAL,2026-09-02T19:24:58.880Z,2026-09-02T19:25:05.039Z,2026-09-02T19:25:04.778Z,2026-09-02T19:25:05.039Z,4204,1758,1758,e5b66879e00ee4084dcc8a0230e5b036a85f59bb715e196871c29aca4f382801,1s,AVG,e5b66879e00ee4084dcc8a0230e5b036a85f59bb715e196871c29aca4f382801,2026-09-02T19:24:56.880Z,2026-09-02T19:25:04.778Z,2026-09-02T19:25:04.778Z,3344
powertrainCombustionEngineSpeed,CAN_ENGINE_RPM,HF_HISTORICAL,2026-09-02T19:24:59.880Z,2026-09-02T19:25:05.039Z,2026-09-02T19:25:04.778Z,2026-09-02T19:25:05.039Z,4209,1857,1857,b682c6d67803affe8d8aa4c6364de135c37e01dd2e28609583d77536b9fdcb53,1s,AVG,b682c6d67803affe8d8aa4c6364de135c37e01dd2e28609583d77536b9fdcb53,2026-09-02T19:24:56.880Z,2026-09-02T19:25:04.778Z,2026-09-02T19:25:04.778Z,3349
powertrainCombustionEngineSpeed,CAN_ENGINE_RPM,HF_HISTORICAL,2026-09-02T19:25:00.880Z,2026-09-02T19:25:05.039Z,2026-09-02T19:25:04.778Z,2026-09-02T19:25:05.039Z,4214,1907,1907,b2f57aa19e347ac3d6afdc73ceca7287e5e0462415b92f07c2738365c5ec03c5,1s,AVG,b2f57aa19e347ac3d6afdc73ceca7287e5e0462415b92f07c2738365c5ec03c5,2026-09-02T19:24:56.880Z,2026-09-02T19:25:04.778Z,2026-09-02T19:25:04.778Z,3354
powertrainCombustionEngineSpeed,CAN_ENGINE_RPM,LATEST_LIVE,2026-09-02T19:25:08.000Z,2026-09-02T19:25:11.006Z,2026-09-02T19:25:10.783Z,2026-09-02T19:25:11.006Z,4245,1816,"{""value"":1816,""timestamp"":""2026-09-02T19:25:08Z""}",,,,,,,,3365
powertrainCombustionEngineSpeed,CAN_ENGINE_RPM,HF_HISTORICAL,2026-09-02T19:25:03.778Z,2026-09-02T19:25:11.209Z,2026-09-02T19:25:11.007Z,2026-09-02T19:25:11.209Z,4250,1909,1909,69a315aafaab86a7756bd59593932233d037fa750afbb66cdb98e55872d12db4,1s,AVG,69a315aafaab86a7756bd59593932233d037fa750afbb66cdb98e55872d12db4,2026-09-02T19:25:02.778Z,2026-09-02T19:25:11.007Z,2026-09-02T19:25:11.007Z,3370
powertrainCombustionEngineSpeed,CAN_ENGINE_RPM,HF_HISTORICAL,2026-09-02T19:25:04.778Z,2026-09-02T19:25:11.209Z,2026-09-02T19:25:11.007Z,2026-09-02T19:25:11.209Z,4255,1952,1952,624d227af1b3d9899765acd661c25df734d36123c2dc7daa351e70a4b6ddbb9c,1s,AVG,624d227af1b3d9899765acd661c25df734d36123c2dc7daa351e70a4b6ddbb9c,2026-09-02T19:25:02.778Z,2026-09-02T19:25:11.007Z,2026-09-02T19:25:11.007Z,3375
powertrainCombustionEngineSpeed,CAN_ENGINE_RPM,HF_HISTORICAL,2026-09-02T19:25:06.778Z,2026-09-02T19:25:11.209Z,2026-09-02T19:25:11.007Z,2026-09-02T19:25:11.209Z,4260,1959,1959,df0461b5ea23b28d4d12ff672096b77aadd6b373285addd8e17616a98f134389,1s,AVG,df0461b5ea23b28d4d12ff672096b77aadd6b373285addd8e17616a98f134389,2026-09-02T19:25:02.778Z,2026-09-02T19:25:11.007Z,2026-09-02T19:25:11.007Z,3380
powertrainCombustionEngineSpeed,CAN_ENGINE_RPM,HF_HISTORICAL,2026-09-02T19:25:07.778Z,2026-09-02T19:25:11.209Z,2026-09-02T19:25:11.007Z,2026-09-02T19:25:11.209Z,4265,1816,1816,599a1a1622f6292d6bfca856ca189ce23a56bd2cea4ec8f37659f0b07ae3a974,1s,AVG,599a1a1622f6292d6bfca856ca189ce23a56bd2cea4ec8f37659f0b07ae3a974,2026-09-02T19:25:02.778Z,2026-09-02T19:25:11.007Z,2026-09-02T19:25:11.007Z,3385
powertrainCombustionEngineSpeed,CAN_ENGINE_RPM,LATEST_LIVE,2026-09-02T19:25:11.000Z,2026-09-02T19:25:16.802Z,2026-09-02T19:25:16.517Z,2026-09-02T19:25:16.802Z,4270,1286,"{""value"":1286,""timestamp"":""2026-09-02T19:25:11Z""}",,,,,,,,3390
powertrainCombustionEngineSpeed,CAN_ENGINE_RPM,HF_HISTORICAL,2026-09-02T19:25:10.007Z,2026-09-02T19:25:17.011Z,2026-09-02T19:25:16.803Z,2026-09-02T19:25:17.011Z,4275,1286,1286,58e359599eb89241407026cbecd64e69eb8dbece82cc21aebfe6c956e7c3549b,1s,AVG,58e359599eb89241407026cbecd64e69eb8dbece82cc21aebfe6c956e7c3549b,2026-09-02T19:25:09.007Z,2026-09-02T19:25:16.803Z,2026-09-02T19:25:16.803Z,3395
powertrainCombustionEngineSpeed,CAN_ENGINE_RPM,LATEST_LIVE,2026-09-02T19:25:15.000Z,2026-09-02T19:25:22.802Z,2026-09-02T19:25:22.558Z,2026-09-02T19:25:22.802Z,4280,2043,"{""value"":2043,""timestamp"":""2026-09-02T19:25:15Z""}",,,,,,,,3400
powertrainCombustionEngineSpeed,CAN_ENGINE_RPM,HF_HISTORICAL,2026-09-02T19:25:14.803Z,2026-09-02T19:25:23.019Z,2026-09-02T19:25:22.804Z,2026-09-02T19:25:23.019Z,4285,2043,2043,bfd4e5d74a8bff7e78b74189f055392360dccaae6ce0d21ed32baa28c4d7862e,1s,AVG,bfd4e5d74a8bff7e78b74189f055392360dccaae6ce0d21ed32baa28c4d7862e,2026-09-02T19:25:14.803Z,2026-09-02T19:25:22.804Z,2026-09-02T19:25:22.804Z,3405
powertrainCombustionEngineSpeed,CAN_ENGINE_RPM,LATEST_LIVE,2026-09-02T19:25:24.000Z,2026-09-02T19:25:28.517Z,2026-09-02T19:25:28.297Z,2026-09-02T19:25:28.517Z,4298,1438,"{""value"":1438,""timestamp"":""2026-09-02T19:25:24Z""}",,,,,,,,3418
powertrainCombustionEngineSpeed,CAN_ENGINE_RPM,HF_HISTORICAL,2026-09-02T19:25:20.804Z,2026-09-02T19:25:28.746Z,2026-09-02T19:25:28.518Z,2026-09-02T19:25:28.746Z,4303,1003,1003,9266cebac0937ff9225644754209acc001faea753db72c5649b03287e5296102,1s,AVG,9266cebac0937ff9225644754209acc001faea753db72c5649b03287e5296102,2026-09-02T19:25:20.804Z,2026-09-02T19:25:28.518Z,2026-09-02T19:25:28.518Z,3423
powertrainCombustionEngineSpeed,CAN_ENGINE_RPM,HF_HISTORICAL,2026-09-02T19:25:21.804Z,2026-09-02T19:25:28.746Z,2026-09-02T19:25:28.518Z,2026-09-02T19:25:28.746Z,4308,1371,1371,ca28fe452ef50a249736d0e472ca5cce79c781c3e387cf817e2ecaaf0d50e431,1s,AVG,ca28fe452ef50a249736d0e472ca5cce79c781c3e387cf817e2ecaaf0d50e431,2026-09-02T19:25:20.804Z,2026-09-02T19:25:28.518Z,2026-09-02T19:25:28.518Z,3428
powertrainCombustionEngineSpeed,CAN_ENGINE_RPM,HF_HISTORICAL,2026-09-02T19:25:23.804Z,2026-09-02T19:25:28.746Z,2026-09-02T19:25:28.518Z,2026-09-02T19:25:28.746Z,4313,1438,1438,c22e6dc1508267b28373519e9b853ec91f607204f45174683eda7b68ac7be7db,1s,AVG,c22e6dc1508267b28373519e9b853ec91f607204f45174683eda7b68ac7be7db,2026-09-02T19:25:20.804Z,2026-09-02T19:25:28.518Z,2026-09-02T19:25:28.518Z,3433
powertrainCombustionEngineSpeed,CAN_ENGINE_RPM,LATEST_LIVE,2026-09-02T19:25:31.000Z,2026-09-02T19:25:34.262Z,2026-09-02T19:25:34.025Z,2026-09-02T19:25:34.262Z,4318,1450,"{""value"":1450,""timestamp"":""2026-09-02T19:25:31Z""}",,,,,,,,3438
powertrainCombustionEngineSpeed,CAN_ENGINE_RPM,HF_HISTORICAL,2026-09-02T19:25:26.518Z,2026-09-02T19:25:34.491Z,2026-09-02T19:25:34.267Z,2026-09-02T19:25:34.491Z,4323,1916,1916,0f59e58dc7f1301dc936650d14b7ba0542bb06a74756da7ae18180ee7a6dd266,1s,AVG,0f59e58dc7f1301dc936650d14b7ba0542bb06a74756da7ae18180ee7a6dd266,2026-09-02T19:25:26.518Z,2026-09-02T19:25:34.267Z,2026-09-02T19:25:34.267Z,3443
powertrainCombustionEngineSpeed,CAN_ENGINE_RPM,HF_HISTORICAL,2026-09-02T19:25:28.518Z,2026-09-02T19:25:34.491Z,2026-09-02T19:25:34.267Z,2026-09-02T19:25:34.491Z,4328,1699,1699,48e5c21e530b2bc5e81fa9e547eab34c659c5619a8ebd13fcb69190d7fe7ab3e,1s,AVG,48e5c21e530b2bc5e81fa9e547eab34c659c5619a8ebd13fcb69190d7fe7ab3e,2026-09-02T19:25:26.518Z,2026-09-02T19:25:34.267Z,2026-09-02T19:25:34.267Z,3448
powertrainCombustionEngineSpeed,CAN_ENGINE_RPM,HF_HISTORICAL,2026-09-02T19:25:30.518Z,2026-09-02T19:25:34.491Z,2026-09-02T19:25:34.267Z,2026-09-02T19:25:34.491Z,4333,1450,1450,30d9dee9f8266e67db0ae356492f0eb79cbfbc39ba71f2a42ef68a6eb2d4222f,1s,AVG,30d9dee9f8266e67db0ae356492f0eb79cbfbc39ba71f2a42ef68a6eb2d4222f,2026-09-02T19:25:26.518Z,2026-09-02T19:25:34.267Z,2026-09-02T19:25:34.267Z,3453
powertrainCombustionEngineSpeed,CAN_ENGINE_RPM,LATEST_LIVE,2026-09-02T19:25:36.000Z,2026-09-02T19:25:40.124Z,2026-09-02T19:25:39.760Z,2026-09-02T19:25:40.124Z,4338,1371,"{""value"":1371,""timestamp"":""2026-09-02T19:25:36Z""}",,,,,,,,3458
powertrainCombustionEngineSpeed,CAN_ENGINE_RPM,HF_HISTORICAL,2026-09-02T19:25:32.267Z,2026-09-02T19:25:40.331Z,2026-09-02T19:25:40.125Z,2026-09-02T19:25:40.331Z,4343,1659,1659,5d56e8b096c635cb53ae10cf6eb20a5fec44c6e356912343717d22f8c2c1636a,1s,AVG,5d56e8b096c635cb53ae10cf6eb20a5fec44c6e356912343717d22f8c2c1636a,2026-09-02T19:25:32.267Z,2026-09-02T19:25:40.125Z,2026-09-02T19:25:40.125Z,3463
powertrainCombustionEngineSpeed,CAN_ENGINE_RPM,HF_HISTORICAL,2026-09-02T19:25:33.267Z,2026-09-02T19:25:40.331Z,2026-09-02T19:25:40.125Z,2026-09-02T19:25:40.331Z,4348,1023,1023,7f58c0ca4e11b89b3dccfc02198cd676eafbb763ed857aaaac01a04e401879d2,1s,AVG,7f58c0ca4e11b89b3dccfc02198cd676eafbb763ed857aaaac01a04e401879d2,2026-09-02T19:25:32.267Z,2026-09-02T19:25:40.125Z,2026-09-02T19:25:40.125Z,3468
powertrainCombustionEngineSpeed,CAN_ENGINE_RPM,HF_HISTORICAL,2026-09-02T19:25:35.267Z,2026-09-02T19:25:40.331Z,2026-09-02T19:25:40.125Z,2026-09-02T19:25:40.331Z,4353,1371,1371,30470ef8f46210abd2eb5b38be0fe765754402a043a51e9a1f8c37ae76957f7d,1s,AVG,30470ef8f46210abd2eb5b38be0fe765754402a043a51e9a1f8c37ae76957f7d,2026-09-02T19:25:32.267Z,2026-09-02T19:25:40.125Z,2026-09-02T19:25:40.125Z,3473
powertrainCombustionEngineSpeed,CAN_ENGINE_RPM,LATEST_LIVE,2026-09-02T19:25:42.000Z,2026-09-02T19:25:46.151Z,2026-09-02T19:25:45.889Z,2026-09-02T19:25:46.151Z,4384,1269,"{""value"":1269,""timestamp"":""2026-09-02T19:25:42Z""}",,,,,,,,3484
powertrainCombustionEngineSpeed,CAN_ENGINE_RPM,HF_HISTORICAL,2026-09-02T19:25:39.125Z,2026-09-02T19:25:46.360Z,2026-09-02T19:25:46.152Z,2026-09-02T19:25:46.360Z,4389,1445,1445,b1c840ab560a9bf5e29a7f96e2250269690ae8d3aa1f1a38fb9451ec9c9fdd6e,1s,AVG,b1c840ab560a9bf5e29a7f96e2250269690ae8d3aa1f1a38fb9451ec9c9fdd6e,2026-09-02T19:25:38.125Z,2026-09-02T19:25:46.152Z,2026-09-02T19:25:46.152Z,3489
powertrainCombustionEngineSpeed,CAN_ENGINE_RPM,HF_HISTORICAL,2026-09-02T19:25:41.125Z,2026-09-02T19:25:46.360Z,2026-09-02T19:25:46.152Z,2026-09-02T19:25:46.360Z,4394,1269,1269,241e2b2f35d4532a9d528604227f9c983e77a7ef7c3f2e254246feead7db8b02,1s,AVG,241e2b2f35d4532a9d528604227f9c983e77a7ef7c3f2e254246feead7db8b02,2026-09-02T19:25:38.125Z,2026-09-02T19:25:46.152Z,2026-09-02T19:25:46.152Z,3494
powertrainCombustionEngineSpeed,CAN_ENGINE_RPM,LATEST_LIVE,2026-09-02T19:25:44.000Z,2026-09-02T19:25:51.893Z,2026-09-02T19:25:51.628Z,2026-09-02T19:25:51.893Z,4399,1598,"{""value"":1598,""timestamp"":""2026-09-02T19:25:44Z""}",,,,,,,,3499
powertrainCombustionEngineSpeed,CAN_ENGINE_RPM,LATEST_LIVE,2026-09-02T19:25:54.000Z,2026-09-02T19:26:01.483Z,2026-09-02T19:25:57.561Z,2026-09-02T19:26:01.483Z,4416,272,"{""value"":272,""timestamp"":""2026-09-02T19:25:54Z""}",,,,,,,,3516
powertrainCombustionEngineSpeed,CAN_ENGINE_RPM,HF_HISTORICAL,2026-09-02T19:25:53.895Z,2026-09-02T19:26:01.697Z,2026-09-02T19:26:01.492Z,2026-09-02T19:26:01.697Z,4429,272,272,4b9aae6be20ced37fb44ab2109057720550886f18f09cc741d950ac4b062f1b7,1s,AVG,4b9aae6be20ced37fb44ab2109057720550886f18f09cc741d950ac4b062f1b7,2026-09-02T19:25:49.895Z,2026-09-02T19:26:01.492Z,2026-09-02T19:26:01.492Z,3529
powertrainCombustionEngineSpeed,CAN_ENGINE_RPM,HF_HISTORICAL,2026-09-02T19:25:54.895Z,2026-09-02T19:26:01.697Z,2026-09-02T19:26:01.492Z,2026-09-02T19:26:01.697Z,4434,1236,1236,042246677815909a931f800aae7b85174f37853e0bf7ffa3fecd49c4f7f66bb6,1s,AVG,042246677815909a931f800aae7b85174f37853e0bf7ffa3fecd49c4f7f66bb6,2026-09-02T19:25:49.895Z,2026-09-02T19:26:01.492Z,2026-09-02T19:26:01.492Z,3534
powertrainCombustionEngineSpeed,CAN_ENGINE_RPM,HF_HISTORICAL,2026-09-02T19:25:56.895Z,2026-09-02T19:26:01.697Z,2026-09-02T19:26:01.492Z,2026-09-02T19:26:01.697Z,4439,2231,2231,a420fad2dc17be2586dadd60ad975d291b7be3d6e7c0350e235e0f1182b96938,1s,AVG,a420fad2dc17be2586dadd60ad975d291b7be3d6e7c0350e235e0f1182b96938,2026-09-02T19:25:49.895Z,2026-09-02T19:26:01.492Z,2026-09-02T19:26:01.492Z,3539
powertrainCombustionEngineSpeed,CAN_ENGINE_RPM,LATEST_LIVE,2026-09-02T19:26:02.000Z,2026-09-02T19:26:07.321Z,2026-09-02T19:26:07.028Z,2026-09-02T19:26:07.321Z,4444,897,"{""value"":897,""timestamp"":""2026-09-02T19:26:02Z""}",,,,,,,,3544
powertrainCombustionEngineSpeed,CAN_ENGINE_RPM,HF_HISTORICAL,2026-09-02T19:26:00.492Z,2026-09-02T19:26:07.574Z,2026-09-02T19:26:07.322Z,2026-09-02T19:26:07.574Z,4449,897,897,39b943886638f05cbb11dcd2b9ae4cedc8fbc05d8fa15ffd8374832e4a3e8b82,1s,AVG,39b943886638f05cbb11dcd2b9ae4cedc8fbc05d8fa15ffd8374832e4a3e8b82,2026-09-02T19:25:59.492Z,2026-09-02T19:26:07.322Z,2026-09-02T19:26:07.322Z,3549
powertrainCombustionEngineSpeed,CAN_ENGINE_RPM,HF_HISTORICAL,2026-09-02T19:26:01.492Z,2026-09-02T19:26:07.574Z,2026-09-02T19:26:07.322Z,2026-09-02T19:26:07.574Z,4454,897,897,fb389968bc92e04be0348a8b7f1197596842494b956c50ccd264e35364e717f4,1s,AVG,fb389968bc92e04be0348a8b7f1197596842494b956c50ccd264e35364e717f4,2026-09-02T19:25:59.492Z,2026-09-02T19:26:07.322Z,2026-09-02T19:26:07.322Z,3554
powertrainCombustionEngineSpeed,CAN_ENGINE_RPM,LATEST_LIVE,2026-09-02T19:26:05.000Z,2026-09-02T19:26:13.105Z,2026-09-02T19:26:12.866Z,2026-09-02T19:26:13.105Z,4459,894,"{""value"":894,""timestamp"":""2026-09-02T19:26:05Z""}",,,,,,,,3559
powertrainCombustionEngineSpeed,CAN_ENGINE_RPM,LATEST_LIVE,2026-09-02T19:26:05.000Z,2026-09-02T19:26:18.979Z,2026-09-02T19:26:18.719Z,2026-09-02T19:26:18.979Z,4471,894,"{""value"":894,""timestamp"":""2026-09-02T19:26:05Z""}",,,,,,,,3571
powertrainCombustionEngineSpeed,CAN_ENGINE_RPM,LATEST_LIVE,2026-09-02T19:26:05.000Z,2026-09-02T19:26:24.972Z,2026-09-02T19:26:24.754Z,2026-09-02T19:26:24.972Z,4506,894,"{""value"":894,""timestamp"":""2026-09-02T19:26:05Z""}",,,,,,,,3586
powertrainCombustionEngineSpeed,CAN_ENGINE_RPM,LATEST_LIVE,2026-09-02T19:26:05.000Z,2026-09-02T19:26:30.735Z,2026-09-02T19:26:30.492Z,2026-09-02T19:26:30.735Z,4517,894,"{""value"":894,""timestamp"":""2026-09-02T19:26:05Z""}",,,,,,,,3597
powertrainCombustionEngineSpeed,CAN_ENGINE_RPM,LATEST_LIVE,2026-09-02T19:26:32.000Z,2026-09-02T19:26:36.560Z,2026-09-02T19:26:36.329Z,2026-09-02T19:26:36.560Z,4530,1104,"{""value"":1104,""timestamp"":""2026-09-02T19:26:32Z""}",,,,,,,,3610
powertrainCombustionEngineSpeed,CAN_ENGINE_RPM,HF_HISTORICAL,2026-09-02T19:26:30.737Z,2026-09-02T19:26:36.767Z,2026-09-02T19:26:36.561Z,2026-09-02T19:26:36.767Z,4537,1212,1212,ca176edd0c68e087e573ba5a13408355f54aa1fc094b239efc5d3d841683b6c5,1s,AVG,ca176edd0c68e087e573ba5a13408355f54aa1fc094b239efc5d3d841683b6c5,2026-09-02T19:26:28.737Z,2026-09-02T19:26:36.561Z,2026-09-02T19:26:36.561Z,3617
powertrainCombustionEngineSpeed,CAN_ENGINE_RPM,HF_HISTORICAL,2026-09-02T19:26:31.737Z,2026-09-02T19:26:36.767Z,2026-09-02T19:26:36.561Z,2026-09-02T19:26:36.767Z,4542,1104,1104,0222896ce70fdebe7f70ea9f34d7a3a5ce7ef4c7fbb7ec6ff953422e85586da9,1s,AVG,0222896ce70fdebe7f70ea9f34d7a3a5ce7ef4c7fbb7ec6ff953422e85586da9,2026-09-02T19:26:28.737Z,2026-09-02T19:26:36.561Z,2026-09-02T19:26:36.561Z,3622
powertrainCombustionEngineSpeed,CAN_ENGINE_RPM,LATEST_LIVE,2026-09-02T19:26:37.000Z,2026-09-02T19:26:42.376Z,2026-09-02T19:26:42.131Z,2026-09-02T19:26:42.376Z,4547,931,"{""value"":931,""timestamp"":""2026-09-02T19:26:37Z""}",,,,,,,,3627
powertrainCombustionEngineSpeed,CAN_ENGINE_RPM,HF_HISTORICAL,2026-09-02T19:26:34.561Z,2026-09-02T19:26:42.754Z,2026-09-02T19:26:42.377Z,2026-09-02T19:26:42.754Z,4552,929,929,30b29479c21d6545a12995b746b166c24d2e21fa6f7fc42f613f01e55f5c3f6b,1s,AVG,30b29479c21d6545a12995b746b166c24d2e21fa6f7fc42f613f01e55f5c3f6b,2026-09-02T19:26:34.561Z,2026-09-02T19:26:42.377Z,2026-09-02T19:26:42.377Z,3632
powertrainCombustionEngineSpeed,CAN_ENGINE_RPM,HF_HISTORICAL,2026-09-02T19:26:36.561Z,2026-09-02T19:26:42.754Z,2026-09-02T19:26:42.377Z,2026-09-02T19:26:42.754Z,4557,931,931,885b6b85c336ffbad9bd7b03476f81fe951fd598e6addaee04e1f5976533eef2,1s,AVG,885b6b85c336ffbad9bd7b03476f81fe951fd598e6addaee04e1f5976533eef2,2026-09-02T19:26:34.561Z,2026-09-02T19:26:42.377Z,2026-09-02T19:26:42.377Z,3637
powertrainCombustionEngineSpeed,CAN_ENGINE_RPM,LATEST_LIVE,2026-09-02T19:26:41.000Z,2026-09-02T19:26:48.363Z,2026-09-02T19:26:48.001Z,2026-09-02T19:26:48.363Z,4562,929,"{""value"":929,""timestamp"":""2026-09-02T19:26:41Z""}",,,,,,,,3642
powertrainCombustionEngineSpeed,CAN_ENGINE_RPM,HF_HISTORICAL,2026-09-02T19:26:40.377Z,2026-09-02T19:26:48.598Z,2026-09-02T19:26:48.365Z,2026-09-02T19:26:48.598Z,4567,929,929,2e52f79f06f748d1472014021d47a63c5c6c41becaf1b92913c2122ccef366fa,1s,AVG,2e52f79f06f748d1472014021d47a63c5c6c41becaf1b92913c2122ccef366fa,2026-09-02T19:26:40.377Z,2026-09-02T19:26:48.365Z,2026-09-02T19:26:48.365Z,3647
powertrainCombustionEngineSpeed,CAN_ENGINE_RPM,LATEST_LIVE,2026-09-02T19:26:49.000Z,2026-09-02T19:26:54.164Z,2026-09-02T19:26:53.928Z,2026-09-02T19:26:54.164Z,4572,1840,"{""value"":1840,""timestamp"":""2026-09-02T19:26:49Z""}",,,,,,,,3652
powertrainCombustionEngineSpeed,CAN_ENGINE_RPM,HF_HISTORICAL,2026-09-02T19:26:47.365Z,2026-09-02T19:26:54.381Z,2026-09-02T19:26:54.165Z,2026-09-02T19:26:54.381Z,4577,1043,1043,fe9440360627a9225e3b14fe75876d5af0ee2e37b3ee840f6c9ddb58d16b71b2,1s,AVG,fe9440360627a9225e3b14fe75876d5af0ee2e37b3ee840f6c9ddb58d16b71b2,2026-09-02T19:26:46.365Z,2026-09-02T19:26:54.165Z,2026-09-02T19:26:54.165Z,3657
powertrainCombustionEngineSpeed,CAN_ENGINE_RPM,HF_HISTORICAL,2026-09-02T19:26:48.365Z,2026-09-02T19:26:54.381Z,2026-09-02T19:26:54.165Z,2026-09-02T19:26:54.381Z,4582,1840,1840,ae2f011b1bce66d22919959cb1d62c7039c206e31b4f9ce17302133fc4897d89,1s,AVG,ae2f011b1bce66d22919959cb1d62c7039c206e31b4f9ce17302133fc4897d89,2026-09-02T19:26:46.365Z,2026-09-02T19:26:54.165Z,2026-09-02T19:26:54.165Z,3662
powertrainCombustionEngineSpeed,CAN_ENGINE_RPM,LATEST_LIVE,2026-09-02T19:26:56.000Z,2026-09-02T19:27:00.303Z,2026-09-02T19:26:59.868Z,2026-09-02T19:27:00.303Z,4613,1886,"{""value"":1886,""timestamp"":""2026-09-02T19:26:56Z""}",,,,,,,,3673
powertrainCombustionEngineSpeed,CAN_ENGINE_RPM,HF_HISTORICAL,2026-09-02T19:26:53.165Z,2026-09-02T19:27:00.535Z,2026-09-02T19:27:00.304Z,2026-09-02T19:27:00.535Z,4618,1391,1391,85a262eaa3396cfebbcfc969b3deb95e9f0dafd84017ade9047f926f110e91bf,1s,AVG,85a262eaa3396cfebbcfc969b3deb95e9f0dafd84017ade9047f926f110e91bf,2026-09-02T19:26:52.165Z,2026-09-02T19:27:00.304Z,2026-09-02T19:27:00.304Z,3678
powertrainCombustionEngineSpeed,CAN_ENGINE_RPM,HF_HISTORICAL,2026-09-02T19:26:55.165Z,2026-09-02T19:27:00.535Z,2026-09-02T19:27:00.304Z,2026-09-02T19:27:00.535Z,4623,1886,1886,29c5ea81875a2c0bfba55f3ebb6ddc557c6e2f107e36ecc1cdd8472aa83b8952,1s,AVG,29c5ea81875a2c0bfba55f3ebb6ddc557c6e2f107e36ecc1cdd8472aa83b8952,2026-09-02T19:26:52.165Z,2026-09-02T19:27:00.304Z,2026-09-02T19:27:00.304Z,3683
powertrainCombustionEngineSpeed,CAN_ENGINE_RPM,LATEST_LIVE,2026-09-02T19:27:02.000Z,2026-09-02T19:27:06.248Z,2026-09-02T19:27:05.936Z,2026-09-02T19:27:06.248Z,4628,1516,"{""value"":1516,""timestamp"":""2026-09-02T19:27:02Z""}",,,,,,,,3688
powertrainCombustionEngineSpeed,CAN_ENGINE_RPM,HF_HISTORICAL,2026-09-02T19:26:59.304Z,2026-09-02T19:27:06.516Z,2026-09-02T19:27:06.253Z,2026-09-02T19:27:06.516Z,4633,922,922,f177e8121b8d133210d0e0d048c221172280dcf5df199a603ef4635499e0dc13,1s,AVG,f177e8121b8d133210d0e0d048c221172280dcf5df199a603ef4635499e0dc13,2026-09-02T19:26:58.304Z,2026-09-02T19:27:06.253Z,2026-09-02T19:27:06.253Z,3693
powertrainCombustionEngineSpeed,CAN_ENGINE_RPM,HF_HISTORICAL,2026-09-02T19:27:01.304Z,2026-09-02T19:27:06.516Z,2026-09-02T19:27:06.253Z,2026-09-02T19:27:06.516Z,4638,1516,1516,7ccaa8e5f51fd6b3c54c1dfd2454f0f2806adb3c780117e435020c5759b13492,1s,AVG,7ccaa8e5f51fd6b3c54c1dfd2454f0f2806adb3c780117e435020c5759b13492,2026-09-02T19:26:58.304Z,2026-09-02T19:27:06.253Z,2026-09-02T19:27:06.253Z,3698
powertrainCombustionEngineSpeed,CAN_ENGINE_RPM,LATEST_LIVE,2026-09-02T19:27:07.000Z,2026-09-02T19:27:12.492Z,2026-09-02T19:27:11.853Z,2026-09-02T19:27:12.492Z,4643,1833,"{""value"":1833,""timestamp"":""2026-09-02T19:27:07Z""}",,,,,,,,3703
powertrainCombustionEngineSpeed,CAN_ENGINE_RPM,HF_HISTORICAL,2026-09-02T19:27:04.253Z,2026-09-02T19:27:12.769Z,2026-09-02T19:27:12.495Z,2026-09-02T19:27:12.769Z,4648,1588,1588,8ff8f238a823a52a8d09c52641b9641a22cdd017e3b5f5dacb6e7ccdcded7c8d,1s,AVG,8ff8f238a823a52a8d09c52641b9641a22cdd017e3b5f5dacb6e7ccdcded7c8d,2026-09-02T19:27:04.253Z,2026-09-02T19:27:12.495Z,2026-09-02T19:27:12.495Z,3708
powertrainCombustionEngineSpeed,CAN_ENGINE_RPM,HF_HISTORICAL,2026-09-02T19:27:05.253Z,2026-09-02T19:27:12.769Z,2026-09-02T19:27:12.495Z,2026-09-02T19:27:12.769Z,4653,1487,1487,dff91060c12203be4acfb6a3cb80d345498c2ac7047642a49a33abf87f62a918,1s,AVG,dff91060c12203be4acfb6a3cb80d345498c2ac7047642a49a33abf87f62a918,2026-09-02T19:27:04.253Z,2026-09-02T19:27:12.495Z,2026-09-02T19:27:12.495Z,3713
powertrainCombustionEngineSpeed,CAN_ENGINE_RPM,HF_HISTORICAL,2026-09-02T19:27:06.253Z,2026-09-02T19:27:12.769Z,2026-09-02T19:27:12.495Z,2026-09-02T19:27:12.769Z,4658,1833,1833,e82c91e60fe23f9c1efb58afc8c6e4e24cd306797d36db6d225e48c7da14a752,1s,AVG,e82c91e60fe23f9c1efb58afc8c6e4e24cd306797d36db6d225e48c7da14a752,2026-09-02T19:27:04.253Z,2026-09-02T19:27:12.495Z,2026-09-02T19:27:12.495Z,3718
powertrainCombustionEngineSpeed,CAN_ENGINE_RPM,LATEST_LIVE,2026-09-02T19:27:16.000Z,2026-09-02T19:27:18.335Z,2026-09-02T19:27:18.089Z,2026-09-02T19:27:18.335Z,4663,926,"{""value"":926,""timestamp"":""2026-09-02T19:27:16Z""}",,,,,,,,3723
powertrainCombustionEngineSpeed,CAN_ENGINE_RPM,HF_HISTORICAL,2026-09-02T19:27:11.495Z,2026-09-02T19:27:18.590Z,2026-09-02T19:27:18.339Z,2026-09-02T19:27:18.590Z,4668,1690,1690,60784581fa1bbc90ce262263d0865dc4e61ebc3735f518ce4a364889575fdff1,1s,AVG,60784581fa1bbc90ce262263d0865dc4e61ebc3735f518ce4a364889575fdff1,2026-09-02T19:27:10.495Z,2026-09-02T19:27:18.338Z,2026-09-02T19:27:18.338Z,3728
powertrainCombustionEngineSpeed,CAN_ENGINE_RPM,HF_HISTORICAL,2026-09-02T19:27:13.495Z,2026-09-02T19:27:18.590Z,2026-09-02T19:27:18.339Z,2026-09-02T19:27:18.590Z,4673,1702,1702,2048bd7d581b1baa7a3397adb0b5a8e047119913ab042fabb1477343d1d32d70,1s,AVG,2048bd7d581b1baa7a3397adb0b5a8e047119913ab042fabb1477343d1d32d70,2026-09-02T19:27:10.495Z,2026-09-02T19:27:18.338Z,2026-09-02T19:27:18.338Z,3733
powertrainCombustionEngineSpeed,CAN_ENGINE_RPM,HF_HISTORICAL,2026-09-02T19:27:15.495Z,2026-09-02T19:27:18.590Z,2026-09-02T19:27:18.339Z,2026-09-02T19:27:18.590Z,4678,926,926,6d7c7cd4f9006d80945b2d3aa6c09dc2a88f45f8ecceddb57a2a5733d21e4a18,1s,AVG,6d7c7cd4f9006d80945b2d3aa6c09dc2a88f45f8ecceddb57a2a5733d21e4a18,2026-09-02T19:27:10.495Z,2026-09-02T19:27:18.338Z,2026-09-02T19:27:18.338Z,3738
powertrainCombustionEngineSpeed,CAN_ENGINE_RPM,LATEST_LIVE,2026-09-02T19:27:21.000Z,2026-09-02T19:27:24.303Z,2026-09-02T19:27:23.920Z,2026-09-02T19:27:24.303Z,4683,930,"{""value"":930,""timestamp"":""2026-09-02T19:27:21Z""}",,,,,,,,3743
powertrainCombustionEngineSpeed,CAN_ENGINE_RPM,HF_HISTORICAL,2026-09-02T19:27:16.338Z,2026-09-02T19:27:24.613Z,2026-09-02T19:27:24.306Z,2026-09-02T19:27:24.613Z,4688,1126,1126,d230694ee001d782319d0a5fba6ca16818667cbe1dbbdb424d1c9e737da80bfe,1s,AVG,d230694ee001d782319d0a5fba6ca16818667cbe1dbbdb424d1c9e737da80bfe,2026-09-02T19:27:16.338Z,2026-09-02T19:27:24.306Z,2026-09-02T19:27:24.306Z,3748
powertrainCombustionEngineSpeed,CAN_ENGINE_RPM,HF_HISTORICAL,2026-09-02T19:27:17.338Z,2026-09-02T19:27:24.613Z,2026-09-02T19:27:24.306Z,2026-09-02T19:27:24.613Z,4693,930,930,4ff55eaf3e6809153d8103990fc7eee6be645858eec77ad77ee4cd3429a284b3,1s,AVG,4ff55eaf3e6809153d8103990fc7eee6be645858eec77ad77ee4cd3429a284b3,2026-09-02T19:27:16.338Z,2026-09-02T19:27:24.306Z,2026-09-02T19:27:24.306Z,3753
powertrainCombustionEngineSpeed,CAN_ENGINE_RPM,HF_HISTORICAL,2026-09-02T19:27:19.338Z,2026-09-02T19:27:24.613Z,2026-09-02T19:27:24.306Z,2026-09-02T19:27:24.613Z,4698,928,928,1258c2d8946f6b49c38ab498b23d0199ec3a67f3643659597f36e6823b48f927,1s,AVG,1258c2d8946f6b49c38ab498b23d0199ec3a67f3643659597f36e6823b48f927,2026-09-02T19:27:16.338Z,2026-09-02T19:27:24.306Z,2026-09-02T19:27:24.306Z,3758
powertrainCombustionEngineSpeed,CAN_ENGINE_RPM,HF_HISTORICAL,2026-09-02T19:27:20.338Z,2026-09-02T19:27:24.613Z,2026-09-02T19:27:24.306Z,2026-09-02T19:27:24.613Z,4703,930,930,e2601674f4d5a8328d86401a641df54206fb60bf67ca258cd1f9db3325cf4f0a,1s,AVG,e2601674f4d5a8328d86401a641df54206fb60bf67ca258cd1f9db3325cf4f0a,2026-09-02T19:27:16.338Z,2026-09-02T19:27:24.306Z,2026-09-02T19:27:24.306Z,3763
powertrainCombustionEngineSpeed,CAN_ENGINE_RPM,LATEST_LIVE,2026-09-02T19:27:26.000Z,2026-09-02T19:27:30.184Z,2026-09-02T19:27:29.964Z,2026-09-02T19:27:30.184Z,4708,1255,"{""value"":1255,""timestamp"":""2026-09-02T19:27:26Z""}",,,,,,,,3768
powertrainCombustionEngineSpeed,CAN_ENGINE_RPM,HF_HISTORICAL,2026-09-02T19:27:23.306Z,2026-09-02T19:27:30.395Z,2026-09-02T19:27:30.185Z,2026-09-02T19:27:30.395Z,4713,994,994,3935df88fc285a8f2222a297e321c35a9661d35d890940708c3ce07157860642,1s,AVG,3935df88fc285a8f2222a297e321c35a9661d35d890940708c3ce07157860642,2026-09-02T19:27:22.306Z,2026-09-02T19:27:30.185Z,2026-09-02T19:27:30.185Z,3773
powertrainCombustionEngineSpeed,CAN_ENGINE_RPM,HF_HISTORICAL,2026-09-02T19:27:24.306Z,2026-09-02T19:27:30.395Z,2026-09-02T19:27:30.185Z,2026-09-02T19:27:30.395Z,4718,951,951,1a42dd64932ab9ef82976817658c37775bbcb4d7cc3d032de162ee6530ccaa8c,1s,AVG,1a42dd64932ab9ef82976817658c37775bbcb4d7cc3d032de162ee6530ccaa8c,2026-09-02T19:27:22.306Z,2026-09-02T19:27:30.185Z,2026-09-02T19:27:30.185Z,3778
powertrainCombustionEngineSpeed,CAN_ENGINE_RPM,HF_HISTORICAL,2026-09-02T19:27:25.306Z,2026-09-02T19:27:30.395Z,2026-09-02T19:27:30.185Z,2026-09-02T19:27:30.395Z,4723,1255,1255,7a479ceb3cbeb6c2ac95df4b6ef546b4e8900f5aea94f41b232e0aacce809191,1s,AVG,7a479ceb3cbeb6c2ac95df4b6ef546b4e8900f5aea94f41b232e0aacce809191,2026-09-02T19:27:22.306Z,2026-09-02T19:27:30.185Z,2026-09-02T19:27:30.185Z,3783
powertrainCombustionEngineSpeed,CAN_ENGINE_RPM,LATEST_LIVE,2026-09-02T19:27:32.000Z,2026-09-02T19:27:36.166Z,2026-09-02T19:27:35.913Z,2026-09-02T19:27:36.166Z,4754,2178,"{""value"":2178,""timestamp"":""2026-09-02T19:27:32Z""}",,,,,,,,3794
powertrainCombustionEngineSpeed,CAN_ENGINE_RPM,HF_HISTORICAL,2026-09-02T19:27:28.185Z,2026-09-02T19:27:36.396Z,2026-09-02T19:27:36.167Z,2026-09-02T19:27:36.396Z,4759,1916,1916,efaafa84a19811d0920db2c1784bf3040074e702d10cc32facb935572b9a2bf4,1s,AVG,efaafa84a19811d0920db2c1784bf3040074e702d10cc32facb935572b9a2bf4,2026-09-02T19:27:28.185Z,2026-09-02T19:27:36.167Z,2026-09-02T19:27:36.167Z,3799
powertrainCombustionEngineSpeed,CAN_ENGINE_RPM,HF_HISTORICAL,2026-09-02T19:27:30.185Z,2026-09-02T19:27:36.396Z,2026-09-02T19:27:36.167Z,2026-09-02T19:27:36.396Z,4764,940,940,d5c9b034e0c481d10dbf3da13ad401c38afffd955cec4b6b2aab701690055394,1s,AVG,d5c9b034e0c481d10dbf3da13ad401c38afffd955cec4b6b2aab701690055394,2026-09-02T19:27:28.185Z,2026-09-02T19:27:36.167Z,2026-09-02T19:27:36.167Z,3804
powertrainCombustionEngineSpeed,CAN_ENGINE_RPM,HF_HISTORICAL,2026-09-02T19:27:31.185Z,2026-09-02T19:27:36.396Z,2026-09-02T19:27:36.167Z,2026-09-02T19:27:36.396Z,4769,2178,2178,6e7679ffc9d8d6243712c9dc52c076db30cdb4de718a335fabd6de6b633a4d01,1s,AVG,6e7679ffc9d8d6243712c9dc52c076db30cdb4de718a335fabd6de6b633a4d01,2026-09-02T19:27:28.185Z,2026-09-02T19:27:36.167Z,2026-09-02T19:27:36.167Z,3809
powertrainCombustionEngineSpeed,CAN_ENGINE_RPM,LATEST_LIVE,2026-09-02T19:27:36.000Z,2026-09-02T19:27:42.009Z,2026-09-02T19:27:41.729Z,2026-09-02T19:27:42.009Z,4774,945,"{""value"":945,""timestamp"":""2026-09-02T19:27:36Z""}",,,,,,,,3814
powertrainCombustionEngineSpeed,CAN_ENGINE_RPM,HF_HISTORICAL,2026-09-02T19:27:34.167Z,2026-09-02T19:27:42.308Z,2026-09-02T19:27:42.015Z,2026-09-02T19:27:42.308Z,4779,931,931,479204492f9dd614cadc1303bc82800429e634571005e8baed6a2b5837a6b510,1s,AVG,479204492f9dd614cadc1303bc82800429e634571005e8baed6a2b5837a6b510,2026-09-02T19:27:34.167Z,2026-09-02T19:27:42.015Z,2026-09-02T19:27:42.015Z,3819
powertrainCombustionEngineSpeed,CAN_ENGINE_RPM,HF_HISTORICAL,2026-09-02T19:27:35.167Z,2026-09-02T19:27:42.308Z,2026-09-02T19:27:42.015Z,2026-09-02T19:27:42.308Z,4784,945,945,02c7e37a83ebe6d8d738d49fb2be939edf46a1a130a111bb1ffb551497f4192a,1s,AVG,02c7e37a83ebe6d8d738d49fb2be939edf46a1a130a111bb1ffb551497f4192a,2026-09-02T19:27:34.167Z,2026-09-02T19:27:42.015Z,2026-09-02T19:27:42.015Z,3824
powertrainCombustionEngineSpeed,CAN_ENGINE_RPM,HF_HISTORICAL,2026-09-02T19:27:36.167Z,2026-09-02T19:27:42.308Z,2026-09-02T19:27:42.015Z,2026-09-02T19:27:42.308Z,4789,930,930,65b3eba4028d9253398607da6e00cbc7a5de65f6740764d302874d5ce1c8d03b,1s,AVG,65b3eba4028d9253398607da6e00cbc7a5de65f6740764d302874d5ce1c8d03b,2026-09-02T19:27:34.167Z,2026-09-02T19:27:42.015Z,2026-09-02T19:27:42.015Z,3829
powertrainCombustionEngineSpeed,CAN_ENGINE_RPM,HF_HISTORICAL,2026-09-02T19:27:38.167Z,2026-09-02T19:27:42.308Z,2026-09-02T19:27:42.015Z,2026-09-02T19:27:42.308Z,4794,931,931,f1508079a0f1dca1600973dc266706f01574a8cc919ca2756580d4887151a150,1s,AVG,f1508079a0f1dca1600973dc266706f01574a8cc919ca2756580d4887151a150,2026-09-02T19:27:34.167Z,2026-09-02T19:27:42.015Z,2026-09-02T19:27:42.015Z,3834
powertrainCombustionEngineSpeed,CAN_ENGINE_RPM,LATEST_LIVE,2026-09-02T19:27:45.000Z,2026-09-02T19:27:47.772Z,2026-09-02T19:27:47.567Z,2026-09-02T19:27:47.772Z,4799,1818,"{""value"":1818,""timestamp"":""2026-09-02T19:27:45Z""}",,,,,,,,3839
powertrainCombustionEngineSpeed,CAN_ENGINE_RPM,HF_HISTORICAL,2026-09-02T19:27:41.015Z,2026-09-02T19:27:48.119Z,2026-09-02T19:27:47.777Z,2026-09-02T19:27:48.119Z,4804,926,926,7fe3f89df992ca7aa3ff57d51358d7310a4f9e6f4466a3b57136dac21d57e7b1,1s,AVG,7fe3f89df992ca7aa3ff57d51358d7310a4f9e6f4466a3b57136dac21d57e7b1,2026-09-02T19:27:40.015Z,2026-09-02T19:27:47.777Z,2026-09-02T19:27:47.777Z,3844
powertrainCombustionEngineSpeed,CAN_ENGINE_RPM,HF_HISTORICAL,2026-09-02T19:27:44.015Z,2026-09-02T19:27:48.119Z,2026-09-02T19:27:47.777Z,2026-09-02T19:27:48.119Z,4809,1818,1818,bc4964b566f2bf1eeae0dbdc49103faf268520d2f8eba4a1cb6e312342b7bfe8,1s,AVG,bc4964b566f2bf1eeae0dbdc49103faf268520d2f8eba4a1cb6e312342b7bfe8,2026-09-02T19:27:40.015Z,2026-09-02T19:27:47.777Z,2026-09-02T19:27:47.777Z,3849
powertrainCombustionEngineSpeed,CAN_ENGINE_RPM,LATEST_LIVE,2026-09-02T19:27:50.000Z,2026-09-02T19:27:53.963Z,2026-09-02T19:27:53.398Z,2026-09-02T19:27:53.963Z,4814,1949,"{""value"":1949,""timestamp"":""2026-09-02T19:27:50Z""}",,,,,,,,3854
powertrainCombustionEngineSpeed,CAN_ENGINE_RPM,HF_HISTORICAL,2026-09-02T19:27:45.777Z,2026-09-02T19:27:54.189Z,2026-09-02T19:27:53.964Z,2026-09-02T19:27:54.189Z,4819,1594,1594,9a97f58297cc689b40fb089656aed1a1258d69d7d15c9e0ed362299abaff8d3e,1s,AVG,9a97f58297cc689b40fb089656aed1a1258d69d7d15c9e0ed362299abaff8d3e,2026-09-02T19:27:45.777Z,2026-09-02T19:27:53.964Z,2026-09-02T19:27:53.964Z,3859
powertrainCombustionEngineSpeed,CAN_ENGINE_RPM,HF_HISTORICAL,2026-09-02T19:27:46.777Z,2026-09-02T19:27:54.189Z,2026-09-02T19:27:53.964Z,2026-09-02T19:27:54.189Z,4824,1670,1670,e9245f50262fcb13f0020258c521cbae86bb3878ae33a4fa971c15936cd44a34,1s,AVG,e9245f50262fcb13f0020258c521cbae86bb3878ae33a4fa971c15936cd44a34,2026-09-02T19:27:45.777Z,2026-09-02T19:27:53.964Z,2026-09-02T19:27:53.964Z,3864
powertrainCombustionEngineSpeed,CAN_ENGINE_RPM,HF_HISTORICAL,2026-09-02T19:27:48.777Z,2026-09-02T19:27:54.189Z,2026-09-02T19:27:53.964Z,2026-09-02T19:27:54.189Z,4829,2277,2277,3e8a34df496b41d0ee7c5bec74f8f6602db525610d63a43059aa839e1666b1b4,1s,AVG,3e8a34df496b41d0ee7c5bec74f8f6602db525610d63a43059aa839e1666b1b4,2026-09-02T19:27:45.777Z,2026-09-02T19:27:53.964Z,2026-09-02T19:27:53.964Z,3869
powertrainCombustionEngineSpeed,CAN_ENGINE_RPM,HF_HISTORICAL,2026-09-02T19:27:49.777Z,2026-09-02T19:27:54.189Z,2026-09-02T19:27:53.964Z,2026-09-02T19:27:54.189Z,4834,1949,1949,c7900ce1149690997fa6af3664031b5d454a83d68ad64c7d6c8819b666a4a9e0,1s,AVG,c7900ce1149690997fa6af3664031b5d454a83d68ad64c7d6c8819b666a4a9e0,2026-09-02T19:27:45.777Z,2026-09-02T19:27:53.964Z,2026-09-02T19:27:53.964Z,3874
powertrainCombustionEngineSpeed,CAN_ENGINE_RPM,LATEST_LIVE,2026-09-02T19:27:55.000Z,2026-09-02T19:27:59.776Z,2026-09-02T19:27:59.545Z,2026-09-02T19:27:59.776Z,4839,997,"{""value"":997,""timestamp"":""2026-09-02T19:27:55Z""}",,,,,,,,3879
powertrainCombustionEngineSpeed,CAN_ENGINE_RPM,HF_HISTORICAL,2026-09-02T19:27:52.964Z,2026-09-02T19:27:59.968Z,2026-09-02T19:27:59.777Z,2026-09-02T19:27:59.968Z,4844,1574,1574,a981e3da85514ef6a1224ca783a6a1ab807a75406d423e70ac24b1bcba2dce99,1s,AVG,a981e3da85514ef6a1224ca783a6a1ab807a75406d423e70ac24b1bcba2dce99,2026-09-02T19:27:51.964Z,2026-09-02T19:27:59.777Z,2026-09-02T19:27:59.777Z,3884
powertrainCombustionEngineSpeed,CAN_ENGINE_RPM,HF_HISTORICAL,2026-09-02T19:27:53.964Z,2026-09-02T19:27:59.968Z,2026-09-02T19:27:59.777Z,2026-09-02T19:27:59.968Z,4849,1630,1630,3570195d2cc17f8e18ddedfe8ceb5598f9221036b75f53874b6c79f87046380b,1s,AVG,3570195d2cc17f8e18ddedfe8ceb5598f9221036b75f53874b6c79f87046380b,2026-09-02T19:27:51.964Z,2026-09-02T19:27:59.777Z,2026-09-02T19:27:59.777Z,3889
powertrainCombustionEngineSpeed,CAN_ENGINE_RPM,HF_HISTORICAL,2026-09-02T19:27:54.964Z,2026-09-02T19:27:59.968Z,2026-09-02T19:27:59.777Z,2026-09-02T19:27:59.968Z,4854,997,997,aacede02fdaca7060a79918604961112a40b6aad3ede9b6484fa23a0fdc829fa,1s,AVG,aacede02fdaca7060a79918604961112a40b6aad3ede9b6484fa23a0fdc829fa,2026-09-02T19:27:51.964Z,2026-09-02T19:27:59.777Z,2026-09-02T19:27:59.777Z,3894
powertrainCombustionEngineSpeed,CAN_ENGINE_RPM,LATEST_LIVE,2026-09-02T19:27:55.000Z,2026-09-02T19:28:05.514Z,2026-09-02T19:28:05.278Z,2026-09-02T19:28:05.514Z,4859,997,"{""value"":997,""timestamp"":""2026-09-02T19:27:55Z""}",,,,,,,,3899
powertrainCombustionEngineSpeed,CAN_ENGINE_RPM,LATEST_LIVE,2026-09-02T19:28:08.000Z,2026-09-02T19:28:11.441Z,2026-09-02T19:28:11.224Z,2026-09-02T19:28:11.441Z,4890,1700,"{""value"":1700,""timestamp"":""2026-09-02T19:28:08Z""}",,,,,,,,3910
powertrainCombustionEngineSpeed,CAN_ENGINE_RPM,HF_HISTORICAL,2026-09-02T19:28:07.516Z,2026-09-02T19:28:11.664Z,2026-09-02T19:28:11.444Z,2026-09-02T19:28:11.664Z,4895,1700,1700,07a5b888a101bbd0ba5c1c7e922d1961b9be58cd706f0d1aae6de785875b458e,1s,AVG,07a5b888a101bbd0ba5c1c7e922d1961b9be58cd706f0d1aae6de785875b458e,2026-09-02T19:28:03.516Z,2026-09-02T19:28:11.444Z,2026-09-02T19:28:11.444Z,3915
powertrainCombustionEngineSpeed,CAN_ENGINE_RPM,LATEST_LIVE,2026-09-02T19:28:12.000Z,2026-09-02T19:28:17.155Z,2026-09-02T19:28:16.936Z,2026-09-02T19:28:17.155Z,4900,1505,"{""value"":1505,""timestamp"":""2026-09-02T19:28:12Z""}",,,,,,,,3920
powertrainCombustionEngineSpeed,CAN_ENGINE_RPM,HF_HISTORICAL,2026-09-02T19:28:09.444Z,2026-09-02T19:28:17.427Z,2026-09-02T19:28:17.157Z,2026-09-02T19:28:17.427Z,4905,1610,1610,d8a799d9f05fb92790baf0c294b74c2994b7bce11b0a67d23bb1874f4f097b74,1s,AVG,d8a799d9f05fb92790baf0c294b74c2994b7bce11b0a67d23bb1874f4f097b74,2026-09-02T19:28:09.444Z,2026-09-02T19:28:17.156Z,2026-09-02T19:28:17.156Z,3925
powertrainCombustionEngineSpeed,CAN_ENGINE_RPM,HF_HISTORICAL,2026-09-02T19:28:10.444Z,2026-09-02T19:28:17.427Z,2026-09-02T19:28:17.157Z,2026-09-02T19:28:17.427Z,4910,1505,1505,38bc24bebea0c5e80e884ea9575ece5f32fd0030e780332344f3fe02d06e014f,1s,AVG,38bc24bebea0c5e80e884ea9575ece5f32fd0030e780332344f3fe02d06e014f,2026-09-02T19:28:09.444Z,2026-09-02T19:28:17.156Z,2026-09-02T19:28:17.156Z,3930
powertrainCombustionEngineSpeed,CAN_ENGINE_RPM,HF_HISTORICAL,2026-09-02T19:28:11.444Z,2026-09-02T19:28:17.427Z,2026-09-02T19:28:17.157Z,2026-09-02T19:28:17.427Z,4915,1505,1505,2e964fc39d2396270e9bea17e1cdeddf117ba6c057cfd6e048a574064b15d774,1s,AVG,2e964fc39d2396270e9bea17e1cdeddf117ba6c057cfd6e048a574064b15d774,2026-09-02T19:28:09.444Z,2026-09-02T19:28:17.156Z,2026-09-02T19:28:17.156Z,3935
powertrainCombustionEngineSpeed,CAN_ENGINE_RPM,LATEST_LIVE,2026-09-02T19:28:18.000Z,2026-09-02T19:28:22.887Z,2026-09-02T19:28:22.679Z,2026-09-02T19:28:22.887Z,4920,1376,"{""value"":1376,""timestamp"":""2026-09-02T19:28:18Z""}",,,,,,,,3940
powertrainCombustionEngineSpeed,CAN_ENGINE_RPM,HF_HISTORICAL,2026-09-02T19:28:16.156Z,2026-09-02T19:28:23.100Z,2026-09-02T19:28:22.888Z,2026-09-02T19:28:23.100Z,4925,1464,1464,c969a811eeaa250d1f918350095482ff9d1cc91800e89351895c33c62fc86adf,1s,AVG,c969a811eeaa250d1f918350095482ff9d1cc91800e89351895c33c62fc86adf,2026-09-02T19:28:15.156Z,2026-09-02T19:28:22.888Z,2026-09-02T19:28:22.888Z,3945
powertrainCombustionEngineSpeed,CAN_ENGINE_RPM,HF_HISTORICAL,2026-09-02T19:28:17.156Z,2026-09-02T19:28:23.100Z,2026-09-02T19:28:22.888Z,2026-09-02T19:28:23.100Z,4930,1376,1376,59c4629fdeafa1ca19ee4ed530265324c9fdd00c3ed6f3ac840ba54437007f8f,1s,AVG,59c4629fdeafa1ca19ee4ed530265324c9fdd00c3ed6f3ac840ba54437007f8f,2026-09-02T19:28:15.156Z,2026-09-02T19:28:22.888Z,2026-09-02T19:28:22.888Z,3950
powertrainCombustionEngineSpeed,CAN_ENGINE_RPM,HF_HISTORICAL,2026-09-02T19:28:18.156Z,2026-09-02T19:28:23.100Z,2026-09-02T19:28:22.888Z,2026-09-02T19:28:23.100Z,4935,1953,1953,23a650d9c9ce5de6db2680efb929063ac22276673c7db2d7a1cec5f079c85aa1,1s,AVG,23a650d9c9ce5de6db2680efb929063ac22276673c7db2d7a1cec5f079c85aa1,2026-09-02T19:28:15.156Z,2026-09-02T19:28:22.888Z,2026-09-02T19:28:22.888Z,3955
powertrainCombustionEngineSpeed,CAN_ENGINE_RPM,LATEST_LIVE,2026-09-02T19:28:22.000Z,2026-09-02T19:28:28.668Z,2026-09-02T19:28:28.416Z,2026-09-02T19:28:28.668Z,4940,937,"{""value"":937,""timestamp"":""2026-09-02T19:28:22Z""}",,,,,,,,3960
powertrainCombustionEngineSpeed,CAN_ENGINE_RPM,HF_HISTORICAL,2026-09-02T19:28:20.888Z,2026-09-02T19:28:28.868Z,2026-09-02T19:28:28.669Z,2026-09-02T19:28:28.868Z,4945,1598,1598,3f2cc62dfd8dd067327aaf0d4ce9d7559131a77e8e0368eced76e3cff7af70f8,1s,AVG,3f2cc62dfd8dd067327aaf0d4ce9d7559131a77e8e0368eced76e3cff7af70f8,2026-09-02T19:28:20.888Z,2026-09-02T19:28:28.669Z,2026-09-02T19:28:28.669Z,3965
powertrainCombustionEngineSpeed,CAN_ENGINE_RPM,HF_HISTORICAL,2026-09-02T19:28:21.888Z,2026-09-02T19:28:28.868Z,2026-09-02T19:28:28.669Z,2026-09-02T19:28:28.868Z,4950,937,937,ed20662f90785efeb14f282feac373f92c744226cb0e133bd8f17bf0c7fd934e,1s,AVG,ed20662f90785efeb14f282feac373f92c744226cb0e133bd8f17bf0c7fd934e,2026-09-02T19:28:20.888Z,2026-09-02T19:28:28.669Z,2026-09-02T19:28:28.669Z,3970
powertrainCombustionEngineSpeed,CAN_ENGINE_RPM,HF_HISTORICAL,2026-09-02T19:28:23.888Z,2026-09-02T19:28:28.868Z,2026-09-02T19:28:28.669Z,2026-09-02T19:28:28.868Z,4955,1767,1767,78e771d645bf506cf56d95bcc87e3db72ed3bee5ca73b6550e5b33520140623d,1s,AVG,78e771d645bf506cf56d95bcc87e3db72ed3bee5ca73b6550e5b33520140623d,2026-09-02T19:28:20.888Z,2026-09-02T19:28:28.669Z,2026-09-02T19:28:28.669Z,3975
powertrainCombustionEngineSpeed,CAN_ENGINE_RPM,HF_HISTORICAL,2026-09-02T19:28:24.888Z,2026-09-02T19:28:28.868Z,2026-09-02T19:28:28.669Z,2026-09-02T19:28:28.868Z,4960,929,929,d258014658fdd5435fc3cde69707b567c6a0c6bf1112ec41ab225c08091b2d3d,1s,AVG,d258014658fdd5435fc3cde69707b567c6a0c6bf1112ec41ab225c08091b2d3d,2026-09-02T19:28:20.888Z,2026-09-02T19:28:28.669Z,2026-09-02T19:28:28.669Z,3980
powertrainCombustionEngineSpeed,CAN_ENGINE_RPM,LATEST_LIVE,2026-09-02T19:28:28.000Z,2026-09-02T19:28:34.562Z,2026-09-02T19:28:34.349Z,2026-09-02T19:28:34.562Z,4965,1679,"{""value"":1679,""timestamp"":""2026-09-02T19:28:28Z""}",,,,,,,,3985
powertrainCombustionEngineSpeed,CAN_ENGINE_RPM,HF_HISTORICAL,2026-09-02T19:28:27.669Z,2026-09-02T19:28:34.750Z,2026-09-02T19:28:34.564Z,2026-09-02T19:28:34.750Z,4970,1679,1679,bcfbaf5e2a3d7bf1e6c9cfee6d1329d4cd340c7927ed0b3108157f4591ba1ab2,1s,AVG,bcfbaf5e2a3d7bf1e6c9cfee6d1329d4cd340c7927ed0b3108157f4591ba1ab2,2026-09-02T19:28:26.669Z,2026-09-02T19:28:34.563Z,2026-09-02T19:28:34.563Z,3990
powertrainCombustionEngineSpeed,CAN_ENGINE_RPM,LATEST_LIVE,2026-09-02T19:28:33.000Z,2026-09-02T19:28:40.339Z,2026-09-02T19:28:40.081Z,2026-09-02T19:28:40.339Z,4975,1359,"{""value"":1359,""timestamp"":""2026-09-02T19:28:33Z""}",,,,,,,,3995
powertrainCombustionEngineSpeed,CAN_ENGINE_RPM,HF_HISTORICAL,2026-09-02T19:28:32.563Z,2026-09-02T19:28:40.567Z,2026-09-02T19:28:40.341Z,2026-09-02T19:28:40.567Z,4980,1359,1359,69f872e1471a9bcd4e4ca4ac77f85476f80a8c9c10879a042c6cefee7d51661e,1s,AVG,69f872e1471a9bcd4e4ca4ac77f85476f80a8c9c10879a042c6cefee7d51661e,2026-09-02T19:28:32.563Z,2026-09-02T19:28:40.341Z,2026-09-02T19:28:40.341Z,4000
powertrainCombustionEngineSpeed,CAN_ENGINE_RPM,LATEST_LIVE,2026-09-02T19:28:43.000Z,2026-09-02T19:28:47.078Z,2026-09-02T19:28:46.827Z,2026-09-02T19:28:47.078Z,5019,982,"{""value"":982,""timestamp"":""2026-09-02T19:28:43Z""}",,,,,,,,4019
powertrainCombustionEngineSpeed,CAN_ENGINE_RPM,HF_HISTORICAL,2026-09-02T19:28:39.341Z,2026-09-02T19:28:47.333Z,2026-09-02T19:28:47.079Z,2026-09-02T19:28:47.333Z,5024,931,931,1806cbb8d3760606a305e64e69bdecc71dd060365cb355f1237cb198c4923440,1s,AVG,1806cbb8d3760606a305e64e69bdecc71dd060365cb355f1237cb198c4923440,2026-09-02T19:28:38.341Z,2026-09-02T19:28:47.079Z,2026-09-02T19:28:47.079Z,4024
powertrainCombustionEngineSpeed,CAN_ENGINE_RPM,HF_HISTORICAL,2026-09-02T19:28:40.341Z,2026-09-02T19:28:47.333Z,2026-09-02T19:28:47.079Z,2026-09-02T19:28:47.333Z,5029,933,933,bd6345f38e7d366929aaa11629af37b754137746033ef0f7cbc99f54f69a37ed,1s,AVG,bd6345f38e7d366929aaa11629af37b754137746033ef0f7cbc99f54f69a37ed,2026-09-02T19:28:38.341Z,2026-09-02T19:28:47.079Z,2026-09-02T19:28:47.079Z,4029
powertrainCombustionEngineSpeed,CAN_ENGINE_RPM,HF_HISTORICAL,2026-09-02T19:28:42.341Z,2026-09-02T19:28:47.333Z,2026-09-02T19:28:47.079Z,2026-09-02T19:28:47.333Z,5034,982,982,ae6bb4e525ccdace26ca57fe07e0c27d9f3423eb8fc171403d70c60edde52709,1s,AVG,ae6bb4e525ccdace26ca57fe07e0c27d9f3423eb8fc171403d70c60edde52709,2026-09-02T19:28:38.341Z,2026-09-02T19:28:47.079Z,2026-09-02T19:28:47.079Z,4034
powertrainCombustionEngineSpeed,CAN_ENGINE_RPM,LATEST_LIVE,2026-09-02T19:28:49.000Z,2026-09-02T19:28:52.949Z,2026-09-02T19:28:52.669Z,2026-09-02T19:28:52.949Z,5039,1905,"{""value"":1905,""timestamp"":""2026-09-02T19:28:49Z""}",,,,,,,,4039
powertrainCombustionEngineSpeed,CAN_ENGINE_RPM,HF_HISTORICAL,2026-09-02T19:28:45.079Z,2026-09-02T19:28:53.498Z,2026-09-02T19:28:52.951Z,2026-09-02T19:28:53.498Z,5044,1423,1423,e41de6d303413867fa0cd733ce14fac92cf960dbbdfde7c459cc021c626b99cd,1s,AVG,e41de6d303413867fa0cd733ce14fac92cf960dbbdfde7c459cc021c626b99cd,2026-09-02T19:28:45.079Z,2026-09-02T19:28:52.951Z,2026-09-02T19:28:52.951Z,4044
powertrainCombustionEngineSpeed,CAN_ENGINE_RPM,HF_HISTORICAL,2026-09-02T19:28:47.079Z,2026-09-02T19:28:53.498Z,2026-09-02T19:28:52.951Z,2026-09-02T19:28:53.498Z,5049,1748,1748,c32dbe8aa36a4ad57444c18425fe93fba5fff90b2462bfe22fd6693a080f7d58,1s,AVG,c32dbe8aa36a4ad57444c18425fe93fba5fff90b2462bfe22fd6693a080f7d58,2026-09-02T19:28:45.079Z,2026-09-02T19:28:52.951Z,2026-09-02T19:28:52.951Z,4049
powertrainCombustionEngineSpeed,CAN_ENGINE_RPM,HF_HISTORICAL,2026-09-02T19:28:48.079Z,2026-09-02T19:28:53.498Z,2026-09-02T19:28:52.951Z,2026-09-02T19:28:53.498Z,5054,1905,1905,01ee1a56eb8846ffc4dca6cb9c64bb2e0abf0a017642d826fca28517f3c9d86d,1s,AVG,01ee1a56eb8846ffc4dca6cb9c64bb2e0abf0a017642d826fca28517f3c9d86d,2026-09-02T19:28:45.079Z,2026-09-02T19:28:52.951Z,2026-09-02T19:28:52.951Z,4054
powertrainCombustionEngineSpeed,CAN_ENGINE_RPM,LATEST_LIVE,2026-09-02T19:28:55.000Z,2026-09-02T19:28:59.183Z,2026-09-02T19:28:58.905Z,2026-09-02T19:28:59.183Z,5059,928,"{""value"":928,""timestamp"":""2026-09-02T19:28:55Z""}",,,,,,,,4059
powertrainCombustionEngineSpeed,CAN_ENGINE_RPM,HF_HISTORICAL,2026-09-02T19:28:50.951Z,2026-09-02T19:28:59.446Z,2026-09-02T19:28:59.185Z,2026-09-02T19:28:59.446Z,5064,1536,1536,2dde28f6fe3cb837955d27bedef672bb26a7cc795d2012ca9f2cecab6a432b10,1s,AVG,2dde28f6fe3cb837955d27bedef672bb26a7cc795d2012ca9f2cecab6a432b10,2026-09-02T19:28:50.951Z,2026-09-02T19:28:59.185Z,2026-09-02T19:28:59.185Z,4064
powertrainCombustionEngineSpeed,CAN_ENGINE_RPM,HF_HISTORICAL,2026-09-02T19:28:51.951Z,2026-09-02T19:28:59.446Z,2026-09-02T19:28:59.185Z,2026-09-02T19:28:59.446Z,5069,927,927,f6f716fe387dfe1a4d9058e150bc60a4fde6469b5faba884cdced39ff4612b57,1s,AVG,f6f716fe387dfe1a4d9058e150bc60a4fde6469b5faba884cdced39ff4612b57,2026-09-02T19:28:50.951Z,2026-09-02T19:28:59.185Z,2026-09-02T19:28:59.185Z,4069
powertrainCombustionEngineSpeed,CAN_ENGINE_RPM,HF_HISTORICAL,2026-09-02T19:28:53.951Z,2026-09-02T19:28:59.446Z,2026-09-02T19:28:59.185Z,2026-09-02T19:28:59.446Z,5074,930,930,f8c1f0014a06faded01db1b9805f4aee23e4cfed6ba800e101f3da0298911f12,1s,AVG,f8c1f0014a06faded01db1b9805f4aee23e4cfed6ba800e101f3da0298911f12,2026-09-02T19:28:50.951Z,2026-09-02T19:28:59.185Z,2026-09-02T19:28:59.185Z,4074
powertrainCombustionEngineSpeed,CAN_ENGINE_RPM,HF_HISTORICAL,2026-09-02T19:28:54.951Z,2026-09-02T19:28:59.446Z,2026-09-02T19:28:59.185Z,2026-09-02T19:28:59.446Z,5079,928,928,673f404c36c426dca7328d5d31087f7b1896bdbdd20639135bcb2987c475c9c7,1s,AVG,673f404c36c426dca7328d5d31087f7b1896bdbdd20639135bcb2987c475c9c7,2026-09-02T19:28:50.951Z,2026-09-02T19:28:59.185Z,2026-09-02T19:28:59.185Z,4079
powertrainCombustionEngineSpeed,CAN_ENGINE_RPM,LATEST_LIVE,2026-09-02T19:28:58.000Z,2026-09-02T19:29:05.106Z,2026-09-02T19:29:04.854Z,2026-09-02T19:29:05.106Z,5084,929,"{""value"":929,""timestamp"":""2026-09-02T19:28:58Z""}",,,,,,,,4084
powertrainCombustionEngineSpeed,CAN_ENGINE_RPM,HF_HISTORICAL,2026-09-02T19:28:57.185Z,2026-09-02T19:29:05.334Z,2026-09-02T19:29:05.110Z,2026-09-02T19:29:05.334Z,5089,929,929,32752efc0f202a37004bcb012289c391d79e3907c39e801c805ac7568792481a,1s,AVG,32752efc0f202a37004bcb012289c391d79e3907c39e801c805ac7568792481a,2026-09-02T19:28:57.185Z,2026-09-02T19:29:05.110Z,2026-09-02T19:29:05.110Z,4089
powertrainCombustionEngineSpeed,CAN_ENGINE_RPM,LATEST_LIVE,2026-09-02T19:29:07.000Z,2026-09-02T19:29:10.971Z,2026-09-02T19:29:10.701Z,2026-09-02T19:29:10.971Z,5097,1644,"{""value"":1644,""timestamp"":""2026-09-02T19:29:07Z""}",,,,,,,,4097
powertrainCombustionEngineSpeed,CAN_ENGINE_RPM,HF_HISTORICAL,2026-09-02T19:29:03.110Z,2026-09-02T19:29:11.224Z,2026-09-02T19:29:10.972Z,2026-09-02T19:29:11.224Z,5101,1205,1205,f50d13773f789e922dc7050c27a484fcff6c3103a1816a1f20e5bf6872bf172d,1s,AVG,f50d13773f789e922dc7050c27a484fcff6c3103a1816a1f20e5bf6872bf172d,2026-09-02T19:29:03.110Z,2026-09-02T19:29:10.972Z,2026-09-02T19:29:10.972Z,4101
powertrainCombustionEngineSpeed,CAN_ENGINE_RPM,HF_HISTORICAL,2026-09-02T19:29:04.110Z,2026-09-02T19:29:11.224Z,2026-09-02T19:29:10.972Z,2026-09-02T19:29:11.224Z,5106,1021,1021,ca23b1ef9da1ad63b8747710fc526e09bb31dcc3ec4f55429b5dde9206367601,1s,AVG,ca23b1ef9da1ad63b8747710fc526e09bb31dcc3ec4f55429b5dde9206367601,2026-09-02T19:29:03.110Z,2026-09-02T19:29:10.972Z,2026-09-02T19:29:10.972Z,4106
powertrainCombustionEngineSpeed,CAN_ENGINE_RPM,HF_HISTORICAL,2026-09-02T19:29:06.110Z,2026-09-02T19:29:11.224Z,2026-09-02T19:29:10.972Z,2026-09-02T19:29:11.224Z,5111,1644,1644,62a30abf59c6273807608bdb5027e83196dab170b6c8260017482dd4f9790a7a,1s,AVG,62a30abf59c6273807608bdb5027e83196dab170b6c8260017482dd4f9790a7a,2026-09-02T19:29:03.110Z,2026-09-02T19:29:10.972Z,2026-09-02T19:29:10.972Z,4111
powertrainCombustionEngineSpeed,CAN_ENGINE_RPM,LATEST_LIVE,2026-09-02T19:29:13.000Z,2026-09-02T19:29:16.964Z,2026-09-02T19:29:16.522Z,2026-09-02T19:29:16.964Z,5116,933,"{""value"":933,""timestamp"":""2026-09-02T19:29:13Z""}",,,,,,,,4116
powertrainCombustionEngineSpeed,CAN_ENGINE_RPM,HF_HISTORICAL,2026-09-02T19:29:08.972Z,2026-09-02T19:29:17.176Z,2026-09-02T19:29:16.965Z,2026-09-02T19:29:17.176Z,5121,1471,1471,ba61199fca4da7e72ebbaab826c221558ed44226c57b26a1f709326183df0be5,1s,AVG,ba61199fca4da7e72ebbaab826c221558ed44226c57b26a1f709326183df0be5,2026-09-02T19:29:08.972Z,2026-09-02T19:29:16.965Z,2026-09-02T19:29:16.965Z,4121
powertrainCombustionEngineSpeed,CAN_ENGINE_RPM,HF_HISTORICAL,2026-09-02T19:29:09.972Z,2026-09-02T19:29:17.176Z,2026-09-02T19:29:16.965Z,2026-09-02T19:29:17.176Z,5126,926,926,9cbe7a39fcae5da633753355aa4bef27f0f61d3a551a29cf281655e6853bcae5,1s,AVG,9cbe7a39fcae5da633753355aa4bef27f0f61d3a551a29cf281655e6853bcae5,2026-09-02T19:29:08.972Z,2026-09-02T19:29:16.965Z,2026-09-02T19:29:16.965Z,4126
powertrainCombustionEngineSpeed,CAN_ENGINE_RPM,HF_HISTORICAL,2026-09-02T19:29:11.972Z,2026-09-02T19:29:17.176Z,2026-09-02T19:29:16.965Z,2026-09-02T19:29:17.176Z,5131,932,932,ad259208417443c1fc00d7c45d5f909c8eb43de6ba1048020482face4ecc602c,1s,AVG,ad259208417443c1fc00d7c45d5f909c8eb43de6ba1048020482face4ecc602c,2026-09-02T19:29:08.972Z,2026-09-02T19:29:16.965Z,2026-09-02T19:29:16.965Z,4131
powertrainCombustionEngineSpeed,CAN_ENGINE_RPM,HF_HISTORICAL,2026-09-02T19:29:12.972Z,2026-09-02T19:29:17.176Z,2026-09-02T19:29:16.965Z,2026-09-02T19:29:17.176Z,5136,933,933,5083819e3472ec2926506bbd7dc4ba86ee1b86fb9fef069a75bb483e4768983e,1s,AVG,5083819e3472ec2926506bbd7dc4ba86ee1b86fb9fef069a75bb483e4768983e,2026-09-02T19:29:08.972Z,2026-09-02T19:29:16.965Z,2026-09-02T19:29:16.965Z,4136
powertrainCombustionEngineSpeed,CAN_ENGINE_RPM,LATEST_LIVE,2026-09-02T19:29:20.000Z,2026-09-02T19:29:23.096Z,2026-09-02T19:29:22.866Z,2026-09-02T19:29:23.096Z,5167,1740,"{""value"":1740,""timestamp"":""2026-09-02T19:29:20Z""}",,,,,,,,4147
powertrainCombustionEngineSpeed,CAN_ENGINE_RPM,HF_HISTORICAL,2026-09-02T19:29:15.965Z,2026-09-02T19:29:23.312Z,2026-09-02T19:29:23.098Z,2026-09-02T19:29:23.312Z,5172,931,931,7bbcb8778d9020d49a656c7c1b6c7bd75387d89b3850578303c30dfb8eb37bf1,1s,AVG,7bbcb8778d9020d49a656c7c1b6c7bd75387d89b3850578303c30dfb8eb37bf1,2026-09-02T19:29:14.965Z,2026-09-02T19:29:23.097Z,2026-09-02T19:29:23.097Z,4152
powertrainCombustionEngineSpeed,CAN_ENGINE_RPM,HF_HISTORICAL,2026-09-02T19:29:16.965Z,2026-09-02T19:29:23.312Z,2026-09-02T19:29:23.098Z,2026-09-02T19:29:23.312Z,5177,928,928,64884ba6b494b36fd3330078bf6d0d0f36f3030e1b664b99059c39168fae2b24,1s,AVG,64884ba6b494b36fd3330078bf6d0d0f36f3030e1b664b99059c39168fae2b24,2026-09-02T19:29:14.965Z,2026-09-02T19:29:23.097Z,2026-09-02T19:29:23.097Z,4157
powertrainCombustionEngineSpeed,CAN_ENGINE_RPM,HF_HISTORICAL,2026-09-02T19:29:18.965Z,2026-09-02T19:29:23.312Z,2026-09-02T19:29:23.098Z,2026-09-02T19:29:23.312Z,5182,1672,1672,88bf72b85b026cfceadc346e553ca03f4ca0ea0354365cc241daf751661decf6,1s,AVG,88bf72b85b026cfceadc346e553ca03f4ca0ea0354365cc241daf751661decf6,2026-09-02T19:29:14.965Z,2026-09-02T19:29:23.097Z,2026-09-02T19:29:23.097Z,4162
powertrainCombustionEngineSpeed,CAN_ENGINE_RPM,HF_HISTORICAL,2026-09-02T19:29:19.965Z,2026-09-02T19:29:23.312Z,2026-09-02T19:29:23.098Z,2026-09-02T19:29:23.312Z,5187,1740,1740,3e27de1c02187143ec166fecd3dc0ef34c8982e62db08824ddb02fd2427f6872,1s,AVG,3e27de1c02187143ec166fecd3dc0ef34c8982e62db08824ddb02fd2427f6872,2026-09-02T19:29:14.965Z,2026-09-02T19:29:23.097Z,2026-09-02T19:29:23.097Z,4167
powertrainCombustionEngineSpeed,CAN_ENGINE_RPM,LATEST_LIVE,2026-09-02T19:29:23.000Z,2026-09-02T19:29:28.928Z,2026-09-02T19:29:28.690Z,2026-09-02T19:29:28.928Z,5192,1653,"{""value"":1653,""timestamp"":""2026-09-02T19:29:23Z""}",,,,,,,,4172
powertrainCombustionEngineSpeed,CAN_ENGINE_RPM,HF_HISTORICAL,2026-09-02T19:29:21.097Z,2026-09-02T19:29:29.383Z,2026-09-02T19:29:28.929Z,2026-09-02T19:29:29.383Z,5197,935,935,94f8e00b8aa4e7bd17515eff5efd10301755555f74206e5e2d8b5338d54af6ab,1s,AVG,94f8e00b8aa4e7bd17515eff5efd10301755555f74206e5e2d8b5338d54af6ab,2026-09-02T19:29:21.097Z,2026-09-02T19:29:28.929Z,2026-09-02T19:29:28.929Z,4177
powertrainCombustionEngineSpeed,CAN_ENGINE_RPM,HF_HISTORICAL,2026-09-02T19:29:22.097Z,2026-09-02T19:29:29.383Z,2026-09-02T19:29:28.929Z,2026-09-02T19:29:29.383Z,5202,1653,1653,41dcfc0029f7c7ea830e475496cb120dcbc598845891756e3910802550e21a60,1s,AVG,41dcfc0029f7c7ea830e475496cb120dcbc598845891756e3910802550e21a60,2026-09-02T19:29:21.097Z,2026-09-02T19:29:28.929Z,2026-09-02T19:29:28.929Z,4182
powertrainCombustionEngineSpeed,CAN_ENGINE_RPM,HF_HISTORICAL,2026-09-02T19:29:24.097Z,2026-09-02T19:29:29.383Z,2026-09-02T19:29:28.929Z,2026-09-02T19:29:29.383Z,5207,1592,1592,9aae061bed8e5d92e93a2899933da283007ecee8e9dc16b70aa969daf687d133,1s,AVG,9aae061bed8e5d92e93a2899933da283007ecee8e9dc16b70aa969daf687d133,2026-09-02T19:29:21.097Z,2026-09-02T19:29:28.929Z,2026-09-02T19:29:28.929Z,4187
powertrainCombustionEngineSpeed,CAN_ENGINE_RPM,LATEST_LIVE,2026-09-02T19:29:28.000Z,2026-09-02T19:29:35.096Z,2026-09-02T19:29:34.828Z,2026-09-02T19:29:35.096Z,5212,929,"{""value"":929,""timestamp"":""2026-09-02T19:29:28Z""}",,,,,,,,4192
powertrainCombustionEngineSpeed,CAN_ENGINE_RPM,HF_HISTORICAL,2026-09-02T19:29:26.929Z,2026-09-02T19:29:35.299Z,2026-09-02T19:29:35.097Z,2026-09-02T19:29:35.299Z,5217,1305,1305,5bbd9e4c33aa4015b3e93c9c1012d26da534db0e23ef62f27d910f8aea27ff49,1s,AVG,5bbd9e4c33aa4015b3e93c9c1012d26da534db0e23ef62f27d910f8aea27ff49,2026-09-02T19:29:26.929Z,2026-09-02T19:29:35.097Z,2026-09-02T19:29:35.097Z,4197
powertrainCombustionEngineSpeed,CAN_ENGINE_RPM,HF_HISTORICAL,2026-09-02T19:29:27.929Z,2026-09-02T19:29:35.299Z,2026-09-02T19:29:35.097Z,2026-09-02T19:29:35.299Z,5222,929,929,cde9ccec0e6790e1b200d07cd7367ed7a0dc524ac4b7b22e9bd4dc6e34b6e8ff,1s,AVG,cde9ccec0e6790e1b200d07cd7367ed7a0dc524ac4b7b22e9bd4dc6e34b6e8ff,2026-09-02T19:29:26.929Z,2026-09-02T19:29:35.097Z,2026-09-02T19:29:35.097Z,4202
powertrainCombustionEngineSpeed,CAN_ENGINE_RPM,LATEST_LIVE,2026-09-02T19:29:39.000Z,2026-09-02T19:29:40.962Z,2026-09-02T19:29:40.669Z,2026-09-02T19:29:40.962Z,5227,928,"{""value"":928,""timestamp"":""2026-09-02T19:29:39Z""}",,,,,,,,4207
powertrainCombustionEngineSpeed,CAN_ENGINE_RPM,HF_HISTORICAL,2026-09-02T19:29:34.097Z,2026-09-02T19:29:41.197Z,2026-09-02T19:29:40.963Z,2026-09-02T19:29:41.197Z,5232,1030,1030,7f44dad849c264b9d2ae211c38c69ddc9a4e1ac9c56f7d991a214196aa13e4b2,1s,AVG,7f44dad849c264b9d2ae211c38c69ddc9a4e1ac9c56f7d991a214196aa13e4b2,2026-09-02T19:29:33.097Z,2026-09-02T19:29:40.963Z,2026-09-02T19:29:40.963Z,4212
powertrainCombustionEngineSpeed,CAN_ENGINE_RPM,HF_HISTORICAL,2026-09-02T19:29:35.097Z,2026-09-02T19:29:41.197Z,2026-09-02T19:29:40.963Z,2026-09-02T19:29:41.197Z,5237,922,922,d652af04b30cf9ffbf753838b46bcccdff933a6a24d833fe8e4ebaae3f6b9a38,1s,AVG,d652af04b30cf9ffbf753838b46bcccdff933a6a24d833fe8e4ebaae3f6b9a38,2026-09-02T19:29:33.097Z,2026-09-02T19:29:40.963Z,2026-09-02T19:29:40.963Z,4217
powertrainCombustionEngineSpeed,CAN_ENGINE_RPM,HF_HISTORICAL,2026-09-02T19:29:36.097Z,2026-09-02T19:29:41.197Z,2026-09-02T19:29:40.963Z,2026-09-02T19:29:41.197Z,5242,930,930,2623cbe1a9274f71f221a9f87875778046ec3f9eebad28fde476792753a5a545,1s,AVG,2623cbe1a9274f71f221a9f87875778046ec3f9eebad28fde476792753a5a545,2026-09-02T19:29:33.097Z,2026-09-02T19:29:40.963Z,2026-09-02T19:29:40.963Z,4222
powertrainCombustionEngineSpeed,CAN_ENGINE_RPM,HF_HISTORICAL,2026-09-02T19:29:38.097Z,2026-09-02T19:29:41.197Z,2026-09-02T19:29:40.963Z,2026-09-02T19:29:41.197Z,5247,928,928,5d24d0fcef11887d5bce10b5ce487b1add8a4f9e3f11f9ced201e981791eb5c5,1s,AVG,5d24d0fcef11887d5bce10b5ce487b1add8a4f9e3f11f9ced201e981791eb5c5,2026-09-02T19:29:33.097Z,2026-09-02T19:29:40.963Z,2026-09-02T19:29:40.963Z,4227
powertrainCombustionEngineSpeed,CAN_ENGINE_RPM,LATEST_LIVE,2026-09-02T19:29:42.000Z,2026-09-02T19:29:46.870Z,2026-09-02T19:29:46.495Z,2026-09-02T19:29:46.870Z,5252,1637,"{""value"":1637,""timestamp"":""2026-09-02T19:29:42Z""}",,,,,,,,4232
powertrainCombustionEngineSpeed,CAN_ENGINE_RPM,HF_HISTORICAL,2026-09-02T19:29:38.963Z,2026-09-02T19:29:47.094Z,2026-09-02T19:29:46.871Z,2026-09-02T19:29:47.094Z,5257,928,928,e2688f9e37b27a595b0a0343bd657f4540fafe9da4de33e2adbbc1ca531ada48,1s,AVG,e2688f9e37b27a595b0a0343bd657f4540fafe9da4de33e2adbbc1ca531ada48,2026-09-02T19:29:38.963Z,2026-09-02T19:29:46.871Z,2026-09-02T19:29:46.871Z,4237
powertrainCombustionEngineSpeed,CAN_ENGINE_RPM,HF_HISTORICAL,2026-09-02T19:29:39.963Z,2026-09-02T19:29:47.094Z,2026-09-02T19:29:46.871Z,2026-09-02T19:29:47.094Z,5262,1769,1769,7a54b1af4f78ddcfb0c84ca5815691202c5b3c163640487cdb7cfbb225fab6a6,1s,AVG,7a54b1af4f78ddcfb0c84ca5815691202c5b3c163640487cdb7cfbb225fab6a6,2026-09-02T19:29:38.963Z,2026-09-02T19:29:46.871Z,2026-09-02T19:29:46.871Z,4242
powertrainCombustionEngineSpeed,CAN_ENGINE_RPM,HF_HISTORICAL,2026-09-02T19:29:40.963Z,2026-09-02T19:29:47.094Z,2026-09-02T19:29:46.871Z,2026-09-02T19:29:47.094Z,5267,1847,1847,85a6b2cd4d7ddc960046e1ce83571ebd58f7b364ef007bc3d8519e3a75c13f92,1s,AVG,85a6b2cd4d7ddc960046e1ce83571ebd58f7b364ef007bc3d8519e3a75c13f92,2026-09-02T19:29:38.963Z,2026-09-02T19:29:46.871Z,2026-09-02T19:29:46.871Z,4247
powertrainCombustionEngineSpeed,CAN_ENGINE_RPM,HF_HISTORICAL,2026-09-02T19:29:41.963Z,2026-09-02T19:29:47.094Z,2026-09-02T19:29:46.871Z,2026-09-02T19:29:47.094Z,5272,1637,1637,52bd495c6f22f5ecbfcdad4b1139ef67ec366772e36abf1bc5a64a5ac4e13fa5,1s,AVG,52bd495c6f22f5ecbfcdad4b1139ef67ec366772e36abf1bc5a64a5ac4e13fa5,2026-09-02T19:29:38.963Z,2026-09-02T19:29:46.871Z,2026-09-02T19:29:46.871Z,4252
powertrainCombustionEngineSpeed,CAN_ENGINE_RPM,LATEST_LIVE,2026-09-02T19:29:49.000Z,2026-09-02T19:29:52.958Z,2026-09-02T19:29:52.428Z,2026-09-02T19:29:52.958Z,5277,1369,"{""value"":1369,""timestamp"":""2026-09-02T19:29:49Z""}",,,,,,,,4257
powertrainCombustionEngineSpeed,CAN_ENGINE_RPM,HF_HISTORICAL,2026-09-02T19:29:45.871Z,2026-09-02T19:29:53.213Z,2026-09-02T19:29:52.959Z,2026-09-02T19:29:53.213Z,5282,1885,1885,67525421c92844ae51a2fe7b3d72aaa4467be53a2f22eed28ee0e41e8033204c,1s,AVG,67525421c92844ae51a2fe7b3d72aaa4467be53a2f22eed28ee0e41e8033204c,2026-09-02T19:29:44.871Z,2026-09-02T19:29:52.959Z,2026-09-02T19:29:52.959Z,4262
powertrainCombustionEngineSpeed,CAN_ENGINE_RPM,HF_HISTORICAL,2026-09-02T19:29:47.871Z,2026-09-02T19:29:53.213Z,2026-09-02T19:29:52.959Z,2026-09-02T19:29:53.213Z,5287,1486,1486,96f5407c1186a2e1a34a7fdf157eb546bd2f5281f68ac2e3f4eaf1d45c8790d7,1s,AVG,96f5407c1186a2e1a34a7fdf157eb546bd2f5281f68ac2e3f4eaf1d45c8790d7,2026-09-02T19:29:44.871Z,2026-09-02T19:29:52.959Z,2026-09-02T19:29:52.959Z,4267
powertrainCombustionEngineSpeed,CAN_ENGINE_RPM,HF_HISTORICAL,2026-09-02T19:29:48.871Z,2026-09-02T19:29:53.213Z,2026-09-02T19:29:52.959Z,2026-09-02T19:29:53.213Z,5292,1369,1369,9c12f9272a294cfe03396f78cd4bd4b9645b4d752e09de1ae1e0db96955ef876,1s,AVG,9c12f9272a294cfe03396f78cd4bd4b9645b4d752e09de1ae1e0db96955ef876,2026-09-02T19:29:44.871Z,2026-09-02T19:29:52.959Z,2026-09-02T19:29:52.959Z,4272
powertrainCombustionEngineSpeed,CAN_ENGINE_RPM,LATEST_LIVE,2026-09-02T19:29:55.000Z,2026-09-02T19:29:59.158Z,2026-09-02T19:29:58.877Z,2026-09-02T19:29:59.158Z,5323,1637,"{""value"":1637,""timestamp"":""2026-09-02T19:29:55Z""}",,,,,,,,4283
powertrainCombustionEngineSpeed,CAN_ENGINE_RPM,HF_HISTORICAL,2026-09-02T19:29:50.959Z,2026-09-02T19:29:59.385Z,2026-09-02T19:29:59.159Z,2026-09-02T19:29:59.385Z,5328,1313,1313,dd2a92c9ebe6f94d902eafc6ec237dfc8bbed5cf34a2bf23dcfad592df24a487,1s,AVG,dd2a92c9ebe6f94d902eafc6ec237dfc8bbed5cf34a2bf23dcfad592df24a487,2026-09-02T19:29:50.959Z,2026-09-02T19:29:59.159Z,2026-09-02T19:29:59.159Z,4288
powertrainCombustionEngineSpeed,CAN_ENGINE_RPM,HF_HISTORICAL,2026-09-02T19:29:52.959Z,2026-09-02T19:29:59.385Z,2026-09-02T19:29:59.159Z,2026-09-02T19:29:59.385Z,5333,1259,1259,37956cb067dc003a6b3d77a76fb4aae32398e1541381fee67a21d11879f90921,1s,AVG,37956cb067dc003a6b3d77a76fb4aae32398e1541381fee67a21d11879f90921,2026-09-02T19:29:50.959Z,2026-09-02T19:29:59.159Z,2026-09-02T19:29:59.159Z,4293
powertrainCombustionEngineSpeed,CAN_ENGINE_RPM,HF_HISTORICAL,2026-09-02T19:29:53.959Z,2026-09-02T19:29:59.385Z,2026-09-02T19:29:59.159Z,2026-09-02T19:29:59.385Z,5338,1019,1019,6abd94bc35a52e2f0eea934214a671aae7e86d32ed85612d2284a4b4de661c1e,1s,AVG,6abd94bc35a52e2f0eea934214a671aae7e86d32ed85612d2284a4b4de661c1e,2026-09-02T19:29:50.959Z,2026-09-02T19:29:59.159Z,2026-09-02T19:29:59.159Z,4298
powertrainCombustionEngineSpeed,CAN_ENGINE_RPM,HF_HISTORICAL,2026-09-02T19:29:54.959Z,2026-09-02T19:29:59.385Z,2026-09-02T19:29:59.159Z,2026-09-02T19:29:59.385Z,5343,1637,1637,796d729013028cf7cbe7e546a3bea848c1ea3bfe103dc55e4ae4eb7c6267449f,1s,AVG,796d729013028cf7cbe7e546a3bea848c1ea3bfe103dc55e4ae4eb7c6267449f,2026-09-02T19:29:50.959Z,2026-09-02T19:29:59.159Z,2026-09-02T19:29:59.159Z,4303
powertrainCombustionEngineSpeed,CAN_ENGINE_RPM,LATEST_LIVE,2026-09-02T19:29:59.000Z,2026-09-02T19:30:05.011Z,2026-09-02T19:30:04.765Z,2026-09-02T19:30:05.011Z,5348,1004,"{""value"":1004,""timestamp"":""2026-09-02T19:29:59Z""}",,,,,,,,4308
powertrainCombustionEngineSpeed,CAN_ENGINE_RPM,HF_HISTORICAL,2026-09-02T19:29:57.159Z,2026-09-02T19:30:05.213Z,2026-09-02T19:30:05.016Z,2026-09-02T19:30:05.213Z,5353,927,927,9225149b57390cac66892e52ece1a4d63b9ed2d97dfb3cda05687992cd9dc500,1s,AVG,9225149b57390cac66892e52ece1a4d63b9ed2d97dfb3cda05687992cd9dc500,2026-09-02T19:29:57.159Z,2026-09-02T19:30:05.016Z,2026-09-02T19:30:05.016Z,4313
powertrainCombustionEngineSpeed,CAN_ENGINE_RPM,HF_HISTORICAL,2026-09-02T19:29:58.159Z,2026-09-02T19:30:05.213Z,2026-09-02T19:30:05.016Z,2026-09-02T19:30:05.213Z,5358,1004,1004,2876e36863b3260cbd652e017aeaa888a28e831b8571d3bb86ffcecda57f7027,1s,AVG,2876e36863b3260cbd652e017aeaa888a28e831b8571d3bb86ffcecda57f7027,2026-09-02T19:29:57.159Z,2026-09-02T19:30:05.016Z,2026-09-02T19:30:05.016Z,4318
powertrainCombustionEngineSpeed,CAN_ENGINE_RPM,LATEST_LIVE,2026-09-02T19:30:07.000Z,2026-09-02T19:30:10.742Z,2026-09-02T19:30:10.500Z,2026-09-02T19:30:10.742Z,5363,1570,"{""value"":1570,""timestamp"":""2026-09-02T19:30:07Z""}",,,,,,,,4323
powertrainCombustionEngineSpeed,CAN_ENGINE_RPM,HF_HISTORICAL,2026-09-02T19:30:03.016Z,2026-09-02T19:30:10.951Z,2026-09-02T19:30:10.745Z,2026-09-02T19:30:10.951Z,5368,1881,1881,3e1fa0bf927e327b4ae890025042b0ea7d379f440d1b4d11a7b62c8334f5eae8,1s,AVG,3e1fa0bf927e327b4ae890025042b0ea7d379f440d1b4d11a7b62c8334f5eae8,2026-09-02T19:30:03.016Z,2026-09-02T19:30:10.745Z,2026-09-02T19:30:10.745Z,4328
powertrainCombustionEngineSpeed,CAN_ENGINE_RPM,HF_HISTORICAL,2026-09-02T19:30:04.016Z,2026-09-02T19:30:10.951Z,2026-09-02T19:30:10.745Z,2026-09-02T19:30:10.951Z,5373,1573,1573,0da599233d2b02918ed201023bc047048b114cfc81423f432a278f796086892c,1s,AVG,0da599233d2b02918ed201023bc047048b114cfc81423f432a278f796086892c,2026-09-02T19:30:03.016Z,2026-09-02T19:30:10.745Z,2026-09-02T19:30:10.745Z,4333
powertrainCombustionEngineSpeed,CAN_ENGINE_RPM,HF_HISTORICAL,2026-09-02T19:30:06.016Z,2026-09-02T19:30:10.951Z,2026-09-02T19:30:10.745Z,2026-09-02T19:30:10.951Z,5378,1570,1570,d1e82b494ddabe8351831fd0368baf3d5f8cad1e10070daef056eaf39b03699d,1s,AVG,d1e82b494ddabe8351831fd0368baf3d5f8cad1e10070daef056eaf39b03699d,2026-09-02T19:30:03.016Z,2026-09-02T19:30:10.745Z,2026-09-02T19:30:10.745Z,4338
powertrainCombustionEngineSpeed,CAN_ENGINE_RPM,LATEST_LIVE,2026-09-02T19:30:13.000Z,2026-09-02T19:30:16.485Z,2026-09-02T19:30:16.229Z,2026-09-02T19:30:16.485Z,5383,1627,"{""value"":1627,""timestamp"":""2026-09-02T19:30:13Z""}",,,,,,,,4343
powertrainCombustionEngineSpeed,CAN_ENGINE_RPM,HF_HISTORICAL,2026-09-02T19:30:08.745Z,2026-09-02T19:30:16.711Z,2026-09-02T19:30:16.486Z,2026-09-02T19:30:16.711Z,5388,1639,1639,2539ffc18a987e7a5ab67a29e2b1a9cccb24d0ac2c70d5b3d89795561c2f2de4,1s,AVG,2539ffc18a987e7a5ab67a29e2b1a9cccb24d0ac2c70d5b3d89795561c2f2de4,2026-09-02T19:30:08.745Z,2026-09-02T19:30:16.486Z,2026-09-02T19:30:16.486Z,4348
powertrainCombustionEngineSpeed,CAN_ENGINE_RPM,HF_HISTORICAL,2026-09-02T19:30:10.745Z,2026-09-02T19:30:16.711Z,2026-09-02T19:30:16.486Z,2026-09-02T19:30:16.711Z,5393,1821,1821,a954b02e9202e600530867e7432a78d4fc10fc2b200de7dc4b46dfe7561df736,1s,AVG,a954b02e9202e600530867e7432a78d4fc10fc2b200de7dc4b46dfe7561df736,2026-09-02T19:30:08.745Z,2026-09-02T19:30:16.486Z,2026-09-02T19:30:16.486Z,4353
powertrainCombustionEngineSpeed,CAN_ENGINE_RPM,HF_HISTORICAL,2026-09-02T19:30:12.745Z,2026-09-02T19:30:16.711Z,2026-09-02T19:30:16.486Z,2026-09-02T19:30:16.711Z,5398,1627,1627,104c7840f154fac95c698bc700068b3ab1d70eeafd2f680e0cbb2f3849f05501,1s,AVG,104c7840f154fac95c698bc700068b3ab1d70eeafd2f680e0cbb2f3849f05501,2026-09-02T19:30:08.745Z,2026-09-02T19:30:16.486Z,2026-09-02T19:30:16.486Z,4358
powertrainCombustionEngineSpeed,CAN_ENGINE_RPM,LATEST_LIVE,2026-09-02T19:30:18.000Z,2026-09-02T19:30:22.299Z,2026-09-02T19:30:22.069Z,2026-09-02T19:30:22.299Z,5403,1285,"{""value"":1285,""timestamp"":""2026-09-02T19:30:18Z""}",,,,,,,,4363
powertrainCombustionEngineSpeed,CAN_ENGINE_RPM,HF_HISTORICAL,2026-09-02T19:30:16.486Z,2026-09-02T19:30:22.509Z,2026-09-02T19:30:22.300Z,2026-09-02T19:30:22.509Z,5408,931,931,9025e601bd370fe59c3cd4b2fcf3169acf27fc8ac0eeb31843c1a621eb6e0d7d,1s,AVG,9025e601bd370fe59c3cd4b2fcf3169acf27fc8ac0eeb31843c1a621eb6e0d7d,2026-09-02T19:30:14.486Z,2026-09-02T19:30:22.300Z,2026-09-02T19:30:22.300Z,4368
powertrainCombustionEngineSpeed,CAN_ENGINE_RPM,HF_HISTORICAL,2026-09-02T19:30:17.486Z,2026-09-02T19:30:22.509Z,2026-09-02T19:30:22.300Z,2026-09-02T19:30:22.509Z,5413,1285,1285,14daf2783ffc19eec40c8cdfef0ae08525bed9945d58ddf164181a6d3625c5ae,1s,AVG,14daf2783ffc19eec40c8cdfef0ae08525bed9945d58ddf164181a6d3625c5ae,2026-09-02T19:30:14.486Z,2026-09-02T19:30:22.300Z,2026-09-02T19:30:22.300Z,4373
powertrainCombustionEngineSpeed,CAN_ENGINE_RPM,LATEST_LIVE,2026-09-02T19:30:23.000Z,2026-09-02T19:30:28.207Z,2026-09-02T19:30:27.811Z,2026-09-02T19:30:28.207Z,5418,930,"{""value"":930,""timestamp"":""2026-09-02T19:30:23Z""}",,,,,,,,4378
powertrainCombustionEngineSpeed,CAN_ENGINE_RPM,HF_HISTORICAL,2026-09-02T19:30:20.300Z,2026-09-02T19:30:28.457Z,2026-09-02T19:30:28.209Z,2026-09-02T19:30:28.457Z,5423,930,930,1f218a38edb277f4ff5fb53798dcbea07aa071e8b68ae729ac9fb9d91654c676,1s,AVG,1f218a38edb277f4ff5fb53798dcbea07aa071e8b68ae729ac9fb9d91654c676,2026-09-02T19:30:20.300Z,2026-09-02T19:30:28.209Z,2026-09-02T19:30:28.209Z,4383
powertrainCombustionEngineSpeed,CAN_ENGINE_RPM,HF_HISTORICAL,2026-09-02T19:30:22.300Z,2026-09-02T19:30:28.457Z,2026-09-02T19:30:28.209Z,2026-09-02T19:30:28.457Z,5428,930,930,30b98e1213ca8d5d1ae7ac2edd61f20997db674180d9bca3abf4e7dbed62fb0e,1s,AVG,30b98e1213ca8d5d1ae7ac2edd61f20997db674180d9bca3abf4e7dbed62fb0e,2026-09-02T19:30:20.300Z,2026-09-02T19:30:28.209Z,2026-09-02T19:30:28.209Z,4388
powertrainCombustionEngineSpeed,CAN_ENGINE_RPM,LATEST_LIVE,2026-09-02T19:30:29.000Z,2026-09-02T19:30:34.865Z,2026-09-02T19:30:34.528Z,2026-09-02T19:30:34.865Z,5459,932,"{""value"":932,""timestamp"":""2026-09-02T19:30:29Z""}",,,,,,,,4399
powertrainCombustionEngineSpeed,CAN_ENGINE_RPM,HF_HISTORICAL,2026-09-02T19:30:26.209Z,2026-09-02T19:30:35.066Z,2026-09-02T19:30:34.866Z,2026-09-02T19:30:35.066Z,5464,975,975,d78fca23889703a9eadaf8e6d8fb83bb82d2d85a178c331c2fde360030dacb55,1s,AVG,d78fca23889703a9eadaf8e6d8fb83bb82d2d85a178c331c2fde360030dacb55,2026-09-02T19:30:26.209Z,2026-09-02T19:30:34.866Z,2026-09-02T19:30:34.866Z,4404
powertrainCombustionEngineSpeed,CAN_ENGINE_RPM,HF_HISTORICAL,2026-09-02T19:30:28.209Z,2026-09-02T19:30:35.066Z,2026-09-02T19:30:34.866Z,2026-09-02T19:30:35.066Z,5469,932,932,1d383766ba5b4cf833e3fee109aa987accab1bc43824be13e550ba6c8a2e3846,1s,AVG,1d383766ba5b4cf833e3fee109aa987accab1bc43824be13e550ba6c8a2e3846,2026-09-02T19:30:26.209Z,2026-09-02T19:30:34.866Z,2026-09-02T19:30:34.866Z,4409
powertrainCombustionEngineSpeed,CAN_ENGINE_RPM,LATEST_LIVE,2026-09-02T19:30:37.000Z,2026-09-02T19:30:40.662Z,2026-09-02T19:30:40.380Z,2026-09-02T19:30:40.662Z,5474,1767,"{""value"":1767,""timestamp"":""2026-09-02T19:30:37Z""}",,,,,,,,4414
powertrainCombustionEngineSpeed,CAN_ENGINE_RPM,HF_HISTORICAL,2026-09-02T19:30:32.866Z,2026-09-02T19:30:40.870Z,2026-09-02T19:30:40.663Z,2026-09-02T19:30:40.870Z,5479,1684,1684,837448a2c66ef247c5a0d1cb5202bd84ebd430c576af730d4d492e677fa20993,1s,AVG,837448a2c66ef247c5a0d1cb5202bd84ebd430c576af730d4d492e677fa20993,2026-09-02T19:30:32.866Z,2026-09-02T19:30:40.663Z,2026-09-02T19:30:40.663Z,4419
powertrainCombustionEngineSpeed,CAN_ENGINE_RPM,HF_HISTORICAL,2026-09-02T19:30:33.866Z,2026-09-02T19:30:40.870Z,2026-09-02T19:30:40.663Z,2026-09-02T19:30:40.870Z,5484,1507,1507,cab895c3f82f18a97fcd9babe0ad5c7847c8cdadad496b45b85d3121f0bb9e25,1s,AVG,cab895c3f82f18a97fcd9babe0ad5c7847c8cdadad496b45b85d3121f0bb9e25,2026-09-02T19:30:32.866Z,2026-09-02T19:30:40.663Z,2026-09-02T19:30:40.663Z,4424
powertrainCombustionEngineSpeed,CAN_ENGINE_RPM,HF_HISTORICAL,2026-09-02T19:30:35.866Z,2026-09-02T19:30:40.870Z,2026-09-02T19:30:40.663Z,2026-09-02T19:30:40.870Z,5489,948,948,38c9720c9a16cd9517e3997d3610b9d8400816fc6853d180e70c37d16971ce33,1s,AVG,38c9720c9a16cd9517e3997d3610b9d8400816fc6853d180e70c37d16971ce33,2026-09-02T19:30:32.866Z,2026-09-02T19:30:40.663Z,2026-09-02T19:30:40.663Z,4429
powertrainCombustionEngineSpeed,CAN_ENGINE_RPM,HF_HISTORICAL,2026-09-02T19:30:36.866Z,2026-09-02T19:30:40.870Z,2026-09-02T19:30:40.663Z,2026-09-02T19:30:40.870Z,5494,1767,1767,db660b43562b9940237de9d54401d8526166d09c5f547989d963cba21bc7d440,1s,AVG,db660b43562b9940237de9d54401d8526166d09c5f547989d963cba21bc7d440,2026-09-02T19:30:32.866Z,2026-09-02T19:30:40.663Z,2026-09-02T19:30:40.663Z,4434
powertrainCombustionEngineSpeed,CAN_ENGINE_RPM,LATEST_LIVE,2026-09-02T19:30:41.000Z,2026-09-02T19:30:46.504Z,2026-09-02T19:30:46.220Z,2026-09-02T19:30:46.504Z,5499,1458,"{""value"":1458,""timestamp"":""2026-09-02T19:30:41Z""}",,,,,,,,4439
powertrainCombustionEngineSpeed,CAN_ENGINE_RPM,HF_HISTORICAL,2026-09-02T19:30:38.663Z,2026-09-02T19:30:46.839Z,2026-09-02T19:30:46.506Z,2026-09-02T19:30:46.839Z,5504,1492,1492,035eed13feb4c929252e14fae86f0f89ff260f439698764c8255a64d07c5fc9d,1s,AVG,035eed13feb4c929252e14fae86f0f89ff260f439698764c8255a64d07c5fc9d,2026-09-02T19:30:38.663Z,2026-09-02T19:30:46.506Z,2026-09-02T19:30:46.506Z,4444
powertrainCombustionEngineSpeed,CAN_ENGINE_RPM,HF_HISTORICAL,2026-09-02T19:30:40.663Z,2026-09-02T19:30:46.839Z,2026-09-02T19:30:46.506Z,2026-09-02T19:30:46.839Z,5509,1458,1458,1eb88409069d5f90188e5aa0d38e24d124c7fbf0d09afb8768b6dd77ad94f895,1s,AVG,1eb88409069d5f90188e5aa0d38e24d124c7fbf0d09afb8768b6dd77ad94f895,2026-09-02T19:30:38.663Z,2026-09-02T19:30:46.506Z,2026-09-02T19:30:46.506Z,4449
powertrainCombustionEngineSpeed,CAN_ENGINE_RPM,LATEST_LIVE,2026-09-02T19:30:41.000Z,2026-09-02T19:30:52.448Z,2026-09-02T19:30:52.249Z,2026-09-02T19:30:52.448Z,5514,1458,"{""value"":1458,""timestamp"":""2026-09-02T19:30:41Z""}",,,,,,,,4454
powertrainCombustionEngineSpeed,CAN_ENGINE_RPM,LATEST_LIVE,2026-09-02T19:30:41.000Z,2026-09-02T19:30:58.227Z,2026-09-02T19:30:57.985Z,2026-09-02T19:30:58.227Z,5519,1458,"{""value"":1458,""timestamp"":""2026-09-02T19:30:41Z""}",,,,,,,,4459
powertrainCombustionEngineSpeed,CAN_ENGINE_RPM,LATEST_LIVE,2026-09-02T19:30:41.000Z,2026-09-02T19:31:03.970Z,2026-09-02T19:31:03.732Z,2026-09-02T19:31:03.970Z,5524,1458,"{""value"":1458,""timestamp"":""2026-09-02T19:30:41Z""}",,,,,,,,4464
powertrainCombustionEngineSpeed,CAN_ENGINE_RPM,HF_HISTORICAL,2026-09-02T19:31:00.228Z,2026-09-02T19:31:04.175Z,2026-09-02T19:31:03.972Z,2026-09-02T19:31:04.175Z,5529,1493,1493,af07b2281ae9dfa5f3fa3391a7aca6204fd77f4b6354b3f0e4c5b0fa53377fe1,1s,AVG,af07b2281ae9dfa5f3fa3391a7aca6204fd77f4b6354b3f0e4c5b0fa53377fe1,2026-09-02T19:30:56.228Z,2026-09-02T19:31:03.971Z,2026-09-02T19:31:03.971Z,4469
powertrainCombustionEngineSpeed,CAN_ENGINE_RPM,LATEST_LIVE,2026-09-02T19:31:04.000Z,2026-09-02T19:31:10.023Z,2026-09-02T19:31:09.777Z,2026-09-02T19:31:10.023Z,5560,1783,"{""value"":1783,""timestamp"":""2026-09-02T19:31:04Z""}",,,,,,,,4480
powertrainCombustionEngineSpeed,CAN_ENGINE_RPM,HF_HISTORICAL,2026-09-02T19:31:01.971Z,2026-09-02T19:31:10.236Z,2026-09-02T19:31:10.025Z,2026-09-02T19:31:10.236Z,5565,1505,1505,ea7ddd54fc80af17682a96bf9a2f71deae88036e02a0c0d6f557aff14f8112cc,1s,AVG,ea7ddd54fc80af17682a96bf9a2f71deae88036e02a0c0d6f557aff14f8112cc,2026-09-02T19:31:01.971Z,2026-09-02T19:31:10.025Z,2026-09-02T19:31:10.025Z,4485
powertrainCombustionEngineSpeed,CAN_ENGINE_RPM,HF_HISTORICAL,2026-09-02T19:31:02.971Z,2026-09-02T19:31:10.236Z,2026-09-02T19:31:10.025Z,2026-09-02T19:31:10.236Z,5570,1505,1505,5573bbb668fd9f402f8fffd6718f38949b33650e6a28e5b7fd09842f7b06e691,1s,AVG,5573bbb668fd9f402f8fffd6718f38949b33650e6a28e5b7fd09842f7b06e691,2026-09-02T19:31:01.971Z,2026-09-02T19:31:10.025Z,2026-09-02T19:31:10.025Z,4490
powertrainCombustionEngineSpeed,CAN_ENGINE_RPM,HF_HISTORICAL,2026-09-02T19:31:03.971Z,2026-09-02T19:31:10.236Z,2026-09-02T19:31:10.025Z,2026-09-02T19:31:10.236Z,5575,1783,1783,6f620dbe9955658d3497b16804e7190f49d1310600b5441c53f2083db4da01c8,1s,AVG,6f620dbe9955658d3497b16804e7190f49d1310600b5441c53f2083db4da01c8,2026-09-02T19:31:01.971Z,2026-09-02T19:31:10.025Z,2026-09-02T19:31:10.025Z,4495
powertrainCombustionEngineSpeed,CAN_ENGINE_RPM,HF_HISTORICAL,2026-09-02T19:31:05.971Z,2026-09-02T19:31:10.236Z,2026-09-02T19:31:10.025Z,2026-09-02T19:31:10.236Z,5580,1861,1861,f6c80dd37560c92da7e57beb73e4abfb92b173e35d691712509a75a00f816cfe,1s,AVG,f6c80dd37560c92da7e57beb73e4abfb92b173e35d691712509a75a00f816cfe,2026-09-02T19:31:01.971Z,2026-09-02T19:31:10.025Z,2026-09-02T19:31:10.025Z,4500
powertrainCombustionEngineSpeed,CAN_ENGINE_RPM,HF_HISTORICAL,2026-09-02T19:31:06.971Z,2026-09-02T19:31:10.236Z,2026-09-02T19:31:10.025Z,2026-09-02T19:31:10.236Z,5585,1861,1861,ae9466a899630080bba91f0ccded1cd6894e3907ced3304c729ce643149a95d5,1s,AVG,ae9466a899630080bba91f0ccded1cd6894e3907ced3304c729ce643149a95d5,2026-09-02T19:31:01.971Z,2026-09-02T19:31:10.025Z,2026-09-02T19:31:10.025Z,4505
powertrainCombustionEngineSpeed,CAN_ENGINE_RPM,LATEST_LIVE,2026-09-02T19:31:12.000Z,2026-09-02T19:31:15.766Z,2026-09-02T19:31:15.506Z,2026-09-02T19:31:15.766Z,5590,935,"{""value"":935,""timestamp"":""2026-09-02T19:31:12Z""}",,,,,,,,4510
powertrainCombustionEngineSpeed,CAN_ENGINE_RPM,HF_HISTORICAL,2026-09-02T19:31:08.025Z,2026-09-02T19:31:16.193Z,2026-09-02T19:31:15.767Z,2026-09-02T19:31:16.193Z,5595,1498,1498,c946c8e804636ab42085170c7337eda59d4ebe601a84d6ddfc2dc79b854f62d6,1s,AVG,c946c8e804636ab42085170c7337eda59d4ebe601a84d6ddfc2dc79b854f62d6,2026-09-02T19:31:08.025Z,2026-09-02T19:31:15.767Z,2026-09-02T19:31:15.767Z,4515
powertrainCombustionEngineSpeed,CAN_ENGINE_RPM,HF_HISTORICAL,2026-09-02T19:31:09.025Z,2026-09-02T19:31:16.193Z,2026-09-02T19:31:15.767Z,2026-09-02T19:31:16.193Z,5600,1001,1001,8ad7eb5541daedf92d84780217598c3918aef0b804f09cc9d1ee98e6d39d6722,1s,AVG,8ad7eb5541daedf92d84780217598c3918aef0b804f09cc9d1ee98e6d39d6722,2026-09-02T19:31:08.025Z,2026-09-02T19:31:15.767Z,2026-09-02T19:31:15.767Z,4520
powertrainCombustionEngineSpeed,CAN_ENGINE_RPM,HF_HISTORICAL,2026-09-02T19:31:11.025Z,2026-09-02T19:31:16.193Z,2026-09-02T19:31:15.767Z,2026-09-02T19:31:16.193Z,5605,935,935,6270dbe23362b239e8132b38bc8d75f7c4ae7acbc29bd621074cbd0281eb1a40,1s,AVG,6270dbe23362b239e8132b38bc8d75f7c4ae7acbc29bd621074cbd0281eb1a40,2026-09-02T19:31:08.025Z,2026-09-02T19:31:15.767Z,2026-09-02T19:31:15.767Z,4525
powertrainCombustionEngineSpeed,CAN_ENGINE_RPM,LATEST_LIVE,2026-09-02T19:31:18.000Z,2026-09-02T19:31:21.748Z,2026-09-02T19:31:21.548Z,2026-09-02T19:31:21.748Z,5610,2007,"{""value"":2007,""timestamp"":""2026-09-02T19:31:18Z""}",,,,,,,,4530
powertrainCombustionEngineSpeed,CAN_ENGINE_RPM,HF_HISTORICAL,2026-09-02T19:31:14.767Z,2026-09-02T19:31:21.968Z,2026-09-02T19:31:21.749Z,2026-09-02T19:31:21.968Z,5615,1826,1826,bbcf60fee4090335f7b261cc0808ed9077c1f43b2883b4818c0474876fb593b8,1s,AVG,bbcf60fee4090335f7b261cc0808ed9077c1f43b2883b4818c0474876fb593b8,2026-09-02T19:31:13.767Z,2026-09-02T19:31:21.749Z,2026-09-02T19:31:21.749Z,4535
powertrainCombustionEngineSpeed,CAN_ENGINE_RPM,HF_HISTORICAL,2026-09-02T19:31:17.767Z,2026-09-02T19:31:21.968Z,2026-09-02T19:31:21.749Z,2026-09-02T19:31:21.968Z,5620,2007,2007,6852dc6cb7c7a8777282c025330e453cf89c2dbcf910db0280bc7a55b415415b,1s,AVG,6852dc6cb7c7a8777282c025330e453cf89c2dbcf910db0280bc7a55b415415b,2026-09-02T19:31:13.767Z,2026-09-02T19:31:21.749Z,2026-09-02T19:31:21.749Z,4540
powertrainCombustionEngineSpeed,CAN_ENGINE_RPM,LATEST_LIVE,2026-09-02T19:31:24.000Z,2026-09-02T19:31:27.539Z,2026-09-02T19:31:27.284Z,2026-09-02T19:31:27.539Z,5625,1060,"{""value"":1060,""timestamp"":""2026-09-02T19:31:24Z""}",,,,,,,,4545
powertrainCombustionEngineSpeed,CAN_ENGINE_RPM,HF_HISTORICAL,2026-09-02T19:31:19.749Z,2026-09-02T19:31:27.782Z,2026-09-02T19:31:27.541Z,2026-09-02T19:31:27.782Z,5630,1976,1976,d574a62792a802023c6ae89d08d18ed5fcfa1c90ad9b03a1d5134e75fd97c00d,1s,AVG,d574a62792a802023c6ae89d08d18ed5fcfa1c90ad9b03a1d5134e75fd97c00d,2026-09-02T19:31:19.749Z,2026-09-02T19:31:27.540Z,2026-09-02T19:31:27.540Z,4550
powertrainCombustionEngineSpeed,CAN_ENGINE_RPM,HF_HISTORICAL,2026-09-02T19:31:20.749Z,2026-09-02T19:31:27.782Z,2026-09-02T19:31:27.541Z,2026-09-02T19:31:27.782Z,5635,993,993,e81e88aef3f8b919dcaa0c131ec9a212e8e74fde2ba1947928380efe7703a316,1s,AVG,e81e88aef3f8b919dcaa0c131ec9a212e8e74fde2ba1947928380efe7703a316,2026-09-02T19:31:19.749Z,2026-09-02T19:31:27.540Z,2026-09-02T19:31:27.540Z,4555
powertrainCombustionEngineSpeed,CAN_ENGINE_RPM,HF_HISTORICAL,2026-09-02T19:31:22.749Z,2026-09-02T19:31:27.782Z,2026-09-02T19:31:27.541Z,2026-09-02T19:31:27.782Z,5640,1372,1372,6eabd46ef5b319bacdc76c38952308634f344798ac0cfac1be6444a9c5e09fe4,1s,AVG,6eabd46ef5b319bacdc76c38952308634f344798ac0cfac1be6444a9c5e09fe4,2026-09-02T19:31:19.749Z,2026-09-02T19:31:27.540Z,2026-09-02T19:31:27.540Z,4560
powertrainCombustionEngineSpeed,CAN_ENGINE_RPM,HF_HISTORICAL,2026-09-02T19:31:23.749Z,2026-09-02T19:31:27.782Z,2026-09-02T19:31:27.541Z,2026-09-02T19:31:27.782Z,5645,1060,1060,e26d997b4c04ff502d5746671f8804fffb0391c7cb5a38c1376b978ff1f82dcf,1s,AVG,e26d997b4c04ff502d5746671f8804fffb0391c7cb5a38c1376b978ff1f82dcf,2026-09-02T19:31:19.749Z,2026-09-02T19:31:27.540Z,2026-09-02T19:31:27.540Z,4565
powertrainCombustionEngineSpeed,CAN_ENGINE_RPM,LATEST_LIVE,2026-09-02T19:31:29.000Z,2026-09-02T19:31:33.333Z,2026-09-02T19:31:33.111Z,2026-09-02T19:31:33.333Z,5650,1801,"{""value"":1801,""timestamp"":""2026-09-02T19:31:29Z""}",,,,,,,,4570
powertrainCombustionEngineSpeed,CAN_ENGINE_RPM,HF_HISTORICAL,2026-09-02T19:31:25.540Z,2026-09-02T19:31:33.562Z,2026-09-02T19:31:33.334Z,2026-09-02T19:31:33.562Z,5655,1692,1692,3207b6cd15925f6b50390f9c59a7b58b463687824247fc7da7bafdcf44734106,1s,AVG,3207b6cd15925f6b50390f9c59a7b58b463687824247fc7da7bafdcf44734106,2026-09-02T19:31:25.540Z,2026-09-02T19:31:33.334Z,2026-09-02T19:31:33.334Z,4575
powertrainCombustionEngineSpeed,CAN_ENGINE_RPM,HF_HISTORICAL,2026-09-02T19:31:26.540Z,2026-09-02T19:31:33.562Z,2026-09-02T19:31:33.334Z,2026-09-02T19:31:33.562Z,5660,1629,1629,8399b85d96b696245abacac8c04f42da41c62e55418eaf266e0248463fa94296,1s,AVG,8399b85d96b696245abacac8c04f42da41c62e55418eaf266e0248463fa94296,2026-09-02T19:31:25.540Z,2026-09-02T19:31:33.334Z,2026-09-02T19:31:33.334Z,4580
powertrainCombustionEngineSpeed,CAN_ENGINE_RPM,HF_HISTORICAL,2026-09-02T19:31:27.540Z,2026-09-02T19:31:33.562Z,2026-09-02T19:31:33.334Z,2026-09-02T19:31:33.562Z,5665,1045,1045,9ba87dbc286ba65a2f640aebd5eb5c189636f8eb3ab557865ab4087d326ed132,1s,AVG,9ba87dbc286ba65a2f640aebd5eb5c189636f8eb3ab557865ab4087d326ed132,2026-09-02T19:31:25.540Z,2026-09-02T19:31:33.334Z,2026-09-02T19:31:33.334Z,4585
powertrainCombustionEngineSpeed,CAN_ENGINE_RPM,HF_HISTORICAL,2026-09-02T19:31:28.540Z,2026-09-02T19:31:33.562Z,2026-09-02T19:31:33.334Z,2026-09-02T19:31:33.562Z,5670,1801,1801,ddb4500ca58279407eba38bc1323323d7e64bd69c2f9bb0f8f207895e32b56a4,1s,AVG,ddb4500ca58279407eba38bc1323323d7e64bd69c2f9bb0f8f207895e32b56a4,2026-09-02T19:31:25.540Z,2026-09-02T19:31:33.334Z,2026-09-02T19:31:33.334Z,4590
powertrainCombustionEngineSpeed,CAN_ENGINE_RPM,LATEST_LIVE,2026-09-02T19:31:34.000Z,2026-09-02T19:31:39.359Z,2026-09-02T19:31:38.857Z,2026-09-02T19:31:39.359Z,5675,1538,"{""value"":1538,""timestamp"":""2026-09-02T19:31:34Z""}",,,,,,,,4595
powertrainCombustionEngineSpeed,CAN_ENGINE_RPM,HF_HISTORICAL,2026-09-02T19:31:31.334Z,2026-09-02T19:31:39.740Z,2026-09-02T19:31:39.360Z,2026-09-02T19:31:39.740Z,5680,1027,1027,21677c9a8337d92119096a41687dc2cd7ef951b1c845403ed221260f8d2c0574,1s,AVG,21677c9a8337d92119096a41687dc2cd7ef951b1c845403ed221260f8d2c0574,2026-09-02T19:31:31.334Z,2026-09-02T19:31:39.360Z,2026-09-02T19:31:39.360Z,4600
powertrainCombustionEngineSpeed,CAN_ENGINE_RPM,HF_HISTORICAL,2026-09-02T19:31:32.334Z,2026-09-02T19:31:39.740Z,2026-09-02T19:31:39.360Z,2026-09-02T19:31:39.740Z,5685,1067,1067,6dcdd6893436a342cc563d9a1cffb815e8758effa1c1f69f68c8652d6cd895c9,1s,AVG,6dcdd6893436a342cc563d9a1cffb815e8758effa1c1f69f68c8652d6cd895c9,2026-09-02T19:31:31.334Z,2026-09-02T19:31:39.360Z,2026-09-02T19:31:39.360Z,4605
powertrainCombustionEngineSpeed,CAN_ENGINE_RPM,HF_HISTORICAL,2026-09-02T19:31:33.334Z,2026-09-02T19:31:39.740Z,2026-09-02T19:31:39.360Z,2026-09-02T19:31:39.740Z,5690,1538,1538,02c8b1e5f4e8a87c935d47a6c6c3a440b407ca0647b4ed425ae8ce30ee191f1f,1s,AVG,02c8b1e5f4e8a87c935d47a6c6c3a440b407ca0647b4ed425ae8ce30ee191f1f,2026-09-02T19:31:31.334Z,2026-09-02T19:31:39.360Z,2026-09-02T19:31:39.360Z,4610
powertrainCombustionEngineSpeed,CAN_ENGINE_RPM,LATEST_LIVE,2026-09-02T19:31:43.000Z,2026-09-02T19:31:46.330Z,2026-09-02T19:31:45.892Z,2026-09-02T19:31:46.330Z,5721,972,"{""value"":972,""timestamp"":""2026-09-02T19:31:43Z""}",,,,,,,,4621
powertrainCombustionEngineSpeed,CAN_ENGINE_RPM,HF_HISTORICAL,2026-09-02T19:31:39.360Z,2026-09-02T19:31:48.422Z,2026-09-02T19:31:46.331Z,2026-09-02T19:31:48.422Z,5726,1591,1591,bad9452612b463957261e2b459449d127c1f39902b3674b13a1c70a1ea676fc7,1s,AVG,bad9452612b463957261e2b459449d127c1f39902b3674b13a1c70a1ea676fc7,2026-09-02T19:31:37.360Z,2026-09-02T19:31:46.331Z,2026-09-02T19:31:46.331Z,4626
powertrainCombustionEngineSpeed,CAN_ENGINE_RPM,HF_HISTORICAL,2026-09-02T19:31:41.360Z,2026-09-02T19:31:48.422Z,2026-09-02T19:31:46.331Z,2026-09-02T19:31:48.422Z,5731,1415,1415,1d926defe00294f67e1192831628facb399d6b25b26ec550a39bb1c5c281741e,1s,AVG,1d926defe00294f67e1192831628facb399d6b25b26ec550a39bb1c5c281741e,2026-09-02T19:31:37.360Z,2026-09-02T19:31:46.331Z,2026-09-02T19:31:46.331Z,4631
powertrainCombustionEngineSpeed,CAN_ENGINE_RPM,HF_HISTORICAL,2026-09-02T19:31:42.360Z,2026-09-02T19:31:48.422Z,2026-09-02T19:31:46.331Z,2026-09-02T19:31:48.422Z,5736,972,972,62c04d2bd3528ff7f8bc9973747438c560b0ca90c0737af75adf21598bd4e220,1s,AVG,62c04d2bd3528ff7f8bc9973747438c560b0ca90c0737af75adf21598bd4e220,2026-09-02T19:31:37.360Z,2026-09-02T19:31:46.331Z,2026-09-02T19:31:46.331Z,4636
powertrainCombustionEngineSpeed,CAN_ENGINE_RPM,LATEST_LIVE,2026-09-02T19:31:45.000Z,2026-09-02T19:31:54.085Z,2026-09-02T19:31:53.833Z,2026-09-02T19:31:54.085Z,5741,962,"{""value"":962,""timestamp"":""2026-09-02T19:31:45Z""}",,,,,,,,4641
powertrainCombustionEngineSpeed,CAN_ENGINE_RPM,HF_HISTORICAL,2026-09-02T19:31:44.331Z,2026-09-02T19:31:54.298Z,2026-09-02T19:31:54.086Z,2026-09-02T19:31:54.298Z,5746,962,962,56b43a1f80c8c63e873b4741c1526038b76c3c29243820352b831b6b696f1a43,1s,AVG,56b43a1f80c8c63e873b4741c1526038b76c3c29243820352b831b6b696f1a43,2026-09-02T19:31:44.331Z,2026-09-02T19:31:54.086Z,2026-09-02T19:31:54.086Z,4646
powertrainCombustionEngineSpeed,CAN_ENGINE_RPM,LATEST_LIVE,2026-09-02T19:31:55.000Z,2026-09-02T19:32:00.013Z,2026-09-02T19:31:59.560Z,2026-09-02T19:32:00.013Z,5751,930,"{""value"":930,""timestamp"":""2026-09-02T19:31:55Z""}",,,,,,,,4651
powertrainCombustionEngineSpeed,CAN_ENGINE_RPM,HF_HISTORICAL,2026-09-02T19:31:52.086Z,2026-09-02T19:32:00.424Z,2026-09-02T19:32:00.014Z,2026-09-02T19:32:00.424Z,5756,929,929,d8f99bfd0cbb2e3b4afbc9c7e1e85f4a65bab164eff35956f0b5f91654be4450,1s,AVG,d8f99bfd0cbb2e3b4afbc9c7e1e85f4a65bab164eff35956f0b5f91654be4450,2026-09-02T19:31:52.086Z,2026-09-02T19:32:00.013Z,2026-09-02T19:32:00.013Z,4656
powertrainCombustionEngineSpeed,CAN_ENGINE_RPM,HF_HISTORICAL,2026-09-02T19:31:53.086Z,2026-09-02T19:32:00.424Z,2026-09-02T19:32:00.014Z,2026-09-02T19:32:00.424Z,5761,932,932,16a104b1fd0431b84b444b8672bdbd5dad7e6e6885e77e17c8a852729daa8933,1s,AVG,16a104b1fd0431b84b444b8672bdbd5dad7e6e6885e77e17c8a852729daa8933,2026-09-02T19:31:52.086Z,2026-09-02T19:32:00.013Z,2026-09-02T19:32:00.013Z,4661
powertrainCombustionEngineSpeed,CAN_ENGINE_RPM,HF_HISTORICAL,2026-09-02T19:31:54.086Z,2026-09-02T19:32:00.424Z,2026-09-02T19:32:00.014Z,2026-09-02T19:32:00.424Z,5766,930,930,4efb0d7949b2e348f3e6be61488b1df1f2b117ac06d89c65cb2acfe401ef0fb4,1s,AVG,4efb0d7949b2e348f3e6be61488b1df1f2b117ac06d89c65cb2acfe401ef0fb4,2026-09-02T19:31:52.086Z,2026-09-02T19:32:00.013Z,2026-09-02T19:32:00.013Z,4666
powertrainCombustionEngineSpeed,CAN_ENGINE_RPM,LATEST_LIVE,2026-09-02T19:32:00.000Z,2026-09-02T19:32:06.431Z,2026-09-02T19:32:06.147Z,2026-09-02T19:32:06.431Z,5771,942,"{""value"":942,""timestamp"":""2026-09-02T19:32:00Z""}",,,,,,,,4671
powertrainCombustionEngineSpeed,CAN_ENGINE_RPM,HF_HISTORICAL,2026-09-02T19:31:59.013Z,2026-09-02T19:32:06.631Z,2026-09-02T19:32:06.433Z,2026-09-02T19:32:06.631Z,5776,942,942,f527d35020ebe877da7a068f800627ff930a7d66de05a3a0822a0d4e2cad113a,1s,AVG,f527d35020ebe877da7a068f800627ff930a7d66de05a3a0822a0d4e2cad113a,2026-09-02T19:31:58.013Z,2026-09-02T19:32:06.433Z,2026-09-02T19:32:06.433Z,4676
powertrainCombustionEngineSpeed,CAN_ENGINE_RPM,LATEST_LIVE,2026-09-02T19:32:08.000Z,2026-09-02T19:32:12.166Z,2026-09-02T19:32:11.964Z,2026-09-02T19:32:12.166Z,5781,1233,"{""value"":1233,""timestamp"":""2026-09-02T19:32:08Z""}",,,,,,,,4681
powertrainCombustionEngineSpeed,CAN_ENGINE_RPM,HF_HISTORICAL,2026-09-02T19:32:07.433Z,2026-09-02T19:32:12.377Z,2026-09-02T19:32:12.167Z,2026-09-02T19:32:12.377Z,5791,1233,1233,fe9e1f6c9b154fc246b6ef2d2d46d0549d30092a14b787110658e867b66e2890,1s,AVG,fe9e1f6c9b154fc246b6ef2d2d46d0549d30092a14b787110658e867b66e2890,2026-09-02T19:32:04.433Z,2026-09-02T19:32:12.167Z,2026-09-02T19:32:12.167Z,4691
powertrainCombustionEngineSpeed,CAN_ENGINE_RPM,LATEST_LIVE,2026-09-02T19:32:13.000Z,2026-09-02T19:32:17.930Z,2026-09-02T19:32:17.690Z,2026-09-02T19:32:17.930Z,5796,993,"{""value"":993,""timestamp"":""2026-09-02T19:32:13Z""}",,,,,,,,4696
powertrainCombustionEngineSpeed,CAN_ENGINE_RPM,HF_HISTORICAL,2026-09-02T19:32:12.167Z,2026-09-02T19:32:18.387Z,2026-09-02T19:32:17.931Z,2026-09-02T19:32:18.387Z,5801,993,993,08a3683682352805d10af4ccb9c74f91bbc593b624be6ff211319ac0aec14176,1s,AVG,08a3683682352805d10af4ccb9c74f91bbc593b624be6ff211319ac0aec14176,2026-09-02T19:32:10.167Z,2026-09-02T19:32:17.931Z,2026-09-02T19:32:17.931Z,4701
powertrainCombustionEngineSpeed,CAN_ENGINE_RPM,HF_HISTORICAL,2026-09-02T19:32:14.167Z,2026-09-02T19:32:18.387Z,2026-09-02T19:32:17.931Z,2026-09-02T19:32:18.387Z,5806,949,949,d9e9fd6194635d37f2a672f1299362c5732c4daee0ac3aba533f1a91ec3a9986,1s,AVG,d9e9fd6194635d37f2a672f1299362c5732c4daee0ac3aba533f1a91ec3a9986,2026-09-02T19:32:10.167Z,2026-09-02T19:32:17.931Z,2026-09-02T19:32:17.931Z,4706
powertrainCombustionEngineSpeed,CAN_ENGINE_RPM,LATEST_LIVE,2026-09-02T19:32:15.000Z,2026-09-02T19:32:24.192Z,2026-09-02T19:32:23.933Z,2026-09-02T19:32:24.192Z,5837,949,"{""value"":949,""timestamp"":""2026-09-02T19:32:15Z""}",,,,,,,,4717
powertrainCombustionEngineSpeed,CAN_ENGINE_RPM,LATEST_LIVE,2026-09-02T19:32:15.000Z,2026-09-02T19:32:29.907Z,2026-09-02T19:32:29.665Z,2026-09-02T19:32:29.907Z,5842,949,"{""value"":949,""timestamp"":""2026-09-02T19:32:15Z""}",,,,,,,,4722
powertrainCombustionEngineSpeed,CAN_ENGINE_RPM,LATEST_LIVE,2026-09-02T19:32:15.000Z,2026-09-02T19:32:35.724Z,2026-09-02T19:32:35.501Z,2026-09-02T19:32:35.724Z,5847,949,"{""value"":949,""timestamp"":""2026-09-02T19:32:15Z""}",,,,,,,,4727
powertrainCombustionEngineSpeed,CAN_ENGINE_RPM,LATEST_LIVE,2026-09-02T19:32:15.000Z,2026-09-02T19:32:41.457Z,2026-09-02T19:32:41.233Z,2026-09-02T19:32:41.457Z,5852,949,"{""value"":949,""timestamp"":""2026-09-02T19:32:15Z""}",,,,,,,,4732
powertrainCombustionEngineSpeed,CAN_ENGINE_RPM,LATEST_LIVE,2026-09-02T19:32:15.000Z,2026-09-02T19:32:47.309Z,2026-09-02T19:32:46.961Z,2026-09-02T19:32:47.309Z,5857,949,"{""value"":949,""timestamp"":""2026-09-02T19:32:15Z""}",,,,,,,,4737
powertrainCombustionEngineSpeed,CAN_ENGINE_RPM,LATEST_LIVE,2026-09-02T19:32:15.000Z,2026-09-02T19:32:53.131Z,2026-09-02T19:32:52.906Z,2026-09-02T19:32:53.131Z,5862,949,"{""value"":949,""timestamp"":""2026-09-02T19:32:15Z""}",,,,,,,,4742
powertrainCombustionEngineSpeed,CAN_ENGINE_RPM,LATEST_LIVE,2026-09-02T19:32:15.000Z,2026-09-02T19:32:59.081Z,2026-09-02T19:32:58.828Z,2026-09-02T19:32:59.081Z,5893,949,"{""value"":949,""timestamp"":""2026-09-02T19:32:15Z""}",,,,,,,,4753
powertrainCombustionEngineSpeed,CAN_ENGINE_RPM,LATEST_LIVE,2026-09-02T19:32:15.000Z,2026-09-02T19:33:04.809Z,2026-09-02T19:33:04.590Z,2026-09-02T19:33:04.809Z,5898,949,"{""value"":949,""timestamp"":""2026-09-02T19:32:15Z""}",,,,,,,,4758
powertrainCombustionEngineSpeed,CAN_ENGINE_RPM,LATEST_LIVE,2026-09-02T19:32:15.000Z,2026-09-02T19:33:10.636Z,2026-09-02T19:33:10.426Z,2026-09-02T19:33:10.636Z,5903,949,"{""value"":949,""timestamp"":""2026-09-02T19:32:15Z""}",,,,,,,,4763
powertrainCombustionEngineSpeed,CAN_ENGINE_RPM,LATEST_LIVE,2026-09-02T19:32:15.000Z,2026-09-02T19:33:16.422Z,2026-09-02T19:33:16.166Z,2026-09-02T19:33:16.422Z,5908,949,"{""value"":949,""timestamp"":""2026-09-02T19:32:15Z""}",,,,,,,,4768
powertrainCombustionEngineSpeed,CAN_ENGINE_RPM,LATEST_LIVE,2026-09-02T19:32:15.000Z,2026-09-02T19:33:22.210Z,2026-09-02T19:33:21.992Z,2026-09-02T19:33:22.210Z,5913,949,"{""value"":949,""timestamp"":""2026-09-02T19:32:15Z""}",,,,,,,,4773
powertrainCombustionEngineSpeed,CAN_ENGINE_RPM,LATEST_LIVE,2026-09-02T19:32:15.000Z,2026-09-02T19:33:28.008Z,2026-09-02T19:33:27.729Z,2026-09-02T19:33:28.008Z,5918,949,"{""value"":949,""timestamp"":""2026-09-02T19:32:15Z""}",,,,,,,,4778
powertrainCombustionEngineSpeed,CAN_ENGINE_RPM,LATEST_LIVE,2026-09-02T19:32:15.000Z,2026-09-02T19:33:34.209Z,2026-09-02T19:33:33.871Z,2026-09-02T19:33:34.209Z,5949,949,"{""value"":949,""timestamp"":""2026-09-02T19:32:15Z""}",,,,,,,,4789
powertrainCombustionEngineSpeed,CAN_ENGINE_RPM,LATEST_LIVE,2026-09-02T19:32:15.000Z,2026-09-02T19:33:40.104Z,2026-09-02T19:33:39.815Z,2026-09-02T19:33:40.104Z,5954,949,"{""value"":949,""timestamp"":""2026-09-02T19:32:15Z""}",,,,,,,,4794
powertrainCombustionEngineSpeed,CAN_ENGINE_RPM,LATEST_LIVE,2026-09-02T19:32:15.000Z,2026-09-02T19:33:45.959Z,2026-09-02T19:33:45.730Z,2026-09-02T19:33:45.959Z,5959,949,"{""value"":949,""timestamp"":""2026-09-02T19:32:15Z""}",,,,,,,,4799
powertrainCombustionEngineSpeed,CAN_ENGINE_RPM,LATEST_LIVE,2026-09-02T19:32:15.000Z,2026-09-02T19:33:51.770Z,2026-09-02T19:33:51.567Z,2026-09-02T19:33:51.770Z,5964,949,"{""value"":949,""timestamp"":""2026-09-02T19:32:15Z""}",,,,,,,,4804
powertrainCombustionEngineSpeed,CAN_ENGINE_RPM,LATEST_LIVE,2026-09-02T19:32:15.000Z,2026-09-02T19:33:57.708Z,2026-09-02T19:33:57.299Z,2026-09-02T19:33:57.708Z,5969,949,"{""value"":949,""timestamp"":""2026-09-02T19:32:15Z""}",,,,,,,,4809
powertrainCombustionEngineSpeed,CAN_ENGINE_RPM,LATEST_LIVE,2026-09-02T19:32:15.000Z,2026-09-02T19:34:03.532Z,2026-09-02T19:34:03.246Z,2026-09-02T19:34:03.532Z,5974,949,"{""value"":949,""timestamp"":""2026-09-02T19:32:15Z""}",,,,,,,,4814
powertrainCombustionEngineSpeed,CAN_ENGINE_RPM,LATEST_LIVE,2026-09-02T19:32:15.000Z,2026-09-02T19:34:09.715Z,2026-09-02T19:34:09.374Z,2026-09-02T19:34:09.715Z,6005,949,"{""value"":949,""timestamp"":""2026-09-02T19:32:15Z""}",,,,,,,,4825
powertrainCombustionEngineSpeed,CAN_ENGINE_RPM,LATEST_LIVE,2026-09-02T19:32:15.000Z,2026-09-02T19:34:15.825Z,2026-09-02T19:34:15.513Z,2026-09-02T19:34:15.825Z,6010,949,"{""value"":949,""timestamp"":""2026-09-02T19:32:15Z""}",,,,,,,,4830
powertrainCombustionEngineSpeed,CAN_ENGINE_RPM,LATEST_LIVE,2026-09-02T19:32:15.000Z,2026-09-02T19:34:21.706Z,2026-09-02T19:34:21.371Z,2026-09-02T19:34:21.706Z,6015,949,"{""value"":949,""timestamp"":""2026-09-02T19:32:15Z""}",,,,,,,,4835
powertrainCombustionEngineSpeed,CAN_ENGINE_RPM,LATEST_LIVE,2026-09-02T19:34:20.000Z,2026-09-02T19:34:27.499Z,2026-09-02T19:34:27.280Z,2026-09-02T19:34:27.499Z,6020,929,"{""value"":929,""timestamp"":""2026-09-02T19:34:20Z""}",,,,,,,,4840
powertrainCombustionEngineSpeed,CAN_ENGINE_RPM,HF_HISTORICAL,2026-09-02T19:34:19.707Z,2026-09-02T19:34:27.886Z,2026-09-02T19:34:27.500Z,2026-09-02T19:34:27.886Z,6025,929,929,cceba67245d6f3838624a328fc231e1f003e2721c66cc5b6f7b00ece4fa1f00d,1s,AVG,cceba67245d6f3838624a328fc231e1f003e2721c66cc5b6f7b00ece4fa1f00d,2026-09-02T19:34:19.707Z,2026-09-02T19:34:27.500Z,2026-09-02T19:34:27.500Z,4845
powertrainCombustionEngineSpeed,CAN_ENGINE_RPM,LATEST_LIVE,2026-09-02T19:34:20.000Z,2026-09-02T19:34:33.433Z,2026-09-02T19:34:33.232Z,2026-09-02T19:34:33.433Z,6030,929,"{""value"":929,""timestamp"":""2026-09-02T19:34:20Z""}",,,,,,,,4850
powertrainCombustionEngineSpeed,CAN_ENGINE_RPM,LATEST_LIVE,2026-09-02T19:34:20.000Z,2026-09-02T19:34:39.372Z,2026-09-02T19:34:39.060Z,2026-09-02T19:34:39.372Z,6035,929,"{""value"":929,""timestamp"":""2026-09-02T19:34:20Z""}",,,,,,,,4855
powertrainCombustionEngineSpeed,CAN_ENGINE_RPM,LATEST_LIVE,2026-09-02T19:34:20.000Z,2026-09-02T19:34:45.525Z,2026-09-02T19:34:45.304Z,2026-09-02T19:34:45.525Z,6066,929,"{""value"":929,""timestamp"":""2026-09-02T19:34:20Z""}",,,,,,,,4866
powertrainCombustionEngineSpeed,CAN_ENGINE_RPM,LATEST_LIVE,2026-09-02T19:34:20.000Z,2026-09-02T19:34:51.289Z,2026-09-02T19:34:51.040Z,2026-09-02T19:34:51.289Z,6071,929,"{""value"":929,""timestamp"":""2026-09-02T19:34:20Z""}",,,,,,,,4871
powertrainCombustionEngineSpeed,CAN_ENGINE_RPM,LATEST_LIVE,2026-09-02T19:34:20.000Z,2026-09-02T19:34:57.276Z,2026-09-02T19:34:56.969Z,2026-09-02T19:34:57.276Z,6076,929,"{""value"":929,""timestamp"":""2026-09-02T19:34:20Z""}",,,,,,,,4876
powertrainCombustionEngineSpeed,CAN_ENGINE_RPM,LATEST_LIVE,2026-09-02T19:34:20.000Z,2026-09-02T19:35:03.291Z,2026-09-02T19:35:02.903Z,2026-09-02T19:35:03.291Z,6081,929,"{""value"":929,""timestamp"":""2026-09-02T19:34:20Z""}",,,,,,,,4881
powertrainCombustionEngineSpeed,CAN_ENGINE_RPM,LATEST_LIVE,2026-09-02T19:34:20.000Z,2026-09-02T19:35:09.269Z,2026-09-02T19:35:08.968Z,2026-09-02T19:35:09.269Z,6086,929,"{""value"":929,""timestamp"":""2026-09-02T19:34:20Z""}",,,,,,,,4886
powertrainCombustionEngineSpeed,CAN_ENGINE_RPM,LATEST_LIVE,2026-09-02T19:34:20.000Z,2026-09-02T19:35:15.375Z,2026-09-02T19:35:15.102Z,2026-09-02T19:35:15.375Z,6091,929,"{""value"":929,""timestamp"":""2026-09-02T19:34:20Z""}",,,,,,,,4891
powertrainCombustionEngineSpeed,CAN_ENGINE_RPM,LATEST_LIVE,2026-09-02T19:34:20.000Z,2026-09-02T19:35:21.637Z,2026-09-02T19:35:21.141Z,2026-09-02T19:35:21.637Z,6122,929,"{""value"":929,""timestamp"":""2026-09-02T19:34:20Z""}",,,,,,,,4902
powertrainCombustionEngineSpeed,CAN_ENGINE_RPM,LATEST_LIVE,2026-09-02T19:34:20.000Z,2026-09-02T19:35:27.389Z,2026-09-02T19:35:27.163Z,2026-09-02T19:35:27.389Z,6127,929,"{""value"":929,""timestamp"":""2026-09-02T19:34:20Z""}",,,,,,,,4907
powertrainCombustionEngineSpeed,CAN_ENGINE_RPM,LATEST_LIVE,2026-09-02T19:34:20.000Z,2026-09-02T19:35:33.117Z,2026-09-02T19:35:32.895Z,2026-09-02T19:35:33.117Z,6132,929,"{""value"":929,""timestamp"":""2026-09-02T19:34:20Z""}",,,,,,,,4912
powertrainCombustionEngineSpeed,CAN_ENGINE_RPM,LATEST_LIVE,2026-09-02T19:34:20.000Z,2026-09-02T19:35:38.911Z,2026-09-02T19:35:38.629Z,2026-09-02T19:35:38.911Z,6137,929,"{""value"":929,""timestamp"":""2026-09-02T19:34:20Z""}",,,,,,,,4917
powertrainCombustionEngineSpeed,CAN_ENGINE_RPM,LATEST_LIVE,2026-09-02T19:34:20.000Z,2026-09-02T19:35:45.599Z,2026-09-02T19:35:45.366Z,2026-09-02T19:35:45.599Z,6142,929,"{""value"":929,""timestamp"":""2026-09-02T19:34:20Z""}",,,,,,,,4922
powertrainCombustionEngineSpeed,CAN_ENGINE_RPM,LATEST_LIVE,2026-09-02T19:35:47.000Z,2026-09-02T19:35:51.886Z,2026-09-02T19:35:51.388Z,2026-09-02T19:35:51.886Z,6147,1507,"{""value"":1507,""timestamp"":""2026-09-02T19:35:47Z""}",,,,,,,,4927
powertrainCombustionEngineSpeed,CAN_ENGINE_RPM,HF_HISTORICAL,2026-09-02T19:35:46.601Z,2026-09-02T19:35:52.087Z,2026-09-02T19:35:51.887Z,2026-09-02T19:35:52.087Z,6152,1507,1507,b26175d964f901611098e2e3983c0b9832fc4e1d6017f642bccfed5712ab1989,1s,AVG,b26175d964f901611098e2e3983c0b9832fc4e1d6017f642bccfed5712ab1989,2026-09-02T19:35:43.601Z,2026-09-02T19:35:51.887Z,2026-09-02T19:35:51.887Z,4932
powertrainCombustionEngineSpeed,CAN_ENGINE_RPM,LATEST_LIVE,2026-09-02T19:35:52.000Z,2026-09-02T19:35:57.956Z,2026-09-02T19:35:57.738Z,2026-09-02T19:35:57.956Z,6183,1469,"{""value"":1469,""timestamp"":""2026-09-02T19:35:52Z""}",,,,,,,,4943
powertrainCombustionEngineSpeed,CAN_ENGINE_RPM,HF_HISTORICAL,2026-09-02T19:35:51.887Z,2026-09-02T19:35:58.164Z,2026-09-02T19:35:57.957Z,2026-09-02T19:35:58.164Z,6188,1469,1469,e481a1ef3a1c46721266ec535f885eef079c3b9ad1213956c27e11f022e24150,1s,AVG,e481a1ef3a1c46721266ec535f885eef079c3b9ad1213956c27e11f022e24150,2026-09-02T19:35:49.887Z,2026-09-02T19:35:57.957Z,2026-09-02T19:35:57.957Z,4948
powertrainCombustionEngineSpeed,CAN_ENGINE_RPM,LATEST_LIVE,2026-09-02T19:35:58.000Z,2026-09-02T19:36:03.740Z,2026-09-02T19:36:03.494Z,2026-09-02T19:36:03.740Z,6193,1384,"{""value"":1384,""timestamp"":""2026-09-02T19:35:58Z""}",,,,,,,,4953
powertrainCombustionEngineSpeed,CAN_ENGINE_RPM,HF_HISTORICAL,2026-09-02T19:35:56.957Z,2026-09-02T19:36:03.960Z,2026-09-02T19:36:03.749Z,2026-09-02T19:36:03.960Z,6198,920,920,a23d027d37bbac59f623981b564f65fd052b2c771f7555f779421b0daa083947,1s,AVG,a23d027d37bbac59f623981b564f65fd052b2c771f7555f779421b0daa083947,2026-09-02T19:35:55.957Z,2026-09-02T19:36:03.749Z,2026-09-02T19:36:03.749Z,4958
powertrainCombustionEngineSpeed,CAN_ENGINE_RPM,HF_HISTORICAL,2026-09-02T19:35:57.957Z,2026-09-02T19:36:03.960Z,2026-09-02T19:36:03.749Z,2026-09-02T19:36:03.960Z,6203,1384,1384,40c27afc0a38b845b078c32d21396dd3a9b88f79fe2bc9a8c9a581a1dafab24b,1s,AVG,40c27afc0a38b845b078c32d21396dd3a9b88f79fe2bc9a8c9a581a1dafab24b,2026-09-02T19:35:55.957Z,2026-09-02T19:36:03.749Z,2026-09-02T19:36:03.749Z,4963
powertrainCombustionEngineSpeed,CAN_ENGINE_RPM,LATEST_LIVE,2026-09-02T19:36:06.000Z,2026-09-02T19:36:09.445Z,2026-09-02T19:36:09.214Z,2026-09-02T19:36:09.445Z,6208,993,"{""value"":993,""timestamp"":""2026-09-02T19:36:06Z""}",,,,,,,,4968
powertrainCombustionEngineSpeed,CAN_ENGINE_RPM,HF_HISTORICAL,2026-09-02T19:36:01.749Z,2026-09-02T19:36:09.742Z,2026-09-02T19:36:09.446Z,2026-09-02T19:36:09.743Z,6213,1225,1225,3719664dc42a9403ec0e1d21051106a35a0110dee5451126cabf009ad98dd670,1s,AVG,3719664dc42a9403ec0e1d21051106a35a0110dee5451126cabf009ad98dd670,2026-09-02T19:36:01.749Z,2026-09-02T19:36:09.446Z,2026-09-02T19:36:09.446Z,4973
powertrainCombustionEngineSpeed,CAN_ENGINE_RPM,HF_HISTORICAL,2026-09-02T19:36:05.749Z,2026-09-02T19:36:09.742Z,2026-09-02T19:36:09.446Z,2026-09-02T19:36:09.743Z,6218,993,993,bf546c67c0caae0f96d6e6fb26035170281954687df31bcd25f9ad79e2b9fe0f,1s,AVG,bf546c67c0caae0f96d6e6fb26035170281954687df31bcd25f9ad79e2b9fe0f,2026-09-02T19:36:01.749Z,2026-09-02T19:36:09.446Z,2026-09-02T19:36:09.446Z,4978
powertrainCombustionEngineSpeed,CAN_ENGINE_RPM,LATEST_LIVE,2026-09-02T19:36:12.000Z,2026-09-02T19:36:15.469Z,2026-09-02T19:36:15.163Z,2026-09-02T19:36:15.469Z,6223,1028,"{""value"":1028,""timestamp"":""2026-09-02T19:36:12Z""}",,,,,,,,4983
powertrainCombustionEngineSpeed,CAN_ENGINE_RPM,HF_HISTORICAL,2026-09-02T19:36:09.446Z,2026-09-02T19:36:15.748Z,2026-09-02T19:36:15.470Z,2026-09-02T19:36:15.748Z,6228,1028,1028,063d0b43f8a0595f4cbfe2450e1807a9e09481bf26837004f011e410b06c9750,1s,AVG,063d0b43f8a0595f4cbfe2450e1807a9e09481bf26837004f011e410b06c9750,2026-09-02T19:36:07.446Z,2026-09-02T19:36:15.470Z,2026-09-02T19:36:15.470Z,4988
powertrainCombustionEngineSpeed,CAN_ENGINE_RPM,HF_HISTORICAL,2026-09-02T19:36:11.446Z,2026-09-02T19:36:15.748Z,2026-09-02T19:36:15.470Z,2026-09-02T19:36:15.748Z,6233,1028,1028,cffd4dac74618cfce9f4782cefb823f70da1a40ebfdcd9f2ae0ad263dc4a1a00,1s,AVG,cffd4dac74618cfce9f4782cefb823f70da1a40ebfdcd9f2ae0ad263dc4a1a00,2026-09-02T19:36:07.446Z,2026-09-02T19:36:15.470Z,2026-09-02T19:36:15.470Z,4993
powertrainCombustionEngineSpeed,CAN_ENGINE_RPM,LATEST_LIVE,2026-09-02T19:36:17.000Z,2026-09-02T19:36:21.557Z,2026-09-02T19:36:21.312Z,2026-09-02T19:36:21.557Z,6238,938,"{""value"":938,""timestamp"":""2026-09-02T19:36:17Z""}",,,,,,,,4998
powertrainCombustionEngineSpeed,CAN_ENGINE_RPM,HF_HISTORICAL,2026-09-02T19:36:14.470Z,2026-09-02T19:36:21.769Z,2026-09-02T19:36:21.560Z,2026-09-02T19:36:21.769Z,6243,1147,1147,5fd3f436d771d2766cb18393e22d121c67c98a51a05ba76aaa14a11755ab527a,1s,AVG,5fd3f436d771d2766cb18393e22d121c67c98a51a05ba76aaa14a11755ab527a,2026-09-02T19:36:13.470Z,2026-09-02T19:36:21.560Z,2026-09-02T19:36:21.560Z,5003
powertrainCombustionEngineSpeed,CAN_ENGINE_RPM,HF_HISTORICAL,2026-09-02T19:36:16.470Z,2026-09-02T19:36:21.769Z,2026-09-02T19:36:21.560Z,2026-09-02T19:36:21.769Z,6248,938,938,34e15c280c05563604b0595432f5f7db469fc61024e0e5023276f5ee30be169c,1s,AVG,34e15c280c05563604b0595432f5f7db469fc61024e0e5023276f5ee30be169c,2026-09-02T19:36:13.470Z,2026-09-02T19:36:21.560Z,2026-09-02T19:36:21.560Z,5008
