providerField,canonicalKey,acquisitionSurface,providerTimestamp,synqReceivedAt,requestStartedAt,requestCompletedAt,sequenceNumber,numericValue,rawValueJson,physicalSampleFingerprint,requestedInterval,requestedAggregation,aggregateBucketIdentity,hfWindowFrom,hfWindowTo,hfActualQueryTo,acquisitionOrdinal
speed,CAN_VEHICLE_SPEED,LATEST_LIVE,2026-09-02T17:48:54.000Z,2026-09-02T18:59:15.949Z,2026-09-02T18:59:15.730Z,2026-09-02T18:59:15.949Z,5,13,"{""value"":13,""timestamp"":""2026-09-02T17:48:54Z""}",,,,,,,,5
speed,CAN_VEHICLE_SPEED,LATEST_LIVE,2026-09-02T17:48:54.000Z,2026-09-02T18:59:22.101Z,2026-09-02T18:59:21.772Z,2026-09-02T18:59:22.101Z,36,13,"{""value"":13,""timestamp"":""2026-09-02T17:48:54Z""}",,,,,,,,16
speed,CAN_VEHICLE_SPEED,LATEST_LIVE,2026-09-02T17:48:54.000Z,2026-09-02T18:59:28.041Z,2026-09-02T18:59:27.805Z,2026-09-02T18:59:28.041Z,41,13,"{""value"":13,""timestamp"":""2026-09-02T17:48:54Z""}",,,,,,,,21
speed,CAN_VEHICLE_SPEED,LATEST_LIVE,2026-09-02T17:48:54.000Z,2026-09-02T18:59:34.101Z,2026-09-02T18:59:33.640Z,2026-09-02T18:59:34.101Z,46,13,"{""value"":13,""timestamp"":""2026-09-02T17:48:54Z""}",,,,,,,,26
speed,CAN_VEHICLE_SPEED,LATEST_LIVE,2026-09-02T17:48:54.000Z,2026-09-02T18:59:39.958Z,2026-09-02T18:59:39.672Z,2026-09-02T18:59:39.958Z,51,13,"{""value"":13,""timestamp"":""2026-09-02T17:48:54Z""}",,,,,,,,31
speed,CAN_VEHICLE_SPEED,LATEST_LIVE,2026-09-02T17:48:54.000Z,2026-09-02T18:59:45.643Z,2026-09-02T18:59:45.415Z,2026-09-02T18:59:45.643Z,56,13,"{""value"":13,""timestamp"":""2026-09-02T17:48:54Z""}",,,,,,,,36
speed,CAN_VEHICLE_SPEED,LATEST_LIVE,2026-09-02T18:59:47.000Z,2026-09-02T18:59:51.860Z,2026-09-02T18:59:51.544Z,2026-09-02T18:59:51.860Z,87,0,"{""value"":0,""timestamp"":""2026-09-02T18:59:47Z""}",,,,,,,,47
speed,CAN_VEHICLE_SPEED,HF_HISTORICAL,2026-09-02T18:59:45.646Z,2026-09-02T18:59:52.125Z,2026-09-02T18:59:51.863Z,2026-09-02T18:59:52.125Z,92,0,0,3733e0974bac7e1cfcf2d6c933ed1463b2699a1919af2427800fcd8358700133,1s,AVG,3733e0974bac7e1cfcf2d6c933ed1463b2699a1919af2427800fcd8358700133,2026-09-02T18:59:43.646Z,2026-09-02T18:59:51.863Z,2026-09-02T18:59:51.863Z,52
speed,CAN_VEHICLE_SPEED,HF_HISTORICAL,2026-09-02T18:59:46.646Z,2026-09-02T18:59:52.125Z,2026-09-02T18:59:51.863Z,2026-09-02T18:59:52.125Z,97,0,0,69a0d2934cbb05e6555b2d08d0c2b7bc5a1f0c68df0d4b0a6817e8998c5120eb,1s,AVG,69a0d2934cbb05e6555b2d08d0c2b7bc5a1f0c68df0d4b0a6817e8998c5120eb,2026-09-02T18:59:43.646Z,2026-09-02T18:59:51.863Z,2026-09-02T18:59:51.863Z,57
speed,CAN_VEHICLE_SPEED,LATEST_LIVE,2026-09-02T18:59:53.000Z,2026-09-02T18:59:57.781Z,2026-09-02T18:59:57.480Z,2026-09-02T18:59:57.781Z,102,0,"{""value"":0,""timestamp"":""2026-09-02T18:59:53Z""}",,,,,,,,62
speed,CAN_VEHICLE_SPEED,HF_HISTORICAL,2026-09-02T18:59:49.863Z,2026-09-02T18:59:58.032Z,2026-09-02T18:59:57.784Z,2026-09-02T18:59:58.032Z,107,0,0,42c94aaaa0a9e0d76b5e8291b395ead747ebade4239ebb253eee82baaa843834,1s,AVG,42c94aaaa0a9e0d76b5e8291b395ead747ebade4239ebb253eee82baaa843834,2026-09-02T18:59:49.863Z,2026-09-02T18:59:57.784Z,2026-09-02T18:59:57.784Z,67
speed,CAN_VEHICLE_SPEED,HF_HISTORICAL,2026-09-02T18:59:50.863Z,2026-09-02T18:59:58.032Z,2026-09-02T18:59:57.784Z,2026-09-02T18:59:58.032Z,112,0,0,f6b7654e27c38dc0ec6bc37332cba8150fe125e3c2c8060304e2c4faab55e80d,1s,AVG,f6b7654e27c38dc0ec6bc37332cba8150fe125e3c2c8060304e2c4faab55e80d,2026-09-02T18:59:49.863Z,2026-09-02T18:59:57.784Z,2026-09-02T18:59:57.784Z,72
speed,CAN_VEHICLE_SPEED,HF_HISTORICAL,2026-09-02T18:59:52.863Z,2026-09-02T18:59:58.032Z,2026-09-02T18:59:57.784Z,2026-09-02T18:59:58.032Z,117,0,0,610c81b1378f06e65818880dad12ad2642f3d0cc6336fb90485a6aab836d3582,1s,AVG,610c81b1378f06e65818880dad12ad2642f3d0cc6336fb90485a6aab836d3582,2026-09-02T18:59:49.863Z,2026-09-02T18:59:57.784Z,2026-09-02T18:59:57.784Z,77
speed,CAN_VEHICLE_SPEED,LATEST_LIVE,2026-09-02T18:59:57.000Z,2026-09-02T19:00:03.829Z,2026-09-02T19:00:03.423Z,2026-09-02T19:00:03.829Z,122,0,"{""value"":0,""timestamp"":""2026-09-02T18:59:57Z""}",,,,,,,,82
speed,CAN_VEHICLE_SPEED,HF_HISTORICAL,2026-09-02T18:59:56.784Z,2026-09-02T19:00:04.205Z,2026-09-02T19:00:03.835Z,2026-09-02T19:00:04.205Z,127,0,0,a8fdf79105eb883cc449116058f3e9f42a958cb13c08c90598120361f89ce839,1s,AVG,a8fdf79105eb883cc449116058f3e9f42a958cb13c08c90598120361f89ce839,2026-09-02T18:59:55.784Z,2026-09-02T19:00:03.835Z,2026-09-02T19:00:03.835Z,87
speed,CAN_VEHICLE_SPEED,LATEST_LIVE,2026-09-02T18:59:59.000Z,2026-09-02T19:00:10.422Z,2026-09-02T19:00:10.054Z,2026-09-02T19:00:10.422Z,132,1,"{""value"":1,""timestamp"":""2026-09-02T18:59:59Z""}",,,,,,,,92
speed,CAN_VEHICLE_SPEED,LATEST_LIVE,2026-09-02T18:59:59.000Z,2026-09-02T19:00:16.365Z,2026-09-02T19:00:16.117Z,2026-09-02T19:00:16.365Z,137,1,"{""value"":1,""timestamp"":""2026-09-02T18:59:59Z""}",,,,,,,,97
speed,CAN_VEHICLE_SPEED,LATEST_LIVE,2026-09-02T18:59:59.000Z,2026-09-02T19:00:22.201Z,2026-09-02T19:00:21.969Z,2026-09-02T19:00:22.201Z,142,1,"{""value"":1,""timestamp"":""2026-09-02T18:59:59Z""}",,,,,,,,102
speed,CAN_VEHICLE_SPEED,LATEST_LIVE,2026-09-02T19:00:18.000Z,2026-09-02T19:00:28.267Z,2026-09-02T19:00:27.998Z,2026-09-02T19:00:28.267Z,173,1,"{""value"":1,""timestamp"":""2026-09-02T19:00:18Z""}",,,,,,,,113
speed,CAN_VEHICLE_SPEED,LATEST_LIVE,2026-09-02T19:00:18.000Z,2026-09-02T19:00:34.036Z,2026-09-02T19:00:33.754Z,2026-09-02T19:00:34.036Z,178,1,"{""value"":1,""timestamp"":""2026-09-02T19:00:18Z""}",,,,,,,,118
speed,CAN_VEHICLE_SPEED,LATEST_LIVE,2026-09-02T19:00:18.000Z,2026-09-02T19:00:39.888Z,2026-09-02T19:00:39.577Z,2026-09-02T19:00:39.888Z,183,1,"{""value"":1,""timestamp"":""2026-09-02T19:00:18Z""}",,,,,,,,123
speed,CAN_VEHICLE_SPEED,LATEST_LIVE,2026-09-02T19:00:18.000Z,2026-09-02T19:00:45.903Z,2026-09-02T19:00:45.637Z,2026-09-02T19:00:45.903Z,188,1,"{""value"":1,""timestamp"":""2026-09-02T19:00:18Z""}",,,,,,,,128
speed,CAN_VEHICLE_SPEED,LATEST_LIVE,2026-09-02T19:00:18.000Z,2026-09-02T19:00:51.651Z,2026-09-02T19:00:51.457Z,2026-09-02T19:00:51.651Z,193,1,"{""value"":1,""timestamp"":""2026-09-02T19:00:18Z""}",,,,,,,,133
speed,CAN_VEHICLE_SPEED,LATEST_LIVE,2026-09-02T19:00:18.000Z,2026-09-02T19:00:57.427Z,2026-09-02T19:00:57.200Z,2026-09-02T19:00:57.427Z,198,1,"{""value"":1,""timestamp"":""2026-09-02T19:00:18Z""}",,,,,,,,138
speed,CAN_VEHICLE_SPEED,LATEST_LIVE,2026-09-02T19:00:18.000Z,2026-09-02T19:01:04.063Z,2026-09-02T19:01:03.474Z,2026-09-02T19:01:04.063Z,229,1,"{""value"":1,""timestamp"":""2026-09-02T19:00:18Z""}",,,,,,,,149
speed,CAN_VEHICLE_SPEED,LATEST_LIVE,2026-09-02T19:00:18.000Z,2026-09-02T19:01:10.175Z,2026-09-02T19:01:09.888Z,2026-09-02T19:01:10.175Z,234,1,"{""value"":1,""timestamp"":""2026-09-02T19:00:18Z""}",,,,,,,,154
speed,CAN_VEHICLE_SPEED,LATEST_LIVE,2026-09-02T19:00:18.000Z,2026-09-02T19:01:16.049Z,2026-09-02T19:01:15.704Z,2026-09-02T19:01:16.049Z,239,1,"{""value"":1,""timestamp"":""2026-09-02T19:00:18Z""}",,,,,,,,159
speed,CAN_VEHICLE_SPEED,LATEST_LIVE,2026-09-02T19:00:18.000Z,2026-09-02T19:01:21.877Z,2026-09-02T19:01:21.651Z,2026-09-02T19:01:21.877Z,244,1,"{""value"":1,""timestamp"":""2026-09-02T19:00:18Z""}",,,,,,,,164
speed,CAN_VEHICLE_SPEED,LATEST_LIVE,2026-09-02T19:00:18.000Z,2026-09-02T19:01:27.688Z,2026-09-02T19:01:27.383Z,2026-09-02T19:01:27.688Z,249,1,"{""value"":1,""timestamp"":""2026-09-02T19:00:18Z""}",,,,,,,,169
speed,CAN_VEHICLE_SPEED,LATEST_LIVE,2026-09-02T19:00:18.000Z,2026-09-02T19:01:33.671Z,2026-09-02T19:01:33.425Z,2026-09-02T19:01:33.671Z,254,1,"{""value"":1,""timestamp"":""2026-09-02T19:00:18Z""}",,,,,,,,174
speed,CAN_VEHICLE_SPEED,LATEST_LIVE,2026-09-02T19:00:18.000Z,2026-09-02T19:01:39.674Z,2026-09-02T19:01:39.454Z,2026-09-02T19:01:39.674Z,285,1,"{""value"":1,""timestamp"":""2026-09-02T19:00:18Z""}",,,,,,,,185
speed,CAN_VEHICLE_SPEED,LATEST_LIVE,2026-09-02T19:00:18.000Z,2026-09-02T19:01:45.526Z,2026-09-02T19:01:45.290Z,2026-09-02T19:01:45.526Z,290,1,"{""value"":1,""timestamp"":""2026-09-02T19:00:18Z""}",,,,,,,,190
speed,CAN_VEHICLE_SPEED,LATEST_LIVE,2026-09-02T19:00:18.000Z,2026-09-02T19:01:51.285Z,2026-09-02T19:01:50.993Z,2026-09-02T19:01:51.285Z,295,1,"{""value"":1,""timestamp"":""2026-09-02T19:00:18Z""}",,,,,,,,195
speed,CAN_VEHICLE_SPEED,LATEST_LIVE,2026-09-02T19:00:18.000Z,2026-09-02T19:01:57.205Z,2026-09-02T19:01:56.972Z,2026-09-02T19:01:57.205Z,300,1,"{""value"":1,""timestamp"":""2026-09-02T19:00:18Z""}",,,,,,,,200
speed,CAN_VEHICLE_SPEED,LATEST_LIVE,2026-09-02T19:00:18.000Z,2026-09-02T19:02:03.161Z,2026-09-02T19:02:02.764Z,2026-09-02T19:02:03.161Z,305,1,"{""value"":1,""timestamp"":""2026-09-02T19:00:18Z""}",,,,,,,,205
speed,CAN_VEHICLE_SPEED,LATEST_LIVE,2026-09-02T19:00:18.000Z,2026-09-02T19:02:08.905Z,2026-09-02T19:02:08.660Z,2026-09-02T19:02:08.905Z,310,1,"{""value"":1,""timestamp"":""2026-09-02T19:00:18Z""}",,,,,,,,210
speed,CAN_VEHICLE_SPEED,LATEST_LIVE,2026-09-02T19:00:18.000Z,2026-09-02T19:02:14.934Z,2026-09-02T19:02:14.629Z,2026-09-02T19:02:14.934Z,341,1,"{""value"":1,""timestamp"":""2026-09-02T19:00:18Z""}",,,,,,,,221
speed,CAN_VEHICLE_SPEED,LATEST_LIVE,2026-09-02T19:00:18.000Z,2026-09-02T19:02:20.752Z,2026-09-02T19:02:20.483Z,2026-09-02T19:02:20.752Z,346,1,"{""value"":1,""timestamp"":""2026-09-02T19:00:18Z""}",,,,,,,,226
speed,CAN_VEHICLE_SPEED,LATEST_LIVE,2026-09-02T19:00:18.000Z,2026-09-02T19:02:26.617Z,2026-09-02T19:02:26.398Z,2026-09-02T19:02:26.617Z,351,1,"{""value"":1,""timestamp"":""2026-09-02T19:00:18Z""}",,,,,,,,231
speed,CAN_VEHICLE_SPEED,LATEST_LIVE,2026-09-02T19:00:18.000Z,2026-09-02T19:02:32.648Z,2026-09-02T19:02:32.227Z,2026-09-02T19:02:32.648Z,356,1,"{""value"":1,""timestamp"":""2026-09-02T19:00:18Z""}",,,,,,,,236
speed,CAN_VEHICLE_SPEED,LATEST_LIVE,2026-09-02T19:00:18.000Z,2026-09-02T19:02:38.941Z,2026-09-02T19:02:38.653Z,2026-09-02T19:02:38.941Z,361,1,"{""value"":1,""timestamp"":""2026-09-02T19:00:18Z""}",,,,,,,,241
speed,CAN_VEHICLE_SPEED,LATEST_LIVE,2026-09-02T19:00:18.000Z,2026-09-02T19:02:44.730Z,2026-09-02T19:02:44.485Z,2026-09-02T19:02:44.730Z,366,1,"{""value"":1,""timestamp"":""2026-09-02T19:00:18Z""}",,,,,,,,246
speed,CAN_VEHICLE_SPEED,LATEST_LIVE,2026-09-02T19:00:18.000Z,2026-09-02T19:02:50.829Z,2026-09-02T19:02:50.543Z,2026-09-02T19:02:50.829Z,397,1,"{""value"":1,""timestamp"":""2026-09-02T19:00:18Z""}",,,,,,,,257
speed,CAN_VEHICLE_SPEED,LATEST_LIVE,2026-09-02T19:00:18.000Z,2026-09-02T19:02:56.638Z,2026-09-02T19:02:56.365Z,2026-09-02T19:02:56.638Z,402,1,"{""value"":1,""timestamp"":""2026-09-02T19:00:18Z""}",,,,,,,,262
speed,CAN_VEHICLE_SPEED,LATEST_LIVE,2026-09-02T19:00:18.000Z,2026-09-02T19:03:02.397Z,2026-09-02T19:03:02.121Z,2026-09-02T19:03:02.397Z,407,1,"{""value"":1,""timestamp"":""2026-09-02T19:00:18Z""}",,,,,,,,267
speed,CAN_VEHICLE_SPEED,LATEST_LIVE,2026-09-02T19:00:18.000Z,2026-09-02T19:03:08.475Z,2026-09-02T19:03:07.953Z,2026-09-02T19:03:08.475Z,412,1,"{""value"":1,""timestamp"":""2026-09-02T19:00:18Z""}",,,,,,,,272
speed,CAN_VEHICLE_SPEED,LATEST_LIVE,2026-09-02T19:00:18.000Z,2026-09-02T19:03:14.327Z,2026-09-02T19:03:14.077Z,2026-09-02T19:03:14.327Z,417,1,"{""value"":1,""timestamp"":""2026-09-02T19:00:18Z""}",,,,,,,,277
speed,CAN_VEHICLE_SPEED,LATEST_LIVE,2026-09-02T19:00:18.000Z,2026-09-02T19:03:20.417Z,2026-09-02T19:03:20.133Z,2026-09-02T19:03:20.417Z,422,1,"{""value"":1,""timestamp"":""2026-09-02T19:00:18Z""}",,,,,,,,282
speed,CAN_VEHICLE_SPEED,LATEST_LIVE,2026-09-02T19:00:18.000Z,2026-09-02T19:03:26.994Z,2026-09-02T19:03:26.754Z,2026-09-02T19:03:26.994Z,453,1,"{""value"":1,""timestamp"":""2026-09-02T19:00:18Z""}",,,,,,,,293
speed,CAN_VEHICLE_SPEED,LATEST_LIVE,2026-09-02T19:03:24.000Z,2026-09-02T19:03:33.385Z,2026-09-02T19:03:32.510Z,2026-09-02T19:03:33.385Z,458,49,"{""value"":49,""timestamp"":""2026-09-02T19:03:24Z""}",,,,,,,,298
speed,CAN_VEHICLE_SPEED,LATEST_LIVE,2026-09-02T19:03:24.000Z,2026-09-02T19:03:39.521Z,2026-09-02T19:03:39.031Z,2026-09-02T19:03:39.521Z,463,49,"{""value"":49,""timestamp"":""2026-09-02T19:03:24Z""}",,,,,,,,303
speed,CAN_VEHICLE_SPEED,LATEST_LIVE,2026-09-02T19:03:41.000Z,2026-09-02T19:03:45.421Z,2026-09-02T19:03:45.176Z,2026-09-02T19:03:45.421Z,468,10,"{""value"":10,""timestamp"":""2026-09-02T19:03:41Z""}",,,,,,,,308
speed,CAN_VEHICLE_SPEED,HF_HISTORICAL,2026-09-02T19:03:39.522Z,2026-09-02T19:03:45.616Z,2026-09-02T19:03:45.423Z,2026-09-02T19:03:45.616Z,473,40,40,249f69fd757e9d8a8be37e95c680bad75795dd83b95d1c6b6f26b7eb9bd960ed,1s,AVG,249f69fd757e9d8a8be37e95c680bad75795dd83b95d1c6b6f26b7eb9bd960ed,2026-09-02T19:03:37.522Z,2026-09-02T19:03:45.423Z,2026-09-02T19:03:45.423Z,313
speed,CAN_VEHICLE_SPEED,HF_HISTORICAL,2026-09-02T19:03:40.522Z,2026-09-02T19:03:45.616Z,2026-09-02T19:03:45.423Z,2026-09-02T19:03:45.616Z,478,10,10,12b4ad00f422bd9e13999105ba42c9e9a37791fbd9caf0b5e53f04a8aab86481,1s,AVG,12b4ad00f422bd9e13999105ba42c9e9a37791fbd9caf0b5e53f04a8aab86481,2026-09-02T19:03:37.522Z,2026-09-02T19:03:45.423Z,2026-09-02T19:03:45.423Z,318
speed,CAN_VEHICLE_SPEED,LATEST_LIVE,2026-09-02T19:03:46.000Z,2026-09-02T19:03:51.189Z,2026-09-02T19:03:50.897Z,2026-09-02T19:03:51.189Z,483,17,"{""value"":17,""timestamp"":""2026-09-02T19:03:46Z""}",,,,,,,,323
speed,CAN_VEHICLE_SPEED,HF_HISTORICAL,2026-09-02T19:03:44.423Z,2026-09-02T19:03:51.378Z,2026-09-02T19:03:51.190Z,2026-09-02T19:03:51.378Z,488,10,10,ee5c058fb70dce30c919c198248feda1f1b6751b09f7e69aa880c6e77e256595,1s,AVG,ee5c058fb70dce30c919c198248feda1f1b6751b09f7e69aa880c6e77e256595,2026-09-02T19:03:43.423Z,2026-09-02T19:03:51.190Z,2026-09-02T19:03:51.190Z,328
speed,CAN_VEHICLE_SPEED,HF_HISTORICAL,2026-09-02T19:03:45.423Z,2026-09-02T19:03:51.378Z,2026-09-02T19:03:51.190Z,2026-09-02T19:03:51.378Z,493,17,17,5aa284397f13f650749a618311e6e4171df3e011cd55cb8c9e7d6f3279db9de6,1s,AVG,5aa284397f13f650749a618311e6e4171df3e011cd55cb8c9e7d6f3279db9de6,2026-09-02T19:03:43.423Z,2026-09-02T19:03:51.190Z,2026-09-02T19:03:51.190Z,333
speed,CAN_VEHICLE_SPEED,LATEST_LIVE,2026-09-02T19:03:53.000Z,2026-09-02T19:03:56.904Z,2026-09-02T19:03:56.660Z,2026-09-02T19:03:56.904Z,498,63,"{""value"":63,""timestamp"":""2026-09-02T19:03:53Z""}",,,,,,,,338
speed,CAN_VEHICLE_SPEED,HF_HISTORICAL,2026-09-02T19:03:49.190Z,2026-09-02T19:03:57.120Z,2026-09-02T19:03:56.905Z,2026-09-02T19:03:57.120Z,503,68,68,1286a81c4463689f85562068fd82201a401668cd03be4fbfe06ccb51196ec540,1s,AVG,1286a81c4463689f85562068fd82201a401668cd03be4fbfe06ccb51196ec540,2026-09-02T19:03:49.190Z,2026-09-02T19:03:56.905Z,2026-09-02T19:03:56.905Z,343
speed,CAN_VEHICLE_SPEED,HF_HISTORICAL,2026-09-02T19:03:52.190Z,2026-09-02T19:03:57.120Z,2026-09-02T19:03:56.905Z,2026-09-02T19:03:57.120Z,508,63,63,a109490132ba0dabd95ffa5960fbf7186ed90d729486702f4098ceef916a46e3,1s,AVG,a109490132ba0dabd95ffa5960fbf7186ed90d729486702f4098ceef916a46e3,2026-09-02T19:03:49.190Z,2026-09-02T19:03:56.905Z,2026-09-02T19:03:56.905Z,348
speed,CAN_VEHICLE_SPEED,LATEST_LIVE,2026-09-02T19:03:57.000Z,2026-09-02T19:04:02.951Z,2026-09-02T19:04:02.688Z,2026-09-02T19:04:02.951Z,539,60,"{""value"":60,""timestamp"":""2026-09-02T19:03:57Z""}",,,,,,,,359
speed,CAN_VEHICLE_SPEED,HF_HISTORICAL,2026-09-02T19:03:56.905Z,2026-09-02T19:04:03.167Z,2026-09-02T19:04:02.952Z,2026-09-02T19:04:03.167Z,543,60,60,096225f88e6a88efbe4d01de38f47d8f6c113f47ea83cd0d1306f930d5640ed6,1s,AVG,096225f88e6a88efbe4d01de38f47d8f6c113f47ea83cd0d1306f930d5640ed6,2026-09-02T19:03:54.905Z,2026-09-02T19:04:02.952Z,2026-09-02T19:04:02.952Z,363
speed,CAN_VEHICLE_SPEED,LATEST_LIVE,2026-09-02T19:04:04.000Z,2026-09-02T19:04:08.756Z,2026-09-02T19:04:08.514Z,2026-09-02T19:04:08.756Z,548,59,"{""value"":59,""timestamp"":""2026-09-02T19:04:04Z""}",,,,,,,,368
speed,CAN_VEHICLE_SPEED,HF_HISTORICAL,2026-09-02T19:04:03.952Z,2026-09-02T19:04:09.005Z,2026-09-02T19:04:08.760Z,2026-09-02T19:04:09.005Z,553,59,59,a355232a9e8aa6c6a27743e8a2607d064e8d830bea258fe3eb1c9d1205811222,1s,AVG,a355232a9e8aa6c6a27743e8a2607d064e8d830bea258fe3eb1c9d1205811222,2026-09-02T19:04:00.952Z,2026-09-02T19:04:08.760Z,2026-09-02T19:04:08.760Z,373
speed,CAN_VEHICLE_SPEED,LATEST_LIVE,2026-09-02T19:04:10.000Z,2026-09-02T19:04:14.643Z,2026-09-02T19:04:14.347Z,2026-09-02T19:04:14.643Z,558,43,"{""value"":43,""timestamp"":""2026-09-02T19:04:10Z""}",,,,,,,,378
speed,CAN_VEHICLE_SPEED,HF_HISTORICAL,2026-09-02T19:04:07.760Z,2026-09-02T19:04:14.991Z,2026-09-02T19:04:14.644Z,2026-09-02T19:04:14.991Z,563,48,48,3565b969c79a888d2d148de3e1f5f31e9e34893a8b846cb4dbeda19c764127f2,1s,AVG,3565b969c79a888d2d148de3e1f5f31e9e34893a8b846cb4dbeda19c764127f2,2026-09-02T19:04:06.760Z,2026-09-02T19:04:14.644Z,2026-09-02T19:04:14.644Z,383
speed,CAN_VEHICLE_SPEED,HF_HISTORICAL,2026-09-02T19:04:09.760Z,2026-09-02T19:04:14.991Z,2026-09-02T19:04:14.644Z,2026-09-02T19:04:14.991Z,568,43,43,a870a1655e0c57c8a13443c238f0cd625f6f2a9e3be658e5a58c183b5ae05d94,1s,AVG,a870a1655e0c57c8a13443c238f0cd625f6f2a9e3be658e5a58c183b5ae05d94,2026-09-02T19:04:06.760Z,2026-09-02T19:04:14.644Z,2026-09-02T19:04:14.644Z,388
speed,CAN_VEHICLE_SPEED,LATEST_LIVE,2026-09-02T19:04:16.000Z,2026-09-02T19:04:20.522Z,2026-09-02T19:04:20.291Z,2026-09-02T19:04:20.522Z,573,24,"{""value"":24,""timestamp"":""2026-09-02T19:04:16Z""}",,,,,,,,393
speed,CAN_VEHICLE_SPEED,HF_HISTORICAL,2026-09-02T19:04:15.644Z,2026-09-02T19:04:20.732Z,2026-09-02T19:04:20.523Z,2026-09-02T19:04:20.732Z,578,24,24,0c7da8c6609d26150e579d8e8a460e80f4e0248f1e2cd6b6f8fc190e5a6a6eb0,1s,AVG,0c7da8c6609d26150e579d8e8a460e80f4e0248f1e2cd6b6f8fc190e5a6a6eb0,2026-09-02T19:04:12.644Z,2026-09-02T19:04:20.523Z,2026-09-02T19:04:20.523Z,398
speed,CAN_VEHICLE_SPEED,LATEST_LIVE,2026-09-02T19:04:20.000Z,2026-09-02T19:04:26.342Z,2026-09-02T19:04:26.124Z,2026-09-02T19:04:26.342Z,583,20,"{""value"":20,""timestamp"":""2026-09-02T19:04:20Z""}",,,,,,,,403
speed,CAN_VEHICLE_SPEED,HF_HISTORICAL,2026-09-02T19:04:19.523Z,2026-09-02T19:04:26.548Z,2026-09-02T19:04:26.344Z,2026-09-02T19:04:26.548Z,588,20,20,22ce605a4202e9150b068fb6ca06adb103e246dcc34f6bb22df644423e25d9ec,1s,AVG,22ce605a4202e9150b068fb6ca06adb103e246dcc34f6bb22df644423e25d9ec,2026-09-02T19:04:18.523Z,2026-09-02T19:04:26.344Z,2026-09-02T19:04:26.344Z,408
speed,CAN_VEHICLE_SPEED,HF_HISTORICAL,2026-09-02T19:04:22.523Z,2026-09-02T19:04:26.548Z,2026-09-02T19:04:26.344Z,2026-09-02T19:04:26.548Z,593,25,25,4507551c3800298a86ef69aabf7c3c02a2e2b623e957d780beb02fe25873bca1,1s,AVG,4507551c3800298a86ef69aabf7c3c02a2e2b623e957d780beb02fe25873bca1,2026-09-02T19:04:18.523Z,2026-09-02T19:04:26.344Z,2026-09-02T19:04:26.344Z,413
speed,CAN_VEHICLE_SPEED,LATEST_LIVE,2026-09-02T19:04:23.000Z,2026-09-02T19:04:32.120Z,2026-09-02T19:04:31.857Z,2026-09-02T19:04:32.120Z,598,25,"{""value"":25,""timestamp"":""2026-09-02T19:04:23Z""}",,,,,,,,418
speed,CAN_VEHICLE_SPEED,LATEST_LIVE,2026-09-02T19:04:23.000Z,2026-09-02T19:04:38.281Z,2026-09-02T19:04:37.907Z,2026-09-02T19:04:38.281Z,629,25,"{""value"":25,""timestamp"":""2026-09-02T19:04:23Z""}",,,,,,,,429
speed,CAN_VEHICLE_SPEED,LATEST_LIVE,2026-09-02T19:04:23.000Z,2026-09-02T19:04:43.976Z,2026-09-02T19:04:43.761Z,2026-09-02T19:04:43.976Z,634,25,"{""value"":25,""timestamp"":""2026-09-02T19:04:23Z""}",,,,,,,,434
speed,CAN_VEHICLE_SPEED,LATEST_LIVE,2026-09-02T19:04:46.000Z,2026-09-02T19:04:49.842Z,2026-09-02T19:04:49.478Z,2026-09-02T19:04:49.842Z,639,67,"{""value"":67,""timestamp"":""2026-09-02T19:04:46Z""}",,,,,,,,439
speed,CAN_VEHICLE_SPEED,HF_HISTORICAL,2026-09-02T19:04:41.977Z,2026-09-02T19:04:50.130Z,2026-09-02T19:04:49.844Z,2026-09-02T19:04:50.130Z,644,25,25,af3792b7ff4699204f5b7b58ba3581df13ff5ccfc52a0a2edc5783c5752c2439,1s,AVG,af3792b7ff4699204f5b7b58ba3581df13ff5ccfc52a0a2edc5783c5752c2439,2026-09-02T19:04:41.977Z,2026-09-02T19:04:49.844Z,2026-09-02T19:04:49.844Z,444
speed,CAN_VEHICLE_SPEED,HF_HISTORICAL,2026-09-02T19:04:43.977Z,2026-09-02T19:04:50.130Z,2026-09-02T19:04:49.844Z,2026-09-02T19:04:50.130Z,649,59,59,6c20e8b1604e533a01d9872ca4416406be952bfe3bf2cf037e0f4ae374d17ab9,1s,AVG,6c20e8b1604e533a01d9872ca4416406be952bfe3bf2cf037e0f4ae374d17ab9,2026-09-02T19:04:41.977Z,2026-09-02T19:04:49.844Z,2026-09-02T19:04:49.844Z,449
speed,CAN_VEHICLE_SPEED,HF_HISTORICAL,2026-09-02T19:04:45.977Z,2026-09-02T19:04:50.130Z,2026-09-02T19:04:49.844Z,2026-09-02T19:04:50.130Z,653,67,67,b85151fbffb7d6f76072c25d9f22d6b04173f211e7eb195a531bf1df6c83ba4b,1s,AVG,b85151fbffb7d6f76072c25d9f22d6b04173f211e7eb195a531bf1df6c83ba4b,2026-09-02T19:04:41.977Z,2026-09-02T19:04:49.844Z,2026-09-02T19:04:49.844Z,453
speed,CAN_VEHICLE_SPEED,LATEST_LIVE,2026-09-02T19:04:50.000Z,2026-09-02T19:04:55.644Z,2026-09-02T19:04:55.414Z,2026-09-02T19:04:55.644Z,658,54,"{""value"":54,""timestamp"":""2026-09-02T19:04:50Z""}",,,,,,,,458
speed,CAN_VEHICLE_SPEED,HF_HISTORICAL,2026-09-02T19:04:48.844Z,2026-09-02T19:04:55.854Z,2026-09-02T19:04:55.648Z,2026-09-02T19:04:55.854Z,663,62,62,a625d71bc2646cd4229b6bf4b68cbfe34646ff8de00da80d5f9330bfb0816b51,1s,AVG,a625d71bc2646cd4229b6bf4b68cbfe34646ff8de00da80d5f9330bfb0816b51,2026-09-02T19:04:47.844Z,2026-09-02T19:04:55.648Z,2026-09-02T19:04:55.648Z,463
speed,CAN_VEHICLE_SPEED,HF_HISTORICAL,2026-09-02T19:04:49.844Z,2026-09-02T19:04:55.854Z,2026-09-02T19:04:55.648Z,2026-09-02T19:04:55.854Z,668,54,54,18f2237156541273c2499a861fbb7e0ff684185df4cda3ebd3114eac720729ed,1s,AVG,18f2237156541273c2499a861fbb7e0ff684185df4cda3ebd3114eac720729ed,2026-09-02T19:04:47.844Z,2026-09-02T19:04:55.648Z,2026-09-02T19:04:55.648Z,468
speed,CAN_VEHICLE_SPEED,LATEST_LIVE,2026-09-02T19:04:50.000Z,2026-09-02T19:05:01.853Z,2026-09-02T19:05:01.430Z,2026-09-02T19:05:01.853Z,673,54,"{""value"":54,""timestamp"":""2026-09-02T19:04:50Z""}",,,,,,,,473
speed,CAN_VEHICLE_SPEED,LATEST_LIVE,2026-09-02T19:04:54.000Z,2026-09-02T19:05:08.118Z,2026-09-02T19:05:07.876Z,2026-09-02T19:05:08.118Z,678,0,"{""value"":0,""timestamp"":""2026-09-02T19:04:54Z""}",,,,,,,,478
speed,CAN_VEHICLE_SPEED,LATEST_LIVE,2026-09-02T19:05:09.000Z,2026-09-02T19:05:14.269Z,2026-09-02T19:05:13.980Z,2026-09-02T19:05:14.269Z,709,0,"{""value"":0,""timestamp"":""2026-09-02T19:05:09Z""}",,,,,,,,489
speed,CAN_VEHICLE_SPEED,HF_HISTORICAL,2026-09-02T19:05:06.123Z,2026-09-02T19:05:14.506Z,2026-09-02T19:05:14.273Z,2026-09-02T19:05:14.506Z,712,0,0,2b0e69610b89dbf1d63a598fa162dbc8ea6c388e5de6c776877caa434afc6b4f,1s,AVG,2b0e69610b89dbf1d63a598fa162dbc8ea6c388e5de6c776877caa434afc6b4f,2026-09-02T19:05:06.123Z,2026-09-02T19:05:14.272Z,2026-09-02T19:05:14.272Z,492
speed,CAN_VEHICLE_SPEED,HF_HISTORICAL,2026-09-02T19:05:07.123Z,2026-09-02T19:05:14.506Z,2026-09-02T19:05:14.273Z,2026-09-02T19:05:14.506Z,714,0,0,610204218cf4b922ca9f9d520ad62fa5c74f985d88542369d0ed98a265e75e9f,1s,AVG,610204218cf4b922ca9f9d520ad62fa5c74f985d88542369d0ed98a265e75e9f,2026-09-02T19:05:06.123Z,2026-09-02T19:05:14.272Z,2026-09-02T19:05:14.272Z,494
speed,CAN_VEHICLE_SPEED,HF_HISTORICAL,2026-09-02T19:05:08.123Z,2026-09-02T19:05:14.506Z,2026-09-02T19:05:14.273Z,2026-09-02T19:05:14.506Z,716,0,0,691d6197adccaaef65afe349fde4d82894feb17ceb5131929b1596be486bebca,1s,AVG,691d6197adccaaef65afe349fde4d82894feb17ceb5131929b1596be486bebca,2026-09-02T19:05:06.123Z,2026-09-02T19:05:14.272Z,2026-09-02T19:05:14.272Z,496
speed,CAN_VEHICLE_SPEED,HF_HISTORICAL,2026-09-02T19:05:09.123Z,2026-09-02T19:05:14.506Z,2026-09-02T19:05:14.273Z,2026-09-02T19:05:14.506Z,718,0,0,72ee40d427ef84044c86a2feb95ef20ce443164afa83147e18a4128c533e52ad,1s,AVG,72ee40d427ef84044c86a2feb95ef20ce443164afa83147e18a4128c533e52ad,2026-09-02T19:05:06.123Z,2026-09-02T19:05:14.272Z,2026-09-02T19:05:14.272Z,498
speed,CAN_VEHICLE_SPEED,HF_HISTORICAL,2026-09-02T19:05:10.123Z,2026-09-02T19:05:14.506Z,2026-09-02T19:05:14.273Z,2026-09-02T19:05:14.506Z,720,0,0,33213d32122dcb159213db7319bbf44f0ff4096abba0231e13ce2c67a3192d31,1s,AVG,33213d32122dcb159213db7319bbf44f0ff4096abba0231e13ce2c67a3192d31,2026-09-02T19:05:06.123Z,2026-09-02T19:05:14.272Z,2026-09-02T19:05:14.272Z,500
speed,CAN_VEHICLE_SPEED,LATEST_LIVE,2026-09-02T19:05:15.000Z,2026-09-02T19:05:20.314Z,2026-09-02T19:05:19.945Z,2026-09-02T19:05:20.314Z,725,0,"{""value"":0,""timestamp"":""2026-09-02T19:05:15Z""}",,,,,,,,505
speed,CAN_VEHICLE_SPEED,HF_HISTORICAL,2026-09-02T19:05:12.272Z,2026-09-02T19:05:20.531Z,2026-09-02T19:05:20.315Z,2026-09-02T19:05:20.531Z,727,0,0,e96a06dc4cb9720d238d9e1175c58dc8ef6d0538742dc0bfd1952d96d41b3e77,1s,AVG,e96a06dc4cb9720d238d9e1175c58dc8ef6d0538742dc0bfd1952d96d41b3e77,2026-09-02T19:05:12.272Z,2026-09-02T19:05:20.315Z,2026-09-02T19:05:20.315Z,507
speed,CAN_VEHICLE_SPEED,HF_HISTORICAL,2026-09-02T19:05:13.272Z,2026-09-02T19:05:20.531Z,2026-09-02T19:05:20.315Z,2026-09-02T19:05:20.531Z,729,0,0,212aa2717835b279d58fcccca4f877c6ed9e78f324fd2bf1f119a816c75aa034,1s,AVG,212aa2717835b279d58fcccca4f877c6ed9e78f324fd2bf1f119a816c75aa034,2026-09-02T19:05:12.272Z,2026-09-02T19:05:20.315Z,2026-09-02T19:05:20.315Z,509
speed,CAN_VEHICLE_SPEED,HF_HISTORICAL,2026-09-02T19:05:14.272Z,2026-09-02T19:05:20.531Z,2026-09-02T19:05:20.315Z,2026-09-02T19:05:20.531Z,731,0,0,3930bdb5eff4356527b99b091ce99e790b02fd755eeb004297864ce7be81a574,1s,AVG,3930bdb5eff4356527b99b091ce99e790b02fd755eeb004297864ce7be81a574,2026-09-02T19:05:12.272Z,2026-09-02T19:05:20.315Z,2026-09-02T19:05:20.315Z,511
speed,CAN_VEHICLE_SPEED,HF_HISTORICAL,2026-09-02T19:05:15.272Z,2026-09-02T19:05:20.531Z,2026-09-02T19:05:20.315Z,2026-09-02T19:05:20.531Z,733,0,0,180f6738fcbed826c1c743bd74221e39539db27d4f10ce8f2ac69d9ead73fedf,1s,AVG,180f6738fcbed826c1c743bd74221e39539db27d4f10ce8f2ac69d9ead73fedf,2026-09-02T19:05:12.272Z,2026-09-02T19:05:20.315Z,2026-09-02T19:05:20.315Z,513
speed,CAN_VEHICLE_SPEED,LATEST_LIVE,2026-09-02T19:05:21.000Z,2026-09-02T19:05:26.205Z,2026-09-02T19:05:25.954Z,2026-09-02T19:05:26.205Z,738,0,"{""value"":0,""timestamp"":""2026-09-02T19:05:21Z""}",,,,,,,,518
speed,CAN_VEHICLE_SPEED,HF_HISTORICAL,2026-09-02T19:05:18.315Z,2026-09-02T19:05:26.392Z,2026-09-02T19:05:26.207Z,2026-09-02T19:05:26.392Z,740,0,0,0f18b63f814b4d45c31188b6d89fcc026936f931ba18a48f7eccd7bac578a990,1s,AVG,0f18b63f814b4d45c31188b6d89fcc026936f931ba18a48f7eccd7bac578a990,2026-09-02T19:05:18.315Z,2026-09-02T19:05:26.207Z,2026-09-02T19:05:26.207Z,520
speed,CAN_VEHICLE_SPEED,HF_HISTORICAL,2026-09-02T19:05:19.315Z,2026-09-02T19:05:26.392Z,2026-09-02T19:05:26.207Z,2026-09-02T19:05:26.392Z,742,0,0,7507abb7467655b1f8be9a4a356849b99e0de8937f21a5d3e20d121d22856ea0,1s,AVG,7507abb7467655b1f8be9a4a356849b99e0de8937f21a5d3e20d121d22856ea0,2026-09-02T19:05:18.315Z,2026-09-02T19:05:26.207Z,2026-09-02T19:05:26.207Z,522
speed,CAN_VEHICLE_SPEED,HF_HISTORICAL,2026-09-02T19:05:20.315Z,2026-09-02T19:05:26.392Z,2026-09-02T19:05:26.207Z,2026-09-02T19:05:26.392Z,744,0,0,970f8fb6a6f1d4a7e8a331f1856eeb426200b2284127534b0b9c7f63cb4ff8d8,1s,AVG,970f8fb6a6f1d4a7e8a331f1856eeb426200b2284127534b0b9c7f63cb4ff8d8,2026-09-02T19:05:18.315Z,2026-09-02T19:05:26.207Z,2026-09-02T19:05:26.207Z,524
speed,CAN_VEHICLE_SPEED,LATEST_LIVE,2026-09-02T19:05:26.000Z,2026-09-02T19:05:31.889Z,2026-09-02T19:05:31.682Z,2026-09-02T19:05:31.889Z,749,0,"{""value"":0,""timestamp"":""2026-09-02T19:05:26Z""}",,,,,,,,529
speed,CAN_VEHICLE_SPEED,HF_HISTORICAL,2026-09-02T19:05:24.207Z,2026-09-02T19:05:32.127Z,2026-09-02T19:05:31.891Z,2026-09-02T19:05:32.127Z,751,0,0,a191ef0572986b2083281cce90109a458528dcd3343d63075e860ce189588376,1s,AVG,a191ef0572986b2083281cce90109a458528dcd3343d63075e860ce189588376,2026-09-02T19:05:24.207Z,2026-09-02T19:05:31.891Z,2026-09-02T19:05:31.891Z,531
speed,CAN_VEHICLE_SPEED,HF_HISTORICAL,2026-09-02T19:05:25.207Z,2026-09-02T19:05:32.127Z,2026-09-02T19:05:31.891Z,2026-09-02T19:05:32.127Z,753,0,0,45aace8abe8c44af3917e2060ecd316ea1f1edce2f10d0171d2fb26f3c9e8971,1s,AVG,45aace8abe8c44af3917e2060ecd316ea1f1edce2f10d0171d2fb26f3c9e8971,2026-09-02T19:05:24.207Z,2026-09-02T19:05:31.891Z,2026-09-02T19:05:31.891Z,533
speed,CAN_VEHICLE_SPEED,LATEST_LIVE,2026-09-02T19:05:34.000Z,2026-09-02T19:05:37.655Z,2026-09-02T19:05:37.417Z,2026-09-02T19:05:37.655Z,758,1,"{""value"":1,""timestamp"":""2026-09-02T19:05:34Z""}",,,,,,,,538
speed,CAN_VEHICLE_SPEED,HF_HISTORICAL,2026-09-02T19:05:29.891Z,2026-09-02T19:05:37.895Z,2026-09-02T19:05:37.656Z,2026-09-02T19:05:37.895Z,762,0,0,da3459ff1f027a280caeb5159f9b5668a423f5ba32d89b4619b99e46c552a64a,1s,AVG,da3459ff1f027a280caeb5159f9b5668a423f5ba32d89b4619b99e46c552a64a,2026-09-02T19:05:29.891Z,2026-09-02T19:05:37.656Z,2026-09-02T19:05:37.656Z,542
speed,CAN_VEHICLE_SPEED,HF_HISTORICAL,2026-09-02T19:05:30.891Z,2026-09-02T19:05:37.895Z,2026-09-02T19:05:37.656Z,2026-09-02T19:05:37.895Z,767,0,0,e65097eaf125f30d56efd76be393522a4302e1d467b89a24f3e37ba2c1e63158,1s,AVG,e65097eaf125f30d56efd76be393522a4302e1d467b89a24f3e37ba2c1e63158,2026-09-02T19:05:29.891Z,2026-09-02T19:05:37.656Z,2026-09-02T19:05:37.656Z,547
speed,CAN_VEHICLE_SPEED,HF_HISTORICAL,2026-09-02T19:05:32.891Z,2026-09-02T19:05:37.895Z,2026-09-02T19:05:37.656Z,2026-09-02T19:05:37.895Z,772,4,4,aa656ab96860bcfde2cc00314b5e4079079eb46ec227dc022506e670fe2d7943,1s,AVG,aa656ab96860bcfde2cc00314b5e4079079eb46ec227dc022506e670fe2d7943,2026-09-02T19:05:29.891Z,2026-09-02T19:05:37.656Z,2026-09-02T19:05:37.656Z,552
speed,CAN_VEHICLE_SPEED,HF_HISTORICAL,2026-09-02T19:05:33.891Z,2026-09-02T19:05:37.895Z,2026-09-02T19:05:37.656Z,2026-09-02T19:05:37.895Z,777,1,1,d1a82ccc5a97ae14540e73b30c929d524c1f0154d2554ecd727b8a285f280ccf,1s,AVG,d1a82ccc5a97ae14540e73b30c929d524c1f0154d2554ecd727b8a285f280ccf,2026-09-02T19:05:29.891Z,2026-09-02T19:05:37.656Z,2026-09-02T19:05:37.656Z,557
speed,CAN_VEHICLE_SPEED,LATEST_LIVE,2026-09-02T19:05:40.000Z,2026-09-02T19:05:43.572Z,2026-09-02T19:05:43.263Z,2026-09-02T19:05:43.572Z,782,15,"{""value"":15,""timestamp"":""2026-09-02T19:05:40Z""}",,,,,,,,562
speed,CAN_VEHICLE_SPEED,HF_HISTORICAL,2026-09-02T19:05:36.656Z,2026-09-02T19:05:43.895Z,2026-09-02T19:05:43.574Z,2026-09-02T19:05:43.895Z,787,13,13,c4a877d1f40077016956188f31cab3ea7638237608b27344d305f7ed381315b2,1s,AVG,c4a877d1f40077016956188f31cab3ea7638237608b27344d305f7ed381315b2,2026-09-02T19:05:35.656Z,2026-09-02T19:05:43.574Z,2026-09-02T19:05:43.574Z,567
speed,CAN_VEHICLE_SPEED,HF_HISTORICAL,2026-09-02T19:05:39.656Z,2026-09-02T19:05:43.895Z,2026-09-02T19:05:43.574Z,2026-09-02T19:05:43.895Z,792,15,15,9f90c66516aae9e3ecbecd029e14884a470d62984d34da87514ae0683bf56b94,1s,AVG,9f90c66516aae9e3ecbecd029e14884a470d62984d34da87514ae0683bf56b94,2026-09-02T19:05:35.656Z,2026-09-02T19:05:43.574Z,2026-09-02T19:05:43.574Z,572
speed,CAN_VEHICLE_SPEED,LATEST_LIVE,2026-09-02T19:05:46.000Z,2026-09-02T19:05:50.560Z,2026-09-02T19:05:49.504Z,2026-09-02T19:05:50.560Z,823,16,"{""value"":16,""timestamp"":""2026-09-02T19:05:46Z""}",,,,,,,,583
speed,CAN_VEHICLE_SPEED,HF_HISTORICAL,2026-09-02T19:05:42.574Z,2026-09-02T19:05:50.895Z,2026-09-02T19:05:50.561Z,2026-09-02T19:05:50.895Z,828,16,16,20886c5dcc493f67bd333756c375a760353351cb86d515ad4303281554d2a19d,1s,AVG,20886c5dcc493f67bd333756c375a760353351cb86d515ad4303281554d2a19d,2026-09-02T19:05:41.574Z,2026-09-02T19:05:50.561Z,2026-09-02T19:05:50.561Z,588
speed,CAN_VEHICLE_SPEED,HF_HISTORICAL,2026-09-02T19:05:43.574Z,2026-09-02T19:05:50.895Z,2026-09-02T19:05:50.561Z,2026-09-02T19:05:50.895Z,833,25,25,5ece2c402e8788f11f7cc72ba1bc7ea4faf0fd7fed959e50cd7697d97c3a834a,1s,AVG,5ece2c402e8788f11f7cc72ba1bc7ea4faf0fd7fed959e50cd7697d97c3a834a,2026-09-02T19:05:41.574Z,2026-09-02T19:05:50.561Z,2026-09-02T19:05:50.561Z,593
speed,CAN_VEHICLE_SPEED,HF_HISTORICAL,2026-09-02T19:05:44.574Z,2026-09-02T19:05:50.895Z,2026-09-02T19:05:50.561Z,2026-09-02T19:05:50.895Z,837,16,16,08c2805246a3496ce28239407b2b5c3d2ecddd1153782fb31baa1b1bb273e8f6,1s,AVG,08c2805246a3496ce28239407b2b5c3d2ecddd1153782fb31baa1b1bb273e8f6,2026-09-02T19:05:41.574Z,2026-09-02T19:05:50.561Z,2026-09-02T19:05:50.561Z,597
speed,CAN_VEHICLE_SPEED,HF_HISTORICAL,2026-09-02T19:05:45.574Z,2026-09-02T19:05:50.895Z,2026-09-02T19:05:50.561Z,2026-09-02T19:05:50.895Z,841,16,16,8692f7ebafd43504cf374ffdb7cabee3772a8fb5a182984de14265ca0c871b86,1s,AVG,8692f7ebafd43504cf374ffdb7cabee3772a8fb5a182984de14265ca0c871b86,2026-09-02T19:05:41.574Z,2026-09-02T19:05:50.561Z,2026-09-02T19:05:50.561Z,601
speed,CAN_VEHICLE_SPEED,LATEST_LIVE,2026-09-02T19:05:52.000Z,2026-09-02T19:05:56.479Z,2026-09-02T19:05:56.231Z,2026-09-02T19:05:56.479Z,846,3,"{""value"":3,""timestamp"":""2026-09-02T19:05:52Z""}",,,,,,,,606
speed,CAN_VEHICLE_SPEED,HF_HISTORICAL,2026-09-02T19:05:48.561Z,2026-09-02T19:05:56.707Z,2026-09-02T19:05:56.482Z,2026-09-02T19:05:56.707Z,850,16,16,ac516db09780d60b070e837606476e5dd9d308c6d8d57a0180a8c1e1c0e6056c,1s,AVG,ac516db09780d60b070e837606476e5dd9d308c6d8d57a0180a8c1e1c0e6056c,2026-09-02T19:05:48.561Z,2026-09-02T19:05:56.481Z,2026-09-02T19:05:56.481Z,610
speed,CAN_VEHICLE_SPEED,HF_HISTORICAL,2026-09-02T19:05:49.561Z,2026-09-02T19:05:56.707Z,2026-09-02T19:05:56.482Z,2026-09-02T19:05:56.707Z,854,16,16,1201d57dbc6daa69c20905c45c22a8e1de2a9bfbf86d3c323547ac292c3a21c6,1s,AVG,1201d57dbc6daa69c20905c45c22a8e1de2a9bfbf86d3c323547ac292c3a21c6,2026-09-02T19:05:48.561Z,2026-09-02T19:05:56.481Z,2026-09-02T19:05:56.481Z,614
speed,CAN_VEHICLE_SPEED,HF_HISTORICAL,2026-09-02T19:05:50.561Z,2026-09-02T19:05:56.707Z,2026-09-02T19:05:56.482Z,2026-09-02T19:05:56.707Z,859,19,19,e0b0fe25a3b0979344f22f4ba182ca205e3689d045e30a824afde1e9c575f75e,1s,AVG,e0b0fe25a3b0979344f22f4ba182ca205e3689d045e30a824afde1e9c575f75e,2026-09-02T19:05:48.561Z,2026-09-02T19:05:56.481Z,2026-09-02T19:05:56.481Z,619
speed,CAN_VEHICLE_SPEED,HF_HISTORICAL,2026-09-02T19:05:51.561Z,2026-09-02T19:05:56.707Z,2026-09-02T19:05:56.482Z,2026-09-02T19:05:56.707Z,864,3,3,e4df24ca8df013beb27edf84dc619a7418c767b8d00ac77d6766786217daac5e,1s,AVG,e4df24ca8df013beb27edf84dc619a7418c767b8d00ac77d6766786217daac5e,2026-09-02T19:05:48.561Z,2026-09-02T19:05:56.481Z,2026-09-02T19:05:56.481Z,624
speed,CAN_VEHICLE_SPEED,LATEST_LIVE,2026-09-02T19:05:58.000Z,2026-09-02T19:06:02.472Z,2026-09-02T19:06:02.186Z,2026-09-02T19:06:02.472Z,869,17,"{""value"":17,""timestamp"":""2026-09-02T19:05:58Z""}",,,,,,,,629
speed,CAN_VEHICLE_SPEED,HF_HISTORICAL,2026-09-02T19:05:54.481Z,2026-09-02T19:06:02.727Z,2026-09-02T19:06:02.479Z,2026-09-02T19:06:02.727Z,874,9,9,5fccdb119d17667a9d8abf50bf7de7277b8229f969a00692a9f3b9203ddef9a2,1s,AVG,5fccdb119d17667a9d8abf50bf7de7277b8229f969a00692a9f3b9203ddef9a2,2026-09-02T19:05:54.481Z,2026-09-02T19:06:02.478Z,2026-09-02T19:06:02.478Z,634
speed,CAN_VEHICLE_SPEED,HF_HISTORICAL,2026-09-02T19:05:55.481Z,2026-09-02T19:06:02.727Z,2026-09-02T19:06:02.479Z,2026-09-02T19:06:02.727Z,878,15,15,bbaabd60f7ef0f05bfa857ed190acd7224eb1debaabdf0e54eb8eaa52fb915e6,1s,AVG,bbaabd60f7ef0f05bfa857ed190acd7224eb1debaabdf0e54eb8eaa52fb915e6,2026-09-02T19:05:54.481Z,2026-09-02T19:06:02.478Z,2026-09-02T19:06:02.478Z,638
speed,CAN_VEHICLE_SPEED,HF_HISTORICAL,2026-09-02T19:05:57.481Z,2026-09-02T19:06:02.727Z,2026-09-02T19:06:02.479Z,2026-09-02T19:06:02.727Z,882,17,17,76bbdf4ab27abe76b998a2370f62e06e471e2e9a95cf596823077c09d86c31a4,1s,AVG,76bbdf4ab27abe76b998a2370f62e06e471e2e9a95cf596823077c09d86c31a4,2026-09-02T19:05:54.481Z,2026-09-02T19:06:02.478Z,2026-09-02T19:06:02.478Z,642
speed,CAN_VEHICLE_SPEED,LATEST_LIVE,2026-09-02T19:06:04.000Z,2026-09-02T19:06:08.425Z,2026-09-02T19:06:08.133Z,2026-09-02T19:06:08.425Z,887,26,"{""value"":26,""timestamp"":""2026-09-02T19:06:04Z""}",,,,,,,,647
speed,CAN_VEHICLE_SPEED,HF_HISTORICAL,2026-09-02T19:06:00.478Z,2026-09-02T19:06:08.650Z,2026-09-02T19:06:08.428Z,2026-09-02T19:06:08.650Z,892,0,0,6ae46ac5938b74d43df38ad1f74f54dcf927cd7ba23720c2deba6a6f02405939,1s,AVG,6ae46ac5938b74d43df38ad1f74f54dcf927cd7ba23720c2deba6a6f02405939,2026-09-02T19:06:00.478Z,2026-09-02T19:06:08.428Z,2026-09-02T19:06:08.428Z,652
speed,CAN_VEHICLE_SPEED,HF_HISTORICAL,2026-09-02T19:06:01.478Z,2026-09-02T19:06:08.650Z,2026-09-02T19:06:08.428Z,2026-09-02T19:06:08.650Z,897,28,28,abb78f6bb2a96149870317bfc094907f8c5f915ebb4ba3714f20331fee9be3cc,1s,AVG,abb78f6bb2a96149870317bfc094907f8c5f915ebb4ba3714f20331fee9be3cc,2026-09-02T19:06:00.478Z,2026-09-02T19:06:08.428Z,2026-09-02T19:06:08.428Z,657
speed,CAN_VEHICLE_SPEED,HF_HISTORICAL,2026-09-02T19:06:03.478Z,2026-09-02T19:06:08.650Z,2026-09-02T19:06:08.428Z,2026-09-02T19:06:08.650Z,902,26,26,be120039f2afd214dc3210822bd7502d44612f2c7793dacc7224c8e52cdcd62d,1s,AVG,be120039f2afd214dc3210822bd7502d44612f2c7793dacc7224c8e52cdcd62d,2026-09-02T19:06:00.478Z,2026-09-02T19:06:08.428Z,2026-09-02T19:06:08.428Z,662
speed,CAN_VEHICLE_SPEED,LATEST_LIVE,2026-09-02T19:06:06.000Z,2026-09-02T19:06:14.289Z,2026-09-02T19:06:13.969Z,2026-09-02T19:06:14.289Z,907,14,"{""value"":14,""timestamp"":""2026-09-02T19:06:06Z""}",,,,,,,,667
speed,CAN_VEHICLE_SPEED,LATEST_LIVE,2026-09-02T19:06:06.000Z,2026-09-02T19:06:20.192Z,2026-09-02T19:06:19.806Z,2026-09-02T19:06:20.192Z,912,14,"{""value"":14,""timestamp"":""2026-09-02T19:06:06Z""}",,,,,,,,672
speed,CAN_VEHICLE_SPEED,LATEST_LIVE,2026-09-02T19:06:20.000Z,2026-09-02T19:06:26.257Z,2026-09-02T19:06:25.936Z,2026-09-02T19:06:26.257Z,943,4,"{""value"":4,""timestamp"":""2026-09-02T19:06:20Z""}",,,,,,,,683
speed,CAN_VEHICLE_SPEED,HF_HISTORICAL,2026-09-02T19:06:19.194Z,2026-09-02T19:06:26.448Z,2026-09-02T19:06:26.259Z,2026-09-02T19:06:26.448Z,948,4,4,441b4f16a00ef1120165fdd88ff822ca7aae9dfe944279c8ee91999ee6a996d8,1s,AVG,441b4f16a00ef1120165fdd88ff822ca7aae9dfe944279c8ee91999ee6a996d8,2026-09-02T19:06:18.194Z,2026-09-02T19:06:26.259Z,2026-09-02T19:06:26.259Z,688
speed,CAN_VEHICLE_SPEED,HF_HISTORICAL,2026-09-02T19:06:21.194Z,2026-09-02T19:06:26.448Z,2026-09-02T19:06:26.259Z,2026-09-02T19:06:26.448Z,953,16,16,14cfc5ae79c57e460e12734ce57b83f4d063272ce52ccddcf4dc14fc5a414b25,1s,AVG,14cfc5ae79c57e460e12734ce57b83f4d063272ce52ccddcf4dc14fc5a414b25,2026-09-02T19:06:18.194Z,2026-09-02T19:06:26.259Z,2026-09-02T19:06:26.259Z,693
speed,CAN_VEHICLE_SPEED,LATEST_LIVE,2026-09-02T19:06:26.000Z,2026-09-02T19:06:32.117Z,2026-09-02T19:06:31.762Z,2026-09-02T19:06:32.117Z,958,19,"{""value"":19,""timestamp"":""2026-09-02T19:06:26Z""}",,,,,,,,698
speed,CAN_VEHICLE_SPEED,HF_HISTORICAL,2026-09-02T19:06:24.259Z,2026-09-02T19:06:33.430Z,2026-09-02T19:06:32.120Z,2026-09-02T19:06:33.430Z,963,17,17,de5ffd9b708142ab6028ebab6851e2bb92a72b1b6deb8798ad7e6e148523a272,1s,AVG,de5ffd9b708142ab6028ebab6851e2bb92a72b1b6deb8798ad7e6e148523a272,2026-09-02T19:06:24.259Z,2026-09-02T19:06:32.120Z,2026-09-02T19:06:32.120Z,703
speed,CAN_VEHICLE_SPEED,HF_HISTORICAL,2026-09-02T19:06:25.259Z,2026-09-02T19:06:33.430Z,2026-09-02T19:06:32.120Z,2026-09-02T19:06:33.430Z,968,19,19,53308b37f604b1006ae5dee2acd51c13c9d9ce7f73c47649767cbe06683c9260,1s,AVG,53308b37f604b1006ae5dee2acd51c13c9d9ce7f73c47649767cbe06683c9260,2026-09-02T19:06:24.259Z,2026-09-02T19:06:32.120Z,2026-09-02T19:06:32.120Z,708
speed,CAN_VEHICLE_SPEED,LATEST_LIVE,2026-09-02T19:06:28.000Z,2026-09-02T19:06:39.538Z,2026-09-02T19:06:39.201Z,2026-09-02T19:06:39.538Z,973,26,"{""value"":26,""timestamp"":""2026-09-02T19:06:28Z""}",,,,,,,,713
speed,CAN_VEHICLE_SPEED,LATEST_LIVE,2026-09-02T19:06:42.000Z,2026-09-02T19:06:45.399Z,2026-09-02T19:06:45.135Z,2026-09-02T19:06:45.399Z,978,33,"{""value"":33,""timestamp"":""2026-09-02T19:06:42Z""}",,,,,,,,718
speed,CAN_VEHICLE_SPEED,HF_HISTORICAL,2026-09-02T19:06:39.539Z,2026-09-02T19:06:45.606Z,2026-09-02T19:06:45.401Z,2026-09-02T19:06:45.606Z,983,26,26,928f7a347d0af87a912ea7a33ec76d4909bb1b0c438c26dfc688532fd777d6b3,1s,AVG,928f7a347d0af87a912ea7a33ec76d4909bb1b0c438c26dfc688532fd777d6b3,2026-09-02T19:06:37.539Z,2026-09-02T19:06:45.400Z,2026-09-02T19:06:45.400Z,723
speed,CAN_VEHICLE_SPEED,HF_HISTORICAL,2026-09-02T19:06:41.539Z,2026-09-02T19:06:45.606Z,2026-09-02T19:06:45.401Z,2026-09-02T19:06:45.606Z,988,33,33,fa1c31c9f93b2d47165ee84bcd474efdd43c1687f9ea4c4ae5634ba2aca86921,1s,AVG,fa1c31c9f93b2d47165ee84bcd474efdd43c1687f9ea4c4ae5634ba2aca86921,2026-09-02T19:06:37.539Z,2026-09-02T19:06:45.400Z,2026-09-02T19:06:45.400Z,728
speed,CAN_VEHICLE_SPEED,LATEST_LIVE,2026-09-02T19:06:44.000Z,2026-09-02T19:06:51.417Z,2026-09-02T19:06:51.046Z,2026-09-02T19:06:51.417Z,993,25,"{""value"":25,""timestamp"":""2026-09-02T19:06:44Z""}",,,,,,,,733
speed,CAN_VEHICLE_SPEED,HF_HISTORICAL,2026-09-02T19:06:43.400Z,2026-09-02T19:06:51.719Z,2026-09-02T19:06:51.418Z,2026-09-02T19:06:51.719Z,998,25,25,31a640062b9a045f85c4b52682a05b60a39f8a2576d42d62fb4fddf5c345b148,1s,AVG,31a640062b9a045f85c4b52682a05b60a39f8a2576d42d62fb4fddf5c345b148,2026-09-02T19:06:43.400Z,2026-09-02T19:06:51.418Z,2026-09-02T19:06:51.418Z,738
speed,CAN_VEHICLE_SPEED,LATEST_LIVE,2026-09-02T19:06:52.000Z,2026-09-02T19:06:57.355Z,2026-09-02T19:06:57.114Z,2026-09-02T19:06:57.355Z,1003,31,"{""value"":31,""timestamp"":""2026-09-02T19:06:52Z""}",,,,,,,,743
speed,CAN_VEHICLE_SPEED,HF_HISTORICAL,2026-09-02T19:06:49.418Z,2026-09-02T19:06:57.579Z,2026-09-02T19:06:57.356Z,2026-09-02T19:06:57.579Z,1008,51,51,d6da33ef1cdcac939a0e7dffc47f5988fec53e8affa34e51b7fa123802fad8c4,1s,AVG,d6da33ef1cdcac939a0e7dffc47f5988fec53e8affa34e51b7fa123802fad8c4,2026-09-02T19:06:49.418Z,2026-09-02T19:06:57.356Z,2026-09-02T19:06:57.356Z,748
speed,CAN_VEHICLE_SPEED,HF_HISTORICAL,2026-09-02T19:06:51.418Z,2026-09-02T19:06:57.579Z,2026-09-02T19:06:57.356Z,2026-09-02T19:06:57.579Z,1013,31,31,2beac23ab69178cf8c2efb2e45ac25295dc2975c98f5c06fad4378aea3f762b8,1s,AVG,2beac23ab69178cf8c2efb2e45ac25295dc2975c98f5c06fad4378aea3f762b8,2026-09-02T19:06:49.418Z,2026-09-02T19:06:57.356Z,2026-09-02T19:06:57.356Z,753
speed,CAN_VEHICLE_SPEED,LATEST_LIVE,2026-09-02T19:06:58.000Z,2026-09-02T19:07:03.402Z,2026-09-02T19:07:03.177Z,2026-09-02T19:07:03.402Z,1044,35,"{""value"":35,""timestamp"":""2026-09-02T19:06:58Z""}",,,,,,,,764
speed,CAN_VEHICLE_SPEED,HF_HISTORICAL,2026-09-02T19:06:55.356Z,2026-09-02T19:07:03.612Z,2026-09-02T19:07:03.405Z,2026-09-02T19:07:03.612Z,1049,52,52,dd7932d703a8c84a2c869603cb82526cd19d5108ee723d7319b94996cd07435d,1s,AVG,dd7932d703a8c84a2c869603cb82526cd19d5108ee723d7319b94996cd07435d,2026-09-02T19:06:55.356Z,2026-09-02T19:07:03.405Z,2026-09-02T19:07:03.405Z,769
speed,CAN_VEHICLE_SPEED,HF_HISTORICAL,2026-09-02T19:06:57.356Z,2026-09-02T19:07:03.612Z,2026-09-02T19:07:03.405Z,2026-09-02T19:07:03.612Z,1054,35,35,530c75ea28f2df65e5bfcefffd1f005824e72ee42f3470d289eb3bf30e6de967,1s,AVG,530c75ea28f2df65e5bfcefffd1f005824e72ee42f3470d289eb3bf30e6de967,2026-09-02T19:06:55.356Z,2026-09-02T19:07:03.405Z,2026-09-02T19:07:03.405Z,774
speed,CAN_VEHICLE_SPEED,HF_HISTORICAL,2026-09-02T19:06:58.356Z,2026-09-02T19:07:03.612Z,2026-09-02T19:07:03.405Z,2026-09-02T19:07:03.612Z,1059,8,8,c26890ce65fc5c8fe46c45ac045f37c165a4c0900e14ed7f81e30bb39b378c6e,1s,AVG,c26890ce65fc5c8fe46c45ac045f37c165a4c0900e14ed7f81e30bb39b378c6e,2026-09-02T19:06:55.356Z,2026-09-02T19:07:03.405Z,2026-09-02T19:07:03.405Z,779
speed,CAN_VEHICLE_SPEED,HF_HISTORICAL,2026-09-02T19:06:59.356Z,2026-09-02T19:07:03.612Z,2026-09-02T19:07:03.405Z,2026-09-02T19:07:03.612Z,1064,0,0,28433d65f91dde0b28ad5f56c5a87457725ac44e6fccb443f1a0d33480654d0f,1s,AVG,28433d65f91dde0b28ad5f56c5a87457725ac44e6fccb443f1a0d33480654d0f,2026-09-02T19:06:55.356Z,2026-09-02T19:07:03.405Z,2026-09-02T19:07:03.405Z,784
speed,CAN_VEHICLE_SPEED,LATEST_LIVE,2026-09-02T19:07:04.000Z,2026-09-02T19:07:09.135Z,2026-09-02T19:07:08.888Z,2026-09-02T19:07:09.135Z,1069,25,"{""value"":25,""timestamp"":""2026-09-02T19:07:04Z""}",,,,,,,,789
speed,CAN_VEHICLE_SPEED,HF_HISTORICAL,2026-09-02T19:07:01.405Z,2026-09-02T19:07:09.362Z,2026-09-02T19:07:09.138Z,2026-09-02T19:07:09.362Z,1074,0,0,9e6fb1a3f5330b9fbd0d20598f2d247c424c139938c07dbb3027c2280fb44fb9,1s,AVG,9e6fb1a3f5330b9fbd0d20598f2d247c424c139938c07dbb3027c2280fb44fb9,2026-09-02T19:07:01.405Z,2026-09-02T19:07:09.138Z,2026-09-02T19:07:09.138Z,794
speed,CAN_VEHICLE_SPEED,HF_HISTORICAL,2026-09-02T19:07:02.405Z,2026-09-02T19:07:09.362Z,2026-09-02T19:07:09.138Z,2026-09-02T19:07:09.362Z,1079,25,25,dca5b80252128bf2f09a821467e0cf0fa3528a128869ced28f0d2cd24a0d596d,1s,AVG,dca5b80252128bf2f09a821467e0cf0fa3528a128869ced28f0d2cd24a0d596d,2026-09-02T19:07:01.405Z,2026-09-02T19:07:09.138Z,2026-09-02T19:07:09.138Z,799
speed,CAN_VEHICLE_SPEED,HF_HISTORICAL,2026-09-02T19:07:03.405Z,2026-09-02T19:07:09.362Z,2026-09-02T19:07:09.138Z,2026-09-02T19:07:09.362Z,1084,25,25,0c85e052d659cdaa209162c2d102e061ec47133b74a59ae3edb162cf1b42f51d,1s,AVG,0c85e052d659cdaa209162c2d102e061ec47133b74a59ae3edb162cf1b42f51d,2026-09-02T19:07:01.405Z,2026-09-02T19:07:09.138Z,2026-09-02T19:07:09.138Z,804
speed,CAN_VEHICLE_SPEED,LATEST_LIVE,2026-09-02T19:07:11.000Z,2026-09-02T19:07:15.116Z,2026-09-02T19:07:14.915Z,2026-09-02T19:07:15.116Z,1089,24,"{""value"":24,""timestamp"":""2026-09-02T19:07:11Z""}",,,,,,,,809
speed,CAN_VEHICLE_SPEED,HF_HISTORICAL,2026-09-02T19:07:07.138Z,2026-09-02T19:07:15.316Z,2026-09-02T19:07:15.117Z,2026-09-02T19:07:15.316Z,1094,14,14,fe0a99d5da895706fc9ab758b58fdb248199b1f9488584e07b8a0e75404dcf72,1s,AVG,fe0a99d5da895706fc9ab758b58fdb248199b1f9488584e07b8a0e75404dcf72,2026-09-02T19:07:07.138Z,2026-09-02T19:07:15.117Z,2026-09-02T19:07:15.117Z,814
speed,CAN_VEHICLE_SPEED,HF_HISTORICAL,2026-09-02T19:07:10.138Z,2026-09-02T19:07:15.316Z,2026-09-02T19:07:15.117Z,2026-09-02T19:07:15.316Z,1099,24,24,a78ecfa43ccbd63cf8a9e2b05647686308fee0005e4421274159b00f5154efb9,1s,AVG,a78ecfa43ccbd63cf8a9e2b05647686308fee0005e4421274159b00f5154efb9,2026-09-02T19:07:07.138Z,2026-09-02T19:07:15.117Z,2026-09-02T19:07:15.117Z,819
speed,CAN_VEHICLE_SPEED,LATEST_LIVE,2026-09-02T19:07:16.000Z,2026-09-02T19:07:20.959Z,2026-09-02T19:07:20.596Z,2026-09-02T19:07:20.959Z,1104,3,"{""value"":3,""timestamp"":""2026-09-02T19:07:16Z""}",,,,,,,,824
speed,CAN_VEHICLE_SPEED,HF_HISTORICAL,2026-09-02T19:07:14.117Z,2026-09-02T19:07:21.230Z,2026-09-02T19:07:20.960Z,2026-09-02T19:07:21.230Z,1109,3,3,20c77d5cfc3b3691a2ade1ccf5b3629d57393d03bbe5b7170ac38d89256026b7,1s,AVG,20c77d5cfc3b3691a2ade1ccf5b3629d57393d03bbe5b7170ac38d89256026b7,2026-09-02T19:07:13.117Z,2026-09-02T19:07:20.960Z,2026-09-02T19:07:20.960Z,829
speed,CAN_VEHICLE_SPEED,HF_HISTORICAL,2026-09-02T19:07:15.117Z,2026-09-02T19:07:21.230Z,2026-09-02T19:07:20.960Z,2026-09-02T19:07:21.230Z,1114,3,3,7019dfb677dcf0fd7b67972be7e199bcdaab2381e9092d5f6b6d294edc2bc373,1s,AVG,7019dfb677dcf0fd7b67972be7e199bcdaab2381e9092d5f6b6d294edc2bc373,2026-09-02T19:07:13.117Z,2026-09-02T19:07:20.960Z,2026-09-02T19:07:20.960Z,834
speed,CAN_VEHICLE_SPEED,LATEST_LIVE,2026-09-02T19:07:22.000Z,2026-09-02T19:07:26.835Z,2026-09-02T19:07:26.591Z,2026-09-02T19:07:26.835Z,1119,7,"{""value"":7,""timestamp"":""2026-09-02T19:07:22Z""}",,,,,,,,839
speed,CAN_VEHICLE_SPEED,HF_HISTORICAL,2026-09-02T19:07:19.960Z,2026-09-02T19:07:27.069Z,2026-09-02T19:07:26.837Z,2026-09-02T19:07:27.069Z,1124,8,8,196eaed9b750ec170ed70b581122f88de6749ccb87a66370a24d56cb090cfe31,1s,AVG,196eaed9b750ec170ed70b581122f88de6749ccb87a66370a24d56cb090cfe31,2026-09-02T19:07:18.960Z,2026-09-02T19:07:26.837Z,2026-09-02T19:07:26.837Z,844
speed,CAN_VEHICLE_SPEED,HF_HISTORICAL,2026-09-02T19:07:20.960Z,2026-09-02T19:07:27.069Z,2026-09-02T19:07:26.837Z,2026-09-02T19:07:27.069Z,1129,8,8,0431676aa3b19ab5b3b0c35ca75b1687505cd8a07421feae1e284fef57bd3323,1s,AVG,0431676aa3b19ab5b3b0c35ca75b1687505cd8a07421feae1e284fef57bd3323,2026-09-02T19:07:18.960Z,2026-09-02T19:07:26.837Z,2026-09-02T19:07:26.837Z,849
speed,CAN_VEHICLE_SPEED,HF_HISTORICAL,2026-09-02T19:07:21.960Z,2026-09-02T19:07:27.069Z,2026-09-02T19:07:26.837Z,2026-09-02T19:07:27.069Z,1134,7,7,7c655e3416cbcc577d98d4ca1c19e43fd6e270c99c32bf010023193c4508db07,1s,AVG,7c655e3416cbcc577d98d4ca1c19e43fd6e270c99c32bf010023193c4508db07,2026-09-02T19:07:18.960Z,2026-09-02T19:07:26.837Z,2026-09-02T19:07:26.837Z,854
speed,CAN_VEHICLE_SPEED,LATEST_LIVE,2026-09-02T19:07:29.000Z,2026-09-02T19:07:32.707Z,2026-09-02T19:07:32.425Z,2026-09-02T19:07:32.707Z,1139,28,"{""value"":28,""timestamp"":""2026-09-02T19:07:29Z""}",,,,,,,,859
speed,CAN_VEHICLE_SPEED,HF_HISTORICAL,2026-09-02T19:07:24.837Z,2026-09-02T19:07:32.931Z,2026-09-02T19:07:32.708Z,2026-09-02T19:07:32.931Z,1144,7,7,cbc510f45ef7801872e245efbc08ee28ec7827354918af24a7a8cb5ee7b0a47d,1s,AVG,cbc510f45ef7801872e245efbc08ee28ec7827354918af24a7a8cb5ee7b0a47d,2026-09-02T19:07:24.837Z,2026-09-02T19:07:32.708Z,2026-09-02T19:07:32.708Z,864
speed,CAN_VEHICLE_SPEED,HF_HISTORICAL,2026-09-02T19:07:25.837Z,2026-09-02T19:07:32.931Z,2026-09-02T19:07:32.708Z,2026-09-02T19:07:32.931Z,1149,0,0,cfbd818fc6a6e40632b9e63f3a6a279d31b5fbc8b14647cdf3f4093fb726962e,1s,AVG,cfbd818fc6a6e40632b9e63f3a6a279d31b5fbc8b14647cdf3f4093fb726962e,2026-09-02T19:07:24.837Z,2026-09-02T19:07:32.708Z,2026-09-02T19:07:32.708Z,869
speed,CAN_VEHICLE_SPEED,HF_HISTORICAL,2026-09-02T19:07:27.837Z,2026-09-02T19:07:32.931Z,2026-09-02T19:07:32.708Z,2026-09-02T19:07:32.931Z,1154,0,0,9c9420056bcc4a56959b3b3780ac0ef96d6c2e2bf460987b53cc28fb85c355e2,1s,AVG,9c9420056bcc4a56959b3b3780ac0ef96d6c2e2bf460987b53cc28fb85c355e2,2026-09-02T19:07:24.837Z,2026-09-02T19:07:32.708Z,2026-09-02T19:07:32.708Z,874
speed,CAN_VEHICLE_SPEED,HF_HISTORICAL,2026-09-02T19:07:28.837Z,2026-09-02T19:07:32.931Z,2026-09-02T19:07:32.708Z,2026-09-02T19:07:32.931Z,1159,28,28,cf89c1a27ec9b6f009b693db3e9097e1d5f61e3f90c584c9a73779cbdb67ddd5,1s,AVG,cf89c1a27ec9b6f009b693db3e9097e1d5f61e3f90c584c9a73779cbdb67ddd5,2026-09-02T19:07:24.837Z,2026-09-02T19:07:32.708Z,2026-09-02T19:07:32.708Z,879
speed,CAN_VEHICLE_SPEED,LATEST_LIVE,2026-09-02T19:07:35.000Z,2026-09-02T19:07:38.924Z,2026-09-02T19:07:38.659Z,2026-09-02T19:07:38.924Z,1190,42,"{""value"":42,""timestamp"":""2026-09-02T19:07:35Z""}",,,,,,,,890
speed,CAN_VEHICLE_SPEED,HF_HISTORICAL,2026-09-02T19:07:30.708Z,2026-09-02T19:07:39.223Z,2026-09-02T19:07:38.926Z,2026-09-02T19:07:39.223Z,1195,44,44,a68846e6ba2194db3bc05f8b8a1486e276875603aae172a181d77f234ae43e03,1s,AVG,a68846e6ba2194db3bc05f8b8a1486e276875603aae172a181d77f234ae43e03,2026-09-02T19:07:30.708Z,2026-09-02T19:07:38.926Z,2026-09-02T19:07:38.926Z,895
speed,CAN_VEHICLE_SPEED,HF_HISTORICAL,2026-09-02T19:07:32.708Z,2026-09-02T19:07:39.223Z,2026-09-02T19:07:38.926Z,2026-09-02T19:07:39.223Z,1200,40,40,4f18cf20d24b8b90a2fd9cf9cfeee55614b67e73d5dfb09f0007b44e19e7d648,1s,AVG,4f18cf20d24b8b90a2fd9cf9cfeee55614b67e73d5dfb09f0007b44e19e7d648,2026-09-02T19:07:30.708Z,2026-09-02T19:07:38.926Z,2026-09-02T19:07:38.926Z,900
speed,CAN_VEHICLE_SPEED,HF_HISTORICAL,2026-09-02T19:07:33.708Z,2026-09-02T19:07:39.223Z,2026-09-02T19:07:38.926Z,2026-09-02T19:07:39.223Z,1205,44,44,bb0fb7a1ee1f912d8b62061a5351b5558e09ad9091971a6076c837e85ae7564b,1s,AVG,bb0fb7a1ee1f912d8b62061a5351b5558e09ad9091971a6076c837e85ae7564b,2026-09-02T19:07:30.708Z,2026-09-02T19:07:38.926Z,2026-09-02T19:07:38.926Z,905
speed,CAN_VEHICLE_SPEED,HF_HISTORICAL,2026-09-02T19:07:34.708Z,2026-09-02T19:07:39.223Z,2026-09-02T19:07:38.926Z,2026-09-02T19:07:39.223Z,1210,42,42,e06008081cdcacd1c3609cf5df7a6b39303a15e98d1f173d87c6a7aa154739dc,1s,AVG,e06008081cdcacd1c3609cf5df7a6b39303a15e98d1f173d87c6a7aa154739dc,2026-09-02T19:07:30.708Z,2026-09-02T19:07:38.926Z,2026-09-02T19:07:38.926Z,910
speed,CAN_VEHICLE_SPEED,LATEST_LIVE,2026-09-02T19:07:41.000Z,2026-09-02T19:07:45.066Z,2026-09-02T19:07:44.800Z,2026-09-02T19:07:45.066Z,1215,22,"{""value"":22,""timestamp"":""2026-09-02T19:07:41Z""}",,,,,,,,915
speed,CAN_VEHICLE_SPEED,HF_HISTORICAL,2026-09-02T19:07:36.926Z,2026-09-02T19:07:45.384Z,2026-09-02T19:07:45.067Z,2026-09-02T19:07:45.384Z,1220,35,35,7273f1d457dccc438e423444c017efc62f942c7f8995c86af5176af307c9be6b,1s,AVG,7273f1d457dccc438e423444c017efc62f942c7f8995c86af5176af307c9be6b,2026-09-02T19:07:36.926Z,2026-09-02T19:07:45.067Z,2026-09-02T19:07:45.067Z,920
speed,CAN_VEHICLE_SPEED,HF_HISTORICAL,2026-09-02T19:07:37.926Z,2026-09-02T19:07:45.384Z,2026-09-02T19:07:45.067Z,2026-09-02T19:07:45.384Z,1225,28,28,fb8f6b50fa3c2050ed926bcd623f81ffa02a3be33c976ca81a7046138cd48caf,1s,AVG,fb8f6b50fa3c2050ed926bcd623f81ffa02a3be33c976ca81a7046138cd48caf,2026-09-02T19:07:36.926Z,2026-09-02T19:07:45.067Z,2026-09-02T19:07:45.067Z,925
speed,CAN_VEHICLE_SPEED,HF_HISTORICAL,2026-09-02T19:07:40.926Z,2026-09-02T19:07:45.384Z,2026-09-02T19:07:45.067Z,2026-09-02T19:07:45.384Z,1230,22,22,83d3d2d43ec287a8fcf3c4d2d26534f9d451d450fdae964388a3da4519b6a5b4,1s,AVG,83d3d2d43ec287a8fcf3c4d2d26534f9d451d450fdae964388a3da4519b6a5b4,2026-09-02T19:07:36.926Z,2026-09-02T19:07:45.067Z,2026-09-02T19:07:45.067Z,930
speed,CAN_VEHICLE_SPEED,LATEST_LIVE,2026-09-02T19:07:47.000Z,2026-09-02T19:07:51.001Z,2026-09-02T19:07:50.742Z,2026-09-02T19:07:51.001Z,1235,30,"{""value"":30,""timestamp"":""2026-09-02T19:07:47Z""}",,,,,,,,935
speed,CAN_VEHICLE_SPEED,HF_HISTORICAL,2026-09-02T19:07:44.067Z,2026-09-02T19:07:51.247Z,2026-09-02T19:07:51.003Z,2026-09-02T19:07:51.247Z,1240,0,0,422d7b307218ce35a70221c4bf15564cc56a7f7a5ffbb2bcccfc2cb283e6a3d1,1s,AVG,422d7b307218ce35a70221c4bf15564cc56a7f7a5ffbb2bcccfc2cb283e6a3d1,2026-09-02T19:07:43.067Z,2026-09-02T19:07:51.003Z,2026-09-02T19:07:51.003Z,940
speed,CAN_VEHICLE_SPEED,HF_HISTORICAL,2026-09-02T19:07:45.067Z,2026-09-02T19:07:51.247Z,2026-09-02T19:07:51.003Z,2026-09-02T19:07:51.247Z,1245,1,1,1f83a15dca30eee8fd87fecc80a6f4ac4c497ed1ead30d4e364f5ec5e8192950,1s,AVG,1f83a15dca30eee8fd87fecc80a6f4ac4c497ed1ead30d4e364f5ec5e8192950,2026-09-02T19:07:43.067Z,2026-09-02T19:07:51.003Z,2026-09-02T19:07:51.003Z,945
speed,CAN_VEHICLE_SPEED,HF_HISTORICAL,2026-09-02T19:07:46.067Z,2026-09-02T19:07:51.247Z,2026-09-02T19:07:51.003Z,2026-09-02T19:07:51.247Z,1250,30,30,b6a889d018276db0b139d2b5b412f3b824d8c0db57476097db4c37e9c30d028b,1s,AVG,b6a889d018276db0b139d2b5b412f3b824d8c0db57476097db4c37e9c30d028b,2026-09-02T19:07:43.067Z,2026-09-02T19:07:51.003Z,2026-09-02T19:07:51.003Z,950
speed,CAN_VEHICLE_SPEED,LATEST_LIVE,2026-09-02T19:07:53.000Z,2026-09-02T19:07:56.798Z,2026-09-02T19:07:56.570Z,2026-09-02T19:07:56.798Z,1255,26,"{""value"":26,""timestamp"":""2026-09-02T19:07:53Z""}",,,,,,,,955
speed,CAN_VEHICLE_SPEED,HF_HISTORICAL,2026-09-02T19:07:49.003Z,2026-09-02T19:07:56.996Z,2026-09-02T19:07:56.799Z,2026-09-02T19:07:56.996Z,1260,11,11,d1230b4d48bc0b3ac1ac0b5797c2f4374e135693331fd65607b3ac8d01ee0253,1s,AVG,d1230b4d48bc0b3ac1ac0b5797c2f4374e135693331fd65607b3ac8d01ee0253,2026-09-02T19:07:49.003Z,2026-09-02T19:07:56.799Z,2026-09-02T19:07:56.799Z,960
speed,CAN_VEHICLE_SPEED,HF_HISTORICAL,2026-09-02T19:07:50.003Z,2026-09-02T19:07:56.996Z,2026-09-02T19:07:56.799Z,2026-09-02T19:07:56.996Z,1265,24,24,0fbec5b93e60c8ab072449c1ce547cc744fab02b86001f82996931104ad3dd14,1s,AVG,0fbec5b93e60c8ab072449c1ce547cc744fab02b86001f82996931104ad3dd14,2026-09-02T19:07:49.003Z,2026-09-02T19:07:56.799Z,2026-09-02T19:07:56.799Z,965
speed,CAN_VEHICLE_SPEED,HF_HISTORICAL,2026-09-02T19:07:52.003Z,2026-09-02T19:07:56.996Z,2026-09-02T19:07:56.799Z,2026-09-02T19:07:56.996Z,1270,26,26,6c656f4d092998627772ee0e72fd0d9d87f413610ffa1041f32e937c87361a26,1s,AVG,6c656f4d092998627772ee0e72fd0d9d87f413610ffa1041f32e937c87361a26,2026-09-02T19:07:49.003Z,2026-09-02T19:07:56.799Z,2026-09-02T19:07:56.799Z,970
speed,CAN_VEHICLE_SPEED,LATEST_LIVE,2026-09-02T19:07:59.000Z,2026-09-02T19:08:02.791Z,2026-09-02T19:08:02.527Z,2026-09-02T19:08:02.791Z,1275,0,"{""value"":0,""timestamp"":""2026-09-02T19:07:59Z""}",,,,,,,,975
speed,CAN_VEHICLE_SPEED,HF_HISTORICAL,2026-09-02T19:07:56.799Z,2026-09-02T19:08:03.001Z,2026-09-02T19:08:02.792Z,2026-09-02T19:08:03.001Z,1280,23,23,4852b6a50b016dd13b04aa7b56a6c1d1b29561e8ac439a34e4b5aa11f6287747,1s,AVG,4852b6a50b016dd13b04aa7b56a6c1d1b29561e8ac439a34e4b5aa11f6287747,2026-09-02T19:07:54.799Z,2026-09-02T19:08:02.792Z,2026-09-02T19:08:02.792Z,980
speed,CAN_VEHICLE_SPEED,HF_HISTORICAL,2026-09-02T19:07:57.799Z,2026-09-02T19:08:03.001Z,2026-09-02T19:08:02.792Z,2026-09-02T19:08:03.001Z,1285,16,16,b6f6b74054916d45cd322f61efb71c43dc1b3e3bfc64097dbaae36cbfe5beef3,1s,AVG,b6f6b74054916d45cd322f61efb71c43dc1b3e3bfc64097dbaae36cbfe5beef3,2026-09-02T19:07:54.799Z,2026-09-02T19:08:02.792Z,2026-09-02T19:08:02.792Z,985
speed,CAN_VEHICLE_SPEED,HF_HISTORICAL,2026-09-02T19:07:58.799Z,2026-09-02T19:08:03.001Z,2026-09-02T19:08:02.792Z,2026-09-02T19:08:03.001Z,1290,0,0,83560768231907ba77ecb60ef416bdad8a51f4095421392b59e1ee1babb25c15,1s,AVG,83560768231907ba77ecb60ef416bdad8a51f4095421392b59e1ee1babb25c15,2026-09-02T19:07:54.799Z,2026-09-02T19:08:02.792Z,2026-09-02T19:08:02.792Z,990
speed,CAN_VEHICLE_SPEED,LATEST_LIVE,2026-09-02T19:08:04.000Z,2026-09-02T19:08:08.800Z,2026-09-02T19:08:08.466Z,2026-09-02T19:08:08.800Z,1295,33,"{""value"":33,""timestamp"":""2026-09-02T19:08:04Z""}",,,,,,,,995
speed,CAN_VEHICLE_SPEED,HF_HISTORICAL,2026-09-02T19:08:00.792Z,2026-09-02T19:08:09.015Z,2026-09-02T19:08:08.802Z,2026-09-02T19:08:09.015Z,1300,0,0,bb6a6a05ab3326fe9d03b15b63aa2f7ff5f166929f56ba9122896e9e2a91ccf4,1s,AVG,bb6a6a05ab3326fe9d03b15b63aa2f7ff5f166929f56ba9122896e9e2a91ccf4,2026-09-02T19:08:00.792Z,2026-09-02T19:08:08.802Z,2026-09-02T19:08:08.802Z,1000
speed,CAN_VEHICLE_SPEED,HF_HISTORICAL,2026-09-02T19:08:01.792Z,2026-09-02T19:08:09.015Z,2026-09-02T19:08:08.802Z,2026-09-02T19:08:09.015Z,1305,36,36,5788c10ba3bd149a1b6b4406586009e05953ba0ff96ccc46d9850882de0ceddf,1s,AVG,5788c10ba3bd149a1b6b4406586009e05953ba0ff96ccc46d9850882de0ceddf,2026-09-02T19:08:00.792Z,2026-09-02T19:08:08.802Z,2026-09-02T19:08:08.802Z,1005
speed,CAN_VEHICLE_SPEED,HF_HISTORICAL,2026-09-02T19:08:03.792Z,2026-09-02T19:08:09.015Z,2026-09-02T19:08:08.802Z,2026-09-02T19:08:09.015Z,1310,33,33,44d0ba56a6a481942594b83901f3e7ac2526e8ca6073e8e1ccf4ee4417746a87,1s,AVG,44d0ba56a6a481942594b83901f3e7ac2526e8ca6073e8e1ccf4ee4417746a87,2026-09-02T19:08:00.792Z,2026-09-02T19:08:08.802Z,2026-09-02T19:08:08.802Z,1010
speed,CAN_VEHICLE_SPEED,LATEST_LIVE,2026-09-02T19:08:08.000Z,2026-09-02T19:08:14.955Z,2026-09-02T19:08:14.698Z,2026-09-02T19:08:14.955Z,1341,0,"{""value"":0,""timestamp"":""2026-09-02T19:08:08Z""}",,,,,,,,1021
speed,CAN_VEHICLE_SPEED,HF_HISTORICAL,2026-09-02T19:08:06.802Z,2026-09-02T19:08:15.258Z,2026-09-02T19:08:14.957Z,2026-09-02T19:08:15.258Z,1346,5,5,344e80d63ff963dea269942edbbb34d8e23d9f2a09f60d79077976ca1a96fa59,1s,AVG,344e80d63ff963dea269942edbbb34d8e23d9f2a09f60d79077976ca1a96fa59,2026-09-02T19:08:06.802Z,2026-09-02T19:08:14.956Z,2026-09-02T19:08:14.956Z,1026
speed,CAN_VEHICLE_SPEED,HF_HISTORICAL,2026-09-02T19:08:07.802Z,2026-09-02T19:08:15.258Z,2026-09-02T19:08:14.957Z,2026-09-02T19:08:15.258Z,1351,0,0,a5b89d3c80bbac972be25dd43bc2fcc408e06ef2a252ba739d61ae3efa627afb,1s,AVG,a5b89d3c80bbac972be25dd43bc2fcc408e06ef2a252ba739d61ae3efa627afb,2026-09-02T19:08:06.802Z,2026-09-02T19:08:14.956Z,2026-09-02T19:08:14.956Z,1031
speed,CAN_VEHICLE_SPEED,LATEST_LIVE,2026-09-02T19:08:16.000Z,2026-09-02T19:08:20.737Z,2026-09-02T19:08:20.539Z,2026-09-02T19:08:20.737Z,1356,24,"{""value"":24,""timestamp"":""2026-09-02T19:08:16Z""}",,,,,,,,1036
speed,CAN_VEHICLE_SPEED,HF_HISTORICAL,2026-09-02T19:08:12.956Z,2026-09-02T19:08:20.941Z,2026-09-02T19:08:20.738Z,2026-09-02T19:08:20.941Z,1361,8,8,21a63014258d7501789bb2049da3674ad6594d3b4e241061a232be8fbc247b03,1s,AVG,21a63014258d7501789bb2049da3674ad6594d3b4e241061a232be8fbc247b03,2026-09-02T19:08:12.956Z,2026-09-02T19:08:20.738Z,2026-09-02T19:08:20.738Z,1041
speed,CAN_VEHICLE_SPEED,HF_HISTORICAL,2026-09-02T19:08:14.956Z,2026-09-02T19:08:20.941Z,2026-09-02T19:08:20.738Z,2026-09-02T19:08:20.941Z,1366,17,17,ad4d23679ff3feb24a80d199a4a95e73e6d3e5b4ae2fa3b53e1a10b59e88163d,1s,AVG,ad4d23679ff3feb24a80d199a4a95e73e6d3e5b4ae2fa3b53e1a10b59e88163d,2026-09-02T19:08:12.956Z,2026-09-02T19:08:20.738Z,2026-09-02T19:08:20.738Z,1046
speed,CAN_VEHICLE_SPEED,HF_HISTORICAL,2026-09-02T19:08:15.956Z,2026-09-02T19:08:20.941Z,2026-09-02T19:08:20.738Z,2026-09-02T19:08:20.941Z,1371,24,24,98390b3804c6c84739e4a1bf5bfce31d96018294edb902fbba8a63934ecb206b,1s,AVG,98390b3804c6c84739e4a1bf5bfce31d96018294edb902fbba8a63934ecb206b,2026-09-02T19:08:12.956Z,2026-09-02T19:08:20.738Z,2026-09-02T19:08:20.738Z,1051
speed,CAN_VEHICLE_SPEED,LATEST_LIVE,2026-09-02T19:08:22.000Z,2026-09-02T19:08:26.505Z,2026-09-02T19:08:26.269Z,2026-09-02T19:08:26.505Z,1376,50,"{""value"":50,""timestamp"":""2026-09-02T19:08:22Z""}",,,,,,,,1056
speed,CAN_VEHICLE_SPEED,HF_HISTORICAL,2026-09-02T19:08:19.738Z,2026-09-02T19:08:26.701Z,2026-09-02T19:08:26.508Z,2026-09-02T19:08:26.701Z,1381,40,40,851bdf3200a53dfecd2b97611ea01c0f5de2d1b1b82da5fc9d5076001c169d8b,1s,AVG,851bdf3200a53dfecd2b97611ea01c0f5de2d1b1b82da5fc9d5076001c169d8b,2026-09-02T19:08:18.738Z,2026-09-02T19:08:26.508Z,2026-09-02T19:08:26.508Z,1061
speed,CAN_VEHICLE_SPEED,HF_HISTORICAL,2026-09-02T19:08:21.738Z,2026-09-02T19:08:26.701Z,2026-09-02T19:08:26.508Z,2026-09-02T19:08:26.701Z,1386,50,50,d1426caf09680999c6d6fd81b26b02ce0928669cb327a12f03530ec05d592f16,1s,AVG,d1426caf09680999c6d6fd81b26b02ce0928669cb327a12f03530ec05d592f16,2026-09-02T19:08:18.738Z,2026-09-02T19:08:26.508Z,2026-09-02T19:08:26.508Z,1066
speed,CAN_VEHICLE_SPEED,LATEST_LIVE,2026-09-02T19:08:24.000Z,2026-09-02T19:08:32.293Z,2026-09-02T19:08:32.008Z,2026-09-02T19:08:32.293Z,1391,18,"{""value"":18,""timestamp"":""2026-09-02T19:08:24Z""}",,,,,,,,1071
speed,CAN_VEHICLE_SPEED,LATEST_LIVE,2026-09-02T19:08:33.000Z,2026-09-02T19:08:38.535Z,2026-09-02T19:08:38.032Z,2026-09-02T19:08:38.535Z,1396,3,"{""value"":3,""timestamp"":""2026-09-02T19:08:33Z""}",,,,,,,,1076
speed,CAN_VEHICLE_SPEED,HF_HISTORICAL,2026-09-02T19:08:32.294Z,2026-09-02T19:08:39.030Z,2026-09-02T19:08:38.536Z,2026-09-02T19:08:39.030Z,1401,3,3,4d43aa6ddce03b9453144e51079cca2e5f321ac6a2f38e90eabb6d61c840fe81,1s,AVG,4d43aa6ddce03b9453144e51079cca2e5f321ac6a2f38e90eabb6d61c840fe81,2026-09-02T19:08:30.294Z,2026-09-02T19:08:38.536Z,2026-09-02T19:08:38.536Z,1081
speed,CAN_VEHICLE_SPEED,LATEST_LIVE,2026-09-02T19:08:39.000Z,2026-09-02T19:08:45.453Z,2026-09-02T19:08:44.776Z,2026-09-02T19:08:45.453Z,1406,27,"{""value"":27,""timestamp"":""2026-09-02T19:08:39Z""}",,,,,,,,1086
speed,CAN_VEHICLE_SPEED,HF_HISTORICAL,2026-09-02T19:08:38.536Z,2026-09-02T19:08:46.394Z,2026-09-02T19:08:45.455Z,2026-09-02T19:08:46.394Z,1411,27,27,c895fca4b82f646b12f7e97a65f53246be34f112cc231ac612a2af90518fa7df,1s,AVG,c895fca4b82f646b12f7e97a65f53246be34f112cc231ac612a2af90518fa7df,2026-09-02T19:08:36.536Z,2026-09-02T19:08:45.455Z,2026-09-02T19:08:45.455Z,1091
speed,CAN_VEHICLE_SPEED,LATEST_LIVE,2026-09-02T19:08:39.000Z,2026-09-02T19:09:02.556Z,2026-09-02T19:08:52.220Z,2026-09-02T19:09:02.556Z,1442,27,"{""value"":27,""timestamp"":""2026-09-02T19:08:39Z""}",,,,,,,,1102
speed,CAN_VEHICLE_SPEED,LATEST_LIVE,2026-09-02T19:08:39.000Z,2026-09-02T19:09:08.408Z,2026-09-02T19:09:08.151Z,2026-09-02T19:09:08.408Z,1447,27,"{""value"":27,""timestamp"":""2026-09-02T19:08:39Z""}",,,,,,,,1107
speed,CAN_VEHICLE_SPEED,LATEST_LIVE,2026-09-02T19:08:39.000Z,2026-09-02T19:09:14.127Z,2026-09-02T19:09:13.875Z,2026-09-02T19:09:14.127Z,1452,27,"{""value"":27,""timestamp"":""2026-09-02T19:08:39Z""}",,,,,,,,1112
speed,CAN_VEHICLE_SPEED,LATEST_LIVE,2026-09-02T19:08:39.000Z,2026-09-02T19:09:19.883Z,2026-09-02T19:09:19.615Z,2026-09-02T19:09:19.883Z,1457,27,"{""value"":27,""timestamp"":""2026-09-02T19:08:39Z""}",,,,,,,,1117
speed,CAN_VEHICLE_SPEED,LATEST_LIVE,2026-09-02T19:08:39.000Z,2026-09-02T19:09:25.689Z,2026-09-02T19:09:25.447Z,2026-09-02T19:09:25.689Z,1462,27,"{""value"":27,""timestamp"":""2026-09-02T19:08:39Z""}",,,,,,,,1122
speed,CAN_VEHICLE_SPEED,LATEST_LIVE,2026-09-02T19:08:39.000Z,2026-09-02T19:09:31.431Z,2026-09-02T19:09:31.179Z,2026-09-02T19:09:31.431Z,1467,27,"{""value"":27,""timestamp"":""2026-09-02T19:08:39Z""}",,,,,,,,1127
speed,CAN_VEHICLE_SPEED,LATEST_LIVE,2026-09-02T19:08:39.000Z,2026-09-02T19:09:37.601Z,2026-09-02T19:09:37.311Z,2026-09-02T19:09:37.601Z,1498,27,"{""value"":27,""timestamp"":""2026-09-02T19:08:39Z""}",,,,,,,,1138
speed,CAN_VEHICLE_SPEED,LATEST_LIVE,2026-09-02T19:08:39.000Z,2026-09-02T19:09:43.371Z,2026-09-02T19:09:43.152Z,2026-09-02T19:09:43.371Z,1503,27,"{""value"":27,""timestamp"":""2026-09-02T19:08:39Z""}",,,,,,,,1143
speed,CAN_VEHICLE_SPEED,LATEST_LIVE,2026-09-02T19:08:39.000Z,2026-09-02T19:09:49.469Z,2026-09-02T19:09:48.981Z,2026-09-02T19:09:49.469Z,1508,27,"{""value"":27,""timestamp"":""2026-09-02T19:08:39Z""}",,,,,,,,1148
speed,CAN_VEHICLE_SPEED,LATEST_LIVE,2026-09-02T19:08:39.000Z,2026-09-02T19:09:55.562Z,2026-09-02T19:09:55.306Z,2026-09-02T19:09:55.562Z,1513,27,"{""value"":27,""timestamp"":""2026-09-02T19:08:39Z""}",,,,,,,,1153
speed,CAN_VEHICLE_SPEED,LATEST_LIVE,2026-09-02T19:09:57.000Z,2026-09-02T19:10:01.429Z,2026-09-02T19:10:01.180Z,2026-09-02T19:10:01.429Z,1518,27,"{""value"":27,""timestamp"":""2026-09-02T19:09:57Z""}",,,,,,,,1158
speed,CAN_VEHICLE_SPEED,HF_HISTORICAL,2026-09-02T19:09:56.564Z,2026-09-02T19:10:01.739Z,2026-09-02T19:10:01.433Z,2026-09-02T19:10:01.739Z,1523,27,27,03ce1f0a9ae48d6fb6c4a7c027e6f88538f2857d1f3a119044064d8a0d347636,1s,AVG,03ce1f0a9ae48d6fb6c4a7c027e6f88538f2857d1f3a119044064d8a0d347636,2026-09-02T19:09:53.564Z,2026-09-02T19:10:01.433Z,2026-09-02T19:10:01.433Z,1163
speed,CAN_VEHICLE_SPEED,LATEST_LIVE,2026-09-02T19:10:04.000Z,2026-09-02T19:10:07.436Z,2026-09-02T19:10:07.212Z,2026-09-02T19:10:07.436Z,1528,0,"{""value"":0,""timestamp"":""2026-09-02T19:10:04Z""}",,,,,,,,1168
speed,CAN_VEHICLE_SPEED,HF_HISTORICAL,2026-09-02T19:10:00.433Z,2026-09-02T19:10:07.730Z,2026-09-02T19:10:07.439Z,2026-09-02T19:10:07.730Z,1533,39,39,b60010f9af5678b0de40db7a48e099d255fc77a5f9eac3bfb5a39ac28dc5fbef,1s,AVG,b60010f9af5678b0de40db7a48e099d255fc77a5f9eac3bfb5a39ac28dc5fbef,2026-09-02T19:09:59.433Z,2026-09-02T19:10:07.439Z,2026-09-02T19:10:07.439Z,1173
speed,CAN_VEHICLE_SPEED,HF_HISTORICAL,2026-09-02T19:10:03.433Z,2026-09-02T19:10:07.730Z,2026-09-02T19:10:07.439Z,2026-09-02T19:10:07.730Z,1538,0,0,cc1cb181cd66360798c0613e4d2172a76162a7c53024c76afaaece8eff373e5a,1s,AVG,cc1cb181cd66360798c0613e4d2172a76162a7c53024c76afaaece8eff373e5a,2026-09-02T19:09:59.433Z,2026-09-02T19:10:07.439Z,2026-09-02T19:10:07.439Z,1178
speed,CAN_VEHICLE_SPEED,LATEST_LIVE,2026-09-02T19:10:09.000Z,2026-09-02T19:10:13.520Z,2026-09-02T19:10:13.302Z,2026-09-02T19:10:13.520Z,1569,33,"{""value"":33,""timestamp"":""2026-09-02T19:10:09Z""}",,,,,,,,1189
speed,CAN_VEHICLE_SPEED,HF_HISTORICAL,2026-09-02T19:10:07.439Z,2026-09-02T19:10:13.715Z,2026-09-02T19:10:13.522Z,2026-09-02T19:10:13.715Z,1574,49,49,e02d90e37d26482bdf1bdb52d996631e486ca96706e5d47e43ecfa0a718d6f8c,1s,AVG,e02d90e37d26482bdf1bdb52d996631e486ca96706e5d47e43ecfa0a718d6f8c,2026-09-02T19:10:05.439Z,2026-09-02T19:10:13.521Z,2026-09-02T19:10:13.521Z,1194
speed,CAN_VEHICLE_SPEED,HF_HISTORICAL,2026-09-02T19:10:08.439Z,2026-09-02T19:10:13.715Z,2026-09-02T19:10:13.522Z,2026-09-02T19:10:13.715Z,1579,33,33,73fe171ecbf70fafe8a82a94fca7491c845f2558c7d1efac60aa5e55da6990cb,1s,AVG,73fe171ecbf70fafe8a82a94fca7491c845f2558c7d1efac60aa5e55da6990cb,2026-09-02T19:10:05.439Z,2026-09-02T19:10:13.521Z,2026-09-02T19:10:13.521Z,1199
speed,CAN_VEHICLE_SPEED,LATEST_LIVE,2026-09-02T19:10:16.000Z,2026-09-02T19:10:19.337Z,2026-09-02T19:10:19.067Z,2026-09-02T19:10:19.337Z,1584,0,"{""value"":0,""timestamp"":""2026-09-02T19:10:16Z""}",,,,,,,,1204
speed,CAN_VEHICLE_SPEED,HF_HISTORICAL,2026-09-02T19:10:11.521Z,2026-09-02T19:10:19.546Z,2026-09-02T19:10:19.340Z,2026-09-02T19:10:19.546Z,1589,0,0,7b48c56f53b7a919e0c29230b90c36841702c4867148e10f85981ad6d6013fde,1s,AVG,7b48c56f53b7a919e0c29230b90c36841702c4867148e10f85981ad6d6013fde,2026-09-02T19:10:11.521Z,2026-09-02T19:10:19.340Z,2026-09-02T19:10:19.340Z,1209
speed,CAN_VEHICLE_SPEED,HF_HISTORICAL,2026-09-02T19:10:12.521Z,2026-09-02T19:10:19.546Z,2026-09-02T19:10:19.340Z,2026-09-02T19:10:19.546Z,1594,0,0,503a25670663695cf58d9f25bd36ec51536058e9c5a4933f29b057be280815ce,1s,AVG,503a25670663695cf58d9f25bd36ec51536058e9c5a4933f29b057be280815ce,2026-09-02T19:10:11.521Z,2026-09-02T19:10:19.340Z,2026-09-02T19:10:19.340Z,1214
speed,CAN_VEHICLE_SPEED,HF_HISTORICAL,2026-09-02T19:10:15.521Z,2026-09-02T19:10:19.546Z,2026-09-02T19:10:19.340Z,2026-09-02T19:10:19.546Z,1599,0,0,9830ecc3c911e7c91724c37ef24c723e3ff2a30684a3c50db0e37a70e25db723,1s,AVG,9830ecc3c911e7c91724c37ef24c723e3ff2a30684a3c50db0e37a70e25db723,2026-09-02T19:10:11.521Z,2026-09-02T19:10:19.340Z,2026-09-02T19:10:19.340Z,1219
speed,CAN_VEHICLE_SPEED,LATEST_LIVE,2026-09-02T19:10:20.000Z,2026-09-02T19:10:25.100Z,2026-09-02T19:10:24.898Z,2026-09-02T19:10:25.100Z,1604,3,"{""value"":3,""timestamp"":""2026-09-02T19:10:20Z""}",,,,,,,,1224
speed,CAN_VEHICLE_SPEED,HF_HISTORICAL,2026-09-02T19:10:19.340Z,2026-09-02T19:10:25.321Z,2026-09-02T19:10:25.102Z,2026-09-02T19:10:25.321Z,1609,3,3,1793f04c5fb84335bfdd19ea1a4cc311e68f4fff8fcd7bcdc28040cb1fbf1d21,1s,AVG,1793f04c5fb84335bfdd19ea1a4cc311e68f4fff8fcd7bcdc28040cb1fbf1d21,2026-09-02T19:10:17.340Z,2026-09-02T19:10:25.102Z,2026-09-02T19:10:25.102Z,1229
speed,CAN_VEHICLE_SPEED,LATEST_LIVE,2026-09-02T19:10:27.000Z,2026-09-02T19:10:30.981Z,2026-09-02T19:10:30.640Z,2026-09-02T19:10:30.981Z,1614,19,"{""value"":19,""timestamp"":""2026-09-02T19:10:27Z""}",,,,,,,,1234
speed,CAN_VEHICLE_SPEED,HF_HISTORICAL,2026-09-02T19:10:23.102Z,2026-09-02T19:10:31.191Z,2026-09-02T19:10:30.982Z,2026-09-02T19:10:31.191Z,1619,28,28,305c8c0ee7ac7f878d17c2ad0883fa6f013213a21ac6d66db7b0fb023a2bfe0f,1s,AVG,305c8c0ee7ac7f878d17c2ad0883fa6f013213a21ac6d66db7b0fb023a2bfe0f,2026-09-02T19:10:23.102Z,2026-09-02T19:10:30.982Z,2026-09-02T19:10:30.982Z,1239
speed,CAN_VEHICLE_SPEED,HF_HISTORICAL,2026-09-02T19:10:25.102Z,2026-09-02T19:10:31.191Z,2026-09-02T19:10:30.982Z,2026-09-02T19:10:31.191Z,1624,30,30,27efd4c1b04580ef608b5b8d2d97b7a5b8700457c76aa5816166f6b9e1e499fc,1s,AVG,27efd4c1b04580ef608b5b8d2d97b7a5b8700457c76aa5816166f6b9e1e499fc,2026-09-02T19:10:23.102Z,2026-09-02T19:10:30.982Z,2026-09-02T19:10:30.982Z,1244
speed,CAN_VEHICLE_SPEED,HF_HISTORICAL,2026-09-02T19:10:26.102Z,2026-09-02T19:10:31.191Z,2026-09-02T19:10:30.982Z,2026-09-02T19:10:31.191Z,1629,19,19,ab1779a769c92aca55495b513b5530ff03e35ec6c4878dd8bf9050ca9c382bee,1s,AVG,ab1779a769c92aca55495b513b5530ff03e35ec6c4878dd8bf9050ca9c382bee,2026-09-02T19:10:23.102Z,2026-09-02T19:10:30.982Z,2026-09-02T19:10:30.982Z,1249
speed,CAN_VEHICLE_SPEED,LATEST_LIVE,2026-09-02T19:10:31.000Z,2026-09-02T19:10:36.835Z,2026-09-02T19:10:36.590Z,2026-09-02T19:10:36.835Z,1634,13,"{""value"":13,""timestamp"":""2026-09-02T19:10:31Z""}",,,,,,,,1254
speed,CAN_VEHICLE_SPEED,HF_HISTORICAL,2026-09-02T19:10:29.982Z,2026-09-02T19:10:37.050Z,2026-09-02T19:10:36.842Z,2026-09-02T19:10:37.050Z,1639,13,13,d1a433dc8af5563d202bd09fcb865d4204549a71d164b5fba2bdbb6cd55bbb1a,1s,AVG,d1a433dc8af5563d202bd09fcb865d4204549a71d164b5fba2bdbb6cd55bbb1a,2026-09-02T19:10:28.982Z,2026-09-02T19:10:36.841Z,2026-09-02T19:10:36.841Z,1259
speed,CAN_VEHICLE_SPEED,HF_HISTORICAL,2026-09-02T19:10:30.982Z,2026-09-02T19:10:37.050Z,2026-09-02T19:10:36.842Z,2026-09-02T19:10:37.050Z,1644,13,13,0413570a10025441c00f14fd5a8960eeb14d3acfc804cac4bc8def137bd55978,1s,AVG,0413570a10025441c00f14fd5a8960eeb14d3acfc804cac4bc8def137bd55978,2026-09-02T19:10:28.982Z,2026-09-02T19:10:36.841Z,2026-09-02T19:10:36.841Z,1264
speed,CAN_VEHICLE_SPEED,LATEST_LIVE,2026-09-02T19:10:39.000Z,2026-09-02T19:10:42.717Z,2026-09-02T19:10:42.416Z,2026-09-02T19:10:42.717Z,1649,17,"{""value"":17,""timestamp"":""2026-09-02T19:10:39Z""}",,,,,,,,1269
speed,CAN_VEHICLE_SPEED,HF_HISTORICAL,2026-09-02T19:10:35.841Z,2026-09-02T19:10:42.954Z,2026-09-02T19:10:42.720Z,2026-09-02T19:10:42.954Z,1654,11,11,a7eb2bd8baabf668b928e35eac1cea6a5742711c061e0a73eb176dea1b4082ba,1s,AVG,a7eb2bd8baabf668b928e35eac1cea6a5742711c061e0a73eb176dea1b4082ba,2026-09-02T19:10:34.841Z,2026-09-02T19:10:42.720Z,2026-09-02T19:10:42.720Z,1274
speed,CAN_VEHICLE_SPEED,HF_HISTORICAL,2026-09-02T19:10:36.841Z,2026-09-02T19:10:42.954Z,2026-09-02T19:10:42.720Z,2026-09-02T19:10:42.954Z,1659,4,4,996f283e5df9b676b7aac2d3d0f2ec9df0f7150afc2f686765b2c1e9a5f6d205,1s,AVG,996f283e5df9b676b7aac2d3d0f2ec9df0f7150afc2f686765b2c1e9a5f6d205,2026-09-02T19:10:34.841Z,2026-09-02T19:10:42.720Z,2026-09-02T19:10:42.720Z,1279
speed,CAN_VEHICLE_SPEED,HF_HISTORICAL,2026-09-02T19:10:37.841Z,2026-09-02T19:10:42.954Z,2026-09-02T19:10:42.720Z,2026-09-02T19:10:42.954Z,1664,17,17,df34732eff7f045cc3cb706590c4f7a231922750a2acc6f6e6b38dfecc4af859,1s,AVG,df34732eff7f045cc3cb706590c4f7a231922750a2acc6f6e6b38dfecc4af859,2026-09-02T19:10:34.841Z,2026-09-02T19:10:42.720Z,2026-09-02T19:10:42.720Z,1284
speed,CAN_VEHICLE_SPEED,HF_HISTORICAL,2026-09-02T19:10:38.841Z,2026-09-02T19:10:42.954Z,2026-09-02T19:10:42.720Z,2026-09-02T19:10:42.954Z,1669,17,17,a9f443dad50bee0fe2576a95f690ee35f157580a8ff1c7f1cc614c1b774ebee4,1s,AVG,a9f443dad50bee0fe2576a95f690ee35f157580a8ff1c7f1cc614c1b774ebee4,2026-09-02T19:10:34.841Z,2026-09-02T19:10:42.720Z,2026-09-02T19:10:42.720Z,1289
speed,CAN_VEHICLE_SPEED,LATEST_LIVE,2026-09-02T19:10:44.000Z,2026-09-02T19:10:49.107Z,2026-09-02T19:10:48.854Z,2026-09-02T19:10:49.107Z,1700,21,"{""value"":21,""timestamp"":""2026-09-02T19:10:44Z""}",,,,,,,,1300
speed,CAN_VEHICLE_SPEED,HF_HISTORICAL,2026-09-02T19:10:40.720Z,2026-09-02T19:10:49.333Z,2026-09-02T19:10:49.109Z,2026-09-02T19:10:49.333Z,1705,25,25,af811166c49baa08556e6cea8d76de8617510ed52b89ef42c68ad76ca7134c4f,1s,AVG,af811166c49baa08556e6cea8d76de8617510ed52b89ef42c68ad76ca7134c4f,2026-09-02T19:10:40.720Z,2026-09-02T19:10:49.109Z,2026-09-02T19:10:49.109Z,1305
speed,CAN_VEHICLE_SPEED,HF_HISTORICAL,2026-09-02T19:10:41.720Z,2026-09-02T19:10:49.333Z,2026-09-02T19:10:49.109Z,2026-09-02T19:10:49.333Z,1710,17,17,b8af67fb7cfad47a17c73a810f3159747f6ac042bac01594a36ae4c5c3cdf93b,1s,AVG,b8af67fb7cfad47a17c73a810f3159747f6ac042bac01594a36ae4c5c3cdf93b,2026-09-02T19:10:40.720Z,2026-09-02T19:10:49.109Z,2026-09-02T19:10:49.109Z,1310
speed,CAN_VEHICLE_SPEED,HF_HISTORICAL,2026-09-02T19:10:42.720Z,2026-09-02T19:10:49.333Z,2026-09-02T19:10:49.109Z,2026-09-02T19:10:49.333Z,1715,12,12,98997a1667d2881e61a6afc4e4507ce3300e3cb00bd90246d39c9cfcc19e9ad9,1s,AVG,98997a1667d2881e61a6afc4e4507ce3300e3cb00bd90246d39c9cfcc19e9ad9,2026-09-02T19:10:40.720Z,2026-09-02T19:10:49.109Z,2026-09-02T19:10:49.109Z,1315
speed,CAN_VEHICLE_SPEED,HF_HISTORICAL,2026-09-02T19:10:43.720Z,2026-09-02T19:10:49.333Z,2026-09-02T19:10:49.109Z,2026-09-02T19:10:49.333Z,1720,21,21,19890d2f0191b22db96fc65db16f46e487e5451ffa65fad3cf8bca4ff83521bb,1s,AVG,19890d2f0191b22db96fc65db16f46e487e5451ffa65fad3cf8bca4ff83521bb,2026-09-02T19:10:40.720Z,2026-09-02T19:10:49.109Z,2026-09-02T19:10:49.109Z,1320
speed,CAN_VEHICLE_SPEED,LATEST_LIVE,2026-09-02T19:10:51.000Z,2026-09-02T19:10:54.962Z,2026-09-02T19:10:54.703Z,2026-09-02T19:10:54.962Z,1725,19,"{""value"":19,""timestamp"":""2026-09-02T19:10:51Z""}",,,,,,,,1325
speed,CAN_VEHICLE_SPEED,HF_HISTORICAL,2026-09-02T19:10:47.109Z,2026-09-02T19:10:55.166Z,2026-09-02T19:10:54.964Z,2026-09-02T19:10:55.166Z,1730,19,19,497dd78594d92e2ade740317ff97f81274d1bb84d944dadfe7f6bd772f91d069,1s,AVG,497dd78594d92e2ade740317ff97f81274d1bb84d944dadfe7f6bd772f91d069,2026-09-02T19:10:47.109Z,2026-09-02T19:10:54.964Z,2026-09-02T19:10:54.964Z,1330
speed,CAN_VEHICLE_SPEED,HF_HISTORICAL,2026-09-02T19:10:49.109Z,2026-09-02T19:10:55.166Z,2026-09-02T19:10:54.964Z,2026-09-02T19:10:55.166Z,1735,19,19,239d083bb51c2f480bc4c98eb85a503dcfc9cc0554af77656779f7406aa36cdf,1s,AVG,239d083bb51c2f480bc4c98eb85a503dcfc9cc0554af77656779f7406aa36cdf,2026-09-02T19:10:47.109Z,2026-09-02T19:10:54.964Z,2026-09-02T19:10:54.964Z,1335
speed,CAN_VEHICLE_SPEED,HF_HISTORICAL,2026-09-02T19:10:50.109Z,2026-09-02T19:10:55.166Z,2026-09-02T19:10:54.964Z,2026-09-02T19:10:55.166Z,1740,19,19,80422162aa2afb48a4bca9f57564a2c8981587cf08be0265113923004b60e480,1s,AVG,80422162aa2afb48a4bca9f57564a2c8981587cf08be0265113923004b60e480,2026-09-02T19:10:47.109Z,2026-09-02T19:10:54.964Z,2026-09-02T19:10:54.964Z,1340
speed,CAN_VEHICLE_SPEED,LATEST_LIVE,2026-09-02T19:10:56.000Z,2026-09-02T19:11:00.708Z,2026-09-02T19:11:00.435Z,2026-09-02T19:11:00.708Z,1745,9,"{""value"":9,""timestamp"":""2026-09-02T19:10:56Z""}",,,,,,,,1345
speed,CAN_VEHICLE_SPEED,HF_HISTORICAL,2026-09-02T19:10:53.964Z,2026-09-02T19:11:01.021Z,2026-09-02T19:11:00.712Z,2026-09-02T19:11:01.021Z,1750,34,34,ac59a3605ddc5fbcdfd2b30ee46a09372505be24014d33ad0d3f0a25d6275bf4,1s,AVG,ac59a3605ddc5fbcdfd2b30ee46a09372505be24014d33ad0d3f0a25d6275bf4,2026-09-02T19:10:52.964Z,2026-09-02T19:11:00.712Z,2026-09-02T19:11:00.712Z,1350
speed,CAN_VEHICLE_SPEED,HF_HISTORICAL,2026-09-02T19:10:54.964Z,2026-09-02T19:11:01.021Z,2026-09-02T19:11:00.712Z,2026-09-02T19:11:01.021Z,1755,18,18,c27a3f32ab1daca2de704af6d6a9806b7185c7a21c7914b3417f9261960128ad,1s,AVG,c27a3f32ab1daca2de704af6d6a9806b7185c7a21c7914b3417f9261960128ad,2026-09-02T19:10:52.964Z,2026-09-02T19:11:00.712Z,2026-09-02T19:11:00.712Z,1355
speed,CAN_VEHICLE_SPEED,HF_HISTORICAL,2026-09-02T19:10:55.964Z,2026-09-02T19:11:01.021Z,2026-09-02T19:11:00.712Z,2026-09-02T19:11:01.021Z,1760,9,9,b07dd9a4b83bd8470fc5da0a57dc5d7e0ac09cfb2468cc55158e28c2e24112e3,1s,AVG,b07dd9a4b83bd8470fc5da0a57dc5d7e0ac09cfb2468cc55158e28c2e24112e3,2026-09-02T19:10:52.964Z,2026-09-02T19:11:00.712Z,2026-09-02T19:11:00.712Z,1360
speed,CAN_VEHICLE_SPEED,LATEST_LIVE,2026-09-02T19:11:03.000Z,2026-09-02T19:11:06.650Z,2026-09-02T19:11:06.387Z,2026-09-02T19:11:06.650Z,1765,4,"{""value"":4,""timestamp"":""2026-09-02T19:11:03Z""}",,,,,,,,1365
speed,CAN_VEHICLE_SPEED,HF_HISTORICAL,2026-09-02T19:10:58.712Z,2026-09-02T19:11:06.856Z,2026-09-02T19:11:06.654Z,2026-09-02T19:11:06.856Z,1770,20,20,8494cde896c8976312add3ef61b95ce7a39fb89a3933bb8a70abac959d297393,1s,AVG,8494cde896c8976312add3ef61b95ce7a39fb89a3933bb8a70abac959d297393,2026-09-02T19:10:58.712Z,2026-09-02T19:11:06.654Z,2026-09-02T19:11:06.654Z,1370
speed,CAN_VEHICLE_SPEED,HF_HISTORICAL,2026-09-02T19:10:59.712Z,2026-09-02T19:11:06.856Z,2026-09-02T19:11:06.654Z,2026-09-02T19:11:06.856Z,1775,19,19,e7817854da7691efec8321dc49443ebc67c82e6cdcbc45a7d214d623a9a2c331,1s,AVG,e7817854da7691efec8321dc49443ebc67c82e6cdcbc45a7d214d623a9a2c331,2026-09-02T19:10:58.712Z,2026-09-02T19:11:06.654Z,2026-09-02T19:11:06.654Z,1375
speed,CAN_VEHICLE_SPEED,HF_HISTORICAL,2026-09-02T19:11:02.712Z,2026-09-02T19:11:06.856Z,2026-09-02T19:11:06.654Z,2026-09-02T19:11:06.856Z,1780,4,4,12e9c31418b757daee2d12636aa5f0614561c21330c071991e653512f31e154d,1s,AVG,12e9c31418b757daee2d12636aa5f0614561c21330c071991e653512f31e154d,2026-09-02T19:10:58.712Z,2026-09-02T19:11:06.654Z,2026-09-02T19:11:06.654Z,1380
speed,CAN_VEHICLE_SPEED,LATEST_LIVE,2026-09-02T19:11:08.000Z,2026-09-02T19:11:12.532Z,2026-09-02T19:11:12.263Z,2026-09-02T19:11:12.532Z,1785,0,"{""value"":0,""timestamp"":""2026-09-02T19:11:08Z""}",,,,,,,,1385
speed,CAN_VEHICLE_SPEED,HF_HISTORICAL,2026-09-02T19:11:05.654Z,2026-09-02T19:11:12.723Z,2026-09-02T19:11:12.533Z,2026-09-02T19:11:12.723Z,1790,2,2,302ef5faaf04b1319924e8a065c26ebc7363f60b618adc616a4ac0c6e658813b,1s,AVG,302ef5faaf04b1319924e8a065c26ebc7363f60b618adc616a4ac0c6e658813b,2026-09-02T19:11:04.654Z,2026-09-02T19:11:12.533Z,2026-09-02T19:11:12.533Z,1390
speed,CAN_VEHICLE_SPEED,HF_HISTORICAL,2026-09-02T19:11:07.654Z,2026-09-02T19:11:12.723Z,2026-09-02T19:11:12.533Z,2026-09-02T19:11:12.723Z,1793,0,0,e74260abf945b814f4dc9fd1b739388599de49ba2e8d1ed543b5ebf730abfc19,1s,AVG,e74260abf945b814f4dc9fd1b739388599de49ba2e8d1ed543b5ebf730abfc19,2026-09-02T19:11:04.654Z,2026-09-02T19:11:12.533Z,2026-09-02T19:11:12.533Z,1393
speed,CAN_VEHICLE_SPEED,HF_HISTORICAL,2026-09-02T19:11:08.654Z,2026-09-02T19:11:12.723Z,2026-09-02T19:11:12.533Z,2026-09-02T19:11:12.723Z,1796,0,0,fd0af679a378381fc14a63941ff124a8c03dfbf4691be55dcb54ed6d22060471,1s,AVG,fd0af679a378381fc14a63941ff124a8c03dfbf4691be55dcb54ed6d22060471,2026-09-02T19:11:04.654Z,2026-09-02T19:11:12.533Z,2026-09-02T19:11:12.533Z,1396
speed,CAN_VEHICLE_SPEED,LATEST_LIVE,2026-09-02T19:11:14.000Z,2026-09-02T19:11:18.324Z,2026-09-02T19:11:18.055Z,2026-09-02T19:11:18.324Z,1801,23,"{""value"":23,""timestamp"":""2026-09-02T19:11:14Z""}",,,,,,,,1401
speed,CAN_VEHICLE_SPEED,HF_HISTORICAL,2026-09-02T19:11:10.533Z,2026-09-02T19:11:18.631Z,2026-09-02T19:11:18.327Z,2026-09-02T19:11:18.631Z,1805,16,16,7f8980444a3f77b6fce5c9ea6450e375e214398790909de59b6989fbca73cec8,1s,AVG,7f8980444a3f77b6fce5c9ea6450e375e214398790909de59b6989fbca73cec8,2026-09-02T19:11:10.533Z,2026-09-02T19:11:18.327Z,2026-09-02T19:11:18.327Z,1405
speed,CAN_VEHICLE_SPEED,HF_HISTORICAL,2026-09-02T19:11:11.533Z,2026-09-02T19:11:18.631Z,2026-09-02T19:11:18.327Z,2026-09-02T19:11:18.631Z,1810,7,7,dd6aadf64433dce9d821bd322f4785a8132760c588464d6be9a4e484ec0ce4a1,1s,AVG,dd6aadf64433dce9d821bd322f4785a8132760c588464d6be9a4e484ec0ce4a1,2026-09-02T19:11:10.533Z,2026-09-02T19:11:18.327Z,2026-09-02T19:11:18.327Z,1410
speed,CAN_VEHICLE_SPEED,HF_HISTORICAL,2026-09-02T19:11:13.533Z,2026-09-02T19:11:18.631Z,2026-09-02T19:11:18.327Z,2026-09-02T19:11:18.631Z,1815,23,23,33fbbf8893f954c038475670caccbc4ad59b9b5aa37c80af3f692f492e2073c0,1s,AVG,33fbbf8893f954c038475670caccbc4ad59b9b5aa37c80af3f692f492e2073c0,2026-09-02T19:11:10.533Z,2026-09-02T19:11:18.327Z,2026-09-02T19:11:18.327Z,1415
speed,CAN_VEHICLE_SPEED,HF_HISTORICAL,2026-09-02T19:11:14.533Z,2026-09-02T19:11:18.631Z,2026-09-02T19:11:18.327Z,2026-09-02T19:11:18.631Z,1820,30,30,594a98da94ea534aaa8a4e2307860588cc93a2f3053c5008bef01f95fad0b370,1s,AVG,594a98da94ea534aaa8a4e2307860588cc93a2f3053c5008bef01f95fad0b370,2026-09-02T19:11:10.533Z,2026-09-02T19:11:18.327Z,2026-09-02T19:11:18.327Z,1420
speed,CAN_VEHICLE_SPEED,LATEST_LIVE,2026-09-02T19:11:19.000Z,2026-09-02T19:11:24.492Z,2026-09-02T19:11:24.303Z,2026-09-02T19:11:24.492Z,1851,0,"{""value"":0,""timestamp"":""2026-09-02T19:11:19Z""}",,,,,,,,1431
speed,CAN_VEHICLE_SPEED,HF_HISTORICAL,2026-09-02T19:11:18.327Z,2026-09-02T19:11:24.681Z,2026-09-02T19:11:24.493Z,2026-09-02T19:11:24.681Z,1856,0,0,23a565c574acc77c7b1c7c7c682a9f094a93a2c09167721e2161f62066b42f22,1s,AVG,23a565c574acc77c7b1c7c7c682a9f094a93a2c09167721e2161f62066b42f22,2026-09-02T19:11:16.327Z,2026-09-02T19:11:24.493Z,2026-09-02T19:11:24.493Z,1436
speed,CAN_VEHICLE_SPEED,HF_HISTORICAL,2026-09-02T19:11:20.327Z,2026-09-02T19:11:24.681Z,2026-09-02T19:11:24.493Z,2026-09-02T19:11:24.681Z,1861,0,0,118a50b7673ccb9bbbddc1643d4034c23875be3838e22becceef12a347f7fe89,1s,AVG,118a50b7673ccb9bbbddc1643d4034c23875be3838e22becceef12a347f7fe89,2026-09-02T19:11:16.327Z,2026-09-02T19:11:24.493Z,2026-09-02T19:11:24.493Z,1441
speed,CAN_VEHICLE_SPEED,LATEST_LIVE,2026-09-02T19:11:25.000Z,2026-09-02T19:11:30.319Z,2026-09-02T19:11:30.026Z,2026-09-02T19:11:30.319Z,1866,0,"{""value"":0,""timestamp"":""2026-09-02T19:11:25Z""}",,,,,,,,1446
speed,CAN_VEHICLE_SPEED,HF_HISTORICAL,2026-09-02T19:11:23.493Z,2026-09-02T19:11:30.778Z,2026-09-02T19:11:30.320Z,2026-09-02T19:11:30.778Z,1871,6,6,31a501505a462aec84e4e16073495ccc8460623eafe38e753b803ae37ccc2dfe,1s,AVG,31a501505a462aec84e4e16073495ccc8460623eafe38e753b803ae37ccc2dfe,2026-09-02T19:11:22.493Z,2026-09-02T19:11:30.320Z,2026-09-02T19:11:30.320Z,1451
speed,CAN_VEHICLE_SPEED,HF_HISTORICAL,2026-09-02T19:11:24.493Z,2026-09-02T19:11:30.778Z,2026-09-02T19:11:30.320Z,2026-09-02T19:11:30.778Z,1876,0,0,19b282d4a8fefc83b713fcbc3e751f54507f49ba777abd664f14a918a3689594,1s,AVG,19b282d4a8fefc83b713fcbc3e751f54507f49ba777abd664f14a918a3689594,2026-09-02T19:11:22.493Z,2026-09-02T19:11:30.320Z,2026-09-02T19:11:30.320Z,1456
speed,CAN_VEHICLE_SPEED,HF_HISTORICAL,2026-09-02T19:11:26.493Z,2026-09-02T19:11:30.778Z,2026-09-02T19:11:30.320Z,2026-09-02T19:11:30.778Z,1881,0,0,d9d16d203f747bf155bb2b8a6ae63ef75b718a2aac2c11daae4e90ecf50aa0f1,1s,AVG,d9d16d203f747bf155bb2b8a6ae63ef75b718a2aac2c11daae4e90ecf50aa0f1,2026-09-02T19:11:22.493Z,2026-09-02T19:11:30.320Z,2026-09-02T19:11:30.320Z,1461
speed,CAN_VEHICLE_SPEED,LATEST_LIVE,2026-09-02T19:11:31.000Z,2026-09-02T19:11:36.484Z,2026-09-02T19:11:36.098Z,2026-09-02T19:11:36.484Z,1886,33,"{""value"":33,""timestamp"":""2026-09-02T19:11:31Z""}",,,,,,,,1466
speed,CAN_VEHICLE_SPEED,HF_HISTORICAL,2026-09-02T19:11:29.320Z,2026-09-02T19:11:36.802Z,2026-09-02T19:11:36.486Z,2026-09-02T19:11:36.802Z,1891,41,41,303716df44cabd0ae3ae335d485f93920fb7ce056e9214039cad3de0575df73d,1s,AVG,303716df44cabd0ae3ae335d485f93920fb7ce056e9214039cad3de0575df73d,2026-09-02T19:11:28.320Z,2026-09-02T19:11:36.486Z,2026-09-02T19:11:36.486Z,1471
speed,CAN_VEHICLE_SPEED,HF_HISTORICAL,2026-09-02T19:11:30.320Z,2026-09-02T19:11:36.802Z,2026-09-02T19:11:36.486Z,2026-09-02T19:11:36.802Z,1896,33,33,63447b111b42f2bdece9f50f58d888c448a3ed286e4d818854381432b8759e89,1s,AVG,63447b111b42f2bdece9f50f58d888c448a3ed286e4d818854381432b8759e89,2026-09-02T19:11:28.320Z,2026-09-02T19:11:36.486Z,2026-09-02T19:11:36.486Z,1476
speed,CAN_VEHICLE_SPEED,HF_HISTORICAL,2026-09-02T19:11:33.320Z,2026-09-02T19:11:36.802Z,2026-09-02T19:11:36.486Z,2026-09-02T19:11:36.802Z,1901,11,11,20873ace231ca191b38bbc5376750d2f2858e157d4900650ca4f0664fdde7ebf,1s,AVG,20873ace231ca191b38bbc5376750d2f2858e157d4900650ca4f0664fdde7ebf,2026-09-02T19:11:28.320Z,2026-09-02T19:11:36.486Z,2026-09-02T19:11:36.486Z,1481
speed,CAN_VEHICLE_SPEED,LATEST_LIVE,2026-09-02T19:11:35.000Z,2026-09-02T19:11:42.446Z,2026-09-02T19:11:42.206Z,2026-09-02T19:11:42.446Z,1906,0,"{""value"":0,""timestamp"":""2026-09-02T19:11:35Z""}",,,,,,,,1486
speed,CAN_VEHICLE_SPEED,HF_HISTORICAL,2026-09-02T19:11:34.486Z,2026-09-02T19:11:42.666Z,2026-09-02T19:11:42.450Z,2026-09-02T19:11:42.666Z,1911,0,0,35aab10859f6eb9a033ab6392da480fd2b548bd81c378d946e17754b9d21950c,1s,AVG,35aab10859f6eb9a033ab6392da480fd2b548bd81c378d946e17754b9d21950c,2026-09-02T19:11:34.486Z,2026-09-02T19:11:42.450Z,2026-09-02T19:11:42.450Z,1491
speed,CAN_VEHICLE_SPEED,LATEST_LIVE,2026-09-02T19:11:45.000Z,2026-09-02T19:11:48.284Z,2026-09-02T19:11:48.036Z,2026-09-02T19:11:48.284Z,1916,7,"{""value"":7,""timestamp"":""2026-09-02T19:11:45Z""}",,,,,,,,1496
speed,CAN_VEHICLE_SPEED,HF_HISTORICAL,2026-09-02T19:11:41.450Z,2026-09-02T19:11:48.502Z,2026-09-02T19:11:48.292Z,2026-09-02T19:11:48.502Z,1921,0,0,329968834987fbdc08ede0656f269b3b35a0f12839b466f6a5302e66daf73e1a,1s,AVG,329968834987fbdc08ede0656f269b3b35a0f12839b466f6a5302e66daf73e1a,2026-09-02T19:11:40.450Z,2026-09-02T19:11:48.292Z,2026-09-02T19:11:48.292Z,1501
speed,CAN_VEHICLE_SPEED,HF_HISTORICAL,2026-09-02T19:11:43.450Z,2026-09-02T19:11:48.502Z,2026-09-02T19:11:48.292Z,2026-09-02T19:11:48.502Z,1926,0,0,4b239cba31aa46b2ddcd6f1b68d2663e7de3160362c45d0ee54fb54e0452b973,1s,AVG,4b239cba31aa46b2ddcd6f1b68d2663e7de3160362c45d0ee54fb54e0452b973,2026-09-02T19:11:40.450Z,2026-09-02T19:11:48.292Z,2026-09-02T19:11:48.292Z,1506
speed,CAN_VEHICLE_SPEED,HF_HISTORICAL,2026-09-02T19:11:44.450Z,2026-09-02T19:11:48.502Z,2026-09-02T19:11:48.292Z,2026-09-02T19:11:48.502Z,1931,7,7,6718ab07287d023368f28f721e397e160f45e78f58d8ab56b5b452f3449319cb,1s,AVG,6718ab07287d023368f28f721e397e160f45e78f58d8ab56b5b452f3449319cb,2026-09-02T19:11:40.450Z,2026-09-02T19:11:48.292Z,2026-09-02T19:11:48.292Z,1511
speed,CAN_VEHICLE_SPEED,LATEST_LIVE,2026-09-02T19:11:51.000Z,2026-09-02T19:11:54.318Z,2026-09-02T19:11:53.902Z,2026-09-02T19:11:54.318Z,1936,3,"{""value"":3,""timestamp"":""2026-09-02T19:11:51Z""}",,,,,,,,1516
speed,CAN_VEHICLE_SPEED,HF_HISTORICAL,2026-09-02T19:11:48.292Z,2026-09-02T19:11:54.563Z,2026-09-02T19:11:54.321Z,2026-09-02T19:11:54.563Z,1941,8,8,4f5a652ea58710253d4f08d1ab364d8dad947a97aebd0b113a5e69b93011fc10,1s,AVG,4f5a652ea58710253d4f08d1ab364d8dad947a97aebd0b113a5e69b93011fc10,2026-09-02T19:11:46.292Z,2026-09-02T19:11:54.321Z,2026-09-02T19:11:54.321Z,1521
speed,CAN_VEHICLE_SPEED,HF_HISTORICAL,2026-09-02T19:11:49.292Z,2026-09-02T19:11:54.563Z,2026-09-02T19:11:54.321Z,2026-09-02T19:11:54.563Z,1946,0,0,a940b6e480e71b8fb1a256ecfe55aaca31b95162c9d98a221580825952145c70,1s,AVG,a940b6e480e71b8fb1a256ecfe55aaca31b95162c9d98a221580825952145c70,2026-09-02T19:11:46.292Z,2026-09-02T19:11:54.321Z,2026-09-02T19:11:54.321Z,1526
speed,CAN_VEHICLE_SPEED,HF_HISTORICAL,2026-09-02T19:11:50.292Z,2026-09-02T19:11:54.563Z,2026-09-02T19:11:54.321Z,2026-09-02T19:11:54.563Z,1951,3,3,8dd98bfa62ac01090633728dd3ba18dfd19243c58f465cf6190a7ef86752e033,1s,AVG,8dd98bfa62ac01090633728dd3ba18dfd19243c58f465cf6190a7ef86752e033,2026-09-02T19:11:46.292Z,2026-09-02T19:11:54.321Z,2026-09-02T19:11:54.321Z,1531
speed,CAN_VEHICLE_SPEED,LATEST_LIVE,2026-09-02T19:11:55.000Z,2026-09-02T19:12:00.571Z,2026-09-02T19:12:00.267Z,2026-09-02T19:12:00.571Z,1982,28,"{""value"":28,""timestamp"":""2026-09-02T19:11:55Z""}",,,,,,,,1542
speed,CAN_VEHICLE_SPEED,HF_HISTORICAL,2026-09-02T19:11:53.321Z,2026-09-02T19:12:00.893Z,2026-09-02T19:12:00.575Z,2026-09-02T19:12:00.893Z,1987,8,8,4d3b27be35111f0f90169029dbd342f2a0633c6d46ba9fad1a0a2d39044ab340,1s,AVG,4d3b27be35111f0f90169029dbd342f2a0633c6d46ba9fad1a0a2d39044ab340,2026-09-02T19:11:52.321Z,2026-09-02T19:12:00.575Z,2026-09-02T19:12:00.575Z,1547
speed,CAN_VEHICLE_SPEED,HF_HISTORICAL,2026-09-02T19:11:54.321Z,2026-09-02T19:12:00.893Z,2026-09-02T19:12:00.575Z,2026-09-02T19:12:00.893Z,1992,28,28,62c764ecf4f93082dbbb63959453ec36923712e9010960d1559f21c75c23c100,1s,AVG,62c764ecf4f93082dbbb63959453ec36923712e9010960d1559f21c75c23c100,2026-09-02T19:11:52.321Z,2026-09-02T19:12:00.575Z,2026-09-02T19:12:00.575Z,1552
speed,CAN_VEHICLE_SPEED,HF_HISTORICAL,2026-09-02T19:11:55.321Z,2026-09-02T19:12:00.893Z,2026-09-02T19:12:00.575Z,2026-09-02T19:12:00.893Z,1997,0,0,32da9bde89a61b6cc6b219cd1222f771bcce2f8be40fc8d3714511b0983511ff,1s,AVG,32da9bde89a61b6cc6b219cd1222f771bcce2f8be40fc8d3714511b0983511ff,2026-09-02T19:11:52.321Z,2026-09-02T19:12:00.575Z,2026-09-02T19:12:00.575Z,1557
speed,CAN_VEHICLE_SPEED,HF_HISTORICAL,2026-09-02T19:11:56.321Z,2026-09-02T19:12:00.893Z,2026-09-02T19:12:00.575Z,2026-09-02T19:12:00.893Z,2002,0,0,fd795ec5ad4fd8e441447fcb16ce95dc937df8352fdfc49129fb15a91b7cc887,1s,AVG,fd795ec5ad4fd8e441447fcb16ce95dc937df8352fdfc49129fb15a91b7cc887,2026-09-02T19:11:52.321Z,2026-09-02T19:12:00.575Z,2026-09-02T19:12:00.575Z,1562
speed,CAN_VEHICLE_SPEED,LATEST_LIVE,2026-09-02T19:12:00.000Z,2026-09-02T19:12:06.595Z,2026-09-02T19:12:06.282Z,2026-09-02T19:12:06.595Z,2007,28,"{""value"":28,""timestamp"":""2026-09-02T19:12:00Z""}",,,,,,,,1567
speed,CAN_VEHICLE_SPEED,HF_HISTORICAL,2026-09-02T19:11:58.575Z,2026-09-02T19:12:06.819Z,2026-09-02T19:12:06.598Z,2026-09-02T19:12:06.819Z,2012,29,29,dd287c7256e7c5f1722fbbaca8ed8903b3632162cf3c02e011fa707ebfa6f963,1s,AVG,dd287c7256e7c5f1722fbbaca8ed8903b3632162cf3c02e011fa707ebfa6f963,2026-09-02T19:11:58.575Z,2026-09-02T19:12:06.598Z,2026-09-02T19:12:06.598Z,1572
speed,CAN_VEHICLE_SPEED,HF_HISTORICAL,2026-09-02T19:11:59.575Z,2026-09-02T19:12:06.819Z,2026-09-02T19:12:06.598Z,2026-09-02T19:12:06.819Z,2017,28,28,ee6b27c780bde9550baf48c4142cec0e92e6a24d7ba7cd8f4c2b85cfa655befe,1s,AVG,ee6b27c780bde9550baf48c4142cec0e92e6a24d7ba7cd8f4c2b85cfa655befe,2026-09-02T19:11:58.575Z,2026-09-02T19:12:06.598Z,2026-09-02T19:12:06.598Z,1577
speed,CAN_VEHICLE_SPEED,LATEST_LIVE,2026-09-02T19:12:00.000Z,2026-09-02T19:12:12.411Z,2026-09-02T19:12:12.144Z,2026-09-02T19:12:12.411Z,2022,28,"{""value"":28,""timestamp"":""2026-09-02T19:12:00Z""}",,,,,,,,1582
speed,CAN_VEHICLE_SPEED,LATEST_LIVE,2026-09-02T19:12:00.000Z,2026-09-02T19:12:18.224Z,2026-09-02T19:12:17.948Z,2026-09-02T19:12:18.224Z,2027,28,"{""value"":28,""timestamp"":""2026-09-02T19:12:00Z""}",,,,,,,,1587
speed,CAN_VEHICLE_SPEED,LATEST_LIVE,2026-09-02T19:12:00.000Z,2026-09-02T19:12:24.179Z,2026-09-02T19:12:23.884Z,2026-09-02T19:12:24.179Z,2032,28,"{""value"":28,""timestamp"":""2026-09-02T19:12:00Z""}",,,,,,,,1592
speed,CAN_VEHICLE_SPEED,LATEST_LIVE,2026-09-02T19:12:26.000Z,2026-09-02T19:12:30.416Z,2026-09-02T19:12:30.174Z,2026-09-02T19:12:30.416Z,2037,29,"{""value"":29,""timestamp"":""2026-09-02T19:12:26Z""}",,,,,,,,1597
speed,CAN_VEHICLE_SPEED,HF_HISTORICAL,2026-09-02T19:12:22.180Z,2026-09-02T19:12:30.663Z,2026-09-02T19:12:30.418Z,2026-09-02T19:12:30.663Z,2042,31,31,f1ca132b89ee9479f2c542c8734f246ae3d030accb5f0860e27a506d204c05c6,1s,AVG,f1ca132b89ee9479f2c542c8734f246ae3d030accb5f0860e27a506d204c05c6,2026-09-02T19:12:22.180Z,2026-09-02T19:12:30.418Z,2026-09-02T19:12:30.418Z,1602
speed,CAN_VEHICLE_SPEED,HF_HISTORICAL,2026-09-02T19:12:23.180Z,2026-09-02T19:12:30.663Z,2026-09-02T19:12:30.418Z,2026-09-02T19:12:30.663Z,2047,41,41,c879e6343648a3753b2190a9bebb8a6c24b823a392d22f662986e776a113b7a8,1s,AVG,c879e6343648a3753b2190a9bebb8a6c24b823a392d22f662986e776a113b7a8,2026-09-02T19:12:22.180Z,2026-09-02T19:12:30.418Z,2026-09-02T19:12:30.418Z,1607
speed,CAN_VEHICLE_SPEED,HF_HISTORICAL,2026-09-02T19:12:25.180Z,2026-09-02T19:12:30.663Z,2026-09-02T19:12:30.418Z,2026-09-02T19:12:30.663Z,2052,29,29,3891faaeab8015a8e049ac2eb2a4f21be24ae65e1fbd7c9c6295af924b6c7f8d,1s,AVG,3891faaeab8015a8e049ac2eb2a4f21be24ae65e1fbd7c9c6295af924b6c7f8d,2026-09-02T19:12:22.180Z,2026-09-02T19:12:30.418Z,2026-09-02T19:12:30.418Z,1612
speed,CAN_VEHICLE_SPEED,HF_HISTORICAL,2026-09-02T19:12:26.180Z,2026-09-02T19:12:30.663Z,2026-09-02T19:12:30.418Z,2026-09-02T19:12:30.663Z,2057,43,43,209f54481519bdded5b2d006b8fe18238811806228b273256b77d463dae500cd,1s,AVG,209f54481519bdded5b2d006b8fe18238811806228b273256b77d463dae500cd,2026-09-02T19:12:22.180Z,2026-09-02T19:12:30.418Z,2026-09-02T19:12:30.418Z,1617
speed,CAN_VEHICLE_SPEED,HF_HISTORICAL,2026-09-02T19:12:27.180Z,2026-09-02T19:12:30.663Z,2026-09-02T19:12:30.418Z,2026-09-02T19:12:30.663Z,2062,20,20,3c9389b57b527a8466fc5f4cff7316417272044cf178396336a1eee87d6e8734,1s,AVG,3c9389b57b527a8466fc5f4cff7316417272044cf178396336a1eee87d6e8734,2026-09-02T19:12:22.180Z,2026-09-02T19:12:30.418Z,2026-09-02T19:12:30.418Z,1622
speed,CAN_VEHICLE_SPEED,LATEST_LIVE,2026-09-02T19:12:32.000Z,2026-09-02T19:12:37.008Z,2026-09-02T19:12:36.565Z,2026-09-02T19:12:37.008Z,2093,13,"{""value"":13,""timestamp"":""2026-09-02T19:12:32Z""}",,,,,,,,1633
speed,CAN_VEHICLE_SPEED,HF_HISTORICAL,2026-09-02T19:12:28.418Z,2026-09-02T19:12:37.225Z,2026-09-02T19:12:37.010Z,2026-09-02T19:12:37.225Z,2098,0,0,075261174641f8d76a19e33250a5b77e6388601961847587bdfb5caee37e4de1,1s,AVG,075261174641f8d76a19e33250a5b77e6388601961847587bdfb5caee37e4de1,2026-09-02T19:12:28.418Z,2026-09-02T19:12:37.010Z,2026-09-02T19:12:37.010Z,1638
speed,CAN_VEHICLE_SPEED,HF_HISTORICAL,2026-09-02T19:12:29.418Z,2026-09-02T19:12:37.225Z,2026-09-02T19:12:37.010Z,2026-09-02T19:12:37.225Z,2103,5,5,7dbef00e6671688b696f418ec49579057a5d43ba98ccf2e289d4f5315b166043,1s,AVG,7dbef00e6671688b696f418ec49579057a5d43ba98ccf2e289d4f5315b166043,2026-09-02T19:12:28.418Z,2026-09-02T19:12:37.010Z,2026-09-02T19:12:37.010Z,1643
speed,CAN_VEHICLE_SPEED,HF_HISTORICAL,2026-09-02T19:12:31.418Z,2026-09-02T19:12:37.225Z,2026-09-02T19:12:37.010Z,2026-09-02T19:12:37.225Z,2108,13,13,d8eead285fade2920778854981c420ffa64dba5f2a12fdc7c172858c052e1ee2,1s,AVG,d8eead285fade2920778854981c420ffa64dba5f2a12fdc7c172858c052e1ee2,2026-09-02T19:12:28.418Z,2026-09-02T19:12:37.010Z,2026-09-02T19:12:37.010Z,1648
speed,CAN_VEHICLE_SPEED,LATEST_LIVE,2026-09-02T19:12:35.000Z,2026-09-02T19:12:42.765Z,2026-09-02T19:12:42.506Z,2026-09-02T19:12:42.765Z,2113,7,"{""value"":7,""timestamp"":""2026-09-02T19:12:35Z""}",,,,,,,,1653
speed,CAN_VEHICLE_SPEED,LATEST_LIVE,2026-09-02T19:12:43.000Z,2026-09-02T19:12:48.444Z,2026-09-02T19:12:48.238Z,2026-09-02T19:12:48.444Z,2118,16,"{""value"":16,""timestamp"":""2026-09-02T19:12:43Z""}",,,,,,,,1658
speed,CAN_VEHICLE_SPEED,HF_HISTORICAL,2026-09-02T19:12:41.768Z,2026-09-02T19:12:48.740Z,2026-09-02T19:12:48.446Z,2026-09-02T19:12:48.740Z,2123,4,4,360414daa4acd17f7a00ffc76953f77cf7a399cb6321a4a2b4ad00e77767ad73,1s,AVG,360414daa4acd17f7a00ffc76953f77cf7a399cb6321a4a2b4ad00e77767ad73,2026-09-02T19:12:40.768Z,2026-09-02T19:12:48.446Z,2026-09-02T19:12:48.446Z,1663
speed,CAN_VEHICLE_SPEED,HF_HISTORICAL,2026-09-02T19:12:42.768Z,2026-09-02T19:12:48.740Z,2026-09-02T19:12:48.446Z,2026-09-02T19:12:48.740Z,2128,16,16,281c61e12aeaa8ad2715448c8db5de7542bf3c68175eff55b46475384929763e,1s,AVG,281c61e12aeaa8ad2715448c8db5de7542bf3c68175eff55b46475384929763e,2026-09-02T19:12:40.768Z,2026-09-02T19:12:48.446Z,2026-09-02T19:12:48.446Z,1668
speed,CAN_VEHICLE_SPEED,LATEST_LIVE,2026-09-02T19:12:50.000Z,2026-09-02T19:12:54.346Z,2026-09-02T19:12:54.084Z,2026-09-02T19:12:54.346Z,2133,0,"{""value"":0,""timestamp"":""2026-09-02T19:12:50Z""}",,,,,,,,1673
speed,CAN_VEHICLE_SPEED,HF_HISTORICAL,2026-09-02T19:12:46.446Z,2026-09-02T19:12:54.550Z,2026-09-02T19:12:54.348Z,2026-09-02T19:12:54.550Z,2138,3,3,d2c5e8c0c30d6a470742c7cd7597fc37732462ebd88916a8fa88c8e598154d53,1s,AVG,d2c5e8c0c30d6a470742c7cd7597fc37732462ebd88916a8fa88c8e598154d53,2026-09-02T19:12:46.446Z,2026-09-02T19:12:54.348Z,2026-09-02T19:12:54.348Z,1678
speed,CAN_VEHICLE_SPEED,HF_HISTORICAL,2026-09-02T19:12:49.446Z,2026-09-02T19:12:54.550Z,2026-09-02T19:12:54.348Z,2026-09-02T19:12:54.550Z,2143,0,0,71ee96a634de789bb94eb33aa5c4dedf93a1d2e335e9c59d07f3d1ab3cf70341,1s,AVG,71ee96a634de789bb94eb33aa5c4dedf93a1d2e335e9c59d07f3d1ab3cf70341,2026-09-02T19:12:46.446Z,2026-09-02T19:12:54.348Z,2026-09-02T19:12:54.348Z,1683
speed,CAN_VEHICLE_SPEED,LATEST_LIVE,2026-09-02T19:12:56.000Z,2026-09-02T19:13:00.151Z,2026-09-02T19:12:59.910Z,2026-09-02T19:13:00.151Z,2148,22,"{""value"":22,""timestamp"":""2026-09-02T19:12:56Z""}",,,,,,,,1688
speed,CAN_VEHICLE_SPEED,HF_HISTORICAL,2026-09-02T19:12:53.348Z,2026-09-02T19:13:00.387Z,2026-09-02T19:13:00.153Z,2026-09-02T19:13:00.387Z,2153,22,22,4ea990b10ed982e261988bf4e44aab4e7cefd9c26b420d9865316ba18cae9b20,1s,AVG,4ea990b10ed982e261988bf4e44aab4e7cefd9c26b420d9865316ba18cae9b20,2026-09-02T19:12:52.348Z,2026-09-02T19:13:00.152Z,2026-09-02T19:13:00.152Z,1693
speed,CAN_VEHICLE_SPEED,HF_HISTORICAL,2026-09-02T19:12:55.348Z,2026-09-02T19:13:00.387Z,2026-09-02T19:13:00.153Z,2026-09-02T19:13:00.387Z,2158,22,22,94b43e8c03277655f77739bf5b3afea706d83046465be684c9134d974709cf5c,1s,AVG,94b43e8c03277655f77739bf5b3afea706d83046465be684c9134d974709cf5c,2026-09-02T19:12:52.348Z,2026-09-02T19:13:00.152Z,2026-09-02T19:13:00.152Z,1698
speed,CAN_VEHICLE_SPEED,LATEST_LIVE,2026-09-02T19:13:02.000Z,2026-09-02T19:13:05.929Z,2026-09-02T19:13:05.664Z,2026-09-02T19:13:05.929Z,2163,0,"{""value"":0,""timestamp"":""2026-09-02T19:13:02Z""}",,,,,,,,1703
speed,CAN_VEHICLE_SPEED,HF_HISTORICAL,2026-09-02T19:12:59.152Z,2026-09-02T19:13:06.137Z,2026-09-02T19:13:05.930Z,2026-09-02T19:13:06.137Z,2168,24,24,bbcf2292f961cb1ee39e39373588c693aed97608f507eff84d64e412b6444c01,1s,AVG,bbcf2292f961cb1ee39e39373588c693aed97608f507eff84d64e412b6444c01,2026-09-02T19:12:58.152Z,2026-09-02T19:13:05.930Z,2026-09-02T19:13:05.930Z,1708
speed,CAN_VEHICLE_SPEED,HF_HISTORICAL,2026-09-02T19:13:01.152Z,2026-09-02T19:13:06.137Z,2026-09-02T19:13:05.930Z,2026-09-02T19:13:06.137Z,2173,0,0,9f3f47af508c3873e63e4e2103a32b94d4824cded1675ef328f97d9a6a39a29f,1s,AVG,9f3f47af508c3873e63e4e2103a32b94d4824cded1675ef328f97d9a6a39a29f,2026-09-02T19:12:58.152Z,2026-09-02T19:13:05.930Z,2026-09-02T19:13:05.930Z,1713
speed,CAN_VEHICLE_SPEED,LATEST_LIVE,2026-09-02T19:13:05.000Z,2026-09-02T19:13:12.030Z,2026-09-02T19:13:11.800Z,2026-09-02T19:13:12.030Z,2204,6,"{""value"":6,""timestamp"":""2026-09-02T19:13:05Z""}",,,,,,,,1724
speed,CAN_VEHICLE_SPEED,HF_HISTORICAL,2026-09-02T19:13:04.930Z,2026-09-02T19:13:12.226Z,2026-09-02T19:13:12.031Z,2026-09-02T19:13:12.226Z,2209,6,6,35fa386ae57c9e114118b2ce61d2b4cda3ee18d5fdd278d0f2e5875b44a4db78,1s,AVG,35fa386ae57c9e114118b2ce61d2b4cda3ee18d5fdd278d0f2e5875b44a4db78,2026-09-02T19:13:03.930Z,2026-09-02T19:13:12.031Z,2026-09-02T19:13:12.031Z,1729
speed,CAN_VEHICLE_SPEED,LATEST_LIVE,2026-09-02T19:13:07.000Z,2026-09-02T19:13:17.757Z,2026-09-02T19:13:17.531Z,2026-09-02T19:13:17.757Z,2214,21,"{""value"":21,""timestamp"":""2026-09-02T19:13:07Z""}",,,,,,,,1734
speed,CAN_VEHICLE_SPEED,LATEST_LIVE,2026-09-02T19:13:07.000Z,2026-09-02T19:13:23.505Z,2026-09-02T19:13:23.272Z,2026-09-02T19:13:23.505Z,2219,21,"{""value"":21,""timestamp"":""2026-09-02T19:13:07Z""}",,,,,,,,1739
speed,CAN_VEHICLE_SPEED,LATEST_LIVE,2026-09-02T19:13:07.000Z,2026-09-02T19:13:29.501Z,2026-09-02T19:13:29.097Z,2026-09-02T19:13:29.501Z,2224,21,"{""value"":21,""timestamp"":""2026-09-02T19:13:07Z""}",,,,,,,,1744
speed,CAN_VEHICLE_SPEED,LATEST_LIVE,2026-09-02T19:13:31.000Z,2026-09-02T19:13:35.345Z,2026-09-02T19:13:35.034Z,2026-09-02T19:13:35.345Z,2229,44,"{""value"":44,""timestamp"":""2026-09-02T19:13:31Z""}",,,,,,,,1749
speed,CAN_VEHICLE_SPEED,HF_HISTORICAL,2026-09-02T19:13:27.504Z,2026-09-02T19:13:35.574Z,2026-09-02T19:13:35.347Z,2026-09-02T19:13:35.574Z,2234,24,24,73b15339171a72729ba0e06086f895ec2c25dfc33e55b6c6c292e709636f9e6c,1s,AVG,73b15339171a72729ba0e06086f895ec2c25dfc33e55b6c6c292e709636f9e6c,2026-09-02T19:13:27.504Z,2026-09-02T19:13:35.347Z,2026-09-02T19:13:35.347Z,1754
speed,CAN_VEHICLE_SPEED,HF_HISTORICAL,2026-09-02T19:13:28.504Z,2026-09-02T19:13:35.574Z,2026-09-02T19:13:35.347Z,2026-09-02T19:13:35.574Z,2239,23,23,0ebc16d199ca7a7e99b567a97b36c1044ea8d827a4301826d9b0c32a6218c00e,1s,AVG,0ebc16d199ca7a7e99b567a97b36c1044ea8d827a4301826d9b0c32a6218c00e,2026-09-02T19:13:27.504Z,2026-09-02T19:13:35.347Z,2026-09-02T19:13:35.347Z,1759
speed,CAN_VEHICLE_SPEED,HF_HISTORICAL,2026-09-02T19:13:30.504Z,2026-09-02T19:13:35.574Z,2026-09-02T19:13:35.347Z,2026-09-02T19:13:35.574Z,2244,44,44,4ecf1d95e5ed07f8ae5d80b1deaa80a2cc5301c1c015b3aaa39ae890d1fad812,1s,AVG,4ecf1d95e5ed07f8ae5d80b1deaa80a2cc5301c1c015b3aaa39ae890d1fad812,2026-09-02T19:13:27.504Z,2026-09-02T19:13:35.347Z,2026-09-02T19:13:35.347Z,1764
speed,CAN_VEHICLE_SPEED,LATEST_LIVE,2026-09-02T19:13:37.000Z,2026-09-02T19:13:41.122Z,2026-09-02T19:13:40.883Z,2026-09-02T19:13:41.122Z,2249,16,"{""value"":16,""timestamp"":""2026-09-02T19:13:37Z""}",,,,,,,,1769
speed,CAN_VEHICLE_SPEED,HF_HISTORICAL,2026-09-02T19:13:36.347Z,2026-09-02T19:13:41.527Z,2026-09-02T19:13:41.124Z,2026-09-02T19:13:41.527Z,2254,16,16,dc3ef6557e4ee6cb1ef085e1c3a49ae0305bcbacbc3f71853e543594b3578bb9,1s,AVG,dc3ef6557e4ee6cb1ef085e1c3a49ae0305bcbacbc3f71853e543594b3578bb9,2026-09-02T19:13:33.347Z,2026-09-02T19:13:41.124Z,2026-09-02T19:13:41.124Z,1774
speed,CAN_VEHICLE_SPEED,LATEST_LIVE,2026-09-02T19:13:42.000Z,2026-09-02T19:13:47.420Z,2026-09-02T19:13:47.118Z,2026-09-02T19:13:47.420Z,2285,20,"{""value"":20,""timestamp"":""2026-09-02T19:13:42Z""}",,,,,,,,1785
speed,CAN_VEHICLE_SPEED,HF_HISTORICAL,2026-09-02T19:13:41.124Z,2026-09-02T19:13:47.759Z,2026-09-02T19:13:47.422Z,2026-09-02T19:13:47.759Z,2290,20,20,0d045161a248c2369d052f983c27807f5e9ac5a56b90f3377aceb724791401b9,1s,AVG,0d045161a248c2369d052f983c27807f5e9ac5a56b90f3377aceb724791401b9,2026-09-02T19:13:39.124Z,2026-09-02T19:13:47.422Z,2026-09-02T19:13:47.422Z,1790
speed,CAN_VEHICLE_SPEED,LATEST_LIVE,2026-09-02T19:13:49.000Z,2026-09-02T19:13:53.429Z,2026-09-02T19:13:53.161Z,2026-09-02T19:13:53.429Z,2295,14,"{""value"":14,""timestamp"":""2026-09-02T19:13:49Z""}",,,,,,,,1795
speed,CAN_VEHICLE_SPEED,HF_HISTORICAL,2026-09-02T19:13:45.422Z,2026-09-02T19:13:53.661Z,2026-09-02T19:13:53.431Z,2026-09-02T19:13:53.661Z,2300,8,8,069f8ae851fab0f4269415143e1f6951756e0f5686e1cd1ca0ede5f5e643c0e8,1s,AVG,069f8ae851fab0f4269415143e1f6951756e0f5686e1cd1ca0ede5f5e643c0e8,2026-09-02T19:13:45.422Z,2026-09-02T19:13:53.431Z,2026-09-02T19:13:53.431Z,1800
speed,CAN_VEHICLE_SPEED,HF_HISTORICAL,2026-09-02T19:13:46.422Z,2026-09-02T19:13:53.661Z,2026-09-02T19:13:53.431Z,2026-09-02T19:13:53.661Z,2305,8,8,bf3cc4c882c863f1b453db5cf4de8c927e605a27978e8eb809319af0a48a3c39,1s,AVG,bf3cc4c882c863f1b453db5cf4de8c927e605a27978e8eb809319af0a48a3c39,2026-09-02T19:13:45.422Z,2026-09-02T19:13:53.431Z,2026-09-02T19:13:53.431Z,1805
speed,CAN_VEHICLE_SPEED,HF_HISTORICAL,2026-09-02T19:13:48.422Z,2026-09-02T19:13:53.661Z,2026-09-02T19:13:53.431Z,2026-09-02T19:13:53.661Z,2310,14,14,16a97a133b3d74e0653aca9f24adf7cb6999cb56b03e91b5d7c01f2b781d5639,1s,AVG,16a97a133b3d74e0653aca9f24adf7cb6999cb56b03e91b5d7c01f2b781d5639,2026-09-02T19:13:45.422Z,2026-09-02T19:13:53.431Z,2026-09-02T19:13:53.431Z,1810
speed,CAN_VEHICLE_SPEED,LATEST_LIVE,2026-09-02T19:13:56.000Z,2026-09-02T19:13:59.237Z,2026-09-02T19:13:59.011Z,2026-09-02T19:13:59.237Z,2315,23,"{""value"":23,""timestamp"":""2026-09-02T19:13:56Z""}",,,,,,,,1815
speed,CAN_VEHICLE_SPEED,HF_HISTORICAL,2026-09-02T19:13:53.431Z,2026-09-02T19:13:59.466Z,2026-09-02T19:13:59.241Z,2026-09-02T19:13:59.466Z,2320,24,24,f6c4e6fb1ad56bf890923c025620b6da4aecafa2ca5cfdc6defba3e9a61eb7e9,1s,AVG,f6c4e6fb1ad56bf890923c025620b6da4aecafa2ca5cfdc6defba3e9a61eb7e9,2026-09-02T19:13:51.431Z,2026-09-02T19:13:59.240Z,2026-09-02T19:13:59.240Z,1820
speed,CAN_VEHICLE_SPEED,HF_HISTORICAL,2026-09-02T19:13:55.431Z,2026-09-02T19:13:59.466Z,2026-09-02T19:13:59.241Z,2026-09-02T19:13:59.466Z,2325,23,23,216d95730282626065e9499d0ea57a3275cd86eab8979a9b9be2c5b93017524e,1s,AVG,216d95730282626065e9499d0ea57a3275cd86eab8979a9b9be2c5b93017524e,2026-09-02T19:13:51.431Z,2026-09-02T19:13:59.240Z,2026-09-02T19:13:59.240Z,1825
speed,CAN_VEHICLE_SPEED,LATEST_LIVE,2026-09-02T19:14:00.000Z,2026-09-02T19:14:05.913Z,2026-09-02T19:14:04.866Z,2026-09-02T19:14:05.913Z,2330,16,"{""value"":16,""timestamp"":""2026-09-02T19:14:00Z""}",,,,,,,,1830
speed,CAN_VEHICLE_SPEED,HF_HISTORICAL,2026-09-02T19:13:59.240Z,2026-09-02T19:14:06.099Z,2026-09-02T19:14:05.915Z,2026-09-02T19:14:06.099Z,2335,16,16,a23779af4e5105795579b307eae741e2a0b0a993d600c8e99020a04b13a85a33,1s,AVG,a23779af4e5105795579b307eae741e2a0b0a993d600c8e99020a04b13a85a33,2026-09-02T19:13:57.240Z,2026-09-02T19:14:05.915Z,2026-09-02T19:14:05.915Z,1835
speed,CAN_VEHICLE_SPEED,LATEST_LIVE,2026-09-02T19:14:05.000Z,2026-09-02T19:14:13.363Z,2026-09-02T19:14:12.701Z,2026-09-02T19:14:13.363Z,2340,10,"{""value"":10,""timestamp"":""2026-09-02T19:14:05Z""}",,,,,,,,1840
speed,CAN_VEHICLE_SPEED,HF_HISTORICAL,2026-09-02T19:14:03.915Z,2026-09-02T19:14:13.585Z,2026-09-02T19:14:13.365Z,2026-09-02T19:14:13.585Z,2345,6,6,6ac33b6dd024d354669680b29d8e8e5522c51c49629934430a94b56565cf6c93,1s,AVG,6ac33b6dd024d354669680b29d8e8e5522c51c49629934430a94b56565cf6c93,2026-09-02T19:14:03.915Z,2026-09-02T19:14:13.365Z,2026-09-02T19:14:13.365Z,1845
speed,CAN_VEHICLE_SPEED,HF_HISTORICAL,2026-09-02T19:14:04.915Z,2026-09-02T19:14:13.585Z,2026-09-02T19:14:13.365Z,2026-09-02T19:14:13.585Z,2350,10,10,4579fd0a95212c19ff95513ded8f62d6dd23c33885072ccca79745dddb96ad03,1s,AVG,4579fd0a95212c19ff95513ded8f62d6dd23c33885072ccca79745dddb96ad03,2026-09-02T19:14:03.915Z,2026-09-02T19:14:13.365Z,2026-09-02T19:14:13.365Z,1850
speed,CAN_VEHICLE_SPEED,LATEST_LIVE,2026-09-02T19:14:12.000Z,2026-09-02T19:14:19.324Z,2026-09-02T19:14:18.951Z,2026-09-02T19:14:19.324Z,2355,0,"{""value"":0,""timestamp"":""2026-09-02T19:14:12Z""}",,,,,,,,1855
speed,CAN_VEHICLE_SPEED,HF_HISTORICAL,2026-09-02T19:14:11.365Z,2026-09-02T19:14:20.079Z,2026-09-02T19:14:19.334Z,2026-09-02T19:14:20.079Z,2358,0,0,187d2daa661491db00d3c4763eaf5a5061c7e1c26bfffcf15202105ae7b33698,1s,AVG,187d2daa661491db00d3c4763eaf5a5061c7e1c26bfffcf15202105ae7b33698,2026-09-02T19:14:11.365Z,2026-09-02T19:14:19.334Z,2026-09-02T19:14:19.334Z,1858
speed,CAN_VEHICLE_SPEED,HF_HISTORICAL,2026-09-02T19:14:13.365Z,2026-09-02T19:14:20.079Z,2026-09-02T19:14:19.334Z,2026-09-02T19:14:20.079Z,2360,0,0,69b51b87c38a00e72110ea07900b4e0c25860f6b3f1d1e067309208b8c5fbb56,1s,AVG,69b51b87c38a00e72110ea07900b4e0c25860f6b3f1d1e067309208b8c5fbb56,2026-09-02T19:14:11.365Z,2026-09-02T19:14:19.334Z,2026-09-02T19:14:19.334Z,1860
speed,CAN_VEHICLE_SPEED,LATEST_LIVE,2026-09-02T19:14:19.000Z,2026-09-02T19:14:25.991Z,2026-09-02T19:14:25.682Z,2026-09-02T19:14:25.991Z,2391,0,"{""value"":0,""timestamp"":""2026-09-02T19:14:19Z""}",,,,,,,,1871
speed,CAN_VEHICLE_SPEED,HF_HISTORICAL,2026-09-02T19:14:18.334Z,2026-09-02T19:14:26.232Z,2026-09-02T19:14:25.992Z,2026-09-02T19:14:26.232Z,2393,0,0,c02bdeafb1f9f860f00c83e6deeb15e16e4495d668c8f2cda5064747e2363318,1s,AVG,c02bdeafb1f9f860f00c83e6deeb15e16e4495d668c8f2cda5064747e2363318,2026-09-02T19:14:17.334Z,2026-09-02T19:14:25.992Z,2026-09-02T19:14:25.992Z,1873
speed,CAN_VEHICLE_SPEED,LATEST_LIVE,2026-09-02T19:14:20.000Z,2026-09-02T19:14:31.725Z,2026-09-02T19:14:31.514Z,2026-09-02T19:14:31.725Z,2398,0,"{""value"":0,""timestamp"":""2026-09-02T19:14:20Z""}",,,,,,,,1878
speed,CAN_VEHICLE_SPEED,LATEST_LIVE,2026-09-02T19:14:20.000Z,2026-09-02T19:14:37.513Z,2026-09-02T19:14:37.249Z,2026-09-02T19:14:37.513Z,2403,0,"{""value"":0,""timestamp"":""2026-09-02T19:14:20Z""}",,,,,,,,1883
speed,CAN_VEHICLE_SPEED,LATEST_LIVE,2026-09-02T19:14:20.000Z,2026-09-02T19:14:43.288Z,2026-09-02T19:14:43.081Z,2026-09-02T19:14:43.288Z,2408,0,"{""value"":0,""timestamp"":""2026-09-02T19:14:20Z""}",,,,,,,,1888
speed,CAN_VEHICLE_SPEED,LATEST_LIVE,2026-09-02T19:14:20.000Z,2026-09-02T19:14:49.014Z,2026-09-02T19:14:48.746Z,2026-09-02T19:14:49.014Z,2413,0,"{""value"":0,""timestamp"":""2026-09-02T19:14:20Z""}",,,,,,,,1893
speed,CAN_VEHICLE_SPEED,LATEST_LIVE,2026-09-02T19:14:20.000Z,2026-09-02T19:14:54.893Z,2026-09-02T19:14:54.658Z,2026-09-02T19:14:54.893Z,2418,0,"{""value"":0,""timestamp"":""2026-09-02T19:14:20Z""}",,,,,,,,1898
speed,CAN_VEHICLE_SPEED,LATEST_LIVE,2026-09-02T19:14:20.000Z,2026-09-02T19:15:00.983Z,2026-09-02T19:15:00.729Z,2026-09-02T19:15:00.983Z,2449,0,"{""value"":0,""timestamp"":""2026-09-02T19:14:20Z""}",,,,,,,,1909
speed,CAN_VEHICLE_SPEED,LATEST_LIVE,2026-09-02T19:14:20.000Z,2026-09-02T19:15:06.901Z,2026-09-02T19:15:06.655Z,2026-09-02T19:15:06.901Z,2454,0,"{""value"":0,""timestamp"":""2026-09-02T19:14:20Z""}",,,,,,,,1914
speed,CAN_VEHICLE_SPEED,LATEST_LIVE,2026-09-02T19:14:20.000Z,2026-09-02T19:15:12.876Z,2026-09-02T19:15:12.406Z,2026-09-02T19:15:12.876Z,2459,0,"{""value"":0,""timestamp"":""2026-09-02T19:14:20Z""}",,,,,,,,1919
speed,CAN_VEHICLE_SPEED,LATEST_LIVE,2026-09-02T19:14:20.000Z,2026-09-02T19:15:18.630Z,2026-09-02T19:15:18.345Z,2026-09-02T19:15:18.630Z,2464,0,"{""value"":0,""timestamp"":""2026-09-02T19:14:20Z""}",,,,,,,,1924
speed,CAN_VEHICLE_SPEED,LATEST_LIVE,2026-09-02T19:14:20.000Z,2026-09-02T19:15:24.752Z,2026-09-02T19:15:24.501Z,2026-09-02T19:15:24.752Z,2469,0,"{""value"":0,""timestamp"":""2026-09-02T19:14:20Z""}",,,,,,,,1929
speed,CAN_VEHICLE_SPEED,LATEST_LIVE,2026-09-02T19:14:20.000Z,2026-09-02T19:15:30.579Z,2026-09-02T19:15:30.246Z,2026-09-02T19:15:30.579Z,2474,0,"{""value"":0,""timestamp"":""2026-09-02T19:14:20Z""}",,,,,,,,1934
speed,CAN_VEHICLE_SPEED,LATEST_LIVE,2026-09-02T19:14:20.000Z,2026-09-02T19:15:36.832Z,2026-09-02T19:15:36.598Z,2026-09-02T19:15:36.832Z,2505,0,"{""value"":0,""timestamp"":""2026-09-02T19:14:20Z""}",,,,,,,,1945
speed,CAN_VEHICLE_SPEED,LATEST_LIVE,2026-09-02T19:14:20.000Z,2026-09-02T19:15:42.534Z,2026-09-02T19:15:42.320Z,2026-09-02T19:15:42.534Z,2510,0,"{""value"":0,""timestamp"":""2026-09-02T19:14:20Z""}",,,,,,,,1950
speed,CAN_VEHICLE_SPEED,LATEST_LIVE,2026-09-02T19:14:20.000Z,2026-09-02T19:15:48.278Z,2026-09-02T19:15:48.051Z,2026-09-02T19:15:48.278Z,2515,0,"{""value"":0,""timestamp"":""2026-09-02T19:14:20Z""}",,,,,,,,1955
speed,CAN_VEHICLE_SPEED,LATEST_LIVE,2026-09-02T19:14:20.000Z,2026-09-02T19:15:54.314Z,2026-09-02T19:15:53.900Z,2026-09-02T19:15:54.314Z,2520,0,"{""value"":0,""timestamp"":""2026-09-02T19:14:20Z""}",,,,,,,,1960
speed,CAN_VEHICLE_SPEED,LATEST_LIVE,2026-09-02T19:15:53.000Z,2026-09-02T19:16:00.171Z,2026-09-02T19:15:59.825Z,2026-09-02T19:16:00.171Z,2525,0,"{""value"":0,""timestamp"":""2026-09-02T19:15:53Z""}",,,,,,,,1965
speed,CAN_VEHICLE_SPEED,HF_HISTORICAL,2026-09-02T19:15:52.321Z,2026-09-02T19:16:00.377Z,2026-09-02T19:16:00.172Z,2026-09-02T19:16:00.377Z,2529,0,0,fcfcdc9be9f85bc5d0c3c7b59bc52eb40926cf4b4cc7fe5cdcfa5d7717ebb0d9,1s,AVG,fcfcdc9be9f85bc5d0c3c7b59bc52eb40926cf4b4cc7fe5cdcfa5d7717ebb0d9,2026-09-02T19:15:52.321Z,2026-09-02T19:16:00.172Z,2026-09-02T19:16:00.172Z,1969
speed,CAN_VEHICLE_SPEED,LATEST_LIVE,2026-09-02T19:16:02.000Z,2026-09-02T19:16:06.063Z,2026-09-02T19:16:05.783Z,2026-09-02T19:16:06.063Z,2534,0,"{""value"":0,""timestamp"":""2026-09-02T19:16:02Z""}",,,,,,,,1974
speed,CAN_VEHICLE_SPEED,HF_HISTORICAL,2026-09-02T19:16:00.172Z,2026-09-02T19:16:06.280Z,2026-09-02T19:16:06.065Z,2026-09-02T19:16:06.280Z,2536,0,0,3ebd41e5bf928523b9a7df1fc721feda1e1066032fbb33a47f1e904305d4e180,1s,AVG,3ebd41e5bf928523b9a7df1fc721feda1e1066032fbb33a47f1e904305d4e180,2026-09-02T19:15:58.172Z,2026-09-02T19:16:06.065Z,2026-09-02T19:16:06.065Z,1976
speed,CAN_VEHICLE_SPEED,HF_HISTORICAL,2026-09-02T19:16:01.172Z,2026-09-02T19:16:06.280Z,2026-09-02T19:16:06.065Z,2026-09-02T19:16:06.280Z,2539,0,0,8e52d189688bbea2c51e62f6837430b3a4b4e6eb6f4680f4e6bfd584034d5dfe,1s,AVG,8e52d189688bbea2c51e62f6837430b3a4b4e6eb6f4680f4e6bfd584034d5dfe,2026-09-02T19:15:58.172Z,2026-09-02T19:16:06.065Z,2026-09-02T19:16:06.065Z,1979
speed,CAN_VEHICLE_SPEED,LATEST_LIVE,2026-09-02T19:16:06.000Z,2026-09-02T19:16:12.098Z,2026-09-02T19:16:11.829Z,2026-09-02T19:16:12.098Z,2570,15,"{""value"":15,""timestamp"":""2026-09-02T19:16:06Z""}",,,,,,,,1990
speed,CAN_VEHICLE_SPEED,HF_HISTORICAL,2026-09-02T19:16:04.065Z,2026-09-02T19:16:12.306Z,2026-09-02T19:16:12.100Z,2026-09-02T19:16:12.306Z,2574,6,6,4c7ca9028e6558449afde7bbb2d66642b36a0ecbbf31ed28ad7f6830e79e0d10,1s,AVG,4c7ca9028e6558449afde7bbb2d66642b36a0ecbbf31ed28ad7f6830e79e0d10,2026-09-02T19:16:04.065Z,2026-09-02T19:16:12.100Z,2026-09-02T19:16:12.100Z,1994
speed,CAN_VEHICLE_SPEED,HF_HISTORICAL,2026-09-02T19:16:05.065Z,2026-09-02T19:16:12.306Z,2026-09-02T19:16:12.100Z,2026-09-02T19:16:12.306Z,2579,15,15,a146755b82331edf0624e108fc7f72c42a647bceba798be4a1ce6d7143b04203,1s,AVG,a146755b82331edf0624e108fc7f72c42a647bceba798be4a1ce6d7143b04203,2026-09-02T19:16:04.065Z,2026-09-02T19:16:12.100Z,2026-09-02T19:16:12.100Z,1999
speed,CAN_VEHICLE_SPEED,LATEST_LIVE,2026-09-02T19:16:13.000Z,2026-09-02T19:16:17.913Z,2026-09-02T19:16:17.674Z,2026-09-02T19:16:17.913Z,2584,10,"{""value"":10,""timestamp"":""2026-09-02T19:16:13Z""}",,,,,,,,2004
speed,CAN_VEHICLE_SPEED,HF_HISTORICAL,2026-09-02T19:16:10.100Z,2026-09-02T19:16:18.197Z,2026-09-02T19:16:17.915Z,2026-09-02T19:16:18.197Z,2589,20,20,8056ef0bcf2b93f4b6bb9a1ecbb5e450b86f090d53b134271522f15ecf655b11,1s,AVG,8056ef0bcf2b93f4b6bb9a1ecbb5e450b86f090d53b134271522f15ecf655b11,2026-09-02T19:16:10.100Z,2026-09-02T19:16:17.915Z,2026-09-02T19:16:17.915Z,2009
speed,CAN_VEHICLE_SPEED,HF_HISTORICAL,2026-09-02T19:16:12.100Z,2026-09-02T19:16:18.197Z,2026-09-02T19:16:17.915Z,2026-09-02T19:16:18.197Z,2594,10,10,3c1200aa1f8754e663c84e7eef9e2852506619566c10723c60bdaa831bec42d4,1s,AVG,3c1200aa1f8754e663c84e7eef9e2852506619566c10723c60bdaa831bec42d4,2026-09-02T19:16:10.100Z,2026-09-02T19:16:17.915Z,2026-09-02T19:16:17.915Z,2014
speed,CAN_VEHICLE_SPEED,LATEST_LIVE,2026-09-02T19:16:18.000Z,2026-09-02T19:16:23.789Z,2026-09-02T19:16:23.526Z,2026-09-02T19:16:23.789Z,2599,35,"{""value"":35,""timestamp"":""2026-09-02T19:16:18Z""}",,,,,,,,2019
speed,CAN_VEHICLE_SPEED,HF_HISTORICAL,2026-09-02T19:16:16.915Z,2026-09-02T19:16:24.041Z,2026-09-02T19:16:23.793Z,2026-09-02T19:16:24.041Z,2604,13,13,b40edf6a3abfa3947883517ef614416801fcf5ff115e59331e14999a481cdf6a,1s,AVG,b40edf6a3abfa3947883517ef614416801fcf5ff115e59331e14999a481cdf6a,2026-09-02T19:16:15.915Z,2026-09-02T19:16:23.793Z,2026-09-02T19:16:23.793Z,2024
speed,CAN_VEHICLE_SPEED,HF_HISTORICAL,2026-09-02T19:16:17.915Z,2026-09-02T19:16:24.041Z,2026-09-02T19:16:23.793Z,2026-09-02T19:16:24.041Z,2609,35,35,e4eb400b591e2978f1726e924657c22126292be8d0210c9d5e63873d43e3412d,1s,AVG,e4eb400b591e2978f1726e924657c22126292be8d0210c9d5e63873d43e3412d,2026-09-02T19:16:15.915Z,2026-09-02T19:16:23.793Z,2026-09-02T19:16:23.793Z,2029
speed,CAN_VEHICLE_SPEED,LATEST_LIVE,2026-09-02T19:16:25.000Z,2026-09-02T19:16:29.688Z,2026-09-02T19:16:29.438Z,2026-09-02T19:16:29.688Z,2614,11,"{""value"":11,""timestamp"":""2026-09-02T19:16:25Z""}",,,,,,,,2034
speed,CAN_VEHICLE_SPEED,HF_HISTORICAL,2026-09-02T19:16:21.793Z,2026-09-02T19:16:29.961Z,2026-09-02T19:16:29.689Z,2026-09-02T19:16:29.961Z,2619,8,8,396fae8aa4ed26bdea0c8dd75b945606aa4fc95e8643f1853432a549eac03f70,1s,AVG,396fae8aa4ed26bdea0c8dd75b945606aa4fc95e8643f1853432a549eac03f70,2026-09-02T19:16:21.793Z,2026-09-02T19:16:29.689Z,2026-09-02T19:16:29.689Z,2039
speed,CAN_VEHICLE_SPEED,HF_HISTORICAL,2026-09-02T19:16:22.793Z,2026-09-02T19:16:29.961Z,2026-09-02T19:16:29.689Z,2026-09-02T19:16:29.961Z,2624,11,11,abdac701543df15368281ea46e2c7b8c9092b83e83844a7552239ca0c63dda26,1s,AVG,abdac701543df15368281ea46e2c7b8c9092b83e83844a7552239ca0c63dda26,2026-09-02T19:16:21.793Z,2026-09-02T19:16:29.689Z,2026-09-02T19:16:29.689Z,2044
speed,CAN_VEHICLE_SPEED,HF_HISTORICAL,2026-09-02T19:16:24.793Z,2026-09-02T19:16:29.961Z,2026-09-02T19:16:29.689Z,2026-09-02T19:16:29.961Z,2629,11,11,21c7a1e1635fd3d0c02db51eb480ee1524861e7cd5cc1b1efb63eea7631f5c71,1s,AVG,21c7a1e1635fd3d0c02db51eb480ee1524861e7cd5cc1b1efb63eea7631f5c71,2026-09-02T19:16:21.793Z,2026-09-02T19:16:29.689Z,2026-09-02T19:16:29.689Z,2049
speed,CAN_VEHICLE_SPEED,LATEST_LIVE,2026-09-02T19:16:25.000Z,2026-09-02T19:16:35.747Z,2026-09-02T19:16:35.400Z,2026-09-02T19:16:35.747Z,2634,11,"{""value"":11,""timestamp"":""2026-09-02T19:16:25Z""}",,,,,,,,2054
speed,CAN_VEHICLE_SPEED,LATEST_LIVE,2026-09-02T19:16:37.000Z,2026-09-02T19:16:41.778Z,2026-09-02T19:16:41.532Z,2026-09-02T19:16:41.778Z,2639,32,"{""value"":32,""timestamp"":""2026-09-02T19:16:37Z""}",,,,,,,,2059
speed,CAN_VEHICLE_SPEED,HF_HISTORICAL,2026-09-02T19:16:35.750Z,2026-09-02T19:16:41.981Z,2026-09-02T19:16:41.779Z,2026-09-02T19:16:41.981Z,2644,20,20,7b63a98609c064459f627fbf5c2533b97145d2624aafdddff52e67a18d9f0267,1s,AVG,7b63a98609c064459f627fbf5c2533b97145d2624aafdddff52e67a18d9f0267,2026-09-02T19:16:33.750Z,2026-09-02T19:16:41.779Z,2026-09-02T19:16:41.779Z,2064
speed,CAN_VEHICLE_SPEED,HF_HISTORICAL,2026-09-02T19:16:36.750Z,2026-09-02T19:16:41.981Z,2026-09-02T19:16:41.779Z,2026-09-02T19:16:41.981Z,2649,32,32,0fdaa836a5383b86319dd2f9f6e808db81c38c1bd83ecda7cfe692558f13b4ac,1s,AVG,0fdaa836a5383b86319dd2f9f6e808db81c38c1bd83ecda7cfe692558f13b4ac,2026-09-02T19:16:33.750Z,2026-09-02T19:16:41.779Z,2026-09-02T19:16:41.779Z,2069
speed,CAN_VEHICLE_SPEED,LATEST_LIVE,2026-09-02T19:16:42.000Z,2026-09-02T19:16:47.938Z,2026-09-02T19:16:47.574Z,2026-09-02T19:16:47.938Z,2680,16,"{""value"":16,""timestamp"":""2026-09-02T19:16:42Z""}",,,,,,,,2080
speed,CAN_VEHICLE_SPEED,HF_HISTORICAL,2026-09-02T19:16:40.779Z,2026-09-02T19:16:48.305Z,2026-09-02T19:16:47.939Z,2026-09-02T19:16:48.306Z,2685,14,14,53c157a216040102ce3e2c8b110c143c0e8d0acd578201680378ad2428c8d826,1s,AVG,53c157a216040102ce3e2c8b110c143c0e8d0acd578201680378ad2428c8d826,2026-09-02T19:16:39.779Z,2026-09-02T19:16:47.939Z,2026-09-02T19:16:47.939Z,2085
speed,CAN_VEHICLE_SPEED,HF_HISTORICAL,2026-09-02T19:16:41.779Z,2026-09-02T19:16:48.305Z,2026-09-02T19:16:47.939Z,2026-09-02T19:16:48.306Z,2690,16,16,4b72db2570e1e99606ce6ec548f24dae32cab55d005b2b3a29a9063bf8847be9,1s,AVG,4b72db2570e1e99606ce6ec548f24dae32cab55d005b2b3a29a9063bf8847be9,2026-09-02T19:16:39.779Z,2026-09-02T19:16:47.939Z,2026-09-02T19:16:47.939Z,2090
speed,CAN_VEHICLE_SPEED,LATEST_LIVE,2026-09-02T19:16:49.000Z,2026-09-02T19:16:54.228Z,2026-09-02T19:16:53.718Z,2026-09-02T19:16:54.228Z,2695,11,"{""value"":11,""timestamp"":""2026-09-02T19:16:49Z""}",,,,,,,,2095
speed,CAN_VEHICLE_SPEED,HF_HISTORICAL,2026-09-02T19:16:46.939Z,2026-09-02T19:16:54.461Z,2026-09-02T19:16:54.229Z,2026-09-02T19:16:54.461Z,2700,20,20,a351d0435d02e93a7277b943fd5109d4aeb2a4b3c8f326011f71c284d17f4af4,1s,AVG,a351d0435d02e93a7277b943fd5109d4aeb2a4b3c8f326011f71c284d17f4af4,2026-09-02T19:16:45.939Z,2026-09-02T19:16:54.229Z,2026-09-02T19:16:54.229Z,2100
speed,CAN_VEHICLE_SPEED,HF_HISTORICAL,2026-09-02T19:16:48.939Z,2026-09-02T19:16:54.461Z,2026-09-02T19:16:54.229Z,2026-09-02T19:16:54.461Z,2705,11,11,b36fec3c0e8f72deb8a364adfe4bfb6655d7bac8a96eccc8080e49dd75e133ea,1s,AVG,b36fec3c0e8f72deb8a364adfe4bfb6655d7bac8a96eccc8080e49dd75e133ea,2026-09-02T19:16:45.939Z,2026-09-02T19:16:54.229Z,2026-09-02T19:16:54.229Z,2105
speed,CAN_VEHICLE_SPEED,LATEST_LIVE,2026-09-02T19:16:57.000Z,2026-09-02T19:17:00.366Z,2026-09-02T19:16:59.862Z,2026-09-02T19:17:00.366Z,2710,2,"{""value"":2,""timestamp"":""2026-09-02T19:16:57Z""}",,,,,,,,2110
speed,CAN_VEHICLE_SPEED,HF_HISTORICAL,2026-09-02T19:16:53.229Z,2026-09-02T19:17:00.655Z,2026-09-02T19:17:00.371Z,2026-09-02T19:17:00.655Z,2715,10,10,1b3b92c007aa6ee3314dd0527e1f567f1b318119e63ec4fee2b54ab6398ce738,1s,AVG,1b3b92c007aa6ee3314dd0527e1f567f1b318119e63ec4fee2b54ab6398ce738,2026-09-02T19:16:52.229Z,2026-09-02T19:17:00.371Z,2026-09-02T19:17:00.371Z,2115
speed,CAN_VEHICLE_SPEED,HF_HISTORICAL,2026-09-02T19:16:54.229Z,2026-09-02T19:17:00.655Z,2026-09-02T19:17:00.371Z,2026-09-02T19:17:00.655Z,2720,3,3,4f5450af80910732b02f9f76770eccb4393b46d04cc3de9917b19627031fa2cc,1s,AVG,4f5450af80910732b02f9f76770eccb4393b46d04cc3de9917b19627031fa2cc,2026-09-02T19:16:52.229Z,2026-09-02T19:17:00.371Z,2026-09-02T19:17:00.371Z,2120
speed,CAN_VEHICLE_SPEED,HF_HISTORICAL,2026-09-02T19:16:56.229Z,2026-09-02T19:17:00.655Z,2026-09-02T19:17:00.371Z,2026-09-02T19:17:00.655Z,2725,2,2,9c449c5a52021acb851034fc35ef433af6998f8fc2e339ab5885f5cc021c3c97,1s,AVG,9c449c5a52021acb851034fc35ef433af6998f8fc2e339ab5885f5cc021c3c97,2026-09-02T19:16:52.229Z,2026-09-02T19:17:00.371Z,2026-09-02T19:17:00.371Z,2125
speed,CAN_VEHICLE_SPEED,LATEST_LIVE,2026-09-02T19:17:01.000Z,2026-09-02T19:17:06.386Z,2026-09-02T19:17:06.036Z,2026-09-02T19:17:06.386Z,2730,0,"{""value"":0,""timestamp"":""2026-09-02T19:17:01Z""}",,,,,,,,2130
speed,CAN_VEHICLE_SPEED,HF_HISTORICAL,2026-09-02T19:16:59.371Z,2026-09-02T19:17:06.624Z,2026-09-02T19:17:06.399Z,2026-09-02T19:17:06.624Z,2733,0,0,97f10433f35fa1e44dd103e31a740950935c1cc87531c8579bb6fc1823d8e997,1s,AVG,97f10433f35fa1e44dd103e31a740950935c1cc87531c8579bb6fc1823d8e997,2026-09-02T19:16:58.371Z,2026-09-02T19:17:06.399Z,2026-09-02T19:17:06.399Z,2133
speed,CAN_VEHICLE_SPEED,HF_HISTORICAL,2026-09-02T19:17:00.371Z,2026-09-02T19:17:06.624Z,2026-09-02T19:17:06.399Z,2026-09-02T19:17:06.624Z,2735,0,0,dbfbbf97f22a2b67820ec2e4340eb1e20eb8c821d7a9370d19d46ae133c3f117,1s,AVG,dbfbbf97f22a2b67820ec2e4340eb1e20eb8c821d7a9370d19d46ae133c3f117,2026-09-02T19:16:58.371Z,2026-09-02T19:17:06.399Z,2026-09-02T19:17:06.399Z,2135
speed,CAN_VEHICLE_SPEED,HF_HISTORICAL,2026-09-02T19:17:02.371Z,2026-09-02T19:17:06.624Z,2026-09-02T19:17:06.399Z,2026-09-02T19:17:06.624Z,2737,0,0,371f210d54e70120c3ddbbb9af09bcb91170bd46bc1ca80630e68c30472652f3,1s,AVG,371f210d54e70120c3ddbbb9af09bcb91170bd46bc1ca80630e68c30472652f3,2026-09-02T19:16:58.371Z,2026-09-02T19:17:06.399Z,2026-09-02T19:17:06.399Z,2137
speed,CAN_VEHICLE_SPEED,LATEST_LIVE,2026-09-02T19:17:07.000Z,2026-09-02T19:17:12.222Z,2026-09-02T19:17:11.968Z,2026-09-02T19:17:12.222Z,2742,6,"{""value"":6,""timestamp"":""2026-09-02T19:17:07Z""}",,,,,,,,2142
speed,CAN_VEHICLE_SPEED,HF_HISTORICAL,2026-09-02T19:17:05.399Z,2026-09-02T19:17:12.437Z,2026-09-02T19:17:12.224Z,2026-09-02T19:17:12.437Z,2745,0,0,85bcf1bf7b5216c083ee7de726d3278d40b1fe10f04c868ca00339d824f15205,1s,AVG,85bcf1bf7b5216c083ee7de726d3278d40b1fe10f04c868ca00339d824f15205,2026-09-02T19:17:04.399Z,2026-09-02T19:17:12.224Z,2026-09-02T19:17:12.224Z,2145
speed,CAN_VEHICLE_SPEED,HF_HISTORICAL,2026-09-02T19:17:06.399Z,2026-09-02T19:17:12.437Z,2026-09-02T19:17:12.224Z,2026-09-02T19:17:12.437Z,2749,6,6,6570553b4b5beda287619fb62ab92eb11c8e0f62c46dc8b1c37523934ce1a846,1s,AVG,6570553b4b5beda287619fb62ab92eb11c8e0f62c46dc8b1c37523934ce1a846,2026-09-02T19:17:04.399Z,2026-09-02T19:17:12.224Z,2026-09-02T19:17:12.224Z,2149
speed,CAN_VEHICLE_SPEED,LATEST_LIVE,2026-09-02T19:17:13.000Z,2026-09-02T19:17:18.056Z,2026-09-02T19:17:17.796Z,2026-09-02T19:17:18.056Z,2754,32,"{""value"":32,""timestamp"":""2026-09-02T19:17:13Z""}",,,,,,,,2154
speed,CAN_VEHICLE_SPEED,HF_HISTORICAL,2026-09-02T19:17:11.224Z,2026-09-02T19:17:18.292Z,2026-09-02T19:17:18.059Z,2026-09-02T19:17:18.292Z,2759,27,27,2afdac83d6508da928472f6aa9a87794a564832eb7873378567f2455079f51f0,1s,AVG,2afdac83d6508da928472f6aa9a87794a564832eb7873378567f2455079f51f0,2026-09-02T19:17:10.224Z,2026-09-02T19:17:18.059Z,2026-09-02T19:17:18.059Z,2159
speed,CAN_VEHICLE_SPEED,HF_HISTORICAL,2026-09-02T19:17:12.224Z,2026-09-02T19:17:18.292Z,2026-09-02T19:17:18.059Z,2026-09-02T19:17:18.292Z,2764,32,32,8003ecd4f6a12844cd0bff787b91d26947ffa278412012c4ea95a4a19c5813d3,1s,AVG,8003ecd4f6a12844cd0bff787b91d26947ffa278412012c4ea95a4a19c5813d3,2026-09-02T19:17:10.224Z,2026-09-02T19:17:18.059Z,2026-09-02T19:17:18.059Z,2164
speed,CAN_VEHICLE_SPEED,LATEST_LIVE,2026-09-02T19:17:21.000Z,2026-09-02T19:17:24.263Z,2026-09-02T19:17:24.053Z,2026-09-02T19:17:24.263Z,2795,31,"{""value"":31,""timestamp"":""2026-09-02T19:17:21Z""}",,,,,,,,2175
speed,CAN_VEHICLE_SPEED,HF_HISTORICAL,2026-09-02T19:17:16.059Z,2026-09-02T19:17:24.459Z,2026-09-02T19:17:24.265Z,2026-09-02T19:17:24.459Z,2800,12,12,966eb84e87c61436a18c5009701562485292e2ddb0e75dc786077304d4be32e6,1s,AVG,966eb84e87c61436a18c5009701562485292e2ddb0e75dc786077304d4be32e6,2026-09-02T19:17:16.059Z,2026-09-02T19:17:24.265Z,2026-09-02T19:17:24.265Z,2180
speed,CAN_VEHICLE_SPEED,HF_HISTORICAL,2026-09-02T19:17:17.059Z,2026-09-02T19:17:24.459Z,2026-09-02T19:17:24.265Z,2026-09-02T19:17:24.459Z,2805,12,12,9bd645b5510dbfd00c9722b98c0cadaddc7374b890b585f2d69aa1d014494d15,1s,AVG,9bd645b5510dbfd00c9722b98c0cadaddc7374b890b585f2d69aa1d014494d15,2026-09-02T19:17:16.059Z,2026-09-02T19:17:24.265Z,2026-09-02T19:17:24.265Z,2185
speed,CAN_VEHICLE_SPEED,HF_HISTORICAL,2026-09-02T19:17:19.059Z,2026-09-02T19:17:24.459Z,2026-09-02T19:17:24.265Z,2026-09-02T19:17:24.459Z,2810,16,16,462d980f1de983097b5b3367c15a7a077894ac197355ac8610496055425f0631,1s,AVG,462d980f1de983097b5b3367c15a7a077894ac197355ac8610496055425f0631,2026-09-02T19:17:16.059Z,2026-09-02T19:17:24.265Z,2026-09-02T19:17:24.265Z,2190
speed,CAN_VEHICLE_SPEED,HF_HISTORICAL,2026-09-02T19:17:20.059Z,2026-09-02T19:17:24.459Z,2026-09-02T19:17:24.265Z,2026-09-02T19:17:24.459Z,2815,31,31,5772ec85d4b193201b3a21a3b6f3ea6edc17f0659df71c689f5fc25c60688989,1s,AVG,5772ec85d4b193201b3a21a3b6f3ea6edc17f0659df71c689f5fc25c60688989,2026-09-02T19:17:16.059Z,2026-09-02T19:17:24.265Z,2026-09-02T19:17:24.265Z,2195
speed,CAN_VEHICLE_SPEED,LATEST_LIVE,2026-09-02T19:17:26.000Z,2026-09-02T19:17:30.179Z,2026-09-02T19:17:29.885Z,2026-09-02T19:17:30.179Z,2820,10,"{""value"":10,""timestamp"":""2026-09-02T19:17:26Z""}",,,,,,,,2200
speed,CAN_VEHICLE_SPEED,HF_HISTORICAL,2026-09-02T19:17:23.265Z,2026-09-02T19:17:30.387Z,2026-09-02T19:17:30.181Z,2026-09-02T19:17:30.387Z,2825,16,16,8de65d0fbbc7cba9c9e1d9a6cf473cc851c18c9524d0417bf6585e4cbc580719,1s,AVG,8de65d0fbbc7cba9c9e1d9a6cf473cc851c18c9524d0417bf6585e4cbc580719,2026-09-02T19:17:22.265Z,2026-09-02T19:17:30.181Z,2026-09-02T19:17:30.181Z,2205
speed,CAN_VEHICLE_SPEED,HF_HISTORICAL,2026-09-02T19:17:24.265Z,2026-09-02T19:17:30.387Z,2026-09-02T19:17:30.181Z,2026-09-02T19:17:30.387Z,2830,10,10,50e9331eadb35206d432a84d0b2e52deb00538258ac04ea1cf06de2112931fff,1s,AVG,50e9331eadb35206d432a84d0b2e52deb00538258ac04ea1cf06de2112931fff,2026-09-02T19:17:22.265Z,2026-09-02T19:17:30.181Z,2026-09-02T19:17:30.181Z,2210
speed,CAN_VEHICLE_SPEED,HF_HISTORICAL,2026-09-02T19:17:25.265Z,2026-09-02T19:17:30.387Z,2026-09-02T19:17:30.181Z,2026-09-02T19:17:30.387Z,2835,10,10,ea4ae5afaf14127a90b19a365ad63e84dd2bbb75490479e21a8d49dc1fce3412,1s,AVG,ea4ae5afaf14127a90b19a365ad63e84dd2bbb75490479e21a8d49dc1fce3412,2026-09-02T19:17:22.265Z,2026-09-02T19:17:30.181Z,2026-09-02T19:17:30.181Z,2215
speed,CAN_VEHICLE_SPEED,LATEST_LIVE,2026-09-02T19:17:31.000Z,2026-09-02T19:17:36.186Z,2026-09-02T19:17:35.934Z,2026-09-02T19:17:36.186Z,2840,21,"{""value"":21,""timestamp"":""2026-09-02T19:17:31Z""}",,,,,,,,2220
speed,CAN_VEHICLE_SPEED,HF_HISTORICAL,2026-09-02T19:17:30.181Z,2026-09-02T19:17:36.473Z,2026-09-02T19:17:36.189Z,2026-09-02T19:17:36.473Z,2845,21,21,736ea951d063f449c1d18fbee74a07ec89d5278688ff8ce639655d362ead738d,1s,AVG,736ea951d063f449c1d18fbee74a07ec89d5278688ff8ce639655d362ead738d,2026-09-02T19:17:28.181Z,2026-09-02T19:17:36.189Z,2026-09-02T19:17:36.189Z,2225
speed,CAN_VEHICLE_SPEED,LATEST_LIVE,2026-09-02T19:17:38.000Z,2026-09-02T19:17:42.011Z,2026-09-02T19:17:41.785Z,2026-09-02T19:17:42.011Z,2850,14,"{""value"":14,""timestamp"":""2026-09-02T19:17:38Z""}",,,,,,,,2230
speed,CAN_VEHICLE_SPEED,HF_HISTORICAL,2026-09-02T19:17:34.189Z,2026-09-02T19:17:42.247Z,2026-09-02T19:17:42.015Z,2026-09-02T19:17:42.247Z,2855,27,27,1f470925c49da80c64f6a7a2afffe116133d4a71e25de30410ce7c53874b888d,1s,AVG,1f470925c49da80c64f6a7a2afffe116133d4a71e25de30410ce7c53874b888d,2026-09-02T19:17:34.189Z,2026-09-02T19:17:42.014Z,2026-09-02T19:17:42.014Z,2235
speed,CAN_VEHICLE_SPEED,HF_HISTORICAL,2026-09-02T19:17:35.189Z,2026-09-02T19:17:42.247Z,2026-09-02T19:17:42.015Z,2026-09-02T19:17:42.247Z,2860,0,0,484f7d28600b913e64ef4f2f467e365f7a539e8631f8d5f07536b3bef99dd56a,1s,AVG,484f7d28600b913e64ef4f2f467e365f7a539e8631f8d5f07536b3bef99dd56a,2026-09-02T19:17:34.189Z,2026-09-02T19:17:42.014Z,2026-09-02T19:17:42.014Z,2240
speed,CAN_VEHICLE_SPEED,HF_HISTORICAL,2026-09-02T19:17:37.189Z,2026-09-02T19:17:42.247Z,2026-09-02T19:17:42.015Z,2026-09-02T19:17:42.247Z,2865,14,14,7fb00d9a6514892d4dbda32ce6534d108d8afc1b550e8c142296b9e66cc27dd0,1s,AVG,7fb00d9a6514892d4dbda32ce6534d108d8afc1b550e8c142296b9e66cc27dd0,2026-09-02T19:17:34.189Z,2026-09-02T19:17:42.014Z,2026-09-02T19:17:42.014Z,2245
speed,CAN_VEHICLE_SPEED,LATEST_LIVE,2026-09-02T19:17:42.000Z,2026-09-02T19:17:47.825Z,2026-09-02T19:17:47.610Z,2026-09-02T19:17:47.825Z,2870,11,"{""value"":11,""timestamp"":""2026-09-02T19:17:42Z""}",,,,,,,,2250
speed,CAN_VEHICLE_SPEED,HF_HISTORICAL,2026-09-02T19:17:40.014Z,2026-09-02T19:17:48.096Z,2026-09-02T19:17:47.828Z,2026-09-02T19:17:48.096Z,2875,11,11,0f400df52931f5a021b5d351fb6a95ad6b1a6cb794d71b25a5df9302157a4b9a,1s,AVG,0f400df52931f5a021b5d351fb6a95ad6b1a6cb794d71b25a5df9302157a4b9a,2026-09-02T19:17:40.014Z,2026-09-02T19:17:47.827Z,2026-09-02T19:17:47.827Z,2255
speed,CAN_VEHICLE_SPEED,HF_HISTORICAL,2026-09-02T19:17:41.014Z,2026-09-02T19:17:48.096Z,2026-09-02T19:17:47.828Z,2026-09-02T19:17:48.096Z,2880,11,11,429c41d654e1f389414e5f2d4dc8542d9228363a84cd0c8ec837dc00a3d97aa3,1s,AVG,429c41d654e1f389414e5f2d4dc8542d9228363a84cd0c8ec837dc00a3d97aa3,2026-09-02T19:17:40.014Z,2026-09-02T19:17:47.827Z,2026-09-02T19:17:47.827Z,2260
speed,CAN_VEHICLE_SPEED,LATEST_LIVE,2026-09-02T19:17:49.000Z,2026-09-02T19:17:53.775Z,2026-09-02T19:17:53.449Z,2026-09-02T19:17:53.775Z,2885,14,"{""value"":14,""timestamp"":""2026-09-02T19:17:49Z""}",,,,,,,,2265
speed,CAN_VEHICLE_SPEED,HF_HISTORICAL,2026-09-02T19:17:45.827Z,2026-09-02T19:17:54.020Z,2026-09-02T19:17:53.776Z,2026-09-02T19:17:54.020Z,2890,12,12,1204b820c6a58c3e431d39371c86103296c4a336710f89ca3080f2585d217607,1s,AVG,1204b820c6a58c3e431d39371c86103296c4a336710f89ca3080f2585d217607,2026-09-02T19:17:45.827Z,2026-09-02T19:17:53.776Z,2026-09-02T19:17:53.776Z,2270
speed,CAN_VEHICLE_SPEED,HF_HISTORICAL,2026-09-02T19:17:46.827Z,2026-09-02T19:17:54.020Z,2026-09-02T19:17:53.776Z,2026-09-02T19:17:54.020Z,2895,19,19,6603ae84a5998c312c40579d9e1ea161fa8a2f6c7454d87815436dae1948e572,1s,AVG,6603ae84a5998c312c40579d9e1ea161fa8a2f6c7454d87815436dae1948e572,2026-09-02T19:17:45.827Z,2026-09-02T19:17:53.776Z,2026-09-02T19:17:53.776Z,2275
speed,CAN_VEHICLE_SPEED,HF_HISTORICAL,2026-09-02T19:17:48.827Z,2026-09-02T19:17:54.020Z,2026-09-02T19:17:53.776Z,2026-09-02T19:17:54.020Z,2900,14,14,17a829a85f0da121b89211e874a82a3054f5acd121d38ee0d330b58ae5d66e12,1s,AVG,17a829a85f0da121b89211e874a82a3054f5acd121d38ee0d330b58ae5d66e12,2026-09-02T19:17:45.827Z,2026-09-02T19:17:53.776Z,2026-09-02T19:17:53.776Z,2280
speed,CAN_VEHICLE_SPEED,LATEST_LIVE,2026-09-02T19:17:56.000Z,2026-09-02T19:17:59.865Z,2026-09-02T19:17:59.582Z,2026-09-02T19:17:59.865Z,2931,0,"{""value"":0,""timestamp"":""2026-09-02T19:17:56Z""}",,,,,,,,2291
speed,CAN_VEHICLE_SPEED,HF_HISTORICAL,2026-09-02T19:17:52.776Z,2026-09-02T19:18:00.193Z,2026-09-02T19:17:59.866Z,2026-09-02T19:18:00.193Z,2936,6,6,ceb02b98f687b2459239f4a510b82be36117ca89932c2d38c9f3b24fb71dde4e,1s,AVG,ceb02b98f687b2459239f4a510b82be36117ca89932c2d38c9f3b24fb71dde4e,2026-09-02T19:17:51.776Z,2026-09-02T19:17:59.866Z,2026-09-02T19:17:59.866Z,2296
speed,CAN_VEHICLE_SPEED,HF_HISTORICAL,2026-09-02T19:17:53.776Z,2026-09-02T19:18:00.193Z,2026-09-02T19:17:59.866Z,2026-09-02T19:18:00.193Z,2941,0,0,bd7a5bebe1922f263358e6e8b2325d232938857bcbc22be48298c635e0006d0f,1s,AVG,bd7a5bebe1922f263358e6e8b2325d232938857bcbc22be48298c635e0006d0f,2026-09-02T19:17:51.776Z,2026-09-02T19:17:59.866Z,2026-09-02T19:17:59.866Z,2301
speed,CAN_VEHICLE_SPEED,HF_HISTORICAL,2026-09-02T19:17:55.776Z,2026-09-02T19:18:00.193Z,2026-09-02T19:17:59.866Z,2026-09-02T19:18:00.193Z,2946,0,0,3c08844c58545f46da73ebb5df4ad043acca4f04641ad88a101e8f73a8142482,1s,AVG,3c08844c58545f46da73ebb5df4ad043acca4f04641ad88a101e8f73a8142482,2026-09-02T19:17:51.776Z,2026-09-02T19:17:59.866Z,2026-09-02T19:17:59.866Z,2306
speed,CAN_VEHICLE_SPEED,LATEST_LIVE,2026-09-02T19:18:02.000Z,2026-09-02T19:18:05.969Z,2026-09-02T19:18:05.555Z,2026-09-02T19:18:05.969Z,2951,0,"{""value"":0,""timestamp"":""2026-09-02T19:18:02Z""}",,,,,,,,2311
speed,CAN_VEHICLE_SPEED,HF_HISTORICAL,2026-09-02T19:17:59.866Z,2026-09-02T19:18:06.188Z,2026-09-02T19:18:05.970Z,2026-09-02T19:18:06.188Z,2956,0,0,639acf1ca182a2e0961115718877d3f2c8cae8eb3e8d85d273eaa6179c57941e,1s,AVG,639acf1ca182a2e0961115718877d3f2c8cae8eb3e8d85d273eaa6179c57941e,2026-09-02T19:17:57.866Z,2026-09-02T19:18:05.970Z,2026-09-02T19:18:05.970Z,2316
speed,CAN_VEHICLE_SPEED,HF_HISTORICAL,2026-09-02T19:18:01.866Z,2026-09-02T19:18:06.188Z,2026-09-02T19:18:05.970Z,2026-09-02T19:18:06.188Z,2961,0,0,bada27d6acb74fa2782336da0451be20e15750b918888533af234ae16fc15718,1s,AVG,bada27d6acb74fa2782336da0451be20e15750b918888533af234ae16fc15718,2026-09-02T19:17:57.866Z,2026-09-02T19:18:05.970Z,2026-09-02T19:18:05.970Z,2321
speed,CAN_VEHICLE_SPEED,LATEST_LIVE,2026-09-02T19:18:08.000Z,2026-09-02T19:18:11.772Z,2026-09-02T19:18:11.486Z,2026-09-02T19:18:11.772Z,2966,0,"{""value"":0,""timestamp"":""2026-09-02T19:18:08Z""}",,,,,,,,2326
speed,CAN_VEHICLE_SPEED,HF_HISTORICAL,2026-09-02T19:18:04.970Z,2026-09-02T19:18:11.975Z,2026-09-02T19:18:11.777Z,2026-09-02T19:18:11.975Z,2971,0,0,792332e400cc17c435bad162d2821019a21b9f917be20352c5f63fd07753a8da,1s,AVG,792332e400cc17c435bad162d2821019a21b9f917be20352c5f63fd07753a8da,2026-09-02T19:18:03.970Z,2026-09-02T19:18:11.777Z,2026-09-02T19:18:11.777Z,2331
speed,CAN_VEHICLE_SPEED,HF_HISTORICAL,2026-09-02T19:18:05.970Z,2026-09-02T19:18:11.975Z,2026-09-02T19:18:11.777Z,2026-09-02T19:18:11.975Z,2976,0,0,7079bd9c2070602408a7ce3f638dad7402935d00475416cf954ce73472966289,1s,AVG,7079bd9c2070602408a7ce3f638dad7402935d00475416cf954ce73472966289,2026-09-02T19:18:03.970Z,2026-09-02T19:18:11.777Z,2026-09-02T19:18:11.777Z,2336
speed,CAN_VEHICLE_SPEED,HF_HISTORICAL,2026-09-02T19:18:07.970Z,2026-09-02T19:18:11.975Z,2026-09-02T19:18:11.777Z,2026-09-02T19:18:11.975Z,2981,0,0,597fd370480db268a3d0af55bd0dcd24ce73fb7e63c26ba8aecc4733373092e1,1s,AVG,597fd370480db268a3d0af55bd0dcd24ce73fb7e63c26ba8aecc4733373092e1,2026-09-02T19:18:03.970Z,2026-09-02T19:18:11.777Z,2026-09-02T19:18:11.777Z,2341
speed,CAN_VEHICLE_SPEED,LATEST_LIVE,2026-09-02T19:18:12.000Z,2026-09-02T19:18:17.525Z,2026-09-02T19:18:17.315Z,2026-09-02T19:18:17.525Z,2986,0,"{""value"":0,""timestamp"":""2026-09-02T19:18:12Z""}",,,,,,,,2346
speed,CAN_VEHICLE_SPEED,HF_HISTORICAL,2026-09-02T19:18:10.777Z,2026-09-02T19:18:17.740Z,2026-09-02T19:18:17.528Z,2026-09-02T19:18:17.740Z,2991,0,0,c6fba706e18e654a9f460672b5435dbe37f3e4aceef0dbed318c52c32db2c036,1s,AVG,c6fba706e18e654a9f460672b5435dbe37f3e4aceef0dbed318c52c32db2c036,2026-09-02T19:18:09.777Z,2026-09-02T19:18:17.528Z,2026-09-02T19:18:17.528Z,2351
speed,CAN_VEHICLE_SPEED,HF_HISTORICAL,2026-09-02T19:18:11.777Z,2026-09-02T19:18:17.740Z,2026-09-02T19:18:17.528Z,2026-09-02T19:18:17.740Z,2996,0,0,be517ba0861866c4e0a2c2bad4be1443976119594614bfd9add7cf6e3ae06662,1s,AVG,be517ba0861866c4e0a2c2bad4be1443976119594614bfd9add7cf6e3ae06662,2026-09-02T19:18:09.777Z,2026-09-02T19:18:17.528Z,2026-09-02T19:18:17.528Z,2356
speed,CAN_VEHICLE_SPEED,LATEST_LIVE,2026-09-02T19:18:19.000Z,2026-09-02T19:18:23.318Z,2026-09-02T19:18:23.071Z,2026-09-02T19:18:23.318Z,3001,17,"{""value"":17,""timestamp"":""2026-09-02T19:18:19Z""}",,,,,,,,2361
speed,CAN_VEHICLE_SPEED,HF_HISTORICAL,2026-09-02T19:18:16.528Z,2026-09-02T19:18:23.553Z,2026-09-02T19:18:23.321Z,2026-09-02T19:18:23.553Z,3006,5,5,3c119666ed6d13560a99741760adda151f5bd23bb99968c00449fc7f9d50e25c,1s,AVG,3c119666ed6d13560a99741760adda151f5bd23bb99968c00449fc7f9d50e25c,2026-09-02T19:18:15.528Z,2026-09-02T19:18:23.321Z,2026-09-02T19:18:23.321Z,2366
speed,CAN_VEHICLE_SPEED,HF_HISTORICAL,2026-09-02T19:18:17.528Z,2026-09-02T19:18:23.553Z,2026-09-02T19:18:23.321Z,2026-09-02T19:18:23.553Z,3011,19,19,739352f5efc42fb97decc38e32a1db63ab53c963ec60e262d8d8a5d111d7f53f,1s,AVG,739352f5efc42fb97decc38e32a1db63ab53c963ec60e262d8d8a5d111d7f53f,2026-09-02T19:18:15.528Z,2026-09-02T19:18:23.321Z,2026-09-02T19:18:23.321Z,2371
speed,CAN_VEHICLE_SPEED,HF_HISTORICAL,2026-09-02T19:18:18.528Z,2026-09-02T19:18:23.553Z,2026-09-02T19:18:23.321Z,2026-09-02T19:18:23.553Z,3016,17,17,1cd71324dea7d5b31e3cc72ac176e1ed98eb271689529e18f4d758c9f7fbc276,1s,AVG,1cd71324dea7d5b31e3cc72ac176e1ed98eb271689529e18f4d758c9f7fbc276,2026-09-02T19:18:15.528Z,2026-09-02T19:18:23.321Z,2026-09-02T19:18:23.321Z,2376
speed,CAN_VEHICLE_SPEED,LATEST_LIVE,2026-09-02T19:18:25.000Z,2026-09-02T19:18:29.214Z,2026-09-02T19:18:28.893Z,2026-09-02T19:18:29.214Z,3021,24,"{""value"":24,""timestamp"":""2026-09-02T19:18:25Z""}",,,,,,,,2381
speed,CAN_VEHICLE_SPEED,HF_HISTORICAL,2026-09-02T19:18:21.321Z,2026-09-02T19:18:29.482Z,2026-09-02T19:18:29.216Z,2026-09-02T19:18:29.482Z,3026,28,28,aeefcb36f59e846354c86bb92f9cb3a13a124f6534cd349d13291b546be79a21,1s,AVG,aeefcb36f59e846354c86bb92f9cb3a13a124f6534cd349d13291b546be79a21,2026-09-02T19:18:21.321Z,2026-09-02T19:18:29.215Z,2026-09-02T19:18:29.215Z,2386
speed,CAN_VEHICLE_SPEED,HF_HISTORICAL,2026-09-02T19:18:22.321Z,2026-09-02T19:18:29.482Z,2026-09-02T19:18:29.216Z,2026-09-02T19:18:29.482Z,3031,29,29,47c855d71b3bddbbec3d406c01f8b4bcaa4e8cbab9157c3a17a21a2c64f1a8fa,1s,AVG,47c855d71b3bddbbec3d406c01f8b4bcaa4e8cbab9157c3a17a21a2c64f1a8fa,2026-09-02T19:18:21.321Z,2026-09-02T19:18:29.215Z,2026-09-02T19:18:29.215Z,2391
speed,CAN_VEHICLE_SPEED,HF_HISTORICAL,2026-09-02T19:18:23.321Z,2026-09-02T19:18:29.482Z,2026-09-02T19:18:29.216Z,2026-09-02T19:18:29.482Z,3036,13,13,5d92107e0f8aa97187a75c6ba4cf36a27def2b8ac35dc79098fd512ecd652a0b,1s,AVG,5d92107e0f8aa97187a75c6ba4cf36a27def2b8ac35dc79098fd512ecd652a0b,2026-09-02T19:18:21.321Z,2026-09-02T19:18:29.215Z,2026-09-02T19:18:29.215Z,2396
speed,CAN_VEHICLE_SPEED,HF_HISTORICAL,2026-09-02T19:18:24.321Z,2026-09-02T19:18:29.482Z,2026-09-02T19:18:29.216Z,2026-09-02T19:18:29.482Z,3041,24,24,ffbdcc300d3442cd0a9e699b314bce914610d84c1c7b189f984ad494f70d18b7,1s,AVG,ffbdcc300d3442cd0a9e699b314bce914610d84c1c7b189f984ad494f70d18b7,2026-09-02T19:18:21.321Z,2026-09-02T19:18:29.215Z,2026-09-02T19:18:29.215Z,2401
speed,CAN_VEHICLE_SPEED,LATEST_LIVE,2026-09-02T19:18:28.000Z,2026-09-02T19:18:35.252Z,2026-09-02T19:18:35.032Z,2026-09-02T19:18:35.252Z,3072,44,"{""value"":44,""timestamp"":""2026-09-02T19:18:28Z""}",,,,,,,,2412
speed,CAN_VEHICLE_SPEED,HF_HISTORICAL,2026-09-02T19:18:27.215Z,2026-09-02T19:18:35.436Z,2026-09-02T19:18:35.253Z,2026-09-02T19:18:35.436Z,3077,44,44,844a3b7d0fee021362e97738936d5307089f1b269cd60447f7a76db4d09a404e,1s,AVG,844a3b7d0fee021362e97738936d5307089f1b269cd60447f7a76db4d09a404e,2026-09-02T19:18:27.215Z,2026-09-02T19:18:35.253Z,2026-09-02T19:18:35.253Z,2417
speed,CAN_VEHICLE_SPEED,LATEST_LIVE,2026-09-02T19:18:38.000Z,2026-09-02T19:18:41.016Z,2026-09-02T19:18:40.766Z,2026-09-02T19:18:41.016Z,3082,44,"{""value"":44,""timestamp"":""2026-09-02T19:18:38Z""}",,,,,,,,2422
speed,CAN_VEHICLE_SPEED,HF_HISTORICAL,2026-09-02T19:18:33.253Z,2026-09-02T19:18:41.230Z,2026-09-02T19:18:41.017Z,2026-09-02T19:18:41.230Z,3087,44,44,cb4088a392be44ecae6a357fbf59e46eed8b17f685d6da6bccdf5dd450418b89,1s,AVG,cb4088a392be44ecae6a357fbf59e46eed8b17f685d6da6bccdf5dd450418b89,2026-09-02T19:18:33.253Z,2026-09-02T19:18:41.017Z,2026-09-02T19:18:41.017Z,2427
speed,CAN_VEHICLE_SPEED,HF_HISTORICAL,2026-09-02T19:18:34.253Z,2026-09-02T19:18:41.230Z,2026-09-02T19:18:41.017Z,2026-09-02T19:18:41.230Z,3092,50,50,181f9a0d292a816bae93d4c0a0e5ca853974d7a9151845bd456fbbbb60cc9294,1s,AVG,181f9a0d292a816bae93d4c0a0e5ca853974d7a9151845bd456fbbbb60cc9294,2026-09-02T19:18:33.253Z,2026-09-02T19:18:41.017Z,2026-09-02T19:18:41.017Z,2432
speed,CAN_VEHICLE_SPEED,HF_HISTORICAL,2026-09-02T19:18:36.253Z,2026-09-02T19:18:41.230Z,2026-09-02T19:18:41.017Z,2026-09-02T19:18:41.230Z,3097,52,52,41fb0224f59b0261238d7d13090eff20944d68497d7a4a875a5bb2b70fffa35d,1s,AVG,41fb0224f59b0261238d7d13090eff20944d68497d7a4a875a5bb2b70fffa35d,2026-09-02T19:18:33.253Z,2026-09-02T19:18:41.017Z,2026-09-02T19:18:41.017Z,2437
speed,CAN_VEHICLE_SPEED,HF_HISTORICAL,2026-09-02T19:18:37.253Z,2026-09-02T19:18:41.230Z,2026-09-02T19:18:41.017Z,2026-09-02T19:18:41.230Z,3102,44,44,c89ecf913aebb469ca7eb23900356315794abe410526836b50a879fd40429e50,1s,AVG,c89ecf913aebb469ca7eb23900356315794abe410526836b50a879fd40429e50,2026-09-02T19:18:33.253Z,2026-09-02T19:18:41.017Z,2026-09-02T19:18:41.017Z,2442
speed,CAN_VEHICLE_SPEED,LATEST_LIVE,2026-09-02T19:18:43.000Z,2026-09-02T19:18:47.084Z,2026-09-02T19:18:46.812Z,2026-09-02T19:18:47.084Z,3107,47,"{""value"":47,""timestamp"":""2026-09-02T19:18:43Z""}",,,,,,,,2447
speed,CAN_VEHICLE_SPEED,HF_HISTORICAL,2026-09-02T19:18:40.017Z,2026-09-02T19:18:47.495Z,2026-09-02T19:18:47.085Z,2026-09-02T19:18:47.495Z,3112,46,46,c8d16f4ac36d1da2ec6d1efc1a6161a834d5421e56dba662a6bc02b3087c3a8e,1s,AVG,c8d16f4ac36d1da2ec6d1efc1a6161a834d5421e56dba662a6bc02b3087c3a8e,2026-09-02T19:18:39.017Z,2026-09-02T19:18:47.085Z,2026-09-02T19:18:47.085Z,2452
speed,CAN_VEHICLE_SPEED,HF_HISTORICAL,2026-09-02T19:18:41.017Z,2026-09-02T19:18:47.495Z,2026-09-02T19:18:47.085Z,2026-09-02T19:18:47.495Z,3117,46,46,fa3e4855871f0b2aad37a579d49ffcec98dd5b9fdc178be620fc4cb3b2f8dbf2,1s,AVG,fa3e4855871f0b2aad37a579d49ffcec98dd5b9fdc178be620fc4cb3b2f8dbf2,2026-09-02T19:18:39.017Z,2026-09-02T19:18:47.085Z,2026-09-02T19:18:47.085Z,2457
speed,CAN_VEHICLE_SPEED,HF_HISTORICAL,2026-09-02T19:18:42.017Z,2026-09-02T19:18:47.495Z,2026-09-02T19:18:47.085Z,2026-09-02T19:18:47.495Z,3122,47,47,180cd292a40afb9f0ed771724e714390f47aeb08f3164605dd863e8b717cd8f2,1s,AVG,180cd292a40afb9f0ed771724e714390f47aeb08f3164605dd863e8b717cd8f2,2026-09-02T19:18:39.017Z,2026-09-02T19:18:47.085Z,2026-09-02T19:18:47.085Z,2462
speed,CAN_VEHICLE_SPEED,LATEST_LIVE,2026-09-02T19:18:50.000Z,2026-09-02T19:18:53.091Z,2026-09-02T19:18:52.850Z,2026-09-02T19:18:53.091Z,3127,60,"{""value"":60,""timestamp"":""2026-09-02T19:18:50Z""}",,,,,,,,2467
speed,CAN_VEHICLE_SPEED,HF_HISTORICAL,2026-09-02T19:18:45.085Z,2026-09-02T19:18:53.308Z,2026-09-02T19:18:53.094Z,2026-09-02T19:18:53.308Z,3132,56,56,802a83e780bf6d1968f049feb61863f2bb567266bc275f0e5e409d55c974b2c1,1s,AVG,802a83e780bf6d1968f049feb61863f2bb567266bc275f0e5e409d55c974b2c1,2026-09-02T19:18:45.085Z,2026-09-02T19:18:53.094Z,2026-09-02T19:18:53.094Z,2472
speed,CAN_VEHICLE_SPEED,HF_HISTORICAL,2026-09-02T19:18:46.085Z,2026-09-02T19:18:53.308Z,2026-09-02T19:18:53.094Z,2026-09-02T19:18:53.308Z,3137,56,56,f6dd56274341aed3065e9bac788c2bdad11a23d185b70a50812a3ce89103b452,1s,AVG,f6dd56274341aed3065e9bac788c2bdad11a23d185b70a50812a3ce89103b452,2026-09-02T19:18:45.085Z,2026-09-02T19:18:53.094Z,2026-09-02T19:18:53.094Z,2477
speed,CAN_VEHICLE_SPEED,HF_HISTORICAL,2026-09-02T19:18:48.085Z,2026-09-02T19:18:53.308Z,2026-09-02T19:18:53.094Z,2026-09-02T19:18:53.308Z,3141,60,60,0a69e98ca1eb85b2f295ec71685f328af512c6ce644ce30621857c803d946293,1s,AVG,0a69e98ca1eb85b2f295ec71685f328af512c6ce644ce30621857c803d946293,2026-09-02T19:18:45.085Z,2026-09-02T19:18:53.094Z,2026-09-02T19:18:53.094Z,2481
speed,CAN_VEHICLE_SPEED,HF_HISTORICAL,2026-09-02T19:18:49.085Z,2026-09-02T19:18:53.308Z,2026-09-02T19:18:53.094Z,2026-09-02T19:18:53.308Z,3145,60,60,a7d1834a2b9244cd23e1f43347f9b45bd89ab4b7c4b02413fd4ed070bd03acf6,1s,AVG,a7d1834a2b9244cd23e1f43347f9b45bd89ab4b7c4b02413fd4ed070bd03acf6,2026-09-02T19:18:45.085Z,2026-09-02T19:18:53.094Z,2026-09-02T19:18:53.094Z,2485
speed,CAN_VEHICLE_SPEED,LATEST_LIVE,2026-09-02T19:18:55.000Z,2026-09-02T19:18:58.881Z,2026-09-02T19:18:58.583Z,2026-09-02T19:18:58.881Z,3150,61,"{""value"":61,""timestamp"":""2026-09-02T19:18:55Z""}",,,,,,,,2490
speed,CAN_VEHICLE_SPEED,HF_HISTORICAL,2026-09-02T19:18:52.094Z,2026-09-02T19:18:59.094Z,2026-09-02T19:18:58.883Z,2026-09-02T19:18:59.094Z,3155,60,60,e51041ce728f7eec25031fce7ffc4a928f27aadf144f9d4dfed78c49f1e141ed,1s,AVG,e51041ce728f7eec25031fce7ffc4a928f27aadf144f9d4dfed78c49f1e141ed,2026-09-02T19:18:51.094Z,2026-09-02T19:18:58.883Z,2026-09-02T19:18:58.883Z,2495
speed,CAN_VEHICLE_SPEED,HF_HISTORICAL,2026-09-02T19:18:53.094Z,2026-09-02T19:18:59.094Z,2026-09-02T19:18:58.883Z,2026-09-02T19:18:59.094Z,3160,60,60,cdc6d53062cd06e5b954f493d255cab12a607971af57a4d1c5ea17bb20de9952,1s,AVG,cdc6d53062cd06e5b954f493d255cab12a607971af57a4d1c5ea17bb20de9952,2026-09-02T19:18:51.094Z,2026-09-02T19:18:58.883Z,2026-09-02T19:18:58.883Z,2500
speed,CAN_VEHICLE_SPEED,HF_HISTORICAL,2026-09-02T19:18:54.094Z,2026-09-02T19:18:59.094Z,2026-09-02T19:18:58.883Z,2026-09-02T19:18:59.094Z,3165,61,61,54df72b86d5b91d00ff6e6323e74ff6411d8f6ce771603ff57eefab7da5c3c1f,1s,AVG,54df72b86d5b91d00ff6e6323e74ff6411d8f6ce771603ff57eefab7da5c3c1f,2026-09-02T19:18:51.094Z,2026-09-02T19:18:58.883Z,2026-09-02T19:18:58.883Z,2505
speed,CAN_VEHICLE_SPEED,LATEST_LIVE,2026-09-02T19:19:01.000Z,2026-09-02T19:19:04.708Z,2026-09-02T19:19:04.436Z,2026-09-02T19:19:04.708Z,3170,59,"{""value"":59,""timestamp"":""2026-09-02T19:19:01Z""}",,,,,,,,2510
speed,CAN_VEHICLE_SPEED,HF_HISTORICAL,2026-09-02T19:18:57.883Z,2026-09-02T19:19:04.923Z,2026-09-02T19:19:04.712Z,2026-09-02T19:19:04.923Z,3175,60,60,76f1cab284233919a49022303edfc3b88c97a802487047557a4b62074fdd4c79,1s,AVG,76f1cab284233919a49022303edfc3b88c97a802487047557a4b62074fdd4c79,2026-09-02T19:18:56.883Z,2026-09-02T19:19:04.712Z,2026-09-02T19:19:04.712Z,2515
speed,CAN_VEHICLE_SPEED,HF_HISTORICAL,2026-09-02T19:19:00.883Z,2026-09-02T19:19:04.923Z,2026-09-02T19:19:04.712Z,2026-09-02T19:19:04.923Z,3180,59,59,9ddee81239ff5a8a84d572647ea78da8d5fbac02645303968fefb85f70bf8c8f,1s,AVG,9ddee81239ff5a8a84d572647ea78da8d5fbac02645303968fefb85f70bf8c8f,2026-09-02T19:18:56.883Z,2026-09-02T19:19:04.712Z,2026-09-02T19:19:04.712Z,2520
speed,CAN_VEHICLE_SPEED,LATEST_LIVE,2026-09-02T19:19:05.000Z,2026-09-02T19:19:10.759Z,2026-09-02T19:19:10.465Z,2026-09-02T19:19:10.759Z,3211,65,"{""value"":65,""timestamp"":""2026-09-02T19:19:05Z""}",,,,,,,,2531
speed,CAN_VEHICLE_SPEED,HF_HISTORICAL,2026-09-02T19:19:02.712Z,2026-09-02T19:19:10.959Z,2026-09-02T19:19:10.760Z,2026-09-02T19:19:10.959Z,3216,62,62,af2157dbd0ad78e333c4be700f2b853efddd92754a6a6dc8c754c8f36e060b0e,1s,AVG,af2157dbd0ad78e333c4be700f2b853efddd92754a6a6dc8c754c8f36e060b0e,2026-09-02T19:19:02.712Z,2026-09-02T19:19:10.760Z,2026-09-02T19:19:10.760Z,2536
speed,CAN_VEHICLE_SPEED,HF_HISTORICAL,2026-09-02T19:19:04.712Z,2026-09-02T19:19:10.959Z,2026-09-02T19:19:10.760Z,2026-09-02T19:19:10.959Z,3221,65,65,29c678ef3c4e086d271efe6a94db60de95933a0d3498a9246c2a6172517e2e03,1s,AVG,29c678ef3c4e086d271efe6a94db60de95933a0d3498a9246c2a6172517e2e03,2026-09-02T19:19:02.712Z,2026-09-02T19:19:10.760Z,2026-09-02T19:19:10.760Z,2541
speed,CAN_VEHICLE_SPEED,LATEST_LIVE,2026-09-02T19:19:06.000Z,2026-09-02T19:19:16.556Z,2026-09-02T19:19:16.302Z,2026-09-02T19:19:16.556Z,3226,59,"{""value"":59,""timestamp"":""2026-09-02T19:19:06Z""}",,,,,,,,2546
speed,CAN_VEHICLE_SPEED,HF_HISTORICAL,2026-09-02T19:19:12.760Z,2026-09-02T19:19:16.760Z,2026-09-02T19:19:16.558Z,2026-09-02T19:19:16.760Z,3231,54,54,3173f84c44d1e3f6debe4acde6c189c798f78fdc198f417b28578ac6e60d002e,1s,AVG,3173f84c44d1e3f6debe4acde6c189c798f78fdc198f417b28578ac6e60d002e,2026-09-02T19:19:08.760Z,2026-09-02T19:19:16.558Z,2026-09-02T19:19:16.558Z,2551
speed,CAN_VEHICLE_SPEED,LATEST_LIVE,2026-09-02T19:19:13.000Z,2026-09-02T19:19:22.339Z,2026-09-02T19:19:22.137Z,2026-09-02T19:19:22.339Z,3236,54,"{""value"":54,""timestamp"":""2026-09-02T19:19:13Z""}",,,,,,,,2556
speed,CAN_VEHICLE_SPEED,LATEST_LIVE,2026-09-02T19:19:13.000Z,2026-09-02T19:19:28.022Z,2026-09-02T19:19:27.765Z,2026-09-02T19:19:28.022Z,3241,54,"{""value"":54,""timestamp"":""2026-09-02T19:19:13Z""}",,,,,,,,2561
speed,CAN_VEHICLE_SPEED,LATEST_LIVE,2026-09-02T19:19:13.000Z,2026-09-02T19:19:33.812Z,2026-09-02T19:19:33.498Z,2026-09-02T19:19:33.812Z,3246,54,"{""value"":54,""timestamp"":""2026-09-02T19:19:13Z""}",,,,,,,,2566
speed,CAN_VEHICLE_SPEED,LATEST_LIVE,2026-09-02T19:19:13.000Z,2026-09-02T19:19:39.845Z,2026-09-02T19:19:39.445Z,2026-09-02T19:19:39.845Z,3251,54,"{""value"":54,""timestamp"":""2026-09-02T19:19:13Z""}",,,,,,,,2571
speed,CAN_VEHICLE_SPEED,LATEST_LIVE,2026-09-02T19:19:13.000Z,2026-09-02T19:19:45.999Z,2026-09-02T19:19:45.787Z,2026-09-02T19:19:45.999Z,3282,54,"{""value"":54,""timestamp"":""2026-09-02T19:19:13Z""}",,,,,,,,2582
speed,CAN_VEHICLE_SPEED,LATEST_LIVE,2026-09-02T19:19:17.000Z,2026-09-02T19:19:51.715Z,2026-09-02T19:19:51.515Z,2026-09-02T19:19:51.715Z,3287,63,"{""value"":63,""timestamp"":""2026-09-02T19:19:17Z""}",,,,,,,,2587
speed,CAN_VEHICLE_SPEED,LATEST_LIVE,2026-09-02T19:19:17.000Z,2026-09-02T19:19:59.622Z,2026-09-02T19:19:57.362Z,2026-09-02T19:19:59.622Z,3292,63,"{""value"":63,""timestamp"":""2026-09-02T19:19:17Z""}",,,,,,,,2592
speed,CAN_VEHICLE_SPEED,LATEST_LIVE,2026-09-02T19:19:17.000Z,2026-09-02T19:20:06.820Z,2026-09-02T19:20:05.464Z,2026-09-02T19:20:06.820Z,3297,63,"{""value"":63,""timestamp"":""2026-09-02T19:19:17Z""}",,,,,,,,2597
speed,CAN_VEHICLE_SPEED,LATEST_LIVE,2026-09-02T19:19:17.000Z,2026-09-02T19:20:13.915Z,2026-09-02T19:20:13.592Z,2026-09-02T19:20:13.915Z,3302,63,"{""value"":63,""timestamp"":""2026-09-02T19:19:17Z""}",,,,,,,,2602
speed,CAN_VEHICLE_SPEED,LATEST_LIVE,2026-09-02T19:19:17.000Z,2026-09-02T19:20:20.507Z,2026-09-02T19:20:20.260Z,2026-09-02T19:20:20.507Z,3307,63,"{""value"":63,""timestamp"":""2026-09-02T19:19:17Z""}",,,,,,,,2607
speed,CAN_VEHICLE_SPEED,LATEST_LIVE,2026-09-02T19:19:17.000Z,2026-09-02T19:20:26.764Z,2026-09-02T19:20:26.495Z,2026-09-02T19:20:26.764Z,3338,63,"{""value"":63,""timestamp"":""2026-09-02T19:19:17Z""}",,,,,,,,2618
speed,CAN_VEHICLE_SPEED,LATEST_LIVE,2026-09-02T19:19:17.000Z,2026-09-02T19:20:32.702Z,2026-09-02T19:20:32.332Z,2026-09-02T19:20:32.702Z,3343,63,"{""value"":63,""timestamp"":""2026-09-02T19:19:17Z""}",,,,,,,,2623
speed,CAN_VEHICLE_SPEED,LATEST_LIVE,2026-09-02T19:19:17.000Z,2026-09-02T19:20:39.117Z,2026-09-02T19:20:38.871Z,2026-09-02T19:20:39.117Z,3348,63,"{""value"":63,""timestamp"":""2026-09-02T19:19:17Z""}",,,,,,,,2628
speed,CAN_VEHICLE_SPEED,LATEST_LIVE,2026-09-02T19:19:17.000Z,2026-09-02T19:20:44.828Z,2026-09-02T19:20:44.593Z,2026-09-02T19:20:44.828Z,3353,63,"{""value"":63,""timestamp"":""2026-09-02T19:19:17Z""}",,,,,,,,2633
speed,CAN_VEHICLE_SPEED,LATEST_LIVE,2026-09-02T19:19:17.000Z,2026-09-02T19:20:50.564Z,2026-09-02T19:20:50.334Z,2026-09-02T19:20:50.564Z,3358,63,"{""value"":63,""timestamp"":""2026-09-02T19:19:17Z""}",,,,,,,,2638
speed,CAN_VEHICLE_SPEED,LATEST_LIVE,2026-09-02T19:19:17.000Z,2026-09-02T19:20:56.425Z,2026-09-02T19:20:56.187Z,2026-09-02T19:20:56.425Z,3363,63,"{""value"":63,""timestamp"":""2026-09-02T19:19:17Z""}",,,,,,,,2643
speed,CAN_VEHICLE_SPEED,LATEST_LIVE,2026-09-02T19:19:17.000Z,2026-09-02T19:21:02.367Z,2026-09-02T19:21:02.129Z,2026-09-02T19:21:02.367Z,3394,63,"{""value"":63,""timestamp"":""2026-09-02T19:19:17Z""}",,,,,,,,2654
speed,CAN_VEHICLE_SPEED,LATEST_LIVE,2026-09-02T19:21:00.000Z,2026-09-02T19:21:08.259Z,2026-09-02T19:21:07.982Z,2026-09-02T19:21:08.259Z,3399,60,"{""value"":60,""timestamp"":""2026-09-02T19:21:00Z""}",,,,,,,,2659
speed,CAN_VEHICLE_SPEED,LATEST_LIVE,2026-09-02T19:21:10.000Z,2026-09-02T19:21:14.450Z,2026-09-02T19:21:13.911Z,2026-09-02T19:21:14.450Z,3404,51,"{""value"":51,""timestamp"":""2026-09-02T19:21:10Z""}",,,,,,,,2664
speed,CAN_VEHICLE_SPEED,HF_HISTORICAL,2026-09-02T19:21:07.261Z,2026-09-02T19:21:14.701Z,2026-09-02T19:21:14.452Z,2026-09-02T19:21:14.701Z,3408,52,52,0fb21014b539b4ad4387e83b34bb1efb874591f22cac01b8c6c0f5349aab0a21,1s,AVG,0fb21014b539b4ad4387e83b34bb1efb874591f22cac01b8c6c0f5349aab0a21,2026-09-02T19:21:06.261Z,2026-09-02T19:21:14.452Z,2026-09-02T19:21:14.452Z,2668
speed,CAN_VEHICLE_SPEED,HF_HISTORICAL,2026-09-02T19:21:09.261Z,2026-09-02T19:21:14.701Z,2026-09-02T19:21:14.452Z,2026-09-02T19:21:14.701Z,3413,51,51,0054703318e146890d461a5509d2f26eb04cce8256602abba4d69922e6e7bc41,1s,AVG,0054703318e146890d461a5509d2f26eb04cce8256602abba4d69922e6e7bc41,2026-09-02T19:21:06.261Z,2026-09-02T19:21:14.452Z,2026-09-02T19:21:14.452Z,2673
speed,CAN_VEHICLE_SPEED,LATEST_LIVE,2026-09-02T19:21:16.000Z,2026-09-02T19:21:20.322Z,2026-09-02T19:21:20.055Z,2026-09-02T19:21:20.322Z,3418,62,"{""value"":62,""timestamp"":""2026-09-02T19:21:16Z""}",,,,,,,,2678
speed,CAN_VEHICLE_SPEED,HF_HISTORICAL,2026-09-02T19:21:12.452Z,2026-09-02T19:21:20.626Z,2026-09-02T19:21:20.325Z,2026-09-02T19:21:20.626Z,3423,59,59,4118c6524e7a37105bd6afe6e5e16eb6205f5472a8dc26fe7a412f298cc7f88e,1s,AVG,4118c6524e7a37105bd6afe6e5e16eb6205f5472a8dc26fe7a412f298cc7f88e,2026-09-02T19:21:12.452Z,2026-09-02T19:21:20.325Z,2026-09-02T19:21:20.325Z,2683
speed,CAN_VEHICLE_SPEED,HF_HISTORICAL,2026-09-02T19:21:15.452Z,2026-09-02T19:21:20.626Z,2026-09-02T19:21:20.325Z,2026-09-02T19:21:20.626Z,3427,62,62,22dd4a3de66c3f6b363af9e0d2c1585007cdf2d69328d36764fbc32cb8889c4c,1s,AVG,22dd4a3de66c3f6b363af9e0d2c1585007cdf2d69328d36764fbc32cb8889c4c,2026-09-02T19:21:12.452Z,2026-09-02T19:21:20.325Z,2026-09-02T19:21:20.325Z,2687
speed,CAN_VEHICLE_SPEED,LATEST_LIVE,2026-09-02T19:21:20.000Z,2026-09-02T19:21:26.235Z,2026-09-02T19:21:26.021Z,2026-09-02T19:21:26.235Z,3432,65,"{""value"":65,""timestamp"":""2026-09-02T19:21:20Z""}",,,,,,,,2692
speed,CAN_VEHICLE_SPEED,HF_HISTORICAL,2026-09-02T19:21:19.325Z,2026-09-02T19:21:26.429Z,2026-09-02T19:21:26.237Z,2026-09-02T19:21:26.429Z,3437,65,65,e06f4f2035e1838039e7fd23f9436029a272269cb856d727df885fd90953e7e0,1s,AVG,e06f4f2035e1838039e7fd23f9436029a272269cb856d727df885fd90953e7e0,2026-09-02T19:21:18.325Z,2026-09-02T19:21:26.237Z,2026-09-02T19:21:26.237Z,2697
speed,CAN_VEHICLE_SPEED,LATEST_LIVE,2026-09-02T19:21:29.000Z,2026-09-02T19:21:32.333Z,2026-09-02T19:21:32.105Z,2026-09-02T19:21:32.333Z,3442,57,"{""value"":57,""timestamp"":""2026-09-02T19:21:29Z""}",,,,,,,,2702
speed,CAN_VEHICLE_SPEED,HF_HISTORICAL,2026-09-02T19:21:24.237Z,2026-09-02T19:21:32.556Z,2026-09-02T19:21:32.336Z,2026-09-02T19:21:32.556Z,3446,61,61,3e6c27a5dadb75f4f5b9f3a492e3c01b0f9ec83383b690dc6a5059a605e3e1c5,1s,AVG,3e6c27a5dadb75f4f5b9f3a492e3c01b0f9ec83383b690dc6a5059a605e3e1c5,2026-09-02T19:21:24.237Z,2026-09-02T19:21:32.336Z,2026-09-02T19:21:32.336Z,2706
speed,CAN_VEHICLE_SPEED,HF_HISTORICAL,2026-09-02T19:21:27.237Z,2026-09-02T19:21:32.556Z,2026-09-02T19:21:32.336Z,2026-09-02T19:21:32.556Z,3450,60,60,191972ad57e968cc14d4702e2f52e4bf6a3b5e187baf0f44a611b6d1483cdae9,1s,AVG,191972ad57e968cc14d4702e2f52e4bf6a3b5e187baf0f44a611b6d1483cdae9,2026-09-02T19:21:24.237Z,2026-09-02T19:21:32.336Z,2026-09-02T19:21:32.336Z,2710
speed,CAN_VEHICLE_SPEED,HF_HISTORICAL,2026-09-02T19:21:28.237Z,2026-09-02T19:21:32.556Z,2026-09-02T19:21:32.336Z,2026-09-02T19:21:32.556Z,3454,57,57,fd08a25e6267c45e1631240e3f1e4cfa2e1c81f07fa53b6cf8afcfd6818b885b,1s,AVG,fd08a25e6267c45e1631240e3f1e4cfa2e1c81f07fa53b6cf8afcfd6818b885b,2026-09-02T19:21:24.237Z,2026-09-02T19:21:32.336Z,2026-09-02T19:21:32.336Z,2714
speed,CAN_VEHICLE_SPEED,LATEST_LIVE,2026-09-02T19:21:34.000Z,2026-09-02T19:21:38.493Z,2026-09-02T19:21:38.275Z,2026-09-02T19:21:38.493Z,3485,56,"{""value"":56,""timestamp"":""2026-09-02T19:21:34Z""}",,,,,,,,2725
speed,CAN_VEHICLE_SPEED,HF_HISTORICAL,2026-09-02T19:21:32.336Z,2026-09-02T19:21:38.726Z,2026-09-02T19:21:38.494Z,2026-09-02T19:21:38.726Z,3490,57,57,bdedab10deab26f045f3a7d92f099c1336459ebed1b8a8d3de075534e8a9eac4,1s,AVG,bdedab10deab26f045f3a7d92f099c1336459ebed1b8a8d3de075534e8a9eac4,2026-09-02T19:21:30.336Z,2026-09-02T19:21:38.494Z,2026-09-02T19:21:38.494Z,2730
speed,CAN_VEHICLE_SPEED,HF_HISTORICAL,2026-09-02T19:21:33.336Z,2026-09-02T19:21:38.726Z,2026-09-02T19:21:38.494Z,2026-09-02T19:21:38.726Z,3495,56,56,3c111bb3049b26f20c8fca88e17aac5fec3cb5ad3bd88f40f7df7a6269ba6938,1s,AVG,3c111bb3049b26f20c8fca88e17aac5fec3cb5ad3bd88f40f7df7a6269ba6938,2026-09-02T19:21:30.336Z,2026-09-02T19:21:38.494Z,2026-09-02T19:21:38.494Z,2735
speed,CAN_VEHICLE_SPEED,LATEST_LIVE,2026-09-02T19:21:41.000Z,2026-09-02T19:21:44.235Z,2026-09-02T19:21:43.999Z,2026-09-02T19:21:44.235Z,3500,71,"{""value"":71,""timestamp"":""2026-09-02T19:21:41Z""}",,,,,,,,2740
speed,CAN_VEHICLE_SPEED,HF_HISTORICAL,2026-09-02T19:21:36.494Z,2026-09-02T19:21:44.434Z,2026-09-02T19:21:44.237Z,2026-09-02T19:21:44.434Z,3505,60,60,f236ae55cddc0f9f7c488cb00aa0f6cf7e41d9a5ab2593a57e430e2008152341,1s,AVG,f236ae55cddc0f9f7c488cb00aa0f6cf7e41d9a5ab2593a57e430e2008152341,2026-09-02T19:21:36.494Z,2026-09-02T19:21:44.237Z,2026-09-02T19:21:44.237Z,2745
speed,CAN_VEHICLE_SPEED,HF_HISTORICAL,2026-09-02T19:21:37.494Z,2026-09-02T19:21:44.434Z,2026-09-02T19:21:44.237Z,2026-09-02T19:21:44.434Z,3509,66,66,efef6963953d5c45b8907ae0cb9272b46f0df7f053d4fa756dc130a9367511f5,1s,AVG,efef6963953d5c45b8907ae0cb9272b46f0df7f053d4fa756dc130a9367511f5,2026-09-02T19:21:36.494Z,2026-09-02T19:21:44.237Z,2026-09-02T19:21:44.237Z,2749
speed,CAN_VEHICLE_SPEED,HF_HISTORICAL,2026-09-02T19:21:40.494Z,2026-09-02T19:21:44.434Z,2026-09-02T19:21:44.237Z,2026-09-02T19:21:44.434Z,3514,71,71,ca5be9dd5547fec8aa7972c76a03299c6653a4e8dd76d4553069292007aa61ae,1s,AVG,ca5be9dd5547fec8aa7972c76a03299c6653a4e8dd76d4553069292007aa61ae,2026-09-02T19:21:36.494Z,2026-09-02T19:21:44.237Z,2026-09-02T19:21:44.237Z,2754
speed,CAN_VEHICLE_SPEED,LATEST_LIVE,2026-09-02T19:21:47.000Z,2026-09-02T19:21:49.970Z,2026-09-02T19:21:49.739Z,2026-09-02T19:21:49.970Z,3519,15,"{""value"":15,""timestamp"":""2026-09-02T19:21:47Z""}",,,,,,,,2759
speed,CAN_VEHICLE_SPEED,HF_HISTORICAL,2026-09-02T19:21:42.237Z,2026-09-02T19:21:50.187Z,2026-09-02T19:21:49.972Z,2026-09-02T19:21:50.187Z,3524,62,62,59818d0f0fa4fcc7e5f8e186f0e8f07273c2bda0df97619ccd4e11aed366e517,1s,AVG,59818d0f0fa4fcc7e5f8e186f0e8f07273c2bda0df97619ccd4e11aed366e517,2026-09-02T19:21:42.237Z,2026-09-02T19:21:49.972Z,2026-09-02T19:21:49.972Z,2764
speed,CAN_VEHICLE_SPEED,HF_HISTORICAL,2026-09-02T19:21:45.237Z,2026-09-02T19:21:50.187Z,2026-09-02T19:21:49.972Z,2026-09-02T19:21:50.187Z,3529,42,42,25e55afd8b51c255f9a1ad034f265bb19228f8705576cb901044a36385f4bd69,1s,AVG,25e55afd8b51c255f9a1ad034f265bb19228f8705576cb901044a36385f4bd69,2026-09-02T19:21:42.237Z,2026-09-02T19:21:49.972Z,2026-09-02T19:21:49.972Z,2769
speed,CAN_VEHICLE_SPEED,HF_HISTORICAL,2026-09-02T19:21:46.237Z,2026-09-02T19:21:50.187Z,2026-09-02T19:21:49.972Z,2026-09-02T19:21:50.187Z,3534,15,15,8bd20d0a89dd9fe09ae9645d3f421e168cfbefb2170e447829833e8ac4156bb2,1s,AVG,8bd20d0a89dd9fe09ae9645d3f421e168cfbefb2170e447829833e8ac4156bb2,2026-09-02T19:21:42.237Z,2026-09-02T19:21:49.972Z,2026-09-02T19:21:49.972Z,2774
speed,CAN_VEHICLE_SPEED,LATEST_LIVE,2026-09-02T19:21:51.000Z,2026-09-02T19:21:55.805Z,2026-09-02T19:21:55.564Z,2026-09-02T19:21:55.805Z,3539,46,"{""value"":46,""timestamp"":""2026-09-02T19:21:51Z""}",,,,,,,,2779
speed,CAN_VEHICLE_SPEED,HF_HISTORICAL,2026-09-02T19:21:47.972Z,2026-09-02T19:21:55.999Z,2026-09-02T19:21:55.806Z,2026-09-02T19:21:55.999Z,3544,19,19,cc68a89e7e48efd5458f04a48e1e14218700badbf6a74d745334e18d201ef78b,1s,AVG,cc68a89e7e48efd5458f04a48e1e14218700badbf6a74d745334e18d201ef78b,2026-09-02T19:21:47.972Z,2026-09-02T19:21:55.806Z,2026-09-02T19:21:55.806Z,2784
speed,CAN_VEHICLE_SPEED,HF_HISTORICAL,2026-09-02T19:21:48.972Z,2026-09-02T19:21:55.999Z,2026-09-02T19:21:55.806Z,2026-09-02T19:21:55.999Z,3549,27,27,7ac8c15b975046b4cad22b8358d052bee48425eb9d2d775f9372d198569ae21f,1s,AVG,7ac8c15b975046b4cad22b8358d052bee48425eb9d2d775f9372d198569ae21f,2026-09-02T19:21:47.972Z,2026-09-02T19:21:55.806Z,2026-09-02T19:21:55.806Z,2789
speed,CAN_VEHICLE_SPEED,HF_HISTORICAL,2026-09-02T19:21:50.972Z,2026-09-02T19:21:55.999Z,2026-09-02T19:21:55.806Z,2026-09-02T19:21:55.999Z,3554,46,46,7ba5da5e8076e202a03bb9a1be67fc3791f09ba038cd5012c53d89f323bd7fbd,1s,AVG,7ba5da5e8076e202a03bb9a1be67fc3791f09ba038cd5012c53d89f323bd7fbd,2026-09-02T19:21:47.972Z,2026-09-02T19:21:55.806Z,2026-09-02T19:21:55.806Z,2794
speed,CAN_VEHICLE_SPEED,LATEST_LIVE,2026-09-02T19:21:57.000Z,2026-09-02T19:22:01.688Z,2026-09-02T19:22:01.420Z,2026-09-02T19:22:01.688Z,3559,44,"{""value"":44,""timestamp"":""2026-09-02T19:21:57Z""}",,,,,,,,2799
speed,CAN_VEHICLE_SPEED,HF_HISTORICAL,2026-09-02T19:21:56.806Z,2026-09-02T19:22:01.917Z,2026-09-02T19:22:01.693Z,2026-09-02T19:22:01.917Z,3564,44,44,7379edc4fa6cfb84c46cf6985606656a635b066b814374f303ecc5fed67fb332,1s,AVG,7379edc4fa6cfb84c46cf6985606656a635b066b814374f303ecc5fed67fb332,2026-09-02T19:21:53.806Z,2026-09-02T19:22:01.693Z,2026-09-02T19:22:01.693Z,2804
speed,CAN_VEHICLE_SPEED,LATEST_LIVE,2026-09-02T19:22:03.000Z,2026-09-02T19:22:07.604Z,2026-09-02T19:22:07.371Z,2026-09-02T19:22:07.604Z,3569,26,"{""value"":26,""timestamp"":""2026-09-02T19:22:03Z""}",,,,,,,,2809
speed,CAN_VEHICLE_SPEED,HF_HISTORICAL,2026-09-02T19:21:59.693Z,2026-09-02T19:22:07.896Z,2026-09-02T19:22:07.607Z,2026-09-02T19:22:07.896Z,3574,45,45,9c6e5348a209c53e512c213924590fc472b7fceb27c5b8953e099e40b1dd876d,1s,AVG,9c6e5348a209c53e512c213924590fc472b7fceb27c5b8953e099e40b1dd876d,2026-09-02T19:21:59.693Z,2026-09-02T19:22:07.606Z,2026-09-02T19:22:07.606Z,2814
speed,CAN_VEHICLE_SPEED,HF_HISTORICAL,2026-09-02T19:22:01.693Z,2026-09-02T19:22:07.896Z,2026-09-02T19:22:07.607Z,2026-09-02T19:22:07.896Z,3579,48,48,1f7d246fa2d2c0bf90c9ee1fc2cca76d47efcce59a1e31671700d9fc4493d5ae,1s,AVG,1f7d246fa2d2c0bf90c9ee1fc2cca76d47efcce59a1e31671700d9fc4493d5ae,2026-09-02T19:21:59.693Z,2026-09-02T19:22:07.606Z,2026-09-02T19:22:07.606Z,2819
speed,CAN_VEHICLE_SPEED,HF_HISTORICAL,2026-09-02T19:22:02.693Z,2026-09-02T19:22:07.896Z,2026-09-02T19:22:07.607Z,2026-09-02T19:22:07.896Z,3584,26,26,263e094fcf721967d1d8ef83edf20e60abaf8e099bab0a064a44ca1f92cbc205,1s,AVG,263e094fcf721967d1d8ef83edf20e60abaf8e099bab0a064a44ca1f92cbc205,2026-09-02T19:21:59.693Z,2026-09-02T19:22:07.606Z,2026-09-02T19:22:07.606Z,2824
speed,CAN_VEHICLE_SPEED,HF_HISTORICAL,2026-09-02T19:22:04.693Z,2026-09-02T19:22:07.896Z,2026-09-02T19:22:07.607Z,2026-09-02T19:22:07.896Z,3588,12,12,354e18dfb3b30a7368841bf9732fbf6b16b32e59737e41a3634dab600691e6de,1s,AVG,354e18dfb3b30a7368841bf9732fbf6b16b32e59737e41a3634dab600691e6de,2026-09-02T19:21:59.693Z,2026-09-02T19:22:07.606Z,2026-09-02T19:22:07.606Z,2828
speed,CAN_VEHICLE_SPEED,LATEST_LIVE,2026-09-02T19:22:08.000Z,2026-09-02T19:22:13.750Z,2026-09-02T19:22:13.513Z,2026-09-02T19:22:13.750Z,3619,9,"{""value"":9,""timestamp"":""2026-09-02T19:22:08Z""}",,,,,,,,2839
speed,CAN_VEHICLE_SPEED,HF_HISTORICAL,2026-09-02T19:22:05.606Z,2026-09-02T19:22:13.978Z,2026-09-02T19:22:13.752Z,2026-09-02T19:22:13.978Z,3623,12,12,9edf93ea12731847b2db8c843d6a0537500c153f8804a2b7166fe5e7622a9671,1s,AVG,9edf93ea12731847b2db8c843d6a0537500c153f8804a2b7166fe5e7622a9671,2026-09-02T19:22:05.606Z,2026-09-02T19:22:13.752Z,2026-09-02T19:22:13.752Z,2843
speed,CAN_VEHICLE_SPEED,HF_HISTORICAL,2026-09-02T19:22:07.606Z,2026-09-02T19:22:13.978Z,2026-09-02T19:22:13.752Z,2026-09-02T19:22:13.978Z,3628,9,9,f2599dde1af2d51ba9652c883b06d8fcd3d2c71ff392849f4749d47a2dce55b5,1s,AVG,f2599dde1af2d51ba9652c883b06d8fcd3d2c71ff392849f4749d47a2dce55b5,2026-09-02T19:22:05.606Z,2026-09-02T19:22:13.752Z,2026-09-02T19:22:13.752Z,2848
speed,CAN_VEHICLE_SPEED,LATEST_LIVE,2026-09-02T19:22:16.000Z,2026-09-02T19:22:19.643Z,2026-09-02T19:22:19.335Z,2026-09-02T19:22:19.643Z,3633,40,"{""value"":40,""timestamp"":""2026-09-02T19:22:16Z""}",,,,,,,,2853
speed,CAN_VEHICLE_SPEED,HF_HISTORICAL,2026-09-02T19:22:12.752Z,2026-09-02T19:22:19.936Z,2026-09-02T19:22:19.645Z,2026-09-02T19:22:19.936Z,3638,47,47,358b1df28a277f25b9eefbe4c4d45915f3190429381c78b982d0a544bbcf941e,1s,AVG,358b1df28a277f25b9eefbe4c4d45915f3190429381c78b982d0a544bbcf941e,2026-09-02T19:22:11.752Z,2026-09-02T19:22:19.645Z,2026-09-02T19:22:19.645Z,2858
speed,CAN_VEHICLE_SPEED,HF_HISTORICAL,2026-09-02T19:22:13.752Z,2026-09-02T19:22:19.936Z,2026-09-02T19:22:19.645Z,2026-09-02T19:22:19.936Z,3643,45,45,25b9b3ce917c0addb7cbf10c4782e262664cd8bc6d0237176bc2f2fbf1d3f87e,1s,AVG,25b9b3ce917c0addb7cbf10c4782e262664cd8bc6d0237176bc2f2fbf1d3f87e,2026-09-02T19:22:11.752Z,2026-09-02T19:22:19.645Z,2026-09-02T19:22:19.645Z,2863
speed,CAN_VEHICLE_SPEED,HF_HISTORICAL,2026-09-02T19:22:15.752Z,2026-09-02T19:22:19.936Z,2026-09-02T19:22:19.645Z,2026-09-02T19:22:19.936Z,3648,40,40,7aa4f97b072ec4adc10bd89f5e2a5b8b087d194d4cd8871363c7058672d49c0f,1s,AVG,7aa4f97b072ec4adc10bd89f5e2a5b8b087d194d4cd8871363c7058672d49c0f,2026-09-02T19:22:11.752Z,2026-09-02T19:22:19.645Z,2026-09-02T19:22:19.645Z,2868
speed,CAN_VEHICLE_SPEED,LATEST_LIVE,2026-09-02T19:22:21.000Z,2026-09-02T19:22:25.602Z,2026-09-02T19:22:25.274Z,2026-09-02T19:22:25.602Z,3653,23,"{""value"":23,""timestamp"":""2026-09-02T19:22:21Z""}",,,,,,,,2873
speed,CAN_VEHICLE_SPEED,HF_HISTORICAL,2026-09-02T19:22:17.645Z,2026-09-02T19:22:26.059Z,2026-09-02T19:22:25.605Z,2026-09-02T19:22:26.059Z,3658,10,10,1003ec44e052e47ac7576093076c5cfc91e2a9ea164450ffa468e31876059a81,1s,AVG,1003ec44e052e47ac7576093076c5cfc91e2a9ea164450ffa468e31876059a81,2026-09-02T19:22:17.645Z,2026-09-02T19:22:25.605Z,2026-09-02T19:22:25.605Z,2878
speed,CAN_VEHICLE_SPEED,HF_HISTORICAL,2026-09-02T19:22:19.645Z,2026-09-02T19:22:26.059Z,2026-09-02T19:22:25.605Z,2026-09-02T19:22:26.059Z,3663,16,16,10c338bb5a366e94491af47626a6de81f2df899908441be082aff768ded6e778,1s,AVG,10c338bb5a366e94491af47626a6de81f2df899908441be082aff768ded6e778,2026-09-02T19:22:17.645Z,2026-09-02T19:22:25.605Z,2026-09-02T19:22:25.605Z,2883
speed,CAN_VEHICLE_SPEED,HF_HISTORICAL,2026-09-02T19:22:20.645Z,2026-09-02T19:22:26.059Z,2026-09-02T19:22:25.605Z,2026-09-02T19:22:26.059Z,3668,23,23,f4bf3bbd43a19ed5d0ce83c0f38c2d813e862d609b2150989efd3db5d1b56c62,1s,AVG,f4bf3bbd43a19ed5d0ce83c0f38c2d813e862d609b2150989efd3db5d1b56c62,2026-09-02T19:22:17.645Z,2026-09-02T19:22:25.605Z,2026-09-02T19:22:25.605Z,2888
speed,CAN_VEHICLE_SPEED,HF_HISTORICAL,2026-09-02T19:22:22.645Z,2026-09-02T19:22:26.059Z,2026-09-02T19:22:25.605Z,2026-09-02T19:22:26.059Z,3672,33,33,6854d7a32b8051e62e5657d4ed076aed6a4871efab0cd6bd7dfd58283811e658,1s,AVG,6854d7a32b8051e62e5657d4ed076aed6a4871efab0cd6bd7dfd58283811e658,2026-09-02T19:22:17.645Z,2026-09-02T19:22:25.605Z,2026-09-02T19:22:25.605Z,2892
speed,CAN_VEHICLE_SPEED,LATEST_LIVE,2026-09-02T19:22:23.000Z,2026-09-02T19:22:31.667Z,2026-09-02T19:22:31.423Z,2026-09-02T19:22:31.667Z,3677,33,"{""value"":33,""timestamp"":""2026-09-02T19:22:23Z""}",,,,,,,,2897
speed,CAN_VEHICLE_SPEED,LATEST_LIVE,2026-09-02T19:22:23.000Z,2026-09-02T19:22:37.429Z,2026-09-02T19:22:37.169Z,2026-09-02T19:22:37.429Z,3682,33,"{""value"":33,""timestamp"":""2026-09-02T19:22:23Z""}",,,,,,,,2902
speed,CAN_VEHICLE_SPEED,LATEST_LIVE,2026-09-02T19:22:38.000Z,2026-09-02T19:22:43.328Z,2026-09-02T19:22:43.088Z,2026-09-02T19:22:43.328Z,3687,46,"{""value"":46,""timestamp"":""2026-09-02T19:22:38Z""}",,,,,,,,2907
speed,CAN_VEHICLE_SPEED,HF_HISTORICAL,2026-09-02T19:22:35.432Z,2026-09-02T19:22:43.541Z,2026-09-02T19:22:43.329Z,2026-09-02T19:22:43.541Z,3691,36,36,9f9748ac2b9019eb7c05e46c95b9c41be9950a6cf08180eb94543a21e0db8b60,1s,AVG,9f9748ac2b9019eb7c05e46c95b9c41be9950a6cf08180eb94543a21e0db8b60,2026-09-02T19:22:35.432Z,2026-09-02T19:22:43.329Z,2026-09-02T19:22:43.329Z,2911
speed,CAN_VEHICLE_SPEED,HF_HISTORICAL,2026-09-02T19:22:37.432Z,2026-09-02T19:22:43.541Z,2026-09-02T19:22:43.329Z,2026-09-02T19:22:43.541Z,3695,46,46,02dae21cdb12d027adc2200434262131b923abc49dc6c9ea53f048bc05d8c706,1s,AVG,02dae21cdb12d027adc2200434262131b923abc49dc6c9ea53f048bc05d8c706,2026-09-02T19:22:35.432Z,2026-09-02T19:22:43.329Z,2026-09-02T19:22:43.329Z,2915
speed,CAN_VEHICLE_SPEED,LATEST_LIVE,2026-09-02T19:22:43.000Z,2026-09-02T19:22:49.565Z,2026-09-02T19:22:49.230Z,2026-09-02T19:22:49.565Z,3726,36,"{""value"":36,""timestamp"":""2026-09-02T19:22:43Z""}",,,,,,,,2926
speed,CAN_VEHICLE_SPEED,HF_HISTORICAL,2026-09-02T19:22:42.329Z,2026-09-02T19:22:49.824Z,2026-09-02T19:22:49.566Z,2026-09-02T19:22:49.824Z,3730,36,36,fb378f232a20d651ae993d49e89406772f5b2afc7be5db00b54bfe3aaccfce72,1s,AVG,fb378f232a20d651ae993d49e89406772f5b2afc7be5db00b54bfe3aaccfce72,2026-09-02T19:22:41.329Z,2026-09-02T19:22:49.566Z,2026-09-02T19:22:49.566Z,2930
speed,CAN_VEHICLE_SPEED,LATEST_LIVE,2026-09-02T19:22:51.000Z,2026-09-02T19:22:55.436Z,2026-09-02T19:22:55.169Z,2026-09-02T19:22:55.436Z,3735,19,"{""value"":19,""timestamp"":""2026-09-02T19:22:51Z""}",,,,,,,,2935
speed,CAN_VEHICLE_SPEED,HF_HISTORICAL,2026-09-02T19:22:49.566Z,2026-09-02T19:22:55.654Z,2026-09-02T19:22:55.439Z,2026-09-02T19:22:55.654Z,3739,19,19,d10ac519a37e9442232cba929b3d3d5afe4949aa49130a4986f6cbed09e6539e,1s,AVG,d10ac519a37e9442232cba929b3d3d5afe4949aa49130a4986f6cbed09e6539e,2026-09-02T19:22:47.566Z,2026-09-02T19:22:55.438Z,2026-09-02T19:22:55.438Z,2939
speed,CAN_VEHICLE_SPEED,HF_HISTORICAL,2026-09-02T19:22:50.566Z,2026-09-02T19:22:55.654Z,2026-09-02T19:22:55.439Z,2026-09-02T19:22:55.654Z,3743,19,19,a8044ed0d2715375edcd91e77aebb7e569bfbd3090f6a2882807b7eb7f13ac92,1s,AVG,a8044ed0d2715375edcd91e77aebb7e569bfbd3090f6a2882807b7eb7f13ac92,2026-09-02T19:22:47.566Z,2026-09-02T19:22:55.438Z,2026-09-02T19:22:55.438Z,2943
speed,CAN_VEHICLE_SPEED,LATEST_LIVE,2026-09-02T19:22:55.000Z,2026-09-02T19:23:01.314Z,2026-09-02T19:23:01.013Z,2026-09-02T19:23:01.314Z,3748,45,"{""value"":45,""timestamp"":""2026-09-02T19:22:55Z""}",,,,,,,,2948
speed,CAN_VEHICLE_SPEED,HF_HISTORICAL,2026-09-02T19:22:53.438Z,2026-09-02T19:23:01.575Z,2026-09-02T19:23:01.326Z,2026-09-02T19:23:01.575Z,3753,19,19,d454115e19795dc24f644b00c15c32b664e362bdebfe6ac027a5489f380c39a2,1s,AVG,d454115e19795dc24f644b00c15c32b664e362bdebfe6ac027a5489f380c39a2,2026-09-02T19:22:53.438Z,2026-09-02T19:23:01.325Z,2026-09-02T19:23:01.325Z,2953
speed,CAN_VEHICLE_SPEED,HF_HISTORICAL,2026-09-02T19:22:54.438Z,2026-09-02T19:23:01.575Z,2026-09-02T19:23:01.326Z,2026-09-02T19:23:01.575Z,3758,45,45,db9b92d9036c5f5394e08d0545480ca8bd4fa8003e7c7c548343d8db8abe0ec4,1s,AVG,db9b92d9036c5f5394e08d0545480ca8bd4fa8003e7c7c548343d8db8abe0ec4,2026-09-02T19:22:53.438Z,2026-09-02T19:23:01.325Z,2026-09-02T19:23:01.325Z,2958
speed,CAN_VEHICLE_SPEED,LATEST_LIVE,2026-09-02T19:23:04.000Z,2026-09-02T19:23:07.178Z,2026-09-02T19:23:06.970Z,2026-09-02T19:23:07.178Z,3763,2,"{""value"":2,""timestamp"":""2026-09-02T19:23:04Z""}",,,,,,,,2963
speed,CAN_VEHICLE_SPEED,HF_HISTORICAL,2026-09-02T19:22:59.325Z,2026-09-02T19:23:07.417Z,2026-09-02T19:23:07.180Z,2026-09-02T19:23:07.417Z,3767,14,14,fbc5c8639ffa8ad0711a6fafbc4255d1c6f9e6ddb77bbe7a3d976933e7df5ea1,1s,AVG,fbc5c8639ffa8ad0711a6fafbc4255d1c6f9e6ddb77bbe7a3d976933e7df5ea1,2026-09-02T19:22:59.325Z,2026-09-02T19:23:07.180Z,2026-09-02T19:23:07.180Z,2967
speed,CAN_VEHICLE_SPEED,HF_HISTORICAL,2026-09-02T19:23:00.325Z,2026-09-02T19:23:07.417Z,2026-09-02T19:23:07.180Z,2026-09-02T19:23:07.417Z,3771,12,12,114ce2a673b883e1fe10665ac53113a4acd19a8951c1d6d822759e51bd5544be,1s,AVG,114ce2a673b883e1fe10665ac53113a4acd19a8951c1d6d822759e51bd5544be,2026-09-02T19:22:59.325Z,2026-09-02T19:23:07.180Z,2026-09-02T19:23:07.180Z,2971
speed,CAN_VEHICLE_SPEED,HF_HISTORICAL,2026-09-02T19:23:01.325Z,2026-09-02T19:23:07.417Z,2026-09-02T19:23:07.180Z,2026-09-02T19:23:07.417Z,3775,9,9,4b8b3b510d79acf18720f235f87e1b4c296feb14aa19f2406911d0e8d9689c12,1s,AVG,4b8b3b510d79acf18720f235f87e1b4c296feb14aa19f2406911d0e8d9689c12,2026-09-02T19:22:59.325Z,2026-09-02T19:23:07.180Z,2026-09-02T19:23:07.180Z,2975
speed,CAN_VEHICLE_SPEED,HF_HISTORICAL,2026-09-02T19:23:03.325Z,2026-09-02T19:23:07.417Z,2026-09-02T19:23:07.180Z,2026-09-02T19:23:07.417Z,3779,2,2,92b8074723774dc677403b4efefa9bbd5c917a51b6215148ae4e9ca9b7ae917e,1s,AVG,92b8074723774dc677403b4efefa9bbd5c917a51b6215148ae4e9ca9b7ae917e,2026-09-02T19:22:59.325Z,2026-09-02T19:23:07.180Z,2026-09-02T19:23:07.180Z,2979
speed,CAN_VEHICLE_SPEED,LATEST_LIVE,2026-09-02T19:23:09.000Z,2026-09-02T19:23:12.913Z,2026-09-02T19:23:12.695Z,2026-09-02T19:23:12.913Z,3784,0,"{""value"":0,""timestamp"":""2026-09-02T19:23:09Z""}",,,,,,,,2984
speed,CAN_VEHICLE_SPEED,HF_HISTORICAL,2026-09-02T19:23:06.180Z,2026-09-02T19:23:13.133Z,2026-09-02T19:23:12.915Z,2026-09-02T19:23:13.133Z,3788,0,0,0388f7dcb28b1fd7e11aeb7a6a25a17fccb47e644631ce3db20b8afc83031892,1s,AVG,0388f7dcb28b1fd7e11aeb7a6a25a17fccb47e644631ce3db20b8afc83031892,2026-09-02T19:23:05.180Z,2026-09-02T19:23:12.914Z,2026-09-02T19:23:12.914Z,2988
speed,CAN_VEHICLE_SPEED,HF_HISTORICAL,2026-09-02T19:23:07.180Z,2026-09-02T19:23:13.133Z,2026-09-02T19:23:12.915Z,2026-09-02T19:23:13.133Z,3791,0,0,17083bf521d558a05fc7cbc4a24c08ac8d5ce37befaac1f41d7a4e1a28f9b3a9,1s,AVG,17083bf521d558a05fc7cbc4a24c08ac8d5ce37befaac1f41d7a4e1a28f9b3a9,2026-09-02T19:23:05.180Z,2026-09-02T19:23:12.914Z,2026-09-02T19:23:12.914Z,2991
speed,CAN_VEHICLE_SPEED,HF_HISTORICAL,2026-09-02T19:23:08.180Z,2026-09-02T19:23:13.133Z,2026-09-02T19:23:12.915Z,2026-09-02T19:23:13.133Z,3794,0,0,4f65a154d76491ac9f7f2332ce6ae2aa14c77521ef43a338a8a51f1296bed02b,1s,AVG,4f65a154d76491ac9f7f2332ce6ae2aa14c77521ef43a338a8a51f1296bed02b,2026-09-02T19:23:05.180Z,2026-09-02T19:23:12.914Z,2026-09-02T19:23:12.914Z,2994
speed,CAN_VEHICLE_SPEED,LATEST_LIVE,2026-09-02T19:23:14.000Z,2026-09-02T19:23:18.664Z,2026-09-02T19:23:18.432Z,2026-09-02T19:23:18.664Z,3799,12,"{""value"":12,""timestamp"":""2026-09-02T19:23:14Z""}",,,,,,,,2999
speed,CAN_VEHICLE_SPEED,HF_HISTORICAL,2026-09-02T19:23:10.914Z,2026-09-02T19:23:18.878Z,2026-09-02T19:23:18.665Z,2026-09-02T19:23:18.878Z,3802,0,0,c38e7f4e6abea99a170d0ff8a9e7c5ef4b97a8fd6757864d9e70ad8ae54ddc66,1s,AVG,c38e7f4e6abea99a170d0ff8a9e7c5ef4b97a8fd6757864d9e70ad8ae54ddc66,2026-09-02T19:23:10.914Z,2026-09-02T19:23:18.665Z,2026-09-02T19:23:18.665Z,3002
speed,CAN_VEHICLE_SPEED,HF_HISTORICAL,2026-09-02T19:23:13.914Z,2026-09-02T19:23:18.878Z,2026-09-02T19:23:18.665Z,2026-09-02T19:23:18.878Z,3806,12,12,3bfe75493faedc5c5c0e6f62b253d159ceed98b796910ee56224b8d1b232044d,1s,AVG,3bfe75493faedc5c5c0e6f62b253d159ceed98b796910ee56224b8d1b232044d,2026-09-02T19:23:10.914Z,2026-09-02T19:23:18.665Z,2026-09-02T19:23:18.665Z,3006
speed,CAN_VEHICLE_SPEED,HF_HISTORICAL,2026-09-02T19:23:15.914Z,2026-09-02T19:23:18.878Z,2026-09-02T19:23:18.665Z,2026-09-02T19:23:18.878Z,3811,57,57,b8bf40da260bcfe5cd7a7963b0a6d8e6f6784255cc4cadabf20cb2c3c2234053,1s,AVG,b8bf40da260bcfe5cd7a7963b0a6d8e6f6784255cc4cadabf20cb2c3c2234053,2026-09-02T19:23:10.914Z,2026-09-02T19:23:18.665Z,2026-09-02T19:23:18.665Z,3011
speed,CAN_VEHICLE_SPEED,LATEST_LIVE,2026-09-02T19:23:20.000Z,2026-09-02T19:23:24.556Z,2026-09-02T19:23:24.368Z,2026-09-02T19:23:24.556Z,3842,58,"{""value"":58,""timestamp"":""2026-09-02T19:23:20Z""}",,,,,,,,3022
speed,CAN_VEHICLE_SPEED,HF_HISTORICAL,2026-09-02T19:23:16.665Z,2026-09-02T19:23:24.798Z,2026-09-02T19:23:24.560Z,2026-09-02T19:23:24.798Z,3846,57,57,1d422b16905ca29fcc2cfb58c84fd112b823cc08770633ee31b6c7e5c8b4cf82,1s,AVG,1d422b16905ca29fcc2cfb58c84fd112b823cc08770633ee31b6c7e5c8b4cf82,2026-09-02T19:23:16.665Z,2026-09-02T19:23:24.560Z,2026-09-02T19:23:24.560Z,3026
speed,CAN_VEHICLE_SPEED,HF_HISTORICAL,2026-09-02T19:23:18.665Z,2026-09-02T19:23:24.798Z,2026-09-02T19:23:24.560Z,2026-09-02T19:23:24.798Z,3850,58,58,825d0d8587cb0b95a7f15213cb3d2a9882b3bf05d7fa5e44b2968631dd92c7b2,1s,AVG,825d0d8587cb0b95a7f15213cb3d2a9882b3bf05d7fa5e44b2968631dd92c7b2,2026-09-02T19:23:16.665Z,2026-09-02T19:23:24.560Z,2026-09-02T19:23:24.560Z,3030
speed,CAN_VEHICLE_SPEED,HF_HISTORICAL,2026-09-02T19:23:19.665Z,2026-09-02T19:23:24.798Z,2026-09-02T19:23:24.560Z,2026-09-02T19:23:24.798Z,3855,58,58,ae7bf7ccc21432d8cef1123ecdc58f7c7f7381940b102fa4d91a2b0b7fb071e7,1s,AVG,ae7bf7ccc21432d8cef1123ecdc58f7c7f7381940b102fa4d91a2b0b7fb071e7,2026-09-02T19:23:16.665Z,2026-09-02T19:23:24.560Z,2026-09-02T19:23:24.560Z,3035
speed,CAN_VEHICLE_SPEED,HF_HISTORICAL,2026-09-02T19:23:20.665Z,2026-09-02T19:23:24.798Z,2026-09-02T19:23:24.560Z,2026-09-02T19:23:24.798Z,3860,56,56,5356259fe772530b9bbf72628bb21537819a07481eb24bce21ea1fd19e92815c,1s,AVG,5356259fe772530b9bbf72628bb21537819a07481eb24bce21ea1fd19e92815c,2026-09-02T19:23:16.665Z,2026-09-02T19:23:24.560Z,2026-09-02T19:23:24.560Z,3040
speed,CAN_VEHICLE_SPEED,LATEST_LIVE,2026-09-02T19:23:25.000Z,2026-09-02T19:23:30.380Z,2026-09-02T19:23:30.139Z,2026-09-02T19:23:30.380Z,3865,21,"{""value"":21,""timestamp"":""2026-09-02T19:23:25Z""}",,,,,,,,3045
speed,CAN_VEHICLE_SPEED,HF_HISTORICAL,2026-09-02T19:23:22.560Z,2026-09-02T19:23:30.585Z,2026-09-02T19:23:30.383Z,2026-09-02T19:23:30.585Z,3870,40,40,7aa89d0a9731fdcbf477beca88752b9603fe6bfc44fef659f50a26a53ed3540a,1s,AVG,7aa89d0a9731fdcbf477beca88752b9603fe6bfc44fef659f50a26a53ed3540a,2026-09-02T19:23:22.560Z,2026-09-02T19:23:30.383Z,2026-09-02T19:23:30.383Z,3050
speed,CAN_VEHICLE_SPEED,HF_HISTORICAL,2026-09-02T19:23:24.560Z,2026-09-02T19:23:30.585Z,2026-09-02T19:23:30.383Z,2026-09-02T19:23:30.585Z,3875,21,21,1490b32ad842a40a061a1b4ea38119f9bcba2f9dc903428e74a122327adb6076,1s,AVG,1490b32ad842a40a061a1b4ea38119f9bcba2f9dc903428e74a122327adb6076,2026-09-02T19:23:22.560Z,2026-09-02T19:23:30.383Z,2026-09-02T19:23:30.383Z,3055
speed,CAN_VEHICLE_SPEED,LATEST_LIVE,2026-09-02T19:23:31.000Z,2026-09-02T19:23:36.174Z,2026-09-02T19:23:35.951Z,2026-09-02T19:23:36.174Z,3880,15,"{""value"":15,""timestamp"":""2026-09-02T19:23:31Z""}",,,,,,,,3060
speed,CAN_VEHICLE_SPEED,HF_HISTORICAL,2026-09-02T19:23:29.383Z,2026-09-02T19:23:36.364Z,2026-09-02T19:23:36.175Z,2026-09-02T19:23:36.364Z,3885,25,25,2c69064312fab25591ba665c4268b3a597e7fa6e235fda4df9bb711afa26fe51,1s,AVG,2c69064312fab25591ba665c4268b3a597e7fa6e235fda4df9bb711afa26fe51,2026-09-02T19:23:28.383Z,2026-09-02T19:23:36.175Z,2026-09-02T19:23:36.175Z,3065
speed,CAN_VEHICLE_SPEED,HF_HISTORICAL,2026-09-02T19:23:30.383Z,2026-09-02T19:23:36.364Z,2026-09-02T19:23:36.175Z,2026-09-02T19:23:36.364Z,3890,15,15,1cf596532425b85c4276e9c1fce37008606452550da5c027cab1bc9ff66181c3,1s,AVG,1cf596532425b85c4276e9c1fce37008606452550da5c027cab1bc9ff66181c3,2026-09-02T19:23:28.383Z,2026-09-02T19:23:36.175Z,2026-09-02T19:23:36.175Z,3070
speed,CAN_VEHICLE_SPEED,LATEST_LIVE,2026-09-02T19:23:36.000Z,2026-09-02T19:23:41.884Z,2026-09-02T19:23:41.678Z,2026-09-02T19:23:41.884Z,3895,12,"{""value"":12,""timestamp"":""2026-09-02T19:23:36Z""}",,,,,,,,3075
speed,CAN_VEHICLE_SPEED,HF_HISTORICAL,2026-09-02T19:23:34.175Z,2026-09-02T19:23:42.088Z,2026-09-02T19:23:41.885Z,2026-09-02T19:23:42.088Z,3900,10,10,c5338bc7a95b4e9d6a630d3ffc8ea1d888c03d32e2e78dafdbe84187319ac264,1s,AVG,c5338bc7a95b4e9d6a630d3ffc8ea1d888c03d32e2e78dafdbe84187319ac264,2026-09-02T19:23:34.175Z,2026-09-02T19:23:41.885Z,2026-09-02T19:23:41.885Z,3080
speed,CAN_VEHICLE_SPEED,HF_HISTORICAL,2026-09-02T19:23:35.175Z,2026-09-02T19:23:42.088Z,2026-09-02T19:23:41.885Z,2026-09-02T19:23:42.088Z,3905,12,12,ef1892e214325fa896e4837f69515966ddce3118d28e9700dcf083490b62b369,1s,AVG,ef1892e214325fa896e4837f69515966ddce3118d28e9700dcf083490b62b369,2026-09-02T19:23:34.175Z,2026-09-02T19:23:41.885Z,2026-09-02T19:23:41.885Z,3085
speed,CAN_VEHICLE_SPEED,HF_HISTORICAL,2026-09-02T19:23:37.175Z,2026-09-02T19:23:42.088Z,2026-09-02T19:23:41.885Z,2026-09-02T19:23:42.088Z,3910,11,11,8bf371b845d34b7fd006e1a1709f307804c251a6ffac7ae7279ec3425bccccb5,1s,AVG,8bf371b845d34b7fd006e1a1709f307804c251a6ffac7ae7279ec3425bccccb5,2026-09-02T19:23:34.175Z,2026-09-02T19:23:41.885Z,2026-09-02T19:23:41.885Z,3090
speed,CAN_VEHICLE_SPEED,HF_HISTORICAL,2026-09-02T19:23:38.175Z,2026-09-02T19:23:42.088Z,2026-09-02T19:23:41.885Z,2026-09-02T19:23:42.088Z,3915,10,10,095338d2a3c0575387befa6f7a4253d5dc6af89af75422298c266d7578cf5a43,1s,AVG,095338d2a3c0575387befa6f7a4253d5dc6af89af75422298c266d7578cf5a43,2026-09-02T19:23:34.175Z,2026-09-02T19:23:41.885Z,2026-09-02T19:23:41.885Z,3095
speed,CAN_VEHICLE_SPEED,LATEST_LIVE,2026-09-02T19:23:44.000Z,2026-09-02T19:23:47.798Z,2026-09-02T19:23:47.426Z,2026-09-02T19:23:47.798Z,3920,3,"{""value"":3,""timestamp"":""2026-09-02T19:23:44Z""}",,,,,,,,3100
speed,CAN_VEHICLE_SPEED,HF_HISTORICAL,2026-09-02T19:23:39.885Z,2026-09-02T19:23:48.007Z,2026-09-02T19:23:47.805Z,2026-09-02T19:23:48.007Z,3925,10,10,bb4719548b336d3071cacbcfe74e07b9e969e8b3de3ba79e9ba57f3b09d1381f,1s,AVG,bb4719548b336d3071cacbcfe74e07b9e969e8b3de3ba79e9ba57f3b09d1381f,2026-09-02T19:23:39.885Z,2026-09-02T19:23:47.805Z,2026-09-02T19:23:47.805Z,3105
speed,CAN_VEHICLE_SPEED,HF_HISTORICAL,2026-09-02T19:23:43.885Z,2026-09-02T19:23:48.007Z,2026-09-02T19:23:47.805Z,2026-09-02T19:23:48.007Z,3930,3,3,b883db3390ea223e61f35c9f5b9da8ef0eabb7e703c1cdf3e6109d3c852713bb,1s,AVG,b883db3390ea223e61f35c9f5b9da8ef0eabb7e703c1cdf3e6109d3c852713bb,2026-09-02T19:23:39.885Z,2026-09-02T19:23:47.805Z,2026-09-02T19:23:47.805Z,3110
speed,CAN_VEHICLE_SPEED,LATEST_LIVE,2026-09-02T19:23:50.000Z,2026-09-02T19:23:53.955Z,2026-09-02T19:23:53.463Z,2026-09-02T19:23:53.955Z,3935,1,"{""value"":1,""timestamp"":""2026-09-02T19:23:50Z""}",,,,,,,,3115
speed,CAN_VEHICLE_SPEED,HF_HISTORICAL,2026-09-02T19:23:45.805Z,2026-09-02T19:23:54.159Z,2026-09-02T19:23:53.956Z,2026-09-02T19:23:54.159Z,3939,0,0,9f46265b78b34b26163f24a7c0e475f5b261f83e86e3e81787cc499200776324,1s,AVG,9f46265b78b34b26163f24a7c0e475f5b261f83e86e3e81787cc499200776324,2026-09-02T19:23:45.805Z,2026-09-02T19:23:53.956Z,2026-09-02T19:23:53.956Z,3119
speed,CAN_VEHICLE_SPEED,HF_HISTORICAL,2026-09-02T19:23:46.805Z,2026-09-02T19:23:54.159Z,2026-09-02T19:23:53.956Z,2026-09-02T19:23:54.159Z,3943,0,0,439b86c3289d531351f2a230c7433dccdbe2a711306f3711876dcd9438fcbc7a,1s,AVG,439b86c3289d531351f2a230c7433dccdbe2a711306f3711876dcd9438fcbc7a,2026-09-02T19:23:45.805Z,2026-09-02T19:23:53.956Z,2026-09-02T19:23:53.956Z,3123
speed,CAN_VEHICLE_SPEED,HF_HISTORICAL,2026-09-02T19:23:47.805Z,2026-09-02T19:23:54.159Z,2026-09-02T19:23:53.956Z,2026-09-02T19:23:54.159Z,3946,1,1,69eed9cb6f1182142f6c73b1513150e2ecbc54a91819744812d027b03fd9ec36,1s,AVG,69eed9cb6f1182142f6c73b1513150e2ecbc54a91819744812d027b03fd9ec36,2026-09-02T19:23:45.805Z,2026-09-02T19:23:53.956Z,2026-09-02T19:23:53.956Z,3126
speed,CAN_VEHICLE_SPEED,HF_HISTORICAL,2026-09-02T19:23:49.805Z,2026-09-02T19:23:54.159Z,2026-09-02T19:23:53.956Z,2026-09-02T19:23:54.159Z,3949,1,1,0355867f63519f67a31caf8fb5ada1e94fc9145ddbbf7cdc2af9760a1fe36b3c,1s,AVG,0355867f63519f67a31caf8fb5ada1e94fc9145ddbbf7cdc2af9760a1fe36b3c,2026-09-02T19:23:45.805Z,2026-09-02T19:23:53.956Z,2026-09-02T19:23:53.956Z,3129
speed,CAN_VEHICLE_SPEED,LATEST_LIVE,2026-09-02T19:23:55.000Z,2026-09-02T19:24:00.048Z,2026-09-02T19:23:59.808Z,2026-09-02T19:24:00.048Z,3980,0,"{""value"":0,""timestamp"":""2026-09-02T19:23:55Z""}",,,,,,,,3140
speed,CAN_VEHICLE_SPEED,HF_HISTORICAL,2026-09-02T19:23:51.956Z,2026-09-02T19:24:00.256Z,2026-09-02T19:24:00.051Z,2026-09-02T19:24:00.256Z,3984,12,12,f4b7b7df6aaeaf8821faabc0a4d9f4a4fbbfb20dc58891a81a187f1ee3be3c9b,1s,AVG,f4b7b7df6aaeaf8821faabc0a4d9f4a4fbbfb20dc58891a81a187f1ee3be3c9b,2026-09-02T19:23:51.956Z,2026-09-02T19:24:00.050Z,2026-09-02T19:24:00.050Z,3144
speed,CAN_VEHICLE_SPEED,HF_HISTORICAL,2026-09-02T19:23:53.956Z,2026-09-02T19:24:00.256Z,2026-09-02T19:24:00.051Z,2026-09-02T19:24:00.256Z,3988,4,4,c2504cd9f83540e9aca9c9b41dc16fb24fc254c6a1faa46671f41749ba6b2ea0,1s,AVG,c2504cd9f83540e9aca9c9b41dc16fb24fc254c6a1faa46671f41749ba6b2ea0,2026-09-02T19:23:51.956Z,2026-09-02T19:24:00.050Z,2026-09-02T19:24:00.050Z,3148
speed,CAN_VEHICLE_SPEED,HF_HISTORICAL,2026-09-02T19:23:54.956Z,2026-09-02T19:24:00.256Z,2026-09-02T19:24:00.051Z,2026-09-02T19:24:00.256Z,3993,0,0,527695e2c5b69ce5a6195f997e4b1dbdc526077acde55ab77da4cbae3dedcca3,1s,AVG,527695e2c5b69ce5a6195f997e4b1dbdc526077acde55ab77da4cbae3dedcca3,2026-09-02T19:23:51.956Z,2026-09-02T19:24:00.050Z,2026-09-02T19:24:00.050Z,3153
speed,CAN_VEHICLE_SPEED,LATEST_LIVE,2026-09-02T19:24:00.000Z,2026-09-02T19:24:05.866Z,2026-09-02T19:24:05.636Z,2026-09-02T19:24:05.866Z,3998,56,"{""value"":56,""timestamp"":""2026-09-02T19:24:00Z""}",,,,,,,,3158
speed,CAN_VEHICLE_SPEED,HF_HISTORICAL,2026-09-02T19:23:59.050Z,2026-09-02T19:24:06.142Z,2026-09-02T19:24:05.871Z,2026-09-02T19:24:06.142Z,4003,56,56,1b29b7d5f910308adf5acbc960b0cc08a5a8b02bbb74ce809d342ddaf098fca6,1s,AVG,1b29b7d5f910308adf5acbc960b0cc08a5a8b02bbb74ce809d342ddaf098fca6,2026-09-02T19:23:58.050Z,2026-09-02T19:24:05.871Z,2026-09-02T19:24:05.871Z,3163
speed,CAN_VEHICLE_SPEED,LATEST_LIVE,2026-09-02T19:24:08.000Z,2026-09-02T19:24:11.703Z,2026-09-02T19:24:11.473Z,2026-09-02T19:24:11.703Z,4008,56,"{""value"":56,""timestamp"":""2026-09-02T19:24:08Z""}",,,,,,,,3168
speed,CAN_VEHICLE_SPEED,HF_HISTORICAL,2026-09-02T19:24:04.871Z,2026-09-02T19:24:12.121Z,2026-09-02T19:24:11.705Z,2026-09-02T19:24:12.121Z,4013,60,60,05333e171faff5928c6efbbf95c033d33444a2fad605d9d91450cb4a57c6501e,1s,AVG,05333e171faff5928c6efbbf95c033d33444a2fad605d9d91450cb4a57c6501e,2026-09-02T19:24:03.871Z,2026-09-02T19:24:11.705Z,2026-09-02T19:24:11.705Z,3173
speed,CAN_VEHICLE_SPEED,HF_HISTORICAL,2026-09-02T19:24:05.871Z,2026-09-02T19:24:12.121Z,2026-09-02T19:24:11.705Z,2026-09-02T19:24:12.121Z,4018,45,45,4235ed2ecc3b25678a0c4cbb9caf84678f20263e0b46bc14c00f6a800f796f01,1s,AVG,4235ed2ecc3b25678a0c4cbb9caf84678f20263e0b46bc14c00f6a800f796f01,2026-09-02T19:24:03.871Z,2026-09-02T19:24:11.705Z,2026-09-02T19:24:11.705Z,3178
speed,CAN_VEHICLE_SPEED,HF_HISTORICAL,2026-09-02T19:24:07.871Z,2026-09-02T19:24:12.121Z,2026-09-02T19:24:11.705Z,2026-09-02T19:24:12.121Z,4023,56,56,be0f9b49852a1f68395f63015ebadffa84a5f9fd5cf82cfa479f059c270e7813,1s,AVG,be0f9b49852a1f68395f63015ebadffa84a5f9fd5cf82cfa479f059c270e7813,2026-09-02T19:24:03.871Z,2026-09-02T19:24:11.705Z,2026-09-02T19:24:11.705Z,3183
speed,CAN_VEHICLE_SPEED,LATEST_LIVE,2026-09-02T19:24:12.000Z,2026-09-02T19:24:17.640Z,2026-09-02T19:24:17.409Z,2026-09-02T19:24:17.640Z,4028,96,"{""value"":96,""timestamp"":""2026-09-02T19:24:12Z""}",,,,,,,,3188
speed,CAN_VEHICLE_SPEED,HF_HISTORICAL,2026-09-02T19:24:09.705Z,2026-09-02T19:24:17.845Z,2026-09-02T19:24:17.641Z,2026-09-02T19:24:17.845Z,4033,88,88,384b88eb41ea827e07f73e4e86079414011002e9c21ea31eeb011178586d93a0,1s,AVG,384b88eb41ea827e07f73e4e86079414011002e9c21ea31eeb011178586d93a0,2026-09-02T19:24:09.705Z,2026-09-02T19:24:17.641Z,2026-09-02T19:24:17.641Z,3193
speed,CAN_VEHICLE_SPEED,HF_HISTORICAL,2026-09-02T19:24:11.705Z,2026-09-02T19:24:17.845Z,2026-09-02T19:24:17.641Z,2026-09-02T19:24:17.845Z,4038,96,96,3d1ae8a5886ad964e0144be512b854b7fb1d385d0754bdf826beaa8459fe9a78,1s,AVG,3d1ae8a5886ad964e0144be512b854b7fb1d385d0754bdf826beaa8459fe9a78,2026-09-02T19:24:09.705Z,2026-09-02T19:24:17.641Z,2026-09-02T19:24:17.641Z,3198
speed,CAN_VEHICLE_SPEED,LATEST_LIVE,2026-09-02T19:24:19.000Z,2026-09-02T19:24:23.393Z,2026-09-02T19:24:23.154Z,2026-09-02T19:24:23.393Z,4043,0,"{""value"":0,""timestamp"":""2026-09-02T19:24:19Z""}",,,,,,,,3203
speed,CAN_VEHICLE_SPEED,HF_HISTORICAL,2026-09-02T19:24:16.641Z,2026-09-02T19:24:23.628Z,2026-09-02T19:24:23.394Z,2026-09-02T19:24:23.628Z,4047,0,0,73f1d273a9dad37093dcc4d7124c2fde8f980310c0f4c47cf52844d8843df58c,1s,AVG,73f1d273a9dad37093dcc4d7124c2fde8f980310c0f4c47cf52844d8843df58c,2026-09-02T19:24:15.641Z,2026-09-02T19:24:23.394Z,2026-09-02T19:24:23.394Z,3207
speed,CAN_VEHICLE_SPEED,HF_HISTORICAL,2026-09-02T19:24:18.641Z,2026-09-02T19:24:23.628Z,2026-09-02T19:24:23.394Z,2026-09-02T19:24:23.628Z,4052,0,0,bf73cc3e48d4d697a75aaa1f051c622a3d4bd11f929c6fef3ee31e6a10ae5ef0,1s,AVG,bf73cc3e48d4d697a75aaa1f051c622a3d4bd11f929c6fef3ee31e6a10ae5ef0,2026-09-02T19:24:15.641Z,2026-09-02T19:24:23.394Z,2026-09-02T19:24:23.394Z,3212
speed,CAN_VEHICLE_SPEED,LATEST_LIVE,2026-09-02T19:24:26.000Z,2026-09-02T19:24:29.238Z,2026-09-02T19:24:28.990Z,2026-09-02T19:24:29.238Z,4057,42,"{""value"":42,""timestamp"":""2026-09-02T19:24:26Z""}",,,,,,,,3217
speed,CAN_VEHICLE_SPEED,HF_HISTORICAL,2026-09-02T19:24:21.394Z,2026-09-02T19:24:29.438Z,2026-09-02T19:24:29.240Z,2026-09-02T19:24:29.438Z,4062,44,44,9795e1c8c549967b4bd81ab85590fc7624cad614941142675267512932e87e4c,1s,AVG,9795e1c8c549967b4bd81ab85590fc7624cad614941142675267512932e87e4c,2026-09-02T19:24:21.394Z,2026-09-02T19:24:29.240Z,2026-09-02T19:24:29.240Z,3222
speed,CAN_VEHICLE_SPEED,HF_HISTORICAL,2026-09-02T19:24:22.394Z,2026-09-02T19:24:29.438Z,2026-09-02T19:24:29.240Z,2026-09-02T19:24:29.438Z,4067,42,42,02b2795fa7c243eaa0789bf9eb2a13be3c6b59fab0aa941f86c3721e29675cbf,1s,AVG,02b2795fa7c243eaa0789bf9eb2a13be3c6b59fab0aa941f86c3721e29675cbf,2026-09-02T19:24:21.394Z,2026-09-02T19:24:29.240Z,2026-09-02T19:24:29.240Z,3227
speed,CAN_VEHICLE_SPEED,HF_HISTORICAL,2026-09-02T19:24:24.394Z,2026-09-02T19:24:29.438Z,2026-09-02T19:24:29.240Z,2026-09-02T19:24:29.438Z,4071,37,37,96d4f1a828924139d47094c803ef218e4e8fd8ea1479517e4ffc8fb9863dbc19,1s,AVG,96d4f1a828924139d47094c803ef218e4e8fd8ea1479517e4ffc8fb9863dbc19,2026-09-02T19:24:21.394Z,2026-09-02T19:24:29.240Z,2026-09-02T19:24:29.240Z,3231
speed,CAN_VEHICLE_SPEED,HF_HISTORICAL,2026-09-02T19:24:25.394Z,2026-09-02T19:24:29.438Z,2026-09-02T19:24:29.240Z,2026-09-02T19:24:29.438Z,4076,42,42,9ed8c9e10cc3a2f405402a57d5300a9408dcc3fd0f63014b98b8a3f65e4444e9,1s,AVG,9ed8c9e10cc3a2f405402a57d5300a9408dcc3fd0f63014b98b8a3f65e4444e9,2026-09-02T19:24:21.394Z,2026-09-02T19:24:29.240Z,2026-09-02T19:24:29.240Z,3236
speed,CAN_VEHICLE_SPEED,LATEST_LIVE,2026-09-02T19:24:31.000Z,2026-09-02T19:24:35.274Z,2026-09-02T19:24:35.044Z,2026-09-02T19:24:35.274Z,4107,55,"{""value"":55,""timestamp"":""2026-09-02T19:24:31Z""}",,,,,,,,3247
speed,CAN_VEHICLE_SPEED,HF_HISTORICAL,2026-09-02T19:24:28.240Z,2026-09-02T19:24:35.488Z,2026-09-02T19:24:35.275Z,2026-09-02T19:24:35.488Z,4112,49,49,148782977b62ad7396dbbdf8c6c77fc2148e8b6fbf44dfc559ec2b3ff3bb0510,1s,AVG,148782977b62ad7396dbbdf8c6c77fc2148e8b6fbf44dfc559ec2b3ff3bb0510,2026-09-02T19:24:27.240Z,2026-09-02T19:24:35.275Z,2026-09-02T19:24:35.275Z,3252
speed,CAN_VEHICLE_SPEED,HF_HISTORICAL,2026-09-02T19:24:30.240Z,2026-09-02T19:24:35.488Z,2026-09-02T19:24:35.275Z,2026-09-02T19:24:35.488Z,4117,55,55,8c0db0de68248faa613681b1a129391c6eaacc1a575fd86395a3dcee128e3c22,1s,AVG,8c0db0de68248faa613681b1a129391c6eaacc1a575fd86395a3dcee128e3c22,2026-09-02T19:24:27.240Z,2026-09-02T19:24:35.275Z,2026-09-02T19:24:35.275Z,3257
speed,CAN_VEHICLE_SPEED,LATEST_LIVE,2026-09-02T19:24:37.000Z,2026-09-02T19:24:41.054Z,2026-09-02T19:24:40.765Z,2026-09-02T19:24:41.054Z,4122,59,"{""value"":59,""timestamp"":""2026-09-02T19:24:37Z""}",,,,,,,,3262
speed,CAN_VEHICLE_SPEED,HF_HISTORICAL,2026-09-02T19:24:33.275Z,2026-09-02T19:24:41.494Z,2026-09-02T19:24:41.055Z,2026-09-02T19:24:41.494Z,4127,55,55,c2bf5f668dc57f600e0fc382941a418acfca2486341daf1ed2b591d920fce723,1s,AVG,c2bf5f668dc57f600e0fc382941a418acfca2486341daf1ed2b591d920fce723,2026-09-02T19:24:33.275Z,2026-09-02T19:24:41.055Z,2026-09-02T19:24:41.055Z,3267
speed,CAN_VEHICLE_SPEED,HF_HISTORICAL,2026-09-02T19:24:34.275Z,2026-09-02T19:24:41.494Z,2026-09-02T19:24:41.055Z,2026-09-02T19:24:41.494Z,4132,53,53,606dfc0eb2b22c43c3eb4389bfc20196b72041d164414b74c1bb692243dafb6f,1s,AVG,606dfc0eb2b22c43c3eb4389bfc20196b72041d164414b74c1bb692243dafb6f,2026-09-02T19:24:33.275Z,2026-09-02T19:24:41.055Z,2026-09-02T19:24:41.055Z,3272
speed,CAN_VEHICLE_SPEED,HF_HISTORICAL,2026-09-02T19:24:36.275Z,2026-09-02T19:24:41.494Z,2026-09-02T19:24:41.055Z,2026-09-02T19:24:41.494Z,4137,59,59,d07c8520ef1ab11dd6cb1488ec9f5edcdf6a68157300f1de156bdcea4aeaa8a9,1s,AVG,d07c8520ef1ab11dd6cb1488ec9f5edcdf6a68157300f1de156bdcea4aeaa8a9,2026-09-02T19:24:33.275Z,2026-09-02T19:24:41.055Z,2026-09-02T19:24:41.055Z,3277
speed,CAN_VEHICLE_SPEED,LATEST_LIVE,2026-09-02T19:24:44.000Z,2026-09-02T19:24:47.265Z,2026-09-02T19:24:46.812Z,2026-09-02T19:24:47.265Z,4142,47,"{""value"":47,""timestamp"":""2026-09-02T19:24:44Z""}",,,,,,,,3282
speed,CAN_VEHICLE_SPEED,HF_HISTORICAL,2026-09-02T19:24:40.055Z,2026-09-02T19:24:47.498Z,2026-09-02T19:24:47.266Z,2026-09-02T19:24:47.498Z,4147,48,48,0f96c56c7f78c4185e695318564822113930eb76c447aa54a5e0b416c54b1098,1s,AVG,0f96c56c7f78c4185e695318564822113930eb76c447aa54a5e0b416c54b1098,2026-09-02T19:24:39.055Z,2026-09-02T19:24:47.266Z,2026-09-02T19:24:47.266Z,3287
speed,CAN_VEHICLE_SPEED,HF_HISTORICAL,2026-09-02T19:24:43.055Z,2026-09-02T19:24:47.498Z,2026-09-02T19:24:47.266Z,2026-09-02T19:24:47.498Z,4152,47,47,e0f76dd6330d8a44f28f32853deee70be6f2b0f2a6e680d94686b5714e01f546,1s,AVG,e0f76dd6330d8a44f28f32853deee70be6f2b0f2a6e680d94686b5714e01f546,2026-09-02T19:24:39.055Z,2026-09-02T19:24:47.266Z,2026-09-02T19:24:47.266Z,3292
speed,CAN_VEHICLE_SPEED,LATEST_LIVE,2026-09-02T19:24:50.000Z,2026-09-02T19:24:53.005Z,2026-09-02T19:24:52.759Z,2026-09-02T19:24:53.005Z,4157,66,"{""value"":66,""timestamp"":""2026-09-02T19:24:50Z""}",,,,,,,,3297
speed,CAN_VEHICLE_SPEED,HF_HISTORICAL,2026-09-02T19:24:45.266Z,2026-09-02T19:24:53.249Z,2026-09-02T19:24:53.006Z,2026-09-02T19:24:53.249Z,4162,53,53,0bb391601fe10063d12883286b09782188417f1d85e9d191864f41258c58bec8,1s,AVG,0bb391601fe10063d12883286b09782188417f1d85e9d191864f41258c58bec8,2026-09-02T19:24:45.266Z,2026-09-02T19:24:53.006Z,2026-09-02T19:24:53.006Z,3302
speed,CAN_VEHICLE_SPEED,HF_HISTORICAL,2026-09-02T19:24:46.266Z,2026-09-02T19:24:53.249Z,2026-09-02T19:24:53.006Z,2026-09-02T19:24:53.249Z,4167,59,59,765e5737e3f1e00500e4e6c59b3faf46e10faf5e020e488ce2f69cb657964c01,1s,AVG,765e5737e3f1e00500e4e6c59b3faf46e10faf5e020e488ce2f69cb657964c01,2026-09-02T19:24:45.266Z,2026-09-02T19:24:53.006Z,2026-09-02T19:24:53.006Z,3307
speed,CAN_VEHICLE_SPEED,HF_HISTORICAL,2026-09-02T19:24:48.266Z,2026-09-02T19:24:53.249Z,2026-09-02T19:24:53.006Z,2026-09-02T19:24:53.249Z,4172,66,66,1a98e85f134459b3ddb1abe4fcd82c6dbe4e68e43d67c3c8c8d164618f3afe4c,1s,AVG,1a98e85f134459b3ddb1abe4fcd82c6dbe4e68e43d67c3c8c8d164618f3afe4c,2026-09-02T19:24:45.266Z,2026-09-02T19:24:53.006Z,2026-09-02T19:24:53.006Z,3312
speed,CAN_VEHICLE_SPEED,HF_HISTORICAL,2026-09-02T19:24:49.266Z,2026-09-02T19:24:53.249Z,2026-09-02T19:24:53.006Z,2026-09-02T19:24:53.249Z,4176,66,66,1051e5519b14dded43d74d781e4dc31ec2e297d25ab247533998f572807edb51,1s,AVG,1051e5519b14dded43d74d781e4dc31ec2e297d25ab247533998f572807edb51,2026-09-02T19:24:45.266Z,2026-09-02T19:24:53.006Z,2026-09-02T19:24:53.006Z,3316
speed,CAN_VEHICLE_SPEED,LATEST_LIVE,2026-09-02T19:24:55.000Z,2026-09-02T19:24:58.878Z,2026-09-02T19:24:58.580Z,2026-09-02T19:24:58.878Z,4181,69,"{""value"":69,""timestamp"":""2026-09-02T19:24:55Z""}",,,,,,,,3321
speed,CAN_VEHICLE_SPEED,HF_HISTORICAL,2026-09-02T19:24:52.006Z,2026-09-02T19:24:59.109Z,2026-09-02T19:24:58.880Z,2026-09-02T19:24:59.109Z,4186,66,66,b3d20fa93099edeecdba3a87076e740fd2ed8b1344d2a599f7d4dbee115a8edd,1s,AVG,b3d20fa93099edeecdba3a87076e740fd2ed8b1344d2a599f7d4dbee115a8edd,2026-09-02T19:24:51.006Z,2026-09-02T19:24:58.880Z,2026-09-02T19:24:58.880Z,3326
speed,CAN_VEHICLE_SPEED,HF_HISTORICAL,2026-09-02T19:24:53.006Z,2026-09-02T19:24:59.109Z,2026-09-02T19:24:58.880Z,2026-09-02T19:24:59.109Z,4191,65,65,13562c7c95fcab620d1701808bc9f97d79f61b72ac764ef38faa7a489e6c8e32,1s,AVG,13562c7c95fcab620d1701808bc9f97d79f61b72ac764ef38faa7a489e6c8e32,2026-09-02T19:24:51.006Z,2026-09-02T19:24:58.880Z,2026-09-02T19:24:58.880Z,3331
speed,CAN_VEHICLE_SPEED,HF_HISTORICAL,2026-09-02T19:24:54.006Z,2026-09-02T19:24:59.109Z,2026-09-02T19:24:58.880Z,2026-09-02T19:24:59.109Z,4196,69,69,240c75745fa3c2458ecf6119c0491e93225ec8eb33ba980b1273567b88c3067d,1s,AVG,240c75745fa3c2458ecf6119c0491e93225ec8eb33ba980b1273567b88c3067d,2026-09-02T19:24:51.006Z,2026-09-02T19:24:58.880Z,2026-09-02T19:24:58.880Z,3336
speed,CAN_VEHICLE_SPEED,LATEST_LIVE,2026-09-02T19:25:00.000Z,2026-09-02T19:25:04.777Z,2026-09-02T19:25:04.466Z,2026-09-02T19:25:04.777Z,4201,72,"{""value"":72,""timestamp"":""2026-09-02T19:25:00Z""}",,,,,,,,3341
speed,CAN_VEHICLE_SPEED,HF_HISTORICAL,2026-09-02T19:24:58.880Z,2026-09-02T19:25:05.039Z,2026-09-02T19:25:04.778Z,2026-09-02T19:25:05.039Z,4206,68,68,d6b16b1a1b994b9727f3dbf9a7cf38bd0ca3de81f50baf763d2f94d3b859a043,1s,AVG,d6b16b1a1b994b9727f3dbf9a7cf38bd0ca3de81f50baf763d2f94d3b859a043,2026-09-02T19:24:56.880Z,2026-09-02T19:25:04.778Z,2026-09-02T19:25:04.778Z,3346
speed,CAN_VEHICLE_SPEED,HF_HISTORICAL,2026-09-02T19:24:59.880Z,2026-09-02T19:25:05.039Z,2026-09-02T19:25:04.778Z,2026-09-02T19:25:05.039Z,4211,72,72,e6aa8bc1a0eb50a4370982ce7201f2c917ba3322cc0ae71b7677efb34b94f995,1s,AVG,e6aa8bc1a0eb50a4370982ce7201f2c917ba3322cc0ae71b7677efb34b94f995,2026-09-02T19:24:56.880Z,2026-09-02T19:25:04.778Z,2026-09-02T19:25:04.778Z,3351
speed,CAN_VEHICLE_SPEED,HF_HISTORICAL,2026-09-02T19:25:00.880Z,2026-09-02T19:25:05.039Z,2026-09-02T19:25:04.778Z,2026-09-02T19:25:05.039Z,4216,74,74,1faf2cfca067de8d46e16383343eb396687c80e6c19e3570c6d1c12f8d1eb2b7,1s,AVG,1faf2cfca067de8d46e16383343eb396687c80e6c19e3570c6d1c12f8d1eb2b7,2026-09-02T19:24:56.880Z,2026-09-02T19:25:04.778Z,2026-09-02T19:25:04.778Z,3356
speed,CAN_VEHICLE_SPEED,LATEST_LIVE,2026-09-02T19:25:08.000Z,2026-09-02T19:25:11.006Z,2026-09-02T19:25:10.783Z,2026-09-02T19:25:11.006Z,4247,70,"{""value"":70,""timestamp"":""2026-09-02T19:25:08Z""}",,,,,,,,3367
speed,CAN_VEHICLE_SPEED,HF_HISTORICAL,2026-09-02T19:25:03.778Z,2026-09-02T19:25:11.209Z,2026-09-02T19:25:11.007Z,2026-09-02T19:25:11.209Z,4252,74,74,47cb2845d06fd8120c8b8bcb4844040e20b9f4e76b3c26acd43ad5bd3ee24991,1s,AVG,47cb2845d06fd8120c8b8bcb4844040e20b9f4e76b3c26acd43ad5bd3ee24991,2026-09-02T19:25:02.778Z,2026-09-02T19:25:11.007Z,2026-09-02T19:25:11.007Z,3372
speed,CAN_VEHICLE_SPEED,HF_HISTORICAL,2026-09-02T19:25:04.778Z,2026-09-02T19:25:11.209Z,2026-09-02T19:25:11.007Z,2026-09-02T19:25:11.209Z,4257,76,76,a7d3ca365a1d428e2604c7ad9dfcfcdee4aaaadec44b16df6a0508b7a0ac84bf,1s,AVG,a7d3ca365a1d428e2604c7ad9dfcfcdee4aaaadec44b16df6a0508b7a0ac84bf,2026-09-02T19:25:02.778Z,2026-09-02T19:25:11.007Z,2026-09-02T19:25:11.007Z,3377
speed,CAN_VEHICLE_SPEED,HF_HISTORICAL,2026-09-02T19:25:06.778Z,2026-09-02T19:25:11.209Z,2026-09-02T19:25:11.007Z,2026-09-02T19:25:11.209Z,4262,76,76,438b1209ac2bb5b70ade14ddedc45453c99a1623980e57ed89f99e741c0eee4f,1s,AVG,438b1209ac2bb5b70ade14ddedc45453c99a1623980e57ed89f99e741c0eee4f,2026-09-02T19:25:02.778Z,2026-09-02T19:25:11.007Z,2026-09-02T19:25:11.007Z,3382
speed,CAN_VEHICLE_SPEED,HF_HISTORICAL,2026-09-02T19:25:07.778Z,2026-09-02T19:25:11.209Z,2026-09-02T19:25:11.007Z,2026-09-02T19:25:11.209Z,4267,70,70,0075f94ccb9e7684bf68a3457962aa1b89ed217ea06d6fcbfea8819a7d5b4f7a,1s,AVG,0075f94ccb9e7684bf68a3457962aa1b89ed217ea06d6fcbfea8819a7d5b4f7a,2026-09-02T19:25:02.778Z,2026-09-02T19:25:11.007Z,2026-09-02T19:25:11.007Z,3387
speed,CAN_VEHICLE_SPEED,LATEST_LIVE,2026-09-02T19:25:11.000Z,2026-09-02T19:25:16.802Z,2026-09-02T19:25:16.517Z,2026-09-02T19:25:16.802Z,4272,11,"{""value"":11,""timestamp"":""2026-09-02T19:25:11Z""}",,,,,,,,3392
speed,CAN_VEHICLE_SPEED,HF_HISTORICAL,2026-09-02T19:25:10.007Z,2026-09-02T19:25:17.011Z,2026-09-02T19:25:16.803Z,2026-09-02T19:25:17.011Z,4277,11,11,c3c2eff12d7c65dd6519ca2e0228e3b6cc30021a450c67110d9fa6966bcc76ba,1s,AVG,c3c2eff12d7c65dd6519ca2e0228e3b6cc30021a450c67110d9fa6966bcc76ba,2026-09-02T19:25:09.007Z,2026-09-02T19:25:16.803Z,2026-09-02T19:25:16.803Z,3397
speed,CAN_VEHICLE_SPEED,LATEST_LIVE,2026-09-02T19:25:18.000Z,2026-09-02T19:25:22.802Z,2026-09-02T19:25:22.558Z,2026-09-02T19:25:22.802Z,4282,0,"{""value"":0,""timestamp"":""2026-09-02T19:25:18Z""}",,,,,,,,3402
speed,CAN_VEHICLE_SPEED,HF_HISTORICAL,2026-09-02T19:25:14.803Z,2026-09-02T19:25:23.019Z,2026-09-02T19:25:22.804Z,2026-09-02T19:25:23.019Z,4287,36,36,a775e1f71839751dfc111939dd5ff496da602f346d762b4c721cf6422da16a7e,1s,AVG,a775e1f71839751dfc111939dd5ff496da602f346d762b4c721cf6422da16a7e,2026-09-02T19:25:14.803Z,2026-09-02T19:25:22.804Z,2026-09-02T19:25:22.804Z,3407
speed,CAN_VEHICLE_SPEED,HF_HISTORICAL,2026-09-02T19:25:16.803Z,2026-09-02T19:25:23.019Z,2026-09-02T19:25:22.804Z,2026-09-02T19:25:23.019Z,4291,38,38,75c63f297d4d22d6c93b1afcfc2c8da6ec82dc80fd6c32fcee234cdc8135be3f,1s,AVG,75c63f297d4d22d6c93b1afcfc2c8da6ec82dc80fd6c32fcee234cdc8135be3f,2026-09-02T19:25:14.803Z,2026-09-02T19:25:22.804Z,2026-09-02T19:25:22.804Z,3411
speed,CAN_VEHICLE_SPEED,HF_HISTORICAL,2026-09-02T19:25:17.803Z,2026-09-02T19:25:23.019Z,2026-09-02T19:25:22.804Z,2026-09-02T19:25:23.019Z,4295,0,0,086caaa2ca2bc8bbe1071ae7e8860111f3da5763e13c41dd51e7ac04c49a9b66,1s,AVG,086caaa2ca2bc8bbe1071ae7e8860111f3da5763e13c41dd51e7ac04c49a9b66,2026-09-02T19:25:14.803Z,2026-09-02T19:25:22.804Z,2026-09-02T19:25:22.804Z,3415
speed,CAN_VEHICLE_SPEED,LATEST_LIVE,2026-09-02T19:25:24.000Z,2026-09-02T19:25:28.517Z,2026-09-02T19:25:28.297Z,2026-09-02T19:25:28.517Z,4300,17,"{""value"":17,""timestamp"":""2026-09-02T19:25:24Z""}",,,,,,,,3420
speed,CAN_VEHICLE_SPEED,HF_HISTORICAL,2026-09-02T19:25:20.804Z,2026-09-02T19:25:28.746Z,2026-09-02T19:25:28.518Z,2026-09-02T19:25:28.746Z,4305,0,0,9513d77d39171986352c58d57c4eae0563169c9d01c6c9527502e4d5748996b5,1s,AVG,9513d77d39171986352c58d57c4eae0563169c9d01c6c9527502e4d5748996b5,2026-09-02T19:25:20.804Z,2026-09-02T19:25:28.518Z,2026-09-02T19:25:28.518Z,3425
speed,CAN_VEHICLE_SPEED,HF_HISTORICAL,2026-09-02T19:25:21.804Z,2026-09-02T19:25:28.746Z,2026-09-02T19:25:28.518Z,2026-09-02T19:25:28.746Z,4310,16,16,0a4271085b8d90cf44ead2ba9de5786f267a2c513abe528ebd6de0f31883e3f7,1s,AVG,0a4271085b8d90cf44ead2ba9de5786f267a2c513abe528ebd6de0f31883e3f7,2026-09-02T19:25:20.804Z,2026-09-02T19:25:28.518Z,2026-09-02T19:25:28.518Z,3430
speed,CAN_VEHICLE_SPEED,HF_HISTORICAL,2026-09-02T19:25:23.804Z,2026-09-02T19:25:28.746Z,2026-09-02T19:25:28.518Z,2026-09-02T19:25:28.746Z,4315,17,17,80797726d150f3e7cc87096ef1b871f7a0991de4eb389d09dca094dbf093105e,1s,AVG,80797726d150f3e7cc87096ef1b871f7a0991de4eb389d09dca094dbf093105e,2026-09-02T19:25:20.804Z,2026-09-02T19:25:28.518Z,2026-09-02T19:25:28.518Z,3435
speed,CAN_VEHICLE_SPEED,LATEST_LIVE,2026-09-02T19:25:31.000Z,2026-09-02T19:25:34.262Z,2026-09-02T19:25:34.025Z,2026-09-02T19:25:34.262Z,4320,25,"{""value"":25,""timestamp"":""2026-09-02T19:25:31Z""}",,,,,,,,3440
speed,CAN_VEHICLE_SPEED,HF_HISTORICAL,2026-09-02T19:25:26.518Z,2026-09-02T19:25:34.491Z,2026-09-02T19:25:34.267Z,2026-09-02T19:25:34.491Z,4325,23,23,13bc7a58eaa8813c9414f11be463ea9b214fc84c01f6029574eb6b4089396fe1,1s,AVG,13bc7a58eaa8813c9414f11be463ea9b214fc84c01f6029574eb6b4089396fe1,2026-09-02T19:25:26.518Z,2026-09-02T19:25:34.267Z,2026-09-02T19:25:34.267Z,3445
speed,CAN_VEHICLE_SPEED,HF_HISTORICAL,2026-09-02T19:25:28.518Z,2026-09-02T19:25:34.491Z,2026-09-02T19:25:34.267Z,2026-09-02T19:25:34.491Z,4330,29,29,760d948beecf43dd07b362729c8cc2d4a7742ba60d195d301ec69503f739e16a,1s,AVG,760d948beecf43dd07b362729c8cc2d4a7742ba60d195d301ec69503f739e16a,2026-09-02T19:25:26.518Z,2026-09-02T19:25:34.267Z,2026-09-02T19:25:34.267Z,3450
speed,CAN_VEHICLE_SPEED,HF_HISTORICAL,2026-09-02T19:25:30.518Z,2026-09-02T19:25:34.491Z,2026-09-02T19:25:34.267Z,2026-09-02T19:25:34.491Z,4335,25,25,39b819645d83a173b620a13fa06f2ff242a6dfa690cc988a19d4d04c2c96d336,1s,AVG,39b819645d83a173b620a13fa06f2ff242a6dfa690cc988a19d4d04c2c96d336,2026-09-02T19:25:26.518Z,2026-09-02T19:25:34.267Z,2026-09-02T19:25:34.267Z,3455
speed,CAN_VEHICLE_SPEED,LATEST_LIVE,2026-09-02T19:25:36.000Z,2026-09-02T19:25:40.124Z,2026-09-02T19:25:39.760Z,2026-09-02T19:25:40.124Z,4340,16,"{""value"":16,""timestamp"":""2026-09-02T19:25:36Z""}",,,,,,,,3460
speed,CAN_VEHICLE_SPEED,HF_HISTORICAL,2026-09-02T19:25:32.267Z,2026-09-02T19:25:40.331Z,2026-09-02T19:25:40.125Z,2026-09-02T19:25:40.331Z,4345,29,29,8c007b484ac97768497e53c1c3720676adce623b406b4f225916ad0c208041b6,1s,AVG,8c007b484ac97768497e53c1c3720676adce623b406b4f225916ad0c208041b6,2026-09-02T19:25:32.267Z,2026-09-02T19:25:40.125Z,2026-09-02T19:25:40.125Z,3465
speed,CAN_VEHICLE_SPEED,HF_HISTORICAL,2026-09-02T19:25:33.267Z,2026-09-02T19:25:40.331Z,2026-09-02T19:25:40.125Z,2026-09-02T19:25:40.331Z,4350,19,19,308e3c47f6ebf8dcde1e26befeb694e2fb006fde8c3009b7eebe8a7f7afebc02,1s,AVG,308e3c47f6ebf8dcde1e26befeb694e2fb006fde8c3009b7eebe8a7f7afebc02,2026-09-02T19:25:32.267Z,2026-09-02T19:25:40.125Z,2026-09-02T19:25:40.125Z,3470
speed,CAN_VEHICLE_SPEED,HF_HISTORICAL,2026-09-02T19:25:35.267Z,2026-09-02T19:25:40.331Z,2026-09-02T19:25:40.125Z,2026-09-02T19:25:40.331Z,4355,16,16,64ec6fed1dd1e23c8828e8a4b6c271aa2cd0f2a43ab37c930a317abb8035e616,1s,AVG,64ec6fed1dd1e23c8828e8a4b6c271aa2cd0f2a43ab37c930a317abb8035e616,2026-09-02T19:25:32.267Z,2026-09-02T19:25:40.125Z,2026-09-02T19:25:40.125Z,3475
speed,CAN_VEHICLE_SPEED,LATEST_LIVE,2026-09-02T19:25:42.000Z,2026-09-02T19:25:46.151Z,2026-09-02T19:25:45.889Z,2026-09-02T19:25:46.151Z,4386,15,"{""value"":15,""timestamp"":""2026-09-02T19:25:42Z""}",,,,,,,,3486
speed,CAN_VEHICLE_SPEED,HF_HISTORICAL,2026-09-02T19:25:39.125Z,2026-09-02T19:25:46.360Z,2026-09-02T19:25:46.152Z,2026-09-02T19:25:46.360Z,4391,9,9,8e65313c764ebda0ce99dd213da20144156f145e793dfc27dca8ba2c0bd8776d,1s,AVG,8e65313c764ebda0ce99dd213da20144156f145e793dfc27dca8ba2c0bd8776d,2026-09-02T19:25:38.125Z,2026-09-02T19:25:46.152Z,2026-09-02T19:25:46.152Z,3491
speed,CAN_VEHICLE_SPEED,HF_HISTORICAL,2026-09-02T19:25:41.125Z,2026-09-02T19:25:46.360Z,2026-09-02T19:25:46.152Z,2026-09-02T19:25:46.360Z,4396,15,15,9d9ba395b7d5cead0722d1192e0a1fa83d8bb0acb6f137c5816545612d9d667d,1s,AVG,9d9ba395b7d5cead0722d1192e0a1fa83d8bb0acb6f137c5816545612d9d667d,2026-09-02T19:25:38.125Z,2026-09-02T19:25:46.152Z,2026-09-02T19:25:46.152Z,3496
speed,CAN_VEHICLE_SPEED,LATEST_LIVE,2026-09-02T19:25:48.000Z,2026-09-02T19:25:51.893Z,2026-09-02T19:25:51.628Z,2026-09-02T19:25:51.893Z,4401,18,"{""value"":18,""timestamp"":""2026-09-02T19:25:48Z""}",,,,,,,,3501
speed,CAN_VEHICLE_SPEED,HF_HISTORICAL,2026-09-02T19:25:44.152Z,2026-09-02T19:25:52.308Z,2026-09-02T19:25:51.895Z,2026-09-02T19:25:52.308Z,4405,26,26,d2df261a6b59317a28cf2b21d1f6e5333792a75635687b8c67ff5ae21c2220e6,1s,AVG,d2df261a6b59317a28cf2b21d1f6e5333792a75635687b8c67ff5ae21c2220e6,2026-09-02T19:25:44.152Z,2026-09-02T19:25:51.895Z,2026-09-02T19:25:51.895Z,3505
speed,CAN_VEHICLE_SPEED,HF_HISTORICAL,2026-09-02T19:25:46.152Z,2026-09-02T19:25:52.308Z,2026-09-02T19:25:51.895Z,2026-09-02T19:25:52.308Z,4409,19,19,db67e20f9238182fd3ec02f9b418e9173f40396a67afb7eed387c6c39c5c16d7,1s,AVG,db67e20f9238182fd3ec02f9b418e9173f40396a67afb7eed387c6c39c5c16d7,2026-09-02T19:25:44.152Z,2026-09-02T19:25:51.895Z,2026-09-02T19:25:51.895Z,3509
speed,CAN_VEHICLE_SPEED,HF_HISTORICAL,2026-09-02T19:25:47.152Z,2026-09-02T19:25:52.308Z,2026-09-02T19:25:51.895Z,2026-09-02T19:25:52.308Z,4413,18,18,c59e946ac69587d8b607c97968b0cf0cf9c1affbc902bfba02012aa7ffb9c21a,1s,AVG,c59e946ac69587d8b607c97968b0cf0cf9c1affbc902bfba02012aa7ffb9c21a,2026-09-02T19:25:44.152Z,2026-09-02T19:25:51.895Z,2026-09-02T19:25:51.895Z,3513
speed,CAN_VEHICLE_SPEED,LATEST_LIVE,2026-09-02T19:25:54.000Z,2026-09-02T19:26:01.483Z,2026-09-02T19:25:57.561Z,2026-09-02T19:26:01.483Z,4418,18,"{""value"":18,""timestamp"":""2026-09-02T19:25:54Z""}",,,,,,,,3518
speed,CAN_VEHICLE_SPEED,HF_HISTORICAL,2026-09-02T19:25:50.895Z,2026-09-02T19:26:01.697Z,2026-09-02T19:26:01.492Z,2026-09-02T19:26:01.697Z,4422,29,29,0ebb462774eb0a61fbfd160356f95e19dc83588cf46901f30b30e11a12c6398f,1s,AVG,0ebb462774eb0a61fbfd160356f95e19dc83588cf46901f30b30e11a12c6398f,2026-09-02T19:25:49.895Z,2026-09-02T19:26:01.492Z,2026-09-02T19:26:01.492Z,3522
speed,CAN_VEHICLE_SPEED,HF_HISTORICAL,2026-09-02T19:25:51.895Z,2026-09-02T19:26:01.697Z,2026-09-02T19:26:01.492Z,2026-09-02T19:26:01.697Z,4426,25,25,3d63e69c6354d3a8a62d832de2a033b7817728a339116863f1890711728bb66c,1s,AVG,3d63e69c6354d3a8a62d832de2a033b7817728a339116863f1890711728bb66c,2026-09-02T19:25:49.895Z,2026-09-02T19:26:01.492Z,2026-09-02T19:26:01.492Z,3526
speed,CAN_VEHICLE_SPEED,HF_HISTORICAL,2026-09-02T19:25:53.895Z,2026-09-02T19:26:01.697Z,2026-09-02T19:26:01.492Z,2026-09-02T19:26:01.697Z,4431,18,18,63fa30d5f73aed42605c94abcd78ed0fa077f9be439483c1334bf446d97110a1,1s,AVG,63fa30d5f73aed42605c94abcd78ed0fa077f9be439483c1334bf446d97110a1,2026-09-02T19:25:49.895Z,2026-09-02T19:26:01.492Z,2026-09-02T19:26:01.492Z,3531
speed,CAN_VEHICLE_SPEED,HF_HISTORICAL,2026-09-02T19:25:54.895Z,2026-09-02T19:26:01.697Z,2026-09-02T19:26:01.492Z,2026-09-02T19:26:01.697Z,4436,15,15,18ce5c98b5c793f1f17ddb9e390d797f6f756f519eb04d6a13cd9abccf70f5c8,1s,AVG,18ce5c98b5c793f1f17ddb9e390d797f6f756f519eb04d6a13cd9abccf70f5c8,2026-09-02T19:25:49.895Z,2026-09-02T19:26:01.492Z,2026-09-02T19:26:01.492Z,3536
speed,CAN_VEHICLE_SPEED,HF_HISTORICAL,2026-09-02T19:25:56.895Z,2026-09-02T19:26:01.697Z,2026-09-02T19:26:01.492Z,2026-09-02T19:26:01.697Z,4441,27,27,0b5fffb9789a201b7e590a6054d5f3de504c37325c6f91b4e79a71b652ca21a4,1s,AVG,0b5fffb9789a201b7e590a6054d5f3de504c37325c6f91b4e79a71b652ca21a4,2026-09-02T19:25:49.895Z,2026-09-02T19:26:01.492Z,2026-09-02T19:26:01.492Z,3541
speed,CAN_VEHICLE_SPEED,LATEST_LIVE,2026-09-02T19:26:02.000Z,2026-09-02T19:26:07.321Z,2026-09-02T19:26:07.028Z,2026-09-02T19:26:07.321Z,4446,5,"{""value"":5,""timestamp"":""2026-09-02T19:26:02Z""}",,,,,,,,3546
speed,CAN_VEHICLE_SPEED,HF_HISTORICAL,2026-09-02T19:26:00.492Z,2026-09-02T19:26:07.574Z,2026-09-02T19:26:07.322Z,2026-09-02T19:26:07.574Z,4451,5,5,a98b67b6017b3012cd755c5f3e196d356d09038dcd6c04a346f6041695fbb272,1s,AVG,a98b67b6017b3012cd755c5f3e196d356d09038dcd6c04a346f6041695fbb272,2026-09-02T19:25:59.492Z,2026-09-02T19:26:07.322Z,2026-09-02T19:26:07.322Z,3551
speed,CAN_VEHICLE_SPEED,HF_HISTORICAL,2026-09-02T19:26:01.492Z,2026-09-02T19:26:07.574Z,2026-09-02T19:26:07.322Z,2026-09-02T19:26:07.574Z,4456,5,5,c0fdf2411ec87c53bc934f811b8e380805abfa2d21c2d8d1d6a631009b299fa3,1s,AVG,c0fdf2411ec87c53bc934f811b8e380805abfa2d21c2d8d1d6a631009b299fa3,2026-09-02T19:25:59.492Z,2026-09-02T19:26:07.322Z,2026-09-02T19:26:07.322Z,3556
speed,CAN_VEHICLE_SPEED,LATEST_LIVE,2026-09-02T19:26:09.000Z,2026-09-02T19:26:13.105Z,2026-09-02T19:26:12.866Z,2026-09-02T19:26:13.105Z,4461,0,"{""value"":0,""timestamp"":""2026-09-02T19:26:09Z""}",,,,,,,,3561
speed,CAN_VEHICLE_SPEED,HF_HISTORICAL,2026-09-02T19:26:06.322Z,2026-09-02T19:26:13.343Z,2026-09-02T19:26:13.107Z,2026-09-02T19:26:13.343Z,4464,0,0,631f06b73edf58df82fc027c4f77f2f4cd77d67fe6a95f74658d6c3b72975542,1s,AVG,631f06b73edf58df82fc027c4f77f2f4cd77d67fe6a95f74658d6c3b72975542,2026-09-02T19:26:05.322Z,2026-09-02T19:26:13.107Z,2026-09-02T19:26:13.107Z,3564
speed,CAN_VEHICLE_SPEED,HF_HISTORICAL,2026-09-02T19:26:07.322Z,2026-09-02T19:26:13.343Z,2026-09-02T19:26:13.107Z,2026-09-02T19:26:13.343Z,4466,0,0,6e667be994f2f8109261396a402366949fce590a2d6ba2bed31a5d698d39dc2e,1s,AVG,6e667be994f2f8109261396a402366949fce590a2d6ba2bed31a5d698d39dc2e,2026-09-02T19:26:05.322Z,2026-09-02T19:26:13.107Z,2026-09-02T19:26:13.107Z,3566
speed,CAN_VEHICLE_SPEED,HF_HISTORICAL,2026-09-02T19:26:08.322Z,2026-09-02T19:26:13.343Z,2026-09-02T19:26:13.107Z,2026-09-02T19:26:13.343Z,4468,0,0,09dfaad8618abb335468b04789ec24d89762f00d1db19433635342de29b98851,1s,AVG,09dfaad8618abb335468b04789ec24d89762f00d1db19433635342de29b98851,2026-09-02T19:26:05.322Z,2026-09-02T19:26:13.107Z,2026-09-02T19:26:13.107Z,3568
speed,CAN_VEHICLE_SPEED,LATEST_LIVE,2026-09-02T19:26:15.000Z,2026-09-02T19:26:18.979Z,2026-09-02T19:26:18.719Z,2026-09-02T19:26:18.979Z,4473,0,"{""value"":0,""timestamp"":""2026-09-02T19:26:15Z""}",,,,,,,,3573
speed,CAN_VEHICLE_SPEED,HF_HISTORICAL,2026-09-02T19:26:12.107Z,2026-09-02T19:26:19.179Z,2026-09-02T19:26:18.980Z,2026-09-02T19:26:19.179Z,4475,0,0,728e40bef24b2e70efe952bfe18b300b6a22745253cc68dc1c3c59cb2538bd5c,1s,AVG,728e40bef24b2e70efe952bfe18b300b6a22745253cc68dc1c3c59cb2538bd5c,2026-09-02T19:26:11.107Z,2026-09-02T19:26:18.980Z,2026-09-02T19:26:18.980Z,3575
speed,CAN_VEHICLE_SPEED,HF_HISTORICAL,2026-09-02T19:26:14.107Z,2026-09-02T19:26:19.179Z,2026-09-02T19:26:18.980Z,2026-09-02T19:26:19.179Z,4477,0,0,0d7652d3927b8329261620c13b0699c5de9407e58575844abe9f92b402e51c78,1s,AVG,0d7652d3927b8329261620c13b0699c5de9407e58575844abe9f92b402e51c78,2026-09-02T19:26:11.107Z,2026-09-02T19:26:18.980Z,2026-09-02T19:26:18.980Z,3577
speed,CAN_VEHICLE_SPEED,LATEST_LIVE,2026-09-02T19:26:21.000Z,2026-09-02T19:26:24.972Z,2026-09-02T19:26:24.754Z,2026-09-02T19:26:24.972Z,4508,0,"{""value"":0,""timestamp"":""2026-09-02T19:26:21Z""}",,,,,,,,3588
speed,CAN_VEHICLE_SPEED,HF_HISTORICAL,2026-09-02T19:26:17.980Z,2026-09-02T19:26:25.179Z,2026-09-02T19:26:24.974Z,2026-09-02T19:26:25.179Z,4510,0,0,21dd70f677ebe0ac3d088b27a40fc813ba82495f2ab7f7eff159f1b387fde124,1s,AVG,21dd70f677ebe0ac3d088b27a40fc813ba82495f2ab7f7eff159f1b387fde124,2026-09-02T19:26:16.980Z,2026-09-02T19:26:24.974Z,2026-09-02T19:26:24.974Z,3590
speed,CAN_VEHICLE_SPEED,HF_HISTORICAL,2026-09-02T19:26:18.980Z,2026-09-02T19:26:25.179Z,2026-09-02T19:26:24.974Z,2026-09-02T19:26:25.179Z,4512,0,0,b6b738cf7488bb44f3aa0502e3ba735432c75843ba371b002a24aaa28b4ff356,1s,AVG,b6b738cf7488bb44f3aa0502e3ba735432c75843ba371b002a24aaa28b4ff356,2026-09-02T19:26:16.980Z,2026-09-02T19:26:24.974Z,2026-09-02T19:26:24.974Z,3592
speed,CAN_VEHICLE_SPEED,HF_HISTORICAL,2026-09-02T19:26:20.980Z,2026-09-02T19:26:25.179Z,2026-09-02T19:26:24.974Z,2026-09-02T19:26:25.179Z,4514,0,0,61cc323db7d56ebaaf15d5af21d1c7b66876eda2a67d7175cc8c1c290161bee7,1s,AVG,61cc323db7d56ebaaf15d5af21d1c7b66876eda2a67d7175cc8c1c290161bee7,2026-09-02T19:26:16.980Z,2026-09-02T19:26:24.974Z,2026-09-02T19:26:24.974Z,3594
speed,CAN_VEHICLE_SPEED,LATEST_LIVE,2026-09-02T19:26:26.000Z,2026-09-02T19:26:30.735Z,2026-09-02T19:26:30.492Z,2026-09-02T19:26:30.735Z,4519,0,"{""value"":0,""timestamp"":""2026-09-02T19:26:26Z""}",,,,,,,,3599
speed,CAN_VEHICLE_SPEED,HF_HISTORICAL,2026-09-02T19:26:22.974Z,2026-09-02T19:26:31.011Z,2026-09-02T19:26:30.737Z,2026-09-02T19:26:31.011Z,4521,0,0,9ac36013e412d6333bc5ba1e26beab5d0ffe622ea4554108b4f78b69378e7ff3,1s,AVG,9ac36013e412d6333bc5ba1e26beab5d0ffe622ea4554108b4f78b69378e7ff3,2026-09-02T19:26:22.974Z,2026-09-02T19:26:30.737Z,2026-09-02T19:26:30.737Z,3601
speed,CAN_VEHICLE_SPEED,HF_HISTORICAL,2026-09-02T19:26:23.974Z,2026-09-02T19:26:31.011Z,2026-09-02T19:26:30.737Z,2026-09-02T19:26:31.011Z,4523,0,0,35e6be2bd3e1a24d1b713d58e07c9ef6d12a4315c081d2ef372c6adeaec1d917,1s,AVG,35e6be2bd3e1a24d1b713d58e07c9ef6d12a4315c081d2ef372c6adeaec1d917,2026-09-02T19:26:22.974Z,2026-09-02T19:26:30.737Z,2026-09-02T19:26:30.737Z,3603
speed,CAN_VEHICLE_SPEED,HF_HISTORICAL,2026-09-02T19:26:25.974Z,2026-09-02T19:26:31.011Z,2026-09-02T19:26:30.737Z,2026-09-02T19:26:31.011Z,4525,0,0,6a858d4db22ad5685ff4ed49029434eb22146d4542e1ef0dffeea86c9eda0b6c,1s,AVG,6a858d4db22ad5685ff4ed49029434eb22146d4542e1ef0dffeea86c9eda0b6c,2026-09-02T19:26:22.974Z,2026-09-02T19:26:30.737Z,2026-09-02T19:26:30.737Z,3605
speed,CAN_VEHICLE_SPEED,HF_HISTORICAL,2026-09-02T19:26:26.974Z,2026-09-02T19:26:31.011Z,2026-09-02T19:26:30.737Z,2026-09-02T19:26:31.011Z,4527,0,0,00931e38cc4a9aea100e54b19cbef1b05fedd7a32c29fb6f7dcfe463c057ed75,1s,AVG,00931e38cc4a9aea100e54b19cbef1b05fedd7a32c29fb6f7dcfe463c057ed75,2026-09-02T19:26:22.974Z,2026-09-02T19:26:30.737Z,2026-09-02T19:26:30.737Z,3607
speed,CAN_VEHICLE_SPEED,LATEST_LIVE,2026-09-02T19:26:32.000Z,2026-09-02T19:26:36.560Z,2026-09-02T19:26:36.329Z,2026-09-02T19:26:36.560Z,4532,0,"{""value"":0,""timestamp"":""2026-09-02T19:26:32Z""}",,,,,,,,3612
speed,CAN_VEHICLE_SPEED,HF_HISTORICAL,2026-09-02T19:26:29.737Z,2026-09-02T19:26:36.767Z,2026-09-02T19:26:36.561Z,2026-09-02T19:26:36.767Z,4535,0,0,2f36bb1ba2a643957db956c81b4f626daa48045e0ce861f145260c09ef73b746,1s,AVG,2f36bb1ba2a643957db956c81b4f626daa48045e0ce861f145260c09ef73b746,2026-09-02T19:26:28.737Z,2026-09-02T19:26:36.561Z,2026-09-02T19:26:36.561Z,3615
speed,CAN_VEHICLE_SPEED,HF_HISTORICAL,2026-09-02T19:26:30.737Z,2026-09-02T19:26:36.767Z,2026-09-02T19:26:36.561Z,2026-09-02T19:26:36.767Z,4539,0,0,e79334a7bc4d54c2299142863f19b85a72abead8ea6b5d26900bf861892c1a16,1s,AVG,e79334a7bc4d54c2299142863f19b85a72abead8ea6b5d26900bf861892c1a16,2026-09-02T19:26:28.737Z,2026-09-02T19:26:36.561Z,2026-09-02T19:26:36.561Z,3619
speed,CAN_VEHICLE_SPEED,HF_HISTORICAL,2026-09-02T19:26:31.737Z,2026-09-02T19:26:36.767Z,2026-09-02T19:26:36.561Z,2026-09-02T19:26:36.767Z,4544,0,0,8d2ba502a5afad3fa2a9d9f08d1d10c2670853ef676cd97e7d5e237993cba499,1s,AVG,8d2ba502a5afad3fa2a9d9f08d1d10c2670853ef676cd97e7d5e237993cba499,2026-09-02T19:26:28.737Z,2026-09-02T19:26:36.561Z,2026-09-02T19:26:36.561Z,3624
speed,CAN_VEHICLE_SPEED,LATEST_LIVE,2026-09-02T19:26:37.000Z,2026-09-02T19:26:42.376Z,2026-09-02T19:26:42.131Z,2026-09-02T19:26:42.376Z,4549,0,"{""value"":0,""timestamp"":""2026-09-02T19:26:37Z""}",,,,,,,,3629
speed,CAN_VEHICLE_SPEED,HF_HISTORICAL,2026-09-02T19:26:34.561Z,2026-09-02T19:26:42.754Z,2026-09-02T19:26:42.377Z,2026-09-02T19:26:42.754Z,4554,0,0,04fa09a0f74d45613f0145fa48c0ee9fb072bec58d1dba0be5a057c76bf54d38,1s,AVG,04fa09a0f74d45613f0145fa48c0ee9fb072bec58d1dba0be5a057c76bf54d38,2026-09-02T19:26:34.561Z,2026-09-02T19:26:42.377Z,2026-09-02T19:26:42.377Z,3634
speed,CAN_VEHICLE_SPEED,HF_HISTORICAL,2026-09-02T19:26:36.561Z,2026-09-02T19:26:42.754Z,2026-09-02T19:26:42.377Z,2026-09-02T19:26:42.754Z,4559,0,0,f98c630a0d78ad2eb6ba85d758b4753a38afc572f9e6628e9d155a7adce3b668,1s,AVG,f98c630a0d78ad2eb6ba85d758b4753a38afc572f9e6628e9d155a7adce3b668,2026-09-02T19:26:34.561Z,2026-09-02T19:26:42.377Z,2026-09-02T19:26:42.377Z,3639
speed,CAN_VEHICLE_SPEED,LATEST_LIVE,2026-09-02T19:26:41.000Z,2026-09-02T19:26:48.363Z,2026-09-02T19:26:48.001Z,2026-09-02T19:26:48.363Z,4564,0,"{""value"":0,""timestamp"":""2026-09-02T19:26:41Z""}",,,,,,,,3644
speed,CAN_VEHICLE_SPEED,HF_HISTORICAL,2026-09-02T19:26:40.377Z,2026-09-02T19:26:48.598Z,2026-09-02T19:26:48.365Z,2026-09-02T19:26:48.598Z,4569,0,0,09bafe02deeabb53a111b5e1b84ef9fd2ef135e99082fa7273023c5f171ccff3,1s,AVG,09bafe02deeabb53a111b5e1b84ef9fd2ef135e99082fa7273023c5f171ccff3,2026-09-02T19:26:40.377Z,2026-09-02T19:26:48.365Z,2026-09-02T19:26:48.365Z,3649
speed,CAN_VEHICLE_SPEED,LATEST_LIVE,2026-09-02T19:26:49.000Z,2026-09-02T19:26:54.164Z,2026-09-02T19:26:53.928Z,2026-09-02T19:26:54.164Z,4574,22,"{""value"":22,""timestamp"":""2026-09-02T19:26:49Z""}",,,,,,,,3654
speed,CAN_VEHICLE_SPEED,HF_HISTORICAL,2026-09-02T19:26:47.365Z,2026-09-02T19:26:54.381Z,2026-09-02T19:26:54.165Z,2026-09-02T19:26:54.381Z,4579,13,13,032069d2869629d5704cf2b1cbd0d6b8e10e66c2d006362fa12fdd1f5fcccea1,1s,AVG,032069d2869629d5704cf2b1cbd0d6b8e10e66c2d006362fa12fdd1f5fcccea1,2026-09-02T19:26:46.365Z,2026-09-02T19:26:54.165Z,2026-09-02T19:26:54.165Z,3659
speed,CAN_VEHICLE_SPEED,HF_HISTORICAL,2026-09-02T19:26:48.365Z,2026-09-02T19:26:54.381Z,2026-09-02T19:26:54.165Z,2026-09-02T19:26:54.381Z,4584,22,22,8c836f12daaa397db5500a2300e95706d661529ded739efb1af565b4387cdce1,1s,AVG,8c836f12daaa397db5500a2300e95706d661529ded739efb1af565b4387cdce1,2026-09-02T19:26:46.365Z,2026-09-02T19:26:54.165Z,2026-09-02T19:26:54.165Z,3664
speed,CAN_VEHICLE_SPEED,LATEST_LIVE,2026-09-02T19:26:56.000Z,2026-09-02T19:27:00.303Z,2026-09-02T19:26:59.868Z,2026-09-02T19:27:00.303Z,4615,33,"{""value"":33,""timestamp"":""2026-09-02T19:26:56Z""}",,,,,,,,3675
speed,CAN_VEHICLE_SPEED,HF_HISTORICAL,2026-09-02T19:26:53.165Z,2026-09-02T19:27:00.535Z,2026-09-02T19:27:00.304Z,2026-09-02T19:27:00.535Z,4620,17,17,93f4a27c0927f22ecef31af9c9602dc30a21a4a31495149e154963a42a9c987e,1s,AVG,93f4a27c0927f22ecef31af9c9602dc30a21a4a31495149e154963a42a9c987e,2026-09-02T19:26:52.165Z,2026-09-02T19:27:00.304Z,2026-09-02T19:27:00.304Z,3680
speed,CAN_VEHICLE_SPEED,HF_HISTORICAL,2026-09-02T19:26:55.165Z,2026-09-02T19:27:00.535Z,2026-09-02T19:27:00.304Z,2026-09-02T19:27:00.535Z,4625,33,33,cb7268bfa6321964882554470a15477a79183567363ecc7045aae42f81497492,1s,AVG,cb7268bfa6321964882554470a15477a79183567363ecc7045aae42f81497492,2026-09-02T19:26:52.165Z,2026-09-02T19:27:00.304Z,2026-09-02T19:27:00.304Z,3685
speed,CAN_VEHICLE_SPEED,LATEST_LIVE,2026-09-02T19:27:02.000Z,2026-09-02T19:27:06.248Z,2026-09-02T19:27:05.936Z,2026-09-02T19:27:06.248Z,4630,8,"{""value"":8,""timestamp"":""2026-09-02T19:27:02Z""}",,,,,,,,3690
speed,CAN_VEHICLE_SPEED,HF_HISTORICAL,2026-09-02T19:26:59.304Z,2026-09-02T19:27:06.516Z,2026-09-02T19:27:06.253Z,2026-09-02T19:27:06.516Z,4635,9,9,407068fd6c7e1b505ebc97a301d7020d9cf6ebc5be119b01ecd2d5e442119f7b,1s,AVG,407068fd6c7e1b505ebc97a301d7020d9cf6ebc5be119b01ecd2d5e442119f7b,2026-09-02T19:26:58.304Z,2026-09-02T19:27:06.253Z,2026-09-02T19:27:06.253Z,3695
speed,CAN_VEHICLE_SPEED,HF_HISTORICAL,2026-09-02T19:27:01.304Z,2026-09-02T19:27:06.516Z,2026-09-02T19:27:06.253Z,2026-09-02T19:27:06.516Z,4640,8,8,a2159426ccb8dc880f89ca2a85feeacdda82f52a8ff27b4b8e684b827770af56,1s,AVG,a2159426ccb8dc880f89ca2a85feeacdda82f52a8ff27b4b8e684b827770af56,2026-09-02T19:26:58.304Z,2026-09-02T19:27:06.253Z,2026-09-02T19:27:06.253Z,3700
speed,CAN_VEHICLE_SPEED,LATEST_LIVE,2026-09-02T19:27:07.000Z,2026-09-02T19:27:12.492Z,2026-09-02T19:27:11.853Z,2026-09-02T19:27:12.492Z,4645,26,"{""value"":26,""timestamp"":""2026-09-02T19:27:07Z""}",,,,,,,,3705
speed,CAN_VEHICLE_SPEED,HF_HISTORICAL,2026-09-02T19:27:04.253Z,2026-09-02T19:27:12.769Z,2026-09-02T19:27:12.495Z,2026-09-02T19:27:12.769Z,4650,38,38,2a7f2db3ac4fb545e776609f416838259efc7a146f2ca5c3b6f898c7dbaf5367,1s,AVG,2a7f2db3ac4fb545e776609f416838259efc7a146f2ca5c3b6f898c7dbaf5367,2026-09-02T19:27:04.253Z,2026-09-02T19:27:12.495Z,2026-09-02T19:27:12.495Z,3710
speed,CAN_VEHICLE_SPEED,HF_HISTORICAL,2026-09-02T19:27:05.253Z,2026-09-02T19:27:12.769Z,2026-09-02T19:27:12.495Z,2026-09-02T19:27:12.769Z,4655,26,26,070af10c6ca592b5c0915a54548d41372083411c4593611b990efb4d1cde9f13,1s,AVG,070af10c6ca592b5c0915a54548d41372083411c4593611b990efb4d1cde9f13,2026-09-02T19:27:04.253Z,2026-09-02T19:27:12.495Z,2026-09-02T19:27:12.495Z,3715
speed,CAN_VEHICLE_SPEED,HF_HISTORICAL,2026-09-02T19:27:06.253Z,2026-09-02T19:27:12.769Z,2026-09-02T19:27:12.495Z,2026-09-02T19:27:12.769Z,4660,26,26,2d0f14554977e34b4c850b53ee98e34f595201df523dbba7e3024bd26c2eaba9,1s,AVG,2d0f14554977e34b4c850b53ee98e34f595201df523dbba7e3024bd26c2eaba9,2026-09-02T19:27:04.253Z,2026-09-02T19:27:12.495Z,2026-09-02T19:27:12.495Z,3720
speed,CAN_VEHICLE_SPEED,LATEST_LIVE,2026-09-02T19:27:16.000Z,2026-09-02T19:27:18.335Z,2026-09-02T19:27:18.089Z,2026-09-02T19:27:18.335Z,4665,54,"{""value"":54,""timestamp"":""2026-09-02T19:27:16Z""}",,,,,,,,3725
speed,CAN_VEHICLE_SPEED,HF_HISTORICAL,2026-09-02T19:27:11.495Z,2026-09-02T19:27:18.590Z,2026-09-02T19:27:18.339Z,2026-09-02T19:27:18.590Z,4670,21,21,2859fb3bb4aec2202bf13859a89e58575a20b15933b51b6400394d11be249fdf,1s,AVG,2859fb3bb4aec2202bf13859a89e58575a20b15933b51b6400394d11be249fdf,2026-09-02T19:27:10.495Z,2026-09-02T19:27:18.338Z,2026-09-02T19:27:18.338Z,3730
speed,CAN_VEHICLE_SPEED,HF_HISTORICAL,2026-09-02T19:27:13.495Z,2026-09-02T19:27:18.590Z,2026-09-02T19:27:18.339Z,2026-09-02T19:27:18.590Z,4675,41,41,fed4ab9c05835a8c37db9446da459d5ecff2c813685493e7195399c7d7e2874c,1s,AVG,fed4ab9c05835a8c37db9446da459d5ecff2c813685493e7195399c7d7e2874c,2026-09-02T19:27:10.495Z,2026-09-02T19:27:18.338Z,2026-09-02T19:27:18.338Z,3735
speed,CAN_VEHICLE_SPEED,HF_HISTORICAL,2026-09-02T19:27:15.495Z,2026-09-02T19:27:18.590Z,2026-09-02T19:27:18.339Z,2026-09-02T19:27:18.590Z,4680,54,54,791430c7c547bfb6f7233eafdc1b077a0624079f0e9200013b7e23a461532c05,1s,AVG,791430c7c547bfb6f7233eafdc1b077a0624079f0e9200013b7e23a461532c05,2026-09-02T19:27:10.495Z,2026-09-02T19:27:18.338Z,2026-09-02T19:27:18.338Z,3740
speed,CAN_VEHICLE_SPEED,LATEST_LIVE,2026-09-02T19:27:21.000Z,2026-09-02T19:27:24.303Z,2026-09-02T19:27:23.920Z,2026-09-02T19:27:24.303Z,4685,0,"{""value"":0,""timestamp"":""2026-09-02T19:27:21Z""}",,,,,,,,3745
speed,CAN_VEHICLE_SPEED,HF_HISTORICAL,2026-09-02T19:27:16.338Z,2026-09-02T19:27:24.613Z,2026-09-02T19:27:24.306Z,2026-09-02T19:27:24.613Z,4690,8,8,e471a25172af9803f64a5206cb8bcdea97fd8d5fbf76666606c08bda71fb272a,1s,AVG,e471a25172af9803f64a5206cb8bcdea97fd8d5fbf76666606c08bda71fb272a,2026-09-02T19:27:16.338Z,2026-09-02T19:27:24.306Z,2026-09-02T19:27:24.306Z,3750
speed,CAN_VEHICLE_SPEED,HF_HISTORICAL,2026-09-02T19:27:17.338Z,2026-09-02T19:27:24.613Z,2026-09-02T19:27:24.306Z,2026-09-02T19:27:24.613Z,4695,4,4,15aeac9b737e4fca37d50885635dba5e037579c7b5242d8428316a2f776bcc09,1s,AVG,15aeac9b737e4fca37d50885635dba5e037579c7b5242d8428316a2f776bcc09,2026-09-02T19:27:16.338Z,2026-09-02T19:27:24.306Z,2026-09-02T19:27:24.306Z,3755
speed,CAN_VEHICLE_SPEED,HF_HISTORICAL,2026-09-02T19:27:19.338Z,2026-09-02T19:27:24.613Z,2026-09-02T19:27:24.306Z,2026-09-02T19:27:24.613Z,4700,0,0,3b57de77ed7f8582ed73ade98fa4a78aa00911cba0fce6b9fcceac86ae3edb33,1s,AVG,3b57de77ed7f8582ed73ade98fa4a78aa00911cba0fce6b9fcceac86ae3edb33,2026-09-02T19:27:16.338Z,2026-09-02T19:27:24.306Z,2026-09-02T19:27:24.306Z,3760
speed,CAN_VEHICLE_SPEED,HF_HISTORICAL,2026-09-02T19:27:20.338Z,2026-09-02T19:27:24.613Z,2026-09-02T19:27:24.306Z,2026-09-02T19:27:24.613Z,4705,0,0,6b6615c018035d49597ebd42649cdd27483b27da79e781821b375ffea0863d10,1s,AVG,6b6615c018035d49597ebd42649cdd27483b27da79e781821b375ffea0863d10,2026-09-02T19:27:16.338Z,2026-09-02T19:27:24.306Z,2026-09-02T19:27:24.306Z,3765
speed,CAN_VEHICLE_SPEED,LATEST_LIVE,2026-09-02T19:27:26.000Z,2026-09-02T19:27:30.184Z,2026-09-02T19:27:29.964Z,2026-09-02T19:27:30.184Z,4710,14,"{""value"":14,""timestamp"":""2026-09-02T19:27:26Z""}",,,,,,,,3770
speed,CAN_VEHICLE_SPEED,HF_HISTORICAL,2026-09-02T19:27:23.306Z,2026-09-02T19:27:30.395Z,2026-09-02T19:27:30.185Z,2026-09-02T19:27:30.395Z,4715,6,6,6613d41f32b825c8d1bd27c698dedefd573fafc256fc7ac730765403dab0fad6,1s,AVG,6613d41f32b825c8d1bd27c698dedefd573fafc256fc7ac730765403dab0fad6,2026-09-02T19:27:22.306Z,2026-09-02T19:27:30.185Z,2026-09-02T19:27:30.185Z,3775
speed,CAN_VEHICLE_SPEED,HF_HISTORICAL,2026-09-02T19:27:24.306Z,2026-09-02T19:27:30.395Z,2026-09-02T19:27:30.185Z,2026-09-02T19:27:30.395Z,4720,9,9,37282a2244522a202b448066946cfbe162e29baa9f36d628deaba71c5dc7e429,1s,AVG,37282a2244522a202b448066946cfbe162e29baa9f36d628deaba71c5dc7e429,2026-09-02T19:27:22.306Z,2026-09-02T19:27:30.185Z,2026-09-02T19:27:30.185Z,3780
speed,CAN_VEHICLE_SPEED,HF_HISTORICAL,2026-09-02T19:27:25.306Z,2026-09-02T19:27:30.395Z,2026-09-02T19:27:30.185Z,2026-09-02T19:27:30.395Z,4725,14,14,c0efc47acda884a47fa666024d29202259f8de84be86ee1984bdd76eabe8bf38,1s,AVG,c0efc47acda884a47fa666024d29202259f8de84be86ee1984bdd76eabe8bf38,2026-09-02T19:27:22.306Z,2026-09-02T19:27:30.185Z,2026-09-02T19:27:30.185Z,3785
speed,CAN_VEHICLE_SPEED,LATEST_LIVE,2026-09-02T19:27:32.000Z,2026-09-02T19:27:36.166Z,2026-09-02T19:27:35.913Z,2026-09-02T19:27:36.166Z,4756,38,"{""value"":38,""timestamp"":""2026-09-02T19:27:32Z""}",,,,,,,,3796
speed,CAN_VEHICLE_SPEED,HF_HISTORICAL,2026-09-02T19:27:28.185Z,2026-09-02T19:27:36.396Z,2026-09-02T19:27:36.167Z,2026-09-02T19:27:36.396Z,4761,23,23,9334b59feb44234377f8f876268147ee2b43d031adae79363a7d5712676833bb,1s,AVG,9334b59feb44234377f8f876268147ee2b43d031adae79363a7d5712676833bb,2026-09-02T19:27:28.185Z,2026-09-02T19:27:36.167Z,2026-09-02T19:27:36.167Z,3801
speed,CAN_VEHICLE_SPEED,HF_HISTORICAL,2026-09-02T19:27:30.185Z,2026-09-02T19:27:36.396Z,2026-09-02T19:27:36.167Z,2026-09-02T19:27:36.396Z,4766,10,10,a4a45ba8d134707a529a6107faeb8273e57b8959cc6e1add6b3119c2307974b4,1s,AVG,a4a45ba8d134707a529a6107faeb8273e57b8959cc6e1add6b3119c2307974b4,2026-09-02T19:27:28.185Z,2026-09-02T19:27:36.167Z,2026-09-02T19:27:36.167Z,3806
speed,CAN_VEHICLE_SPEED,HF_HISTORICAL,2026-09-02T19:27:31.185Z,2026-09-02T19:27:36.396Z,2026-09-02T19:27:36.167Z,2026-09-02T19:27:36.396Z,4771,38,38,bd7bd4bf85545e03f2d2a731d18782336c0cca76dc14700e20bcda1e91a03412,1s,AVG,bd7bd4bf85545e03f2d2a731d18782336c0cca76dc14700e20bcda1e91a03412,2026-09-02T19:27:28.185Z,2026-09-02T19:27:36.167Z,2026-09-02T19:27:36.167Z,3811
speed,CAN_VEHICLE_SPEED,LATEST_LIVE,2026-09-02T19:27:36.000Z,2026-09-02T19:27:42.009Z,2026-09-02T19:27:41.729Z,2026-09-02T19:27:42.009Z,4776,5,"{""value"":5,""timestamp"":""2026-09-02T19:27:36Z""}",,,,,,,,3816
speed,CAN_VEHICLE_SPEED,HF_HISTORICAL,2026-09-02T19:27:34.167Z,2026-09-02T19:27:42.308Z,2026-09-02T19:27:42.015Z,2026-09-02T19:27:42.308Z,4781,0,0,e30630f3e946e923231cc712a88ca58be0ba126f7da6845b8b7e9704413481bf,1s,AVG,e30630f3e946e923231cc712a88ca58be0ba126f7da6845b8b7e9704413481bf,2026-09-02T19:27:34.167Z,2026-09-02T19:27:42.015Z,2026-09-02T19:27:42.015Z,3821
speed,CAN_VEHICLE_SPEED,HF_HISTORICAL,2026-09-02T19:27:35.167Z,2026-09-02T19:27:42.308Z,2026-09-02T19:27:42.015Z,2026-09-02T19:27:42.308Z,4786,5,5,8d070bd23e14559dab389ae2fe18a2b9fd18f3298fe58af534a69323719243a7,1s,AVG,8d070bd23e14559dab389ae2fe18a2b9fd18f3298fe58af534a69323719243a7,2026-09-02T19:27:34.167Z,2026-09-02T19:27:42.015Z,2026-09-02T19:27:42.015Z,3826
speed,CAN_VEHICLE_SPEED,HF_HISTORICAL,2026-09-02T19:27:36.167Z,2026-09-02T19:27:42.308Z,2026-09-02T19:27:42.015Z,2026-09-02T19:27:42.308Z,4791,0,0,d3210ef74f10c3a88ad9101ac111bebf68213fbd565815329224a1cc316c1fda,1s,AVG,d3210ef74f10c3a88ad9101ac111bebf68213fbd565815329224a1cc316c1fda,2026-09-02T19:27:34.167Z,2026-09-02T19:27:42.015Z,2026-09-02T19:27:42.015Z,3831
speed,CAN_VEHICLE_SPEED,HF_HISTORICAL,2026-09-02T19:27:38.167Z,2026-09-02T19:27:42.308Z,2026-09-02T19:27:42.015Z,2026-09-02T19:27:42.308Z,4796,0,0,a24df7fab29ee94c33212ad9039377b7831f8ea8a5be5a1be0ab19941f7ba562,1s,AVG,a24df7fab29ee94c33212ad9039377b7831f8ea8a5be5a1be0ab19941f7ba562,2026-09-02T19:27:34.167Z,2026-09-02T19:27:42.015Z,2026-09-02T19:27:42.015Z,3836
speed,CAN_VEHICLE_SPEED,LATEST_LIVE,2026-09-02T19:27:45.000Z,2026-09-02T19:27:47.772Z,2026-09-02T19:27:47.567Z,2026-09-02T19:27:47.772Z,4801,32,"{""value"":32,""timestamp"":""2026-09-02T19:27:45Z""}",,,,,,,,3841
speed,CAN_VEHICLE_SPEED,HF_HISTORICAL,2026-09-02T19:27:41.015Z,2026-09-02T19:27:48.119Z,2026-09-02T19:27:47.777Z,2026-09-02T19:27:48.119Z,4806,0,0,c8de94aa5bdd199c25061935c2431efa7b8c73abdc89017ac544992d5e247ffd,1s,AVG,c8de94aa5bdd199c25061935c2431efa7b8c73abdc89017ac544992d5e247ffd,2026-09-02T19:27:40.015Z,2026-09-02T19:27:47.777Z,2026-09-02T19:27:47.777Z,3846
speed,CAN_VEHICLE_SPEED,HF_HISTORICAL,2026-09-02T19:27:44.015Z,2026-09-02T19:27:48.119Z,2026-09-02T19:27:47.777Z,2026-09-02T19:27:48.119Z,4811,32,32,cff61f1647dfd1b319adc0d70838fe88d329d05aeb837ed998d7538200adf839,1s,AVG,cff61f1647dfd1b319adc0d70838fe88d329d05aeb837ed998d7538200adf839,2026-09-02T19:27:40.015Z,2026-09-02T19:27:47.777Z,2026-09-02T19:27:47.777Z,3851
speed,CAN_VEHICLE_SPEED,LATEST_LIVE,2026-09-02T19:27:50.000Z,2026-09-02T19:27:53.963Z,2026-09-02T19:27:53.398Z,2026-09-02T19:27:53.963Z,4816,34,"{""value"":34,""timestamp"":""2026-09-02T19:27:50Z""}",,,,,,,,3856
speed,CAN_VEHICLE_SPEED,HF_HISTORICAL,2026-09-02T19:27:45.777Z,2026-09-02T19:27:54.189Z,2026-09-02T19:27:53.964Z,2026-09-02T19:27:54.189Z,4821,50,50,c9d77643344038eb1ea804e7ec25fef15ad9109b1223445a38920d0c5570da95,1s,AVG,c9d77643344038eb1ea804e7ec25fef15ad9109b1223445a38920d0c5570da95,2026-09-02T19:27:45.777Z,2026-09-02T19:27:53.964Z,2026-09-02T19:27:53.964Z,3861
speed,CAN_VEHICLE_SPEED,HF_HISTORICAL,2026-09-02T19:27:46.777Z,2026-09-02T19:27:54.189Z,2026-09-02T19:27:53.964Z,2026-09-02T19:27:54.189Z,4826,20,20,ada047c8d526e92478b6c936a59906fdea89799cfe7be82aa61e76228c52f5ac,1s,AVG,ada047c8d526e92478b6c936a59906fdea89799cfe7be82aa61e76228c52f5ac,2026-09-02T19:27:45.777Z,2026-09-02T19:27:53.964Z,2026-09-02T19:27:53.964Z,3866
speed,CAN_VEHICLE_SPEED,HF_HISTORICAL,2026-09-02T19:27:48.777Z,2026-09-02T19:27:54.189Z,2026-09-02T19:27:53.964Z,2026-09-02T19:27:54.189Z,4831,28,28,44953a82db6b64ad9580d776b95b5dcb54fb62e1e1dc24067ee4066bd8f2fb71,1s,AVG,44953a82db6b64ad9580d776b95b5dcb54fb62e1e1dc24067ee4066bd8f2fb71,2026-09-02T19:27:45.777Z,2026-09-02T19:27:53.964Z,2026-09-02T19:27:53.964Z,3871
speed,CAN_VEHICLE_SPEED,HF_HISTORICAL,2026-09-02T19:27:49.777Z,2026-09-02T19:27:54.189Z,2026-09-02T19:27:53.964Z,2026-09-02T19:27:54.189Z,4836,34,34,bc712c485545115e9b4c1000edd4ce21e5a16aee9ad9a4b79834d34cd9693c40,1s,AVG,bc712c485545115e9b4c1000edd4ce21e5a16aee9ad9a4b79834d34cd9693c40,2026-09-02T19:27:45.777Z,2026-09-02T19:27:53.964Z,2026-09-02T19:27:53.964Z,3876
speed,CAN_VEHICLE_SPEED,LATEST_LIVE,2026-09-02T19:27:55.000Z,2026-09-02T19:27:59.776Z,2026-09-02T19:27:59.545Z,2026-09-02T19:27:59.776Z,4841,19,"{""value"":19,""timestamp"":""2026-09-02T19:27:55Z""}",,,,,,,,3881
speed,CAN_VEHICLE_SPEED,HF_HISTORICAL,2026-09-02T19:27:52.964Z,2026-09-02T19:27:59.968Z,2026-09-02T19:27:59.777Z,2026-09-02T19:27:59.968Z,4846,38,38,19f4259273bc1e76bad5a69a433763876fe9034de30ebadf9c7eeb56091146cf,1s,AVG,19f4259273bc1e76bad5a69a433763876fe9034de30ebadf9c7eeb56091146cf,2026-09-02T19:27:51.964Z,2026-09-02T19:27:59.777Z,2026-09-02T19:27:59.777Z,3886
speed,CAN_VEHICLE_SPEED,HF_HISTORICAL,2026-09-02T19:27:53.964Z,2026-09-02T19:27:59.968Z,2026-09-02T19:27:59.777Z,2026-09-02T19:27:59.968Z,4851,38,38,c3b19c21cca36c22f80ded212f8a2f49a58384a3747ad93c097551cbd232ae5d,1s,AVG,c3b19c21cca36c22f80ded212f8a2f49a58384a3747ad93c097551cbd232ae5d,2026-09-02T19:27:51.964Z,2026-09-02T19:27:59.777Z,2026-09-02T19:27:59.777Z,3891
speed,CAN_VEHICLE_SPEED,HF_HISTORICAL,2026-09-02T19:27:54.964Z,2026-09-02T19:27:59.968Z,2026-09-02T19:27:59.777Z,2026-09-02T19:27:59.968Z,4856,19,19,4381168c0255a501cb1c914c8214ff3c51e19bca94525e07757314a71cd16e8c,1s,AVG,4381168c0255a501cb1c914c8214ff3c51e19bca94525e07757314a71cd16e8c,2026-09-02T19:27:51.964Z,2026-09-02T19:27:59.777Z,2026-09-02T19:27:59.777Z,3896
speed,CAN_VEHICLE_SPEED,LATEST_LIVE,2026-09-02T19:27:55.000Z,2026-09-02T19:28:05.514Z,2026-09-02T19:28:05.278Z,2026-09-02T19:28:05.514Z,4861,19,"{""value"":19,""timestamp"":""2026-09-02T19:27:55Z""}",,,,,,,,3901
speed,CAN_VEHICLE_SPEED,LATEST_LIVE,2026-09-02T19:28:08.000Z,2026-09-02T19:28:11.441Z,2026-09-02T19:28:11.224Z,2026-09-02T19:28:11.441Z,4892,13,"{""value"":13,""timestamp"":""2026-09-02T19:28:08Z""}",,,,,,,,3912
speed,CAN_VEHICLE_SPEED,HF_HISTORICAL,2026-09-02T19:28:07.516Z,2026-09-02T19:28:11.664Z,2026-09-02T19:28:11.444Z,2026-09-02T19:28:11.664Z,4897,13,13,f2ce32e46ef07fb9b33df72bf4e1fc7bff010c4140f6322d1a8e4e40c9a06cea,1s,AVG,f2ce32e46ef07fb9b33df72bf4e1fc7bff010c4140f6322d1a8e4e40c9a06cea,2026-09-02T19:28:03.516Z,2026-09-02T19:28:11.444Z,2026-09-02T19:28:11.444Z,3917
speed,CAN_VEHICLE_SPEED,LATEST_LIVE,2026-09-02T19:28:12.000Z,2026-09-02T19:28:17.155Z,2026-09-02T19:28:16.936Z,2026-09-02T19:28:17.155Z,4902,26,"{""value"":26,""timestamp"":""2026-09-02T19:28:12Z""}",,,,,,,,3922
speed,CAN_VEHICLE_SPEED,HF_HISTORICAL,2026-09-02T19:28:09.444Z,2026-09-02T19:28:17.427Z,2026-09-02T19:28:17.157Z,2026-09-02T19:28:17.427Z,4907,24,24,d27a56dc0bdca4c6685ed5bd2e72fb90e6b382ddd6be0413be8195750009b1a9,1s,AVG,d27a56dc0bdca4c6685ed5bd2e72fb90e6b382ddd6be0413be8195750009b1a9,2026-09-02T19:28:09.444Z,2026-09-02T19:28:17.156Z,2026-09-02T19:28:17.156Z,3927
speed,CAN_VEHICLE_SPEED,HF_HISTORICAL,2026-09-02T19:28:10.444Z,2026-09-02T19:28:17.427Z,2026-09-02T19:28:17.157Z,2026-09-02T19:28:17.427Z,4912,26,26,2d8ae20ee954932956af96051812f3d99b6beab3d6ae65cea51dbcec4ad48c40,1s,AVG,2d8ae20ee954932956af96051812f3d99b6beab3d6ae65cea51dbcec4ad48c40,2026-09-02T19:28:09.444Z,2026-09-02T19:28:17.156Z,2026-09-02T19:28:17.156Z,3932
speed,CAN_VEHICLE_SPEED,HF_HISTORICAL,2026-09-02T19:28:11.444Z,2026-09-02T19:28:17.427Z,2026-09-02T19:28:17.157Z,2026-09-02T19:28:17.427Z,4917,26,26,4142d87eac26465d8c0c69d41973f776c3849bf13173a8a8fc18d65fd1872f4f,1s,AVG,4142d87eac26465d8c0c69d41973f776c3849bf13173a8a8fc18d65fd1872f4f,2026-09-02T19:28:09.444Z,2026-09-02T19:28:17.156Z,2026-09-02T19:28:17.156Z,3937
speed,CAN_VEHICLE_SPEED,LATEST_LIVE,2026-09-02T19:28:18.000Z,2026-09-02T19:28:22.887Z,2026-09-02T19:28:22.679Z,2026-09-02T19:28:22.887Z,4922,23,"{""value"":23,""timestamp"":""2026-09-02T19:28:18Z""}",,,,,,,,3942
speed,CAN_VEHICLE_SPEED,HF_HISTORICAL,2026-09-02T19:28:16.156Z,2026-09-02T19:28:23.100Z,2026-09-02T19:28:22.888Z,2026-09-02T19:28:23.100Z,4927,34,34,e06625f0584f617553d731a6e4bec7318e7463e4f7e1c580b8e7f8721f069680,1s,AVG,e06625f0584f617553d731a6e4bec7318e7463e4f7e1c580b8e7f8721f069680,2026-09-02T19:28:15.156Z,2026-09-02T19:28:22.888Z,2026-09-02T19:28:22.888Z,3947
speed,CAN_VEHICLE_SPEED,HF_HISTORICAL,2026-09-02T19:28:17.156Z,2026-09-02T19:28:23.100Z,2026-09-02T19:28:22.888Z,2026-09-02T19:28:23.100Z,4932,23,23,f71cc12cd9a33da2ad5709fa396771e68ab0751b50dbfb3774f9058bd9f29f75,1s,AVG,f71cc12cd9a33da2ad5709fa396771e68ab0751b50dbfb3774f9058bd9f29f75,2026-09-02T19:28:15.156Z,2026-09-02T19:28:22.888Z,2026-09-02T19:28:22.888Z,3952
speed,CAN_VEHICLE_SPEED,HF_HISTORICAL,2026-09-02T19:28:18.156Z,2026-09-02T19:28:23.100Z,2026-09-02T19:28:22.888Z,2026-09-02T19:28:23.100Z,4937,24,24,a71cdf433dca28e0a988d591ae677c648c3acbc30050f85fd53cea35f1c206cd,1s,AVG,a71cdf433dca28e0a988d591ae677c648c3acbc30050f85fd53cea35f1c206cd,2026-09-02T19:28:15.156Z,2026-09-02T19:28:22.888Z,2026-09-02T19:28:22.888Z,3957
speed,CAN_VEHICLE_SPEED,LATEST_LIVE,2026-09-02T19:28:22.000Z,2026-09-02T19:28:28.668Z,2026-09-02T19:28:28.416Z,2026-09-02T19:28:28.668Z,4942,34,"{""value"":34,""timestamp"":""2026-09-02T19:28:22Z""}",,,,,,,,3962
speed,CAN_VEHICLE_SPEED,HF_HISTORICAL,2026-09-02T19:28:20.888Z,2026-09-02T19:28:28.868Z,2026-09-02T19:28:28.669Z,2026-09-02T19:28:28.868Z,4947,38,38,12074c5375e92624b7c97c7c4a1052a677161597c34df5741f3afc177aac83ec,1s,AVG,12074c5375e92624b7c97c7c4a1052a677161597c34df5741f3afc177aac83ec,2026-09-02T19:28:20.888Z,2026-09-02T19:28:28.669Z,2026-09-02T19:28:28.669Z,3967
speed,CAN_VEHICLE_SPEED,HF_HISTORICAL,2026-09-02T19:28:21.888Z,2026-09-02T19:28:28.868Z,2026-09-02T19:28:28.669Z,2026-09-02T19:28:28.868Z,4952,34,34,badef92a6b978dc9ef4eba6d59c11bc521fae459ff6e055460dd3548cab43e64,1s,AVG,badef92a6b978dc9ef4eba6d59c11bc521fae459ff6e055460dd3548cab43e64,2026-09-02T19:28:20.888Z,2026-09-02T19:28:28.669Z,2026-09-02T19:28:28.669Z,3972
speed,CAN_VEHICLE_SPEED,HF_HISTORICAL,2026-09-02T19:28:23.888Z,2026-09-02T19:28:28.868Z,2026-09-02T19:28:28.669Z,2026-09-02T19:28:28.868Z,4957,43,43,7816f1dd1164f3488f0ec76146bcb7c24e9674e8ae9a92965b10197f7e98351c,1s,AVG,7816f1dd1164f3488f0ec76146bcb7c24e9674e8ae9a92965b10197f7e98351c,2026-09-02T19:28:20.888Z,2026-09-02T19:28:28.669Z,2026-09-02T19:28:28.669Z,3977
speed,CAN_VEHICLE_SPEED,HF_HISTORICAL,2026-09-02T19:28:24.888Z,2026-09-02T19:28:28.868Z,2026-09-02T19:28:28.669Z,2026-09-02T19:28:28.868Z,4962,0,0,cd7e578b04d3dd3776afd2e008a544a2c7af40698b6a49143ac6a93c496d6198,1s,AVG,cd7e578b04d3dd3776afd2e008a544a2c7af40698b6a49143ac6a93c496d6198,2026-09-02T19:28:20.888Z,2026-09-02T19:28:28.669Z,2026-09-02T19:28:28.669Z,3982
speed,CAN_VEHICLE_SPEED,LATEST_LIVE,2026-09-02T19:28:28.000Z,2026-09-02T19:28:34.562Z,2026-09-02T19:28:34.349Z,2026-09-02T19:28:34.562Z,4967,40,"{""value"":40,""timestamp"":""2026-09-02T19:28:28Z""}",,,,,,,,3987
speed,CAN_VEHICLE_SPEED,HF_HISTORICAL,2026-09-02T19:28:27.669Z,2026-09-02T19:28:34.750Z,2026-09-02T19:28:34.564Z,2026-09-02T19:28:34.750Z,4972,40,40,11d54deb7913030760a2f8bc3163c27671c1d4698eb9d100f9b17f271936bb89,1s,AVG,11d54deb7913030760a2f8bc3163c27671c1d4698eb9d100f9b17f271936bb89,2026-09-02T19:28:26.669Z,2026-09-02T19:28:34.563Z,2026-09-02T19:28:34.563Z,3992
speed,CAN_VEHICLE_SPEED,LATEST_LIVE,2026-09-02T19:28:36.000Z,2026-09-02T19:28:40.339Z,2026-09-02T19:28:40.081Z,2026-09-02T19:28:40.339Z,4977,29,"{""value"":29,""timestamp"":""2026-09-02T19:28:36Z""}",,,,,,,,3997
speed,CAN_VEHICLE_SPEED,HF_HISTORICAL,2026-09-02T19:28:32.563Z,2026-09-02T19:28:40.567Z,2026-09-02T19:28:40.341Z,2026-09-02T19:28:40.567Z,4982,2,2,90add0421745ebdb60dd9c9896026c3c07f9cd0ac1c60b872d6049db3488446f,1s,AVG,90add0421745ebdb60dd9c9896026c3c07f9cd0ac1c60b872d6049db3488446f,2026-09-02T19:28:32.563Z,2026-09-02T19:28:40.341Z,2026-09-02T19:28:40.341Z,4002
speed,CAN_VEHICLE_SPEED,HF_HISTORICAL,2026-09-02T19:28:33.563Z,2026-09-02T19:28:40.567Z,2026-09-02T19:28:40.341Z,2026-09-02T19:28:40.567Z,4986,22,22,8a152582b1c154b53651340a53bfa23abb2a80d279efa4c441e2abbea061d30b,1s,AVG,8a152582b1c154b53651340a53bfa23abb2a80d279efa4c441e2abbea061d30b,2026-09-02T19:28:32.563Z,2026-09-02T19:28:40.341Z,2026-09-02T19:28:40.341Z,4006
speed,CAN_VEHICLE_SPEED,HF_HISTORICAL,2026-09-02T19:28:35.563Z,2026-09-02T19:28:40.567Z,2026-09-02T19:28:40.341Z,2026-09-02T19:28:40.567Z,4990,29,29,1acfd245dd77e3d5c36b3ac2684a2390685212c41dc7b3a8e57d689106587894,1s,AVG,1acfd245dd77e3d5c36b3ac2684a2390685212c41dc7b3a8e57d689106587894,2026-09-02T19:28:32.563Z,2026-09-02T19:28:40.341Z,2026-09-02T19:28:40.341Z,4010
speed,CAN_VEHICLE_SPEED,LATEST_LIVE,2026-09-02T19:28:43.000Z,2026-09-02T19:28:47.078Z,2026-09-02T19:28:46.827Z,2026-09-02T19:28:47.078Z,5021,17,"{""value"":17,""timestamp"":""2026-09-02T19:28:43Z""}",,,,,,,,4021
speed,CAN_VEHICLE_SPEED,HF_HISTORICAL,2026-09-02T19:28:39.341Z,2026-09-02T19:28:47.333Z,2026-09-02T19:28:47.079Z,2026-09-02T19:28:47.333Z,5026,0,0,9d9f228ef33abf2d67f745d915999665f5f3ddc436a41962861797f5844b4f65,1s,AVG,9d9f228ef33abf2d67f745d915999665f5f3ddc436a41962861797f5844b4f65,2026-09-02T19:28:38.341Z,2026-09-02T19:28:47.079Z,2026-09-02T19:28:47.079Z,4026
speed,CAN_VEHICLE_SPEED,HF_HISTORICAL,2026-09-02T19:28:40.341Z,2026-09-02T19:28:47.333Z,2026-09-02T19:28:47.079Z,2026-09-02T19:28:47.333Z,5031,0,0,4e7113b264a4a2dd835a33a55fcf8ec728a446f80c2dd0fe732acab197bd7981,1s,AVG,4e7113b264a4a2dd835a33a55fcf8ec728a446f80c2dd0fe732acab197bd7981,2026-09-02T19:28:38.341Z,2026-09-02T19:28:47.079Z,2026-09-02T19:28:47.079Z,4031
speed,CAN_VEHICLE_SPEED,HF_HISTORICAL,2026-09-02T19:28:42.341Z,2026-09-02T19:28:47.333Z,2026-09-02T19:28:47.079Z,2026-09-02T19:28:47.333Z,5036,17,17,308e459b4202158568e1d1d7a65d1681bcdb9d27e179ccbecda9629920b3f787,1s,AVG,308e459b4202158568e1d1d7a65d1681bcdb9d27e179ccbecda9629920b3f787,2026-09-02T19:28:38.341Z,2026-09-02T19:28:47.079Z,2026-09-02T19:28:47.079Z,4036
speed,CAN_VEHICLE_SPEED,LATEST_LIVE,2026-09-02T19:28:49.000Z,2026-09-02T19:28:52.949Z,2026-09-02T19:28:52.669Z,2026-09-02T19:28:52.949Z,5041,46,"{""value"":46,""timestamp"":""2026-09-02T19:28:49Z""}",,,,,,,,4041
speed,CAN_VEHICLE_SPEED,HF_HISTORICAL,2026-09-02T19:28:45.079Z,2026-09-02T19:28:53.498Z,2026-09-02T19:28:52.951Z,2026-09-02T19:28:53.498Z,5046,17,17,90e238f9191e18eeb75627616cda66475ffa33df381f0287ac22f082079ee268,1s,AVG,90e238f9191e18eeb75627616cda66475ffa33df381f0287ac22f082079ee268,2026-09-02T19:28:45.079Z,2026-09-02T19:28:52.951Z,2026-09-02T19:28:52.951Z,4046
speed,CAN_VEHICLE_SPEED,HF_HISTORICAL,2026-09-02T19:28:47.079Z,2026-09-02T19:28:53.498Z,2026-09-02T19:28:52.951Z,2026-09-02T19:28:53.498Z,5051,42,42,163b97546dd1f5ebb38c20991dd9f0c1f3d0f3f8acfb61ce12e9c1e308f100e9,1s,AVG,163b97546dd1f5ebb38c20991dd9f0c1f3d0f3f8acfb61ce12e9c1e308f100e9,2026-09-02T19:28:45.079Z,2026-09-02T19:28:52.951Z,2026-09-02T19:28:52.951Z,4051
speed,CAN_VEHICLE_SPEED,HF_HISTORICAL,2026-09-02T19:28:48.079Z,2026-09-02T19:28:53.498Z,2026-09-02T19:28:52.951Z,2026-09-02T19:28:53.498Z,5056,46,46,12b84ce48d6f6e6521dc56296a03a1ac276f1d9bfbe2246cae2523aea2ceb2f8,1s,AVG,12b84ce48d6f6e6521dc56296a03a1ac276f1d9bfbe2246cae2523aea2ceb2f8,2026-09-02T19:28:45.079Z,2026-09-02T19:28:52.951Z,2026-09-02T19:28:52.951Z,4056
speed,CAN_VEHICLE_SPEED,LATEST_LIVE,2026-09-02T19:28:55.000Z,2026-09-02T19:28:59.183Z,2026-09-02T19:28:58.905Z,2026-09-02T19:28:59.183Z,5061,0,"{""value"":0,""timestamp"":""2026-09-02T19:28:55Z""}",,,,,,,,4061
speed,CAN_VEHICLE_SPEED,HF_HISTORICAL,2026-09-02T19:28:50.951Z,2026-09-02T19:28:59.446Z,2026-09-02T19:28:59.185Z,2026-09-02T19:28:59.446Z,5066,37,37,5007f42d5b9d14cbbee41f99c39f4cb94c2e8706682bef58da1b1307fee300c2,1s,AVG,5007f42d5b9d14cbbee41f99c39f4cb94c2e8706682bef58da1b1307fee300c2,2026-09-02T19:28:50.951Z,2026-09-02T19:28:59.185Z,2026-09-02T19:28:59.185Z,4066
speed,CAN_VEHICLE_SPEED,HF_HISTORICAL,2026-09-02T19:28:51.951Z,2026-09-02T19:28:59.446Z,2026-09-02T19:28:59.185Z,2026-09-02T19:28:59.446Z,5071,0,0,468945f2badc11cab2a543e1209f23d9700f3f140fd9559e9b7fbb4a7ec4a9c9,1s,AVG,468945f2badc11cab2a543e1209f23d9700f3f140fd9559e9b7fbb4a7ec4a9c9,2026-09-02T19:28:50.951Z,2026-09-02T19:28:59.185Z,2026-09-02T19:28:59.185Z,4071
speed,CAN_VEHICLE_SPEED,HF_HISTORICAL,2026-09-02T19:28:53.951Z,2026-09-02T19:28:59.446Z,2026-09-02T19:28:59.185Z,2026-09-02T19:28:59.446Z,5076,0,0,8ad58ac0dacdbd42c8196d936b2c648f59e97cfd9c0f7d3f23c8e8f9149eb947,1s,AVG,8ad58ac0dacdbd42c8196d936b2c648f59e97cfd9c0f7d3f23c8e8f9149eb947,2026-09-02T19:28:50.951Z,2026-09-02T19:28:59.185Z,2026-09-02T19:28:59.185Z,4076
speed,CAN_VEHICLE_SPEED,HF_HISTORICAL,2026-09-02T19:28:54.951Z,2026-09-02T19:28:59.446Z,2026-09-02T19:28:59.185Z,2026-09-02T19:28:59.446Z,5081,0,0,4763a6833f3e3380e3bb2384c58111322dfc1fe36d3e7b06c942a4ffa637a161,1s,AVG,4763a6833f3e3380e3bb2384c58111322dfc1fe36d3e7b06c942a4ffa637a161,2026-09-02T19:28:50.951Z,2026-09-02T19:28:59.185Z,2026-09-02T19:28:59.185Z,4081
speed,CAN_VEHICLE_SPEED,LATEST_LIVE,2026-09-02T19:29:01.000Z,2026-09-02T19:29:05.106Z,2026-09-02T19:29:04.854Z,2026-09-02T19:29:05.106Z,5086,1,"{""value"":1,""timestamp"":""2026-09-02T19:29:01Z""}",,,,,,,,4086
speed,CAN_VEHICLE_SPEED,HF_HISTORICAL,2026-09-02T19:28:57.185Z,2026-09-02T19:29:05.334Z,2026-09-02T19:29:05.110Z,2026-09-02T19:29:05.334Z,5091,0,0,3a2c6fb70ae8d2c4de83fcd9f824213e73d756b1904e8eba1975a1033587ae6b,1s,AVG,3a2c6fb70ae8d2c4de83fcd9f824213e73d756b1904e8eba1975a1033587ae6b,2026-09-02T19:28:57.185Z,2026-09-02T19:29:05.110Z,2026-09-02T19:29:05.110Z,4091
speed,CAN_VEHICLE_SPEED,HF_HISTORICAL,2026-09-02T19:29:00.185Z,2026-09-02T19:29:05.334Z,2026-09-02T19:29:05.110Z,2026-09-02T19:29:05.334Z,5094,1,1,51b3b57c56e3cea3e052aa75bcb21e27b49b025749768a56b186a9a9466fe42c,1s,AVG,51b3b57c56e3cea3e052aa75bcb21e27b49b025749768a56b186a9a9466fe42c,2026-09-02T19:28:57.185Z,2026-09-02T19:29:05.110Z,2026-09-02T19:29:05.110Z,4094
speed,CAN_VEHICLE_SPEED,LATEST_LIVE,2026-09-02T19:29:07.000Z,2026-09-02T19:29:10.971Z,2026-09-02T19:29:10.701Z,2026-09-02T19:29:10.971Z,5099,20,"{""value"":20,""timestamp"":""2026-09-02T19:29:07Z""}",,,,,,,,4099
speed,CAN_VEHICLE_SPEED,HF_HISTORICAL,2026-09-02T19:29:03.110Z,2026-09-02T19:29:11.224Z,2026-09-02T19:29:10.972Z,2026-09-02T19:29:11.224Z,5103,0,0,4cbf9c30e743390a01640359f5e2bdcc07b34b19f24d5ee1315ec95402dc625f,1s,AVG,4cbf9c30e743390a01640359f5e2bdcc07b34b19f24d5ee1315ec95402dc625f,2026-09-02T19:29:03.110Z,2026-09-02T19:29:10.972Z,2026-09-02T19:29:10.972Z,4103
speed,CAN_VEHICLE_SPEED,HF_HISTORICAL,2026-09-02T19:29:04.110Z,2026-09-02T19:29:11.224Z,2026-09-02T19:29:10.972Z,2026-09-02T19:29:11.224Z,5108,4,4,ca8a0ea1aa73b51aea687d94bf5f3aa09d5cc19ff2957f2ce7c8d47bd578c808,1s,AVG,ca8a0ea1aa73b51aea687d94bf5f3aa09d5cc19ff2957f2ce7c8d47bd578c808,2026-09-02T19:29:03.110Z,2026-09-02T19:29:10.972Z,2026-09-02T19:29:10.972Z,4108
speed,CAN_VEHICLE_SPEED,HF_HISTORICAL,2026-09-02T19:29:06.110Z,2026-09-02T19:29:11.224Z,2026-09-02T19:29:10.972Z,2026-09-02T19:29:11.224Z,5113,20,20,7356743495bec8cf018a8f3899332d2c586a015fc11b6fd0f5afeadedf0da42a,1s,AVG,7356743495bec8cf018a8f3899332d2c586a015fc11b6fd0f5afeadedf0da42a,2026-09-02T19:29:03.110Z,2026-09-02T19:29:10.972Z,2026-09-02T19:29:10.972Z,4113
speed,CAN_VEHICLE_SPEED,LATEST_LIVE,2026-09-02T19:29:13.000Z,2026-09-02T19:29:16.964Z,2026-09-02T19:29:16.522Z,2026-09-02T19:29:16.964Z,5118,0,"{""value"":0,""timestamp"":""2026-09-02T19:29:13Z""}",,,,,,,,4118
speed,CAN_VEHICLE_SPEED,HF_HISTORICAL,2026-09-02T19:29:08.972Z,2026-09-02T19:29:17.176Z,2026-09-02T19:29:16.965Z,2026-09-02T19:29:17.176Z,5123,35,35,3f9e259af88ffdb53947717d5796d8e65af1b4b4661d734d50938e25bd48953f,1s,AVG,3f9e259af88ffdb53947717d5796d8e65af1b4b4661d734d50938e25bd48953f,2026-09-02T19:29:08.972Z,2026-09-02T19:29:16.965Z,2026-09-02T19:29:16.965Z,4123
speed,CAN_VEHICLE_SPEED,HF_HISTORICAL,2026-09-02T19:29:09.972Z,2026-09-02T19:29:17.176Z,2026-09-02T19:29:16.965Z,2026-09-02T19:29:17.176Z,5128,0,0,ffaefd88c4f16e40db50bb56361f238a85d4a51cbfe308f98cca8f810f37aab5,1s,AVG,ffaefd88c4f16e40db50bb56361f238a85d4a51cbfe308f98cca8f810f37aab5,2026-09-02T19:29:08.972Z,2026-09-02T19:29:16.965Z,2026-09-02T19:29:16.965Z,4128
speed,CAN_VEHICLE_SPEED,HF_HISTORICAL,2026-09-02T19:29:11.972Z,2026-09-02T19:29:17.176Z,2026-09-02T19:29:16.965Z,2026-09-02T19:29:17.176Z,5133,0,0,fa1d5bcdf9e6c33f33e12daa1cefbff649febc680f1933f33d4818442de3893c,1s,AVG,fa1d5bcdf9e6c33f33e12daa1cefbff649febc680f1933f33d4818442de3893c,2026-09-02T19:29:08.972Z,2026-09-02T19:29:16.965Z,2026-09-02T19:29:16.965Z,4133
speed,CAN_VEHICLE_SPEED,HF_HISTORICAL,2026-09-02T19:29:12.972Z,2026-09-02T19:29:17.176Z,2026-09-02T19:29:16.965Z,2026-09-02T19:29:17.176Z,5138,0,0,eafff8211b51d5c6d71cdacff866b5c82249117a215c8fa4cb5d81dc78ea36d2,1s,AVG,eafff8211b51d5c6d71cdacff866b5c82249117a215c8fa4cb5d81dc78ea36d2,2026-09-02T19:29:08.972Z,2026-09-02T19:29:16.965Z,2026-09-02T19:29:16.965Z,4138
speed,CAN_VEHICLE_SPEED,LATEST_LIVE,2026-09-02T19:29:20.000Z,2026-09-02T19:29:23.096Z,2026-09-02T19:29:22.866Z,2026-09-02T19:29:23.096Z,5169,42,"{""value"":42,""timestamp"":""2026-09-02T19:29:20Z""}",,,,,,,,4149
speed,CAN_VEHICLE_SPEED,HF_HISTORICAL,2026-09-02T19:29:15.965Z,2026-09-02T19:29:23.312Z,2026-09-02T19:29:23.098Z,2026-09-02T19:29:23.312Z,5174,0,0,90d3592bd6c31e9d4f1d1b1c3570d44fb20875f28c5003b901a66177670120d1,1s,AVG,90d3592bd6c31e9d4f1d1b1c3570d44fb20875f28c5003b901a66177670120d1,2026-09-02T19:29:14.965Z,2026-09-02T19:29:23.097Z,2026-09-02T19:29:23.097Z,4154
speed,CAN_VEHICLE_SPEED,HF_HISTORICAL,2026-09-02T19:29:16.965Z,2026-09-02T19:29:23.312Z,2026-09-02T19:29:23.098Z,2026-09-02T19:29:23.312Z,5179,0,0,4a3496874e0f32012ee70a7bdb1f9330018a946339fc5f0122698484a8f509b8,1s,AVG,4a3496874e0f32012ee70a7bdb1f9330018a946339fc5f0122698484a8f509b8,2026-09-02T19:29:14.965Z,2026-09-02T19:29:23.097Z,2026-09-02T19:29:23.097Z,4159
speed,CAN_VEHICLE_SPEED,HF_HISTORICAL,2026-09-02T19:29:18.965Z,2026-09-02T19:29:23.312Z,2026-09-02T19:29:23.098Z,2026-09-02T19:29:23.312Z,5184,28,28,79d93ed8ea2af59e7c27de6dda3daa525e8144b4e0f1187284f7db064289c4cb,1s,AVG,79d93ed8ea2af59e7c27de6dda3daa525e8144b4e0f1187284f7db064289c4cb,2026-09-02T19:29:14.965Z,2026-09-02T19:29:23.097Z,2026-09-02T19:29:23.097Z,4164
speed,CAN_VEHICLE_SPEED,HF_HISTORICAL,2026-09-02T19:29:19.965Z,2026-09-02T19:29:23.312Z,2026-09-02T19:29:23.098Z,2026-09-02T19:29:23.312Z,5189,42,42,8ea51414c9bfff0429ac205b9d1a42e6cca29f2fb75954b0405bec5541d32aac,1s,AVG,8ea51414c9bfff0429ac205b9d1a42e6cca29f2fb75954b0405bec5541d32aac,2026-09-02T19:29:14.965Z,2026-09-02T19:29:23.097Z,2026-09-02T19:29:23.097Z,4169
speed,CAN_VEHICLE_SPEED,LATEST_LIVE,2026-09-02T19:29:23.000Z,2026-09-02T19:29:28.928Z,2026-09-02T19:29:28.690Z,2026-09-02T19:29:28.928Z,5194,29,"{""value"":29,""timestamp"":""2026-09-02T19:29:23Z""}",,,,,,,,4174
speed,CAN_VEHICLE_SPEED,HF_HISTORICAL,2026-09-02T19:29:21.097Z,2026-09-02T19:29:29.383Z,2026-09-02T19:29:28.929Z,2026-09-02T19:29:29.383Z,5199,5,5,0b26fce1862e1b95e4e98d1320f0fb3ce955fa9da9dda8a95b27eb10bec7d61b,1s,AVG,0b26fce1862e1b95e4e98d1320f0fb3ce955fa9da9dda8a95b27eb10bec7d61b,2026-09-02T19:29:21.097Z,2026-09-02T19:29:28.929Z,2026-09-02T19:29:28.929Z,4179
speed,CAN_VEHICLE_SPEED,HF_HISTORICAL,2026-09-02T19:29:22.097Z,2026-09-02T19:29:29.383Z,2026-09-02T19:29:28.929Z,2026-09-02T19:29:29.383Z,5204,29,29,fa5ddd0393630ad3af1b662fa96d574541c7b35218655adf83ba5ced437d5d04,1s,AVG,fa5ddd0393630ad3af1b662fa96d574541c7b35218655adf83ba5ced437d5d04,2026-09-02T19:29:21.097Z,2026-09-02T19:29:28.929Z,2026-09-02T19:29:28.929Z,4184
speed,CAN_VEHICLE_SPEED,HF_HISTORICAL,2026-09-02T19:29:24.097Z,2026-09-02T19:29:29.383Z,2026-09-02T19:29:28.929Z,2026-09-02T19:29:29.383Z,5209,51,51,5ea3907e9daf57ad3fb5c7a6556e6a49fa5ce21d1bd6b09b595d32d1ce339ef1,1s,AVG,5ea3907e9daf57ad3fb5c7a6556e6a49fa5ce21d1bd6b09b595d32d1ce339ef1,2026-09-02T19:29:21.097Z,2026-09-02T19:29:28.929Z,2026-09-02T19:29:28.929Z,4189
speed,CAN_VEHICLE_SPEED,LATEST_LIVE,2026-09-02T19:29:28.000Z,2026-09-02T19:29:35.096Z,2026-09-02T19:29:34.828Z,2026-09-02T19:29:35.096Z,5214,0,"{""value"":0,""timestamp"":""2026-09-02T19:29:28Z""}",,,,,,,,4194
speed,CAN_VEHICLE_SPEED,HF_HISTORICAL,2026-09-02T19:29:26.929Z,2026-09-02T19:29:35.299Z,2026-09-02T19:29:35.097Z,2026-09-02T19:29:35.299Z,5219,23,23,afe957f4a12cfaf14f216f57fd063f5a3f24bc6d45fc56989d457e742b70d738,1s,AVG,afe957f4a12cfaf14f216f57fd063f5a3f24bc6d45fc56989d457e742b70d738,2026-09-02T19:29:26.929Z,2026-09-02T19:29:35.097Z,2026-09-02T19:29:35.097Z,4199
speed,CAN_VEHICLE_SPEED,HF_HISTORICAL,2026-09-02T19:29:27.929Z,2026-09-02T19:29:35.299Z,2026-09-02T19:29:35.097Z,2026-09-02T19:29:35.299Z,5224,0,0,71e9b990905c9616bd7f497d3bfa76cbc74bc0a2d7650c6a9c097abfd312ae21,1s,AVG,71e9b990905c9616bd7f497d3bfa76cbc74bc0a2d7650c6a9c097abfd312ae21,2026-09-02T19:29:26.929Z,2026-09-02T19:29:35.097Z,2026-09-02T19:29:35.097Z,4204
speed,CAN_VEHICLE_SPEED,LATEST_LIVE,2026-09-02T19:29:39.000Z,2026-09-02T19:29:40.962Z,2026-09-02T19:29:40.669Z,2026-09-02T19:29:40.962Z,5229,0,"{""value"":0,""timestamp"":""2026-09-02T19:29:39Z""}",,,,,,,,4209
speed,CAN_VEHICLE_SPEED,HF_HISTORICAL,2026-09-02T19:29:34.097Z,2026-09-02T19:29:41.197Z,2026-09-02T19:29:40.963Z,2026-09-02T19:29:41.197Z,5234,28,28,98834370f42c4f5d31f44d59019ff12c9f22d80e86fc513fe442627b20da1ba3,1s,AVG,98834370f42c4f5d31f44d59019ff12c9f22d80e86fc513fe442627b20da1ba3,2026-09-02T19:29:33.097Z,2026-09-02T19:29:40.963Z,2026-09-02T19:29:40.963Z,4214
speed,CAN_VEHICLE_SPEED,HF_HISTORICAL,2026-09-02T19:29:35.097Z,2026-09-02T19:29:41.197Z,2026-09-02T19:29:40.963Z,2026-09-02T19:29:41.197Z,5239,38,38,e3b1914ba302800119fa0bb4042550a3e35d0ad69928fc92e5f559925a39dd46,1s,AVG,e3b1914ba302800119fa0bb4042550a3e35d0ad69928fc92e5f559925a39dd46,2026-09-02T19:29:33.097Z,2026-09-02T19:29:40.963Z,2026-09-02T19:29:40.963Z,4219
speed,CAN_VEHICLE_SPEED,HF_HISTORICAL,2026-09-02T19:29:36.097Z,2026-09-02T19:29:41.197Z,2026-09-02T19:29:40.963Z,2026-09-02T19:29:41.197Z,5244,0,0,7f9cfb0a84e7f8f552b0bb4339c35e148461b223e2def92a30128e56a1989f41,1s,AVG,7f9cfb0a84e7f8f552b0bb4339c35e148461b223e2def92a30128e56a1989f41,2026-09-02T19:29:33.097Z,2026-09-02T19:29:40.963Z,2026-09-02T19:29:40.963Z,4224
speed,CAN_VEHICLE_SPEED,HF_HISTORICAL,2026-09-02T19:29:38.097Z,2026-09-02T19:29:41.197Z,2026-09-02T19:29:40.963Z,2026-09-02T19:29:41.197Z,5249,0,0,985a0f22266d7a5b19eb9c3de55ee6d9cfefb199a7ff9ce76cf1375fb5ebf32b,1s,AVG,985a0f22266d7a5b19eb9c3de55ee6d9cfefb199a7ff9ce76cf1375fb5ebf32b,2026-09-02T19:29:33.097Z,2026-09-02T19:29:40.963Z,2026-09-02T19:29:40.963Z,4229
speed,CAN_VEHICLE_SPEED,LATEST_LIVE,2026-09-02T19:29:42.000Z,2026-09-02T19:29:46.870Z,2026-09-02T19:29:46.495Z,2026-09-02T19:29:46.870Z,5254,40,"{""value"":40,""timestamp"":""2026-09-02T19:29:42Z""}",,,,,,,,4234
speed,CAN_VEHICLE_SPEED,HF_HISTORICAL,2026-09-02T19:29:38.963Z,2026-09-02T19:29:47.094Z,2026-09-02T19:29:46.871Z,2026-09-02T19:29:47.094Z,5259,0,0,66eec20685033379695b49dea6112a84ae691828c9963cba6dba2b2b74823f11,1s,AVG,66eec20685033379695b49dea6112a84ae691828c9963cba6dba2b2b74823f11,2026-09-02T19:29:38.963Z,2026-09-02T19:29:46.871Z,2026-09-02T19:29:46.871Z,4239
speed,CAN_VEHICLE_SPEED,HF_HISTORICAL,2026-09-02T19:29:39.963Z,2026-09-02T19:29:47.094Z,2026-09-02T19:29:46.871Z,2026-09-02T19:29:47.094Z,5264,18,18,b76e15e1c38ea266d543c24e9d246c8f71ba4e7df221374f5b4bd9d8c035b8bd,1s,AVG,b76e15e1c38ea266d543c24e9d246c8f71ba4e7df221374f5b4bd9d8c035b8bd,2026-09-02T19:29:38.963Z,2026-09-02T19:29:46.871Z,2026-09-02T19:29:46.871Z,4244
speed,CAN_VEHICLE_SPEED,HF_HISTORICAL,2026-09-02T19:29:40.963Z,2026-09-02T19:29:47.094Z,2026-09-02T19:29:46.871Z,2026-09-02T19:29:47.094Z,5269,32,32,108979abd3b9381094411593c744ac1645706de9faed17a5867c5ebd010b219e,1s,AVG,108979abd3b9381094411593c744ac1645706de9faed17a5867c5ebd010b219e,2026-09-02T19:29:38.963Z,2026-09-02T19:29:46.871Z,2026-09-02T19:29:46.871Z,4249
speed,CAN_VEHICLE_SPEED,HF_HISTORICAL,2026-09-02T19:29:41.963Z,2026-09-02T19:29:47.094Z,2026-09-02T19:29:46.871Z,2026-09-02T19:29:47.094Z,5274,40,40,2c125e18213ce3c16d21e4e5ce45eee9ddc3714b4c04de530ee38dc9e66e719f,1s,AVG,2c125e18213ce3c16d21e4e5ce45eee9ddc3714b4c04de530ee38dc9e66e719f,2026-09-02T19:29:38.963Z,2026-09-02T19:29:46.871Z,2026-09-02T19:29:46.871Z,4254
speed,CAN_VEHICLE_SPEED,LATEST_LIVE,2026-09-02T19:29:49.000Z,2026-09-02T19:29:52.958Z,2026-09-02T19:29:52.428Z,2026-09-02T19:29:52.958Z,5279,33,"{""value"":33,""timestamp"":""2026-09-02T19:29:49Z""}",,,,,,,,4259
speed,CAN_VEHICLE_SPEED,HF_HISTORICAL,2026-09-02T19:29:45.871Z,2026-09-02T19:29:53.213Z,2026-09-02T19:29:52.959Z,2026-09-02T19:29:53.213Z,5284,45,45,26fc09e37b6e144e76b90d8c746dbe9d378738c34812cb58f34056a2e18cd3c1,1s,AVG,26fc09e37b6e144e76b90d8c746dbe9d378738c34812cb58f34056a2e18cd3c1,2026-09-02T19:29:44.871Z,2026-09-02T19:29:52.959Z,2026-09-02T19:29:52.959Z,4264
speed,CAN_VEHICLE_SPEED,HF_HISTORICAL,2026-09-02T19:29:47.871Z,2026-09-02T19:29:53.213Z,2026-09-02T19:29:52.959Z,2026-09-02T19:29:53.213Z,5289,46,46,7a3c1b816cac16cb4c664e4207d11213892e99f02c02e4fccb041270a7ef665d,1s,AVG,7a3c1b816cac16cb4c664e4207d11213892e99f02c02e4fccb041270a7ef665d,2026-09-02T19:29:44.871Z,2026-09-02T19:29:52.959Z,2026-09-02T19:29:52.959Z,4269
speed,CAN_VEHICLE_SPEED,HF_HISTORICAL,2026-09-02T19:29:48.871Z,2026-09-02T19:29:53.213Z,2026-09-02T19:29:52.959Z,2026-09-02T19:29:53.213Z,5294,33,33,e8992baf4389a5c53554ff0fac15b8d0a013e4c9bb5e8b929d5135fd4792bfcc,1s,AVG,e8992baf4389a5c53554ff0fac15b8d0a013e4c9bb5e8b929d5135fd4792bfcc,2026-09-02T19:29:44.871Z,2026-09-02T19:29:52.959Z,2026-09-02T19:29:52.959Z,4274
speed,CAN_VEHICLE_SPEED,LATEST_LIVE,2026-09-02T19:29:55.000Z,2026-09-02T19:29:59.158Z,2026-09-02T19:29:58.877Z,2026-09-02T19:29:59.158Z,5325,18,"{""value"":18,""timestamp"":""2026-09-02T19:29:55Z""}",,,,,,,,4285
speed,CAN_VEHICLE_SPEED,HF_HISTORICAL,2026-09-02T19:29:50.959Z,2026-09-02T19:29:59.385Z,2026-09-02T19:29:59.159Z,2026-09-02T19:29:59.385Z,5330,23,23,4446e7a9c097db4861ef0e0f68bb8ecfebd772fccd58034d07f3a9bea7a22981,1s,AVG,4446e7a9c097db4861ef0e0f68bb8ecfebd772fccd58034d07f3a9bea7a22981,2026-09-02T19:29:50.959Z,2026-09-02T19:29:59.159Z,2026-09-02T19:29:59.159Z,4290
speed,CAN_VEHICLE_SPEED,HF_HISTORICAL,2026-09-02T19:29:52.959Z,2026-09-02T19:29:59.385Z,2026-09-02T19:29:59.159Z,2026-09-02T19:29:59.385Z,5335,19,19,310f9b6324bc98d8343e4fd3f2cda796d77ac680c96ae422ee4185b253a91e5d,1s,AVG,310f9b6324bc98d8343e4fd3f2cda796d77ac680c96ae422ee4185b253a91e5d,2026-09-02T19:29:50.959Z,2026-09-02T19:29:59.159Z,2026-09-02T19:29:59.159Z,4295
speed,CAN_VEHICLE_SPEED,HF_HISTORICAL,2026-09-02T19:29:53.959Z,2026-09-02T19:29:59.385Z,2026-09-02T19:29:59.159Z,2026-09-02T19:29:59.385Z,5340,18,18,86af07e1a51e7015988ce946b54b0c17d71ff5186c329380561825d0ea25c274,1s,AVG,86af07e1a51e7015988ce946b54b0c17d71ff5186c329380561825d0ea25c274,2026-09-02T19:29:50.959Z,2026-09-02T19:29:59.159Z,2026-09-02T19:29:59.159Z,4300
speed,CAN_VEHICLE_SPEED,HF_HISTORICAL,2026-09-02T19:29:54.959Z,2026-09-02T19:29:59.385Z,2026-09-02T19:29:59.159Z,2026-09-02T19:29:59.385Z,5345,18,18,f19e6d8d66c0978f8b727da85e6ff8667690ec4d85d6b25feb81df7b9f031931,1s,AVG,f19e6d8d66c0978f8b727da85e6ff8667690ec4d85d6b25feb81df7b9f031931,2026-09-02T19:29:50.959Z,2026-09-02T19:29:59.159Z,2026-09-02T19:29:59.159Z,4305
speed,CAN_VEHICLE_SPEED,LATEST_LIVE,2026-09-02T19:29:59.000Z,2026-09-02T19:30:05.011Z,2026-09-02T19:30:04.765Z,2026-09-02T19:30:05.011Z,5350,0,"{""value"":0,""timestamp"":""2026-09-02T19:29:59Z""}",,,,,,,,4310
speed,CAN_VEHICLE_SPEED,HF_HISTORICAL,2026-09-02T19:29:57.159Z,2026-09-02T19:30:05.213Z,2026-09-02T19:30:05.016Z,2026-09-02T19:30:05.213Z,5355,21,21,6ec8118000c0e09dfbc692697fcc8ad69753e209f8dcad4231a3dd40460303cb,1s,AVG,6ec8118000c0e09dfbc692697fcc8ad69753e209f8dcad4231a3dd40460303cb,2026-09-02T19:29:57.159Z,2026-09-02T19:30:05.016Z,2026-09-02T19:30:05.016Z,4315
speed,CAN_VEHICLE_SPEED,HF_HISTORICAL,2026-09-02T19:29:58.159Z,2026-09-02T19:30:05.213Z,2026-09-02T19:30:05.016Z,2026-09-02T19:30:05.213Z,5360,0,0,b281864a3d9504d57fdcef42f333a7006bd75a3f3b24daadd89b4b77314c9e93,1s,AVG,b281864a3d9504d57fdcef42f333a7006bd75a3f3b24daadd89b4b77314c9e93,2026-09-02T19:29:57.159Z,2026-09-02T19:30:05.016Z,2026-09-02T19:30:05.016Z,4320
speed,CAN_VEHICLE_SPEED,LATEST_LIVE,2026-09-02T19:30:07.000Z,2026-09-02T19:30:10.742Z,2026-09-02T19:30:10.500Z,2026-09-02T19:30:10.742Z,5365,50,"{""value"":50,""timestamp"":""2026-09-02T19:30:07Z""}",,,,,,,,4325
speed,CAN_VEHICLE_SPEED,HF_HISTORICAL,2026-09-02T19:30:03.016Z,2026-09-02T19:30:10.951Z,2026-09-02T19:30:10.745Z,2026-09-02T19:30:10.951Z,5370,22,22,10b1848e811e06355238d098d5654d0901faa9ac0ae3f87a45c07852ed3e2661,1s,AVG,10b1848e811e06355238d098d5654d0901faa9ac0ae3f87a45c07852ed3e2661,2026-09-02T19:30:03.016Z,2026-09-02T19:30:10.745Z,2026-09-02T19:30:10.745Z,4330
speed,CAN_VEHICLE_SPEED,HF_HISTORICAL,2026-09-02T19:30:04.016Z,2026-09-02T19:30:10.951Z,2026-09-02T19:30:10.745Z,2026-09-02T19:30:10.951Z,5375,50,50,b4db9c67705d22e841303c49de88036adcafeb740e037a17768c075793bdbeca,1s,AVG,b4db9c67705d22e841303c49de88036adcafeb740e037a17768c075793bdbeca,2026-09-02T19:30:03.016Z,2026-09-02T19:30:10.745Z,2026-09-02T19:30:10.745Z,4335
speed,CAN_VEHICLE_SPEED,HF_HISTORICAL,2026-09-02T19:30:06.016Z,2026-09-02T19:30:10.951Z,2026-09-02T19:30:10.745Z,2026-09-02T19:30:10.951Z,5380,50,50,9e5895763a92ad952a4bff6949061fede41a94335c92c022b13cfb8ea0655aca,1s,AVG,9e5895763a92ad952a4bff6949061fede41a94335c92c022b13cfb8ea0655aca,2026-09-02T19:30:03.016Z,2026-09-02T19:30:10.745Z,2026-09-02T19:30:10.745Z,4340
speed,CAN_VEHICLE_SPEED,LATEST_LIVE,2026-09-02T19:30:13.000Z,2026-09-02T19:30:16.485Z,2026-09-02T19:30:16.229Z,2026-09-02T19:30:16.485Z,5385,52,"{""value"":52,""timestamp"":""2026-09-02T19:30:13Z""}",,,,,,,,4345
speed,CAN_VEHICLE_SPEED,HF_HISTORICAL,2026-09-02T19:30:08.745Z,2026-09-02T19:30:16.711Z,2026-09-02T19:30:16.486Z,2026-09-02T19:30:16.711Z,5390,52,52,1aa09be33eb97354ed6433d0dbf09cd28916957b67876807404c501a4be9200c,1s,AVG,1aa09be33eb97354ed6433d0dbf09cd28916957b67876807404c501a4be9200c,2026-09-02T19:30:08.745Z,2026-09-02T19:30:16.486Z,2026-09-02T19:30:16.486Z,4350
speed,CAN_VEHICLE_SPEED,HF_HISTORICAL,2026-09-02T19:30:10.745Z,2026-09-02T19:30:16.711Z,2026-09-02T19:30:16.486Z,2026-09-02T19:30:16.711Z,5395,58,58,dc279c363d23c952a56e1894bf61e44dd49715bc82f1f04fd68ed9a39c0f6330,1s,AVG,dc279c363d23c952a56e1894bf61e44dd49715bc82f1f04fd68ed9a39c0f6330,2026-09-02T19:30:08.745Z,2026-09-02T19:30:16.486Z,2026-09-02T19:30:16.486Z,4355
speed,CAN_VEHICLE_SPEED,HF_HISTORICAL,2026-09-02T19:30:12.745Z,2026-09-02T19:30:16.711Z,2026-09-02T19:30:16.486Z,2026-09-02T19:30:16.711Z,5400,52,52,37e32d89ba07ab2276691b78503592f3e0ed5c3942c05e0c36927cb0f5b51690,1s,AVG,37e32d89ba07ab2276691b78503592f3e0ed5c3942c05e0c36927cb0f5b51690,2026-09-02T19:30:08.745Z,2026-09-02T19:30:16.486Z,2026-09-02T19:30:16.486Z,4360
speed,CAN_VEHICLE_SPEED,LATEST_LIVE,2026-09-02T19:30:18.000Z,2026-09-02T19:30:22.299Z,2026-09-02T19:30:22.069Z,2026-09-02T19:30:22.299Z,5405,44,"{""value"":44,""timestamp"":""2026-09-02T19:30:18Z""}",,,,,,,,4365
speed,CAN_VEHICLE_SPEED,HF_HISTORICAL,2026-09-02T19:30:16.486Z,2026-09-02T19:30:22.509Z,2026-09-02T19:30:22.300Z,2026-09-02T19:30:22.509Z,5410,48,48,22f00a58cea4e98c94c049bf1564bea730f813aa98ff7036a4635da8177c8afc,1s,AVG,22f00a58cea4e98c94c049bf1564bea730f813aa98ff7036a4635da8177c8afc,2026-09-02T19:30:14.486Z,2026-09-02T19:30:22.300Z,2026-09-02T19:30:22.300Z,4370
speed,CAN_VEHICLE_SPEED,HF_HISTORICAL,2026-09-02T19:30:17.486Z,2026-09-02T19:30:22.509Z,2026-09-02T19:30:22.300Z,2026-09-02T19:30:22.509Z,5415,44,44,724f21cf88ff625e085669a58d625804385f5b91c0de93c1100cecf4d551cf68,1s,AVG,724f21cf88ff625e085669a58d625804385f5b91c0de93c1100cecf4d551cf68,2026-09-02T19:30:14.486Z,2026-09-02T19:30:22.300Z,2026-09-02T19:30:22.300Z,4375
speed,CAN_VEHICLE_SPEED,LATEST_LIVE,2026-09-02T19:30:23.000Z,2026-09-02T19:30:28.207Z,2026-09-02T19:30:27.811Z,2026-09-02T19:30:28.207Z,5420,0,"{""value"":0,""timestamp"":""2026-09-02T19:30:23Z""}",,,,,,,,4380
speed,CAN_VEHICLE_SPEED,HF_HISTORICAL,2026-09-02T19:30:20.300Z,2026-09-02T19:30:28.457Z,2026-09-02T19:30:28.209Z,2026-09-02T19:30:28.457Z,5425,0,0,072e5916fe3b6e3af9e2ddc774ce6189525d62ade564135c864fea60af7dc8a1,1s,AVG,072e5916fe3b6e3af9e2ddc774ce6189525d62ade564135c864fea60af7dc8a1,2026-09-02T19:30:20.300Z,2026-09-02T19:30:28.209Z,2026-09-02T19:30:28.209Z,4385
speed,CAN_VEHICLE_SPEED,HF_HISTORICAL,2026-09-02T19:30:22.300Z,2026-09-02T19:30:28.457Z,2026-09-02T19:30:28.209Z,2026-09-02T19:30:28.457Z,5430,0,0,df442d597abb022f9c3cb21b1023d7ae34b87e4e3ffcb61cf03133aa50f17904,1s,AVG,df442d597abb022f9c3cb21b1023d7ae34b87e4e3ffcb61cf03133aa50f17904,2026-09-02T19:30:20.300Z,2026-09-02T19:30:28.209Z,2026-09-02T19:30:28.209Z,4390
speed,CAN_VEHICLE_SPEED,LATEST_LIVE,2026-09-02T19:30:29.000Z,2026-09-02T19:30:34.865Z,2026-09-02T19:30:34.528Z,2026-09-02T19:30:34.865Z,5461,0,"{""value"":0,""timestamp"":""2026-09-02T19:30:29Z""}",,,,,,,,4401
speed,CAN_VEHICLE_SPEED,HF_HISTORICAL,2026-09-02T19:30:26.209Z,2026-09-02T19:30:35.066Z,2026-09-02T19:30:34.866Z,2026-09-02T19:30:35.066Z,5466,7,7,8cf2a7a12913f9d10179a0bcccf8754f9d1eff450ffc5a394146cfd3b26bb422,1s,AVG,8cf2a7a12913f9d10179a0bcccf8754f9d1eff450ffc5a394146cfd3b26bb422,2026-09-02T19:30:26.209Z,2026-09-02T19:30:34.866Z,2026-09-02T19:30:34.866Z,4406
speed,CAN_VEHICLE_SPEED,HF_HISTORICAL,2026-09-02T19:30:28.209Z,2026-09-02T19:30:35.066Z,2026-09-02T19:30:34.866Z,2026-09-02T19:30:35.066Z,5471,0,0,5e6592696fbb48b0566432b95f2c0fc00fb26bd684d2e0f813aa6d4a59b8f64f,1s,AVG,5e6592696fbb48b0566432b95f2c0fc00fb26bd684d2e0f813aa6d4a59b8f64f,2026-09-02T19:30:26.209Z,2026-09-02T19:30:34.866Z,2026-09-02T19:30:34.866Z,4411
speed,CAN_VEHICLE_SPEED,LATEST_LIVE,2026-09-02T19:30:37.000Z,2026-09-02T19:30:40.662Z,2026-09-02T19:30:40.380Z,2026-09-02T19:30:40.662Z,5476,31,"{""value"":31,""timestamp"":""2026-09-02T19:30:37Z""}",,,,,,,,4416
speed,CAN_VEHICLE_SPEED,HF_HISTORICAL,2026-09-02T19:30:32.866Z,2026-09-02T19:30:40.870Z,2026-09-02T19:30:40.663Z,2026-09-02T19:30:40.870Z,5481,30,30,136c662b648e0596ae7e5783582856d0718971c349380d2d5463d3a9982e3243,1s,AVG,136c662b648e0596ae7e5783582856d0718971c349380d2d5463d3a9982e3243,2026-09-02T19:30:32.866Z,2026-09-02T19:30:40.663Z,2026-09-02T19:30:40.663Z,4421
speed,CAN_VEHICLE_SPEED,HF_HISTORICAL,2026-09-02T19:30:33.866Z,2026-09-02T19:30:40.870Z,2026-09-02T19:30:40.663Z,2026-09-02T19:30:40.870Z,5486,26,26,558b485ad02c5075e0d26da504f2468f0abbe904ea68f4fe7635c1e21bcd9650,1s,AVG,558b485ad02c5075e0d26da504f2468f0abbe904ea68f4fe7635c1e21bcd9650,2026-09-02T19:30:32.866Z,2026-09-02T19:30:40.663Z,2026-09-02T19:30:40.663Z,4426
speed,CAN_VEHICLE_SPEED,HF_HISTORICAL,2026-09-02T19:30:35.866Z,2026-09-02T19:30:40.870Z,2026-09-02T19:30:40.663Z,2026-09-02T19:30:40.870Z,5491,35,35,6537176be27c9569e6070e9febdaf5cd3ffa72051b13cb6cf9a2e2c0ba152d73,1s,AVG,6537176be27c9569e6070e9febdaf5cd3ffa72051b13cb6cf9a2e2c0ba152d73,2026-09-02T19:30:32.866Z,2026-09-02T19:30:40.663Z,2026-09-02T19:30:40.663Z,4431
speed,CAN_VEHICLE_SPEED,HF_HISTORICAL,2026-09-02T19:30:36.866Z,2026-09-02T19:30:40.870Z,2026-09-02T19:30:40.663Z,2026-09-02T19:30:40.870Z,5496,31,31,d923ab0898433c56000fee140799504a7cb15ce33cb10b439665737477636dd7,1s,AVG,d923ab0898433c56000fee140799504a7cb15ce33cb10b439665737477636dd7,2026-09-02T19:30:32.866Z,2026-09-02T19:30:40.663Z,2026-09-02T19:30:40.663Z,4436
speed,CAN_VEHICLE_SPEED,LATEST_LIVE,2026-09-02T19:30:41.000Z,2026-09-02T19:30:46.504Z,2026-09-02T19:30:46.220Z,2026-09-02T19:30:46.504Z,5501,25,"{""value"":25,""timestamp"":""2026-09-02T19:30:41Z""}",,,,,,,,4441
speed,CAN_VEHICLE_SPEED,HF_HISTORICAL,2026-09-02T19:30:38.663Z,2026-09-02T19:30:46.839Z,2026-09-02T19:30:46.506Z,2026-09-02T19:30:46.839Z,5506,47,47,e819dad1f5fd306c1808478a382cd340638716519768bbb6cd006db36833e710,1s,AVG,e819dad1f5fd306c1808478a382cd340638716519768bbb6cd006db36833e710,2026-09-02T19:30:38.663Z,2026-09-02T19:30:46.506Z,2026-09-02T19:30:46.506Z,4446
speed,CAN_VEHICLE_SPEED,HF_HISTORICAL,2026-09-02T19:30:40.663Z,2026-09-02T19:30:46.839Z,2026-09-02T19:30:46.506Z,2026-09-02T19:30:46.839Z,5511,25,25,667a8825f953f8138f8d0f34588feb972b833eda17bd68981f72cda717b300b1,1s,AVG,667a8825f953f8138f8d0f34588feb972b833eda17bd68981f72cda717b300b1,2026-09-02T19:30:38.663Z,2026-09-02T19:30:46.506Z,2026-09-02T19:30:46.506Z,4451
speed,CAN_VEHICLE_SPEED,LATEST_LIVE,2026-09-02T19:30:41.000Z,2026-09-02T19:30:52.448Z,2026-09-02T19:30:52.249Z,2026-09-02T19:30:52.448Z,5516,25,"{""value"":25,""timestamp"":""2026-09-02T19:30:41Z""}",,,,,,,,4456
speed,CAN_VEHICLE_SPEED,LATEST_LIVE,2026-09-02T19:30:41.000Z,2026-09-02T19:30:58.227Z,2026-09-02T19:30:57.985Z,2026-09-02T19:30:58.227Z,5521,25,"{""value"":25,""timestamp"":""2026-09-02T19:30:41Z""}",,,,,,,,4461
speed,CAN_VEHICLE_SPEED,LATEST_LIVE,2026-09-02T19:30:41.000Z,2026-09-02T19:31:03.970Z,2026-09-02T19:31:03.732Z,2026-09-02T19:31:03.970Z,5526,25,"{""value"":25,""timestamp"":""2026-09-02T19:30:41Z""}",,,,,,,,4466
speed,CAN_VEHICLE_SPEED,HF_HISTORICAL,2026-09-02T19:31:00.228Z,2026-09-02T19:31:04.175Z,2026-09-02T19:31:03.972Z,2026-09-02T19:31:04.175Z,5531,26,26,7f7f13fbf18aa8281633b4e62e1e9383d9ccfcae7a1f752f115bcd5c4dbfa7f4,1s,AVG,7f7f13fbf18aa8281633b4e62e1e9383d9ccfcae7a1f752f115bcd5c4dbfa7f4,2026-09-02T19:30:56.228Z,2026-09-02T19:31:03.971Z,2026-09-02T19:31:03.971Z,4471
speed,CAN_VEHICLE_SPEED,LATEST_LIVE,2026-09-02T19:31:04.000Z,2026-09-02T19:31:10.023Z,2026-09-02T19:31:09.777Z,2026-09-02T19:31:10.023Z,5562,32,"{""value"":32,""timestamp"":""2026-09-02T19:31:04Z""}",,,,,,,,4482
speed,CAN_VEHICLE_SPEED,HF_HISTORICAL,2026-09-02T19:31:01.971Z,2026-09-02T19:31:10.236Z,2026-09-02T19:31:10.025Z,2026-09-02T19:31:10.236Z,5567,30,30,5c69c795ced91ec461b0e6a6912ed9a2e533e7baf764d1d6f5ee22e4ee2502d2,1s,AVG,5c69c795ced91ec461b0e6a6912ed9a2e533e7baf764d1d6f5ee22e4ee2502d2,2026-09-02T19:31:01.971Z,2026-09-02T19:31:10.025Z,2026-09-02T19:31:10.025Z,4487
speed,CAN_VEHICLE_SPEED,HF_HISTORICAL,2026-09-02T19:31:02.971Z,2026-09-02T19:31:10.236Z,2026-09-02T19:31:10.025Z,2026-09-02T19:31:10.236Z,5572,32,32,6faae6db55b805cfa50ca34221ec62ffdfeff855d56ddb7060a609b9d5cf169a,1s,AVG,6faae6db55b805cfa50ca34221ec62ffdfeff855d56ddb7060a609b9d5cf169a,2026-09-02T19:31:01.971Z,2026-09-02T19:31:10.025Z,2026-09-02T19:31:10.025Z,4492
speed,CAN_VEHICLE_SPEED,HF_HISTORICAL,2026-09-02T19:31:03.971Z,2026-09-02T19:31:10.236Z,2026-09-02T19:31:10.025Z,2026-09-02T19:31:10.236Z,5577,32,32,b2de191a9080c2b3117e9ae39b621022c694fd4b8241314932355455d6342530,1s,AVG,b2de191a9080c2b3117e9ae39b621022c694fd4b8241314932355455d6342530,2026-09-02T19:31:01.971Z,2026-09-02T19:31:10.025Z,2026-09-02T19:31:10.025Z,4497
speed,CAN_VEHICLE_SPEED,HF_HISTORICAL,2026-09-02T19:31:05.971Z,2026-09-02T19:31:10.236Z,2026-09-02T19:31:10.025Z,2026-09-02T19:31:10.236Z,5582,32,32,54aeb744bb67d0f0ddad2dd322a9846fb97d5724f70883fd43ac48d7541e6bcf,1s,AVG,54aeb744bb67d0f0ddad2dd322a9846fb97d5724f70883fd43ac48d7541e6bcf,2026-09-02T19:31:01.971Z,2026-09-02T19:31:10.025Z,2026-09-02T19:31:10.025Z,4502
speed,CAN_VEHICLE_SPEED,HF_HISTORICAL,2026-09-02T19:31:06.971Z,2026-09-02T19:31:10.236Z,2026-09-02T19:31:10.025Z,2026-09-02T19:31:10.236Z,5587,32,32,a777d6174f101c879f4ba3723d2d6e72b5a86421c9a6afda2e916270e0aea5c6,1s,AVG,a777d6174f101c879f4ba3723d2d6e72b5a86421c9a6afda2e916270e0aea5c6,2026-09-02T19:31:01.971Z,2026-09-02T19:31:10.025Z,2026-09-02T19:31:10.025Z,4507
speed,CAN_VEHICLE_SPEED,LATEST_LIVE,2026-09-02T19:31:12.000Z,2026-09-02T19:31:15.766Z,2026-09-02T19:31:15.506Z,2026-09-02T19:31:15.766Z,5592,32,"{""value"":32,""timestamp"":""2026-09-02T19:31:12Z""}",,,,,,,,4512
speed,CAN_VEHICLE_SPEED,HF_HISTORICAL,2026-09-02T19:31:08.025Z,2026-09-02T19:31:16.193Z,2026-09-02T19:31:15.767Z,2026-09-02T19:31:16.193Z,5597,36,36,1f30861f2d4a2b1bc504ee92ae88f4a8363d7ae36620e7b66073c4185fe7458a,1s,AVG,1f30861f2d4a2b1bc504ee92ae88f4a8363d7ae36620e7b66073c4185fe7458a,2026-09-02T19:31:08.025Z,2026-09-02T19:31:15.767Z,2026-09-02T19:31:15.767Z,4517
speed,CAN_VEHICLE_SPEED,HF_HISTORICAL,2026-09-02T19:31:09.025Z,2026-09-02T19:31:16.193Z,2026-09-02T19:31:15.767Z,2026-09-02T19:31:16.193Z,5602,35,35,0077d52beffac8814f2621a89f3175ccb7729092263cb0b68cd85aa838332699,1s,AVG,0077d52beffac8814f2621a89f3175ccb7729092263cb0b68cd85aa838332699,2026-09-02T19:31:08.025Z,2026-09-02T19:31:15.767Z,2026-09-02T19:31:15.767Z,4522
speed,CAN_VEHICLE_SPEED,HF_HISTORICAL,2026-09-02T19:31:11.025Z,2026-09-02T19:31:16.193Z,2026-09-02T19:31:15.767Z,2026-09-02T19:31:16.193Z,5607,32,32,cd70ad9482aa1881462bd474363cebaf8d7bf754343894577a27e9d49fd44b24,1s,AVG,cd70ad9482aa1881462bd474363cebaf8d7bf754343894577a27e9d49fd44b24,2026-09-02T19:31:08.025Z,2026-09-02T19:31:15.767Z,2026-09-02T19:31:15.767Z,4527
speed,CAN_VEHICLE_SPEED,LATEST_LIVE,2026-09-02T19:31:18.000Z,2026-09-02T19:31:21.748Z,2026-09-02T19:31:21.548Z,2026-09-02T19:31:21.748Z,5612,35,"{""value"":35,""timestamp"":""2026-09-02T19:31:18Z""}",,,,,,,,4532
speed,CAN_VEHICLE_SPEED,HF_HISTORICAL,2026-09-02T19:31:14.767Z,2026-09-02T19:31:21.968Z,2026-09-02T19:31:21.749Z,2026-09-02T19:31:21.968Z,5617,29,29,1f96618e0f55b7d1dd900eb7c70e3ea60fde6b1922480f2ba7a74b3c3d8b593d,1s,AVG,1f96618e0f55b7d1dd900eb7c70e3ea60fde6b1922480f2ba7a74b3c3d8b593d,2026-09-02T19:31:13.767Z,2026-09-02T19:31:21.749Z,2026-09-02T19:31:21.749Z,4537
speed,CAN_VEHICLE_SPEED,HF_HISTORICAL,2026-09-02T19:31:17.767Z,2026-09-02T19:31:21.968Z,2026-09-02T19:31:21.749Z,2026-09-02T19:31:21.968Z,5622,35,35,4480dd3b465c1c3f50c740546904124aa45a1e4a061ccfaff95099267b736d9c,1s,AVG,4480dd3b465c1c3f50c740546904124aa45a1e4a061ccfaff95099267b736d9c,2026-09-02T19:31:13.767Z,2026-09-02T19:31:21.749Z,2026-09-02T19:31:21.749Z,4542
speed,CAN_VEHICLE_SPEED,LATEST_LIVE,2026-09-02T19:31:24.000Z,2026-09-02T19:31:27.539Z,2026-09-02T19:31:27.284Z,2026-09-02T19:31:27.539Z,5627,10,"{""value"":10,""timestamp"":""2026-09-02T19:31:24Z""}",,,,,,,,4547
speed,CAN_VEHICLE_SPEED,HF_HISTORICAL,2026-09-02T19:31:19.749Z,2026-09-02T19:31:27.782Z,2026-09-02T19:31:27.541Z,2026-09-02T19:31:27.782Z,5632,35,35,49764f8f5636845b8b7d036b427527d16c90c40f7bfb621d75076adab50ad5bd,1s,AVG,49764f8f5636845b8b7d036b427527d16c90c40f7bfb621d75076adab50ad5bd,2026-09-02T19:31:19.749Z,2026-09-02T19:31:27.540Z,2026-09-02T19:31:27.540Z,4552
speed,CAN_VEHICLE_SPEED,HF_HISTORICAL,2026-09-02T19:31:20.749Z,2026-09-02T19:31:27.782Z,2026-09-02T19:31:27.541Z,2026-09-02T19:31:27.782Z,5637,17,17,44176d15e1c48ddd6df52585e620b7bf6cb7e9cb8ee63a363e29270d935e6620,1s,AVG,44176d15e1c48ddd6df52585e620b7bf6cb7e9cb8ee63a363e29270d935e6620,2026-09-02T19:31:19.749Z,2026-09-02T19:31:27.540Z,2026-09-02T19:31:27.540Z,4557
speed,CAN_VEHICLE_SPEED,HF_HISTORICAL,2026-09-02T19:31:22.749Z,2026-09-02T19:31:27.782Z,2026-09-02T19:31:27.541Z,2026-09-02T19:31:27.782Z,5642,16,16,b6c1b30fa3251096172a07235b57899f39269150d99f0f740e21b52544d07d30,1s,AVG,b6c1b30fa3251096172a07235b57899f39269150d99f0f740e21b52544d07d30,2026-09-02T19:31:19.749Z,2026-09-02T19:31:27.540Z,2026-09-02T19:31:27.540Z,4562
speed,CAN_VEHICLE_SPEED,HF_HISTORICAL,2026-09-02T19:31:23.749Z,2026-09-02T19:31:27.782Z,2026-09-02T19:31:27.541Z,2026-09-02T19:31:27.782Z,5647,10,10,acabf22f3daf7cd63ae8f48f7950a36cbfe0234b275fa407024026a70da9dc3d,1s,AVG,acabf22f3daf7cd63ae8f48f7950a36cbfe0234b275fa407024026a70da9dc3d,2026-09-02T19:31:19.749Z,2026-09-02T19:31:27.540Z,2026-09-02T19:31:27.540Z,4567
speed,CAN_VEHICLE_SPEED,LATEST_LIVE,2026-09-02T19:31:29.000Z,2026-09-02T19:31:33.333Z,2026-09-02T19:31:33.111Z,2026-09-02T19:31:33.333Z,5652,9,"{""value"":9,""timestamp"":""2026-09-02T19:31:29Z""}",,,,,,,,4572
speed,CAN_VEHICLE_SPEED,HF_HISTORICAL,2026-09-02T19:31:25.540Z,2026-09-02T19:31:33.562Z,2026-09-02T19:31:33.334Z,2026-09-02T19:31:33.562Z,5657,12,12,985cc1a68a970582c93c8fe62dc363cdbf6b0f6727783769307c8ee289a363f5,1s,AVG,985cc1a68a970582c93c8fe62dc363cdbf6b0f6727783769307c8ee289a363f5,2026-09-02T19:31:25.540Z,2026-09-02T19:31:33.334Z,2026-09-02T19:31:33.334Z,4577
speed,CAN_VEHICLE_SPEED,HF_HISTORICAL,2026-09-02T19:31:26.540Z,2026-09-02T19:31:33.562Z,2026-09-02T19:31:33.334Z,2026-09-02T19:31:33.562Z,5662,18,18,e3c26eafe7a82f0dc1826ca7a1ff1f4739de9fb87a3e2ee057d484554310ee54,1s,AVG,e3c26eafe7a82f0dc1826ca7a1ff1f4739de9fb87a3e2ee057d484554310ee54,2026-09-02T19:31:25.540Z,2026-09-02T19:31:33.334Z,2026-09-02T19:31:33.334Z,4582
speed,CAN_VEHICLE_SPEED,HF_HISTORICAL,2026-09-02T19:31:27.540Z,2026-09-02T19:31:33.562Z,2026-09-02T19:31:33.334Z,2026-09-02T19:31:33.562Z,5667,2,2,141fd3bafbdabe5b24d050fed07bb2c67da4600480db477e6d55f0c1a2d16a13,1s,AVG,141fd3bafbdabe5b24d050fed07bb2c67da4600480db477e6d55f0c1a2d16a13,2026-09-02T19:31:25.540Z,2026-09-02T19:31:33.334Z,2026-09-02T19:31:33.334Z,4587
speed,CAN_VEHICLE_SPEED,HF_HISTORICAL,2026-09-02T19:31:28.540Z,2026-09-02T19:31:33.562Z,2026-09-02T19:31:33.334Z,2026-09-02T19:31:33.562Z,5672,9,9,1410d38e88ce4f7c9fac49148ed36bb90b4a8d106357f8a500cfdb4c08c9ec6e,1s,AVG,1410d38e88ce4f7c9fac49148ed36bb90b4a8d106357f8a500cfdb4c08c9ec6e,2026-09-02T19:31:25.540Z,2026-09-02T19:31:33.334Z,2026-09-02T19:31:33.334Z,4592
speed,CAN_VEHICLE_SPEED,LATEST_LIVE,2026-09-02T19:31:34.000Z,2026-09-02T19:31:39.359Z,2026-09-02T19:31:38.857Z,2026-09-02T19:31:39.359Z,5677,11,"{""value"":11,""timestamp"":""2026-09-02T19:31:34Z""}",,,,,,,,4597
speed,CAN_VEHICLE_SPEED,HF_HISTORICAL,2026-09-02T19:31:31.334Z,2026-09-02T19:31:39.740Z,2026-09-02T19:31:39.360Z,2026-09-02T19:31:39.740Z,5682,7,7,af32bb88800452e976b0ff756b1db77d98d7653cf4359e7327e8bc58cde9e481,1s,AVG,af32bb88800452e976b0ff756b1db77d98d7653cf4359e7327e8bc58cde9e481,2026-09-02T19:31:31.334Z,2026-09-02T19:31:39.360Z,2026-09-02T19:31:39.360Z,4602
speed,CAN_VEHICLE_SPEED,HF_HISTORICAL,2026-09-02T19:31:32.334Z,2026-09-02T19:31:39.740Z,2026-09-02T19:31:39.360Z,2026-09-02T19:31:39.740Z,5687,4,4,d16ea3beeccae8a1b7f639807790e831cce7aa109128b201416fa70fc9a0700d,1s,AVG,d16ea3beeccae8a1b7f639807790e831cce7aa109128b201416fa70fc9a0700d,2026-09-02T19:31:31.334Z,2026-09-02T19:31:39.360Z,2026-09-02T19:31:39.360Z,4607
speed,CAN_VEHICLE_SPEED,HF_HISTORICAL,2026-09-02T19:31:33.334Z,2026-09-02T19:31:39.740Z,2026-09-02T19:31:39.360Z,2026-09-02T19:31:39.740Z,5692,11,11,80325926a459fa9e44ea818679d5a750a82d3ed4b93a15bf711519b2a13035d6,1s,AVG,80325926a459fa9e44ea818679d5a750a82d3ed4b93a15bf711519b2a13035d6,2026-09-02T19:31:31.334Z,2026-09-02T19:31:39.360Z,2026-09-02T19:31:39.360Z,4612
speed,CAN_VEHICLE_SPEED,LATEST_LIVE,2026-09-02T19:31:43.000Z,2026-09-02T19:31:46.330Z,2026-09-02T19:31:45.892Z,2026-09-02T19:31:46.330Z,5723,5,"{""value"":5,""timestamp"":""2026-09-02T19:31:43Z""}",,,,,,,,4623
speed,CAN_VEHICLE_SPEED,HF_HISTORICAL,2026-09-02T19:31:39.360Z,2026-09-02T19:31:48.422Z,2026-09-02T19:31:46.331Z,2026-09-02T19:31:48.422Z,5728,10,10,f8e63baa3a58340bb8e84b5b9254b9cd803eff31ff68ce987ae3dbcfeda1aa23,1s,AVG,f8e63baa3a58340bb8e84b5b9254b9cd803eff31ff68ce987ae3dbcfeda1aa23,2026-09-02T19:31:37.360Z,2026-09-02T19:31:46.331Z,2026-09-02T19:31:46.331Z,4628
speed,CAN_VEHICLE_SPEED,HF_HISTORICAL,2026-09-02T19:31:41.360Z,2026-09-02T19:31:48.422Z,2026-09-02T19:31:46.331Z,2026-09-02T19:31:48.422Z,5733,16,16,44890097184f6f34266b3690062dd5559943b8070f3a9f5832a20c907c6e41a0,1s,AVG,44890097184f6f34266b3690062dd5559943b8070f3a9f5832a20c907c6e41a0,2026-09-02T19:31:37.360Z,2026-09-02T19:31:46.331Z,2026-09-02T19:31:46.331Z,4633
speed,CAN_VEHICLE_SPEED,HF_HISTORICAL,2026-09-02T19:31:42.360Z,2026-09-02T19:31:48.422Z,2026-09-02T19:31:46.331Z,2026-09-02T19:31:48.422Z,5738,5,5,62ad332b72b4b0729305da221faa65fba669ba9b9400413d842e1113e84db199,1s,AVG,62ad332b72b4b0729305da221faa65fba669ba9b9400413d842e1113e84db199,2026-09-02T19:31:37.360Z,2026-09-02T19:31:46.331Z,2026-09-02T19:31:46.331Z,4638
speed,CAN_VEHICLE_SPEED,LATEST_LIVE,2026-09-02T19:31:45.000Z,2026-09-02T19:31:54.085Z,2026-09-02T19:31:53.833Z,2026-09-02T19:31:54.085Z,5743,2,"{""value"":2,""timestamp"":""2026-09-02T19:31:45Z""}",,,,,,,,4643
speed,CAN_VEHICLE_SPEED,HF_HISTORICAL,2026-09-02T19:31:44.331Z,2026-09-02T19:31:54.298Z,2026-09-02T19:31:54.086Z,2026-09-02T19:31:54.298Z,5748,2,2,ed6ef93dd94a57d6e9cc004c3663f84b4d24577ec0cb6e18f7e0f9f2605cc8be,1s,AVG,ed6ef93dd94a57d6e9cc004c3663f84b4d24577ec0cb6e18f7e0f9f2605cc8be,2026-09-02T19:31:44.331Z,2026-09-02T19:31:54.086Z,2026-09-02T19:31:54.086Z,4648
speed,CAN_VEHICLE_SPEED,LATEST_LIVE,2026-09-02T19:31:55.000Z,2026-09-02T19:32:00.013Z,2026-09-02T19:31:59.560Z,2026-09-02T19:32:00.013Z,5753,0,"{""value"":0,""timestamp"":""2026-09-02T19:31:55Z""}",,,,,,,,4653
speed,CAN_VEHICLE_SPEED,HF_HISTORICAL,2026-09-02T19:31:52.086Z,2026-09-02T19:32:00.424Z,2026-09-02T19:32:00.014Z,2026-09-02T19:32:00.424Z,5758,0,0,eac661b849d7f7bf715dd5dde3cbb9e6e6524489631bc296fb0870cea30be668,1s,AVG,eac661b849d7f7bf715dd5dde3cbb9e6e6524489631bc296fb0870cea30be668,2026-09-02T19:31:52.086Z,2026-09-02T19:32:00.013Z,2026-09-02T19:32:00.013Z,4658
speed,CAN_VEHICLE_SPEED,HF_HISTORICAL,2026-09-02T19:31:53.086Z,2026-09-02T19:32:00.424Z,2026-09-02T19:32:00.014Z,2026-09-02T19:32:00.424Z,5763,0,0,51e528db2cc55da8f53562c00aba75f6807c3180fb5ab1883a7d03c2acba7ccf,1s,AVG,51e528db2cc55da8f53562c00aba75f6807c3180fb5ab1883a7d03c2acba7ccf,2026-09-02T19:31:52.086Z,2026-09-02T19:32:00.013Z,2026-09-02T19:32:00.013Z,4663
speed,CAN_VEHICLE_SPEED,HF_HISTORICAL,2026-09-02T19:31:54.086Z,2026-09-02T19:32:00.424Z,2026-09-02T19:32:00.014Z,2026-09-02T19:32:00.424Z,5768,0,0,c63477b1cc415cfd0ae91d8444277237a0b598170ed08857490b8b0603d8f281,1s,AVG,c63477b1cc415cfd0ae91d8444277237a0b598170ed08857490b8b0603d8f281,2026-09-02T19:31:52.086Z,2026-09-02T19:32:00.013Z,2026-09-02T19:32:00.013Z,4668
speed,CAN_VEHICLE_SPEED,LATEST_LIVE,2026-09-02T19:32:00.000Z,2026-09-02T19:32:06.431Z,2026-09-02T19:32:06.147Z,2026-09-02T19:32:06.431Z,5773,0,"{""value"":0,""timestamp"":""2026-09-02T19:32:00Z""}",,,,,,,,4673
speed,CAN_VEHICLE_SPEED,HF_HISTORICAL,2026-09-02T19:31:59.013Z,2026-09-02T19:32:06.631Z,2026-09-02T19:32:06.433Z,2026-09-02T19:32:06.631Z,5778,0,0,c93815fe50fac6f879c86be79f9c6f91d2cee6ad7ede1f320e3e1c23fcc0c905,1s,AVG,c93815fe50fac6f879c86be79f9c6f91d2cee6ad7ede1f320e3e1c23fcc0c905,2026-09-02T19:31:58.013Z,2026-09-02T19:32:06.433Z,2026-09-02T19:32:06.433Z,4678
speed,CAN_VEHICLE_SPEED,LATEST_LIVE,2026-09-02T19:32:08.000Z,2026-09-02T19:32:12.166Z,2026-09-02T19:32:11.964Z,2026-09-02T19:32:12.166Z,5783,0,"{""value"":0,""timestamp"":""2026-09-02T19:32:08Z""}",,,,,,,,4683
speed,CAN_VEHICLE_SPEED,HF_HISTORICAL,2026-09-02T19:32:05.433Z,2026-09-02T19:32:12.377Z,2026-09-02T19:32:12.167Z,2026-09-02T19:32:12.377Z,5786,0,0,37ce67c6f65dcfac3c10f9c6dc8cc226084ab6b208c1a7649dc547e2a0dbbf3b,1s,AVG,37ce67c6f65dcfac3c10f9c6dc8cc226084ab6b208c1a7649dc547e2a0dbbf3b,2026-09-02T19:32:04.433Z,2026-09-02T19:32:12.167Z,2026-09-02T19:32:12.167Z,4686
speed,CAN_VEHICLE_SPEED,HF_HISTORICAL,2026-09-02T19:32:06.433Z,2026-09-02T19:32:12.377Z,2026-09-02T19:32:12.167Z,2026-09-02T19:32:12.377Z,5789,0,0,bf4fac6ec04c2fa27ac23734ca26ad8c04fa2a5877f491f9004e6d7b20bfa505,1s,AVG,bf4fac6ec04c2fa27ac23734ca26ad8c04fa2a5877f491f9004e6d7b20bfa505,2026-09-02T19:32:04.433Z,2026-09-02T19:32:12.167Z,2026-09-02T19:32:12.167Z,4689
speed,CAN_VEHICLE_SPEED,HF_HISTORICAL,2026-09-02T19:32:07.433Z,2026-09-02T19:32:12.377Z,2026-09-02T19:32:12.167Z,2026-09-02T19:32:12.377Z,5793,0,0,a041116cb2ee12b154bcf29576853f01407cc27f0cdd0303a6bdd0d599662a17,1s,AVG,a041116cb2ee12b154bcf29576853f01407cc27f0cdd0303a6bdd0d599662a17,2026-09-02T19:32:04.433Z,2026-09-02T19:32:12.167Z,2026-09-02T19:32:12.167Z,4693
speed,CAN_VEHICLE_SPEED,LATEST_LIVE,2026-09-02T19:32:13.000Z,2026-09-02T19:32:17.930Z,2026-09-02T19:32:17.690Z,2026-09-02T19:32:17.930Z,5798,3,"{""value"":3,""timestamp"":""2026-09-02T19:32:13Z""}",,,,,,,,4698
speed,CAN_VEHICLE_SPEED,HF_HISTORICAL,2026-09-02T19:32:12.167Z,2026-09-02T19:32:18.387Z,2026-09-02T19:32:17.931Z,2026-09-02T19:32:18.387Z,5803,3,3,20e23e478956856e139edadab2973a07b4d62dd315085300b37e9415783e64d0,1s,AVG,20e23e478956856e139edadab2973a07b4d62dd315085300b37e9415783e64d0,2026-09-02T19:32:10.167Z,2026-09-02T19:32:17.931Z,2026-09-02T19:32:17.931Z,4703
speed,CAN_VEHICLE_SPEED,HF_HISTORICAL,2026-09-02T19:32:14.167Z,2026-09-02T19:32:18.387Z,2026-09-02T19:32:17.931Z,2026-09-02T19:32:18.387Z,5808,11,11,36a42d2ffceade1ef1d6a905d03d3f76de3e64d4da4032ed5b8e81b7c3d7ae17,1s,AVG,36a42d2ffceade1ef1d6a905d03d3f76de3e64d4da4032ed5b8e81b7c3d7ae17,2026-09-02T19:32:10.167Z,2026-09-02T19:32:17.931Z,2026-09-02T19:32:17.931Z,4708
speed,CAN_VEHICLE_SPEED,LATEST_LIVE,2026-09-02T19:32:15.000Z,2026-09-02T19:32:24.192Z,2026-09-02T19:32:23.933Z,2026-09-02T19:32:24.192Z,5839,11,"{""value"":11,""timestamp"":""2026-09-02T19:32:15Z""}",,,,,,,,4719
speed,CAN_VEHICLE_SPEED,LATEST_LIVE,2026-09-02T19:32:15.000Z,2026-09-02T19:32:29.907Z,2026-09-02T19:32:29.665Z,2026-09-02T19:32:29.907Z,5844,11,"{""value"":11,""timestamp"":""2026-09-02T19:32:15Z""}",,,,,,,,4724
speed,CAN_VEHICLE_SPEED,LATEST_LIVE,2026-09-02T19:32:15.000Z,2026-09-02T19:32:35.724Z,2026-09-02T19:32:35.501Z,2026-09-02T19:32:35.724Z,5849,11,"{""value"":11,""timestamp"":""2026-09-02T19:32:15Z""}",,,,,,,,4729
speed,CAN_VEHICLE_SPEED,LATEST_LIVE,2026-09-02T19:32:15.000Z,2026-09-02T19:32:41.457Z,2026-09-02T19:32:41.233Z,2026-09-02T19:32:41.457Z,5854,11,"{""value"":11,""timestamp"":""2026-09-02T19:32:15Z""}",,,,,,,,4734
speed,CAN_VEHICLE_SPEED,LATEST_LIVE,2026-09-02T19:32:15.000Z,2026-09-02T19:32:47.309Z,2026-09-02T19:32:46.961Z,2026-09-02T19:32:47.309Z,5859,11,"{""value"":11,""timestamp"":""2026-09-02T19:32:15Z""}",,,,,,,,4739
speed,CAN_VEHICLE_SPEED,LATEST_LIVE,2026-09-02T19:32:15.000Z,2026-09-02T19:32:53.131Z,2026-09-02T19:32:52.906Z,2026-09-02T19:32:53.131Z,5864,11,"{""value"":11,""timestamp"":""2026-09-02T19:32:15Z""}",,,,,,,,4744
speed,CAN_VEHICLE_SPEED,LATEST_LIVE,2026-09-02T19:32:15.000Z,2026-09-02T19:32:59.081Z,2026-09-02T19:32:58.828Z,2026-09-02T19:32:59.081Z,5895,11,"{""value"":11,""timestamp"":""2026-09-02T19:32:15Z""}",,,,,,,,4755
speed,CAN_VEHICLE_SPEED,LATEST_LIVE,2026-09-02T19:32:15.000Z,2026-09-02T19:33:04.809Z,2026-09-02T19:33:04.590Z,2026-09-02T19:33:04.809Z,5900,11,"{""value"":11,""timestamp"":""2026-09-02T19:32:15Z""}",,,,,,,,4760
speed,CAN_VEHICLE_SPEED,LATEST_LIVE,2026-09-02T19:32:15.000Z,2026-09-02T19:33:10.636Z,2026-09-02T19:33:10.426Z,2026-09-02T19:33:10.636Z,5905,11,"{""value"":11,""timestamp"":""2026-09-02T19:32:15Z""}",,,,,,,,4765
speed,CAN_VEHICLE_SPEED,LATEST_LIVE,2026-09-02T19:32:15.000Z,2026-09-02T19:33:16.422Z,2026-09-02T19:33:16.166Z,2026-09-02T19:33:16.422Z,5910,11,"{""value"":11,""timestamp"":""2026-09-02T19:32:15Z""}",,,,,,,,4770
speed,CAN_VEHICLE_SPEED,LATEST_LIVE,2026-09-02T19:32:15.000Z,2026-09-02T19:33:22.210Z,2026-09-02T19:33:21.992Z,2026-09-02T19:33:22.210Z,5915,11,"{""value"":11,""timestamp"":""2026-09-02T19:32:15Z""}",,,,,,,,4775
speed,CAN_VEHICLE_SPEED,LATEST_LIVE,2026-09-02T19:32:15.000Z,2026-09-02T19:33:28.008Z,2026-09-02T19:33:27.729Z,2026-09-02T19:33:28.008Z,5920,11,"{""value"":11,""timestamp"":""2026-09-02T19:32:15Z""}",,,,,,,,4780
speed,CAN_VEHICLE_SPEED,LATEST_LIVE,2026-09-02T19:32:15.000Z,2026-09-02T19:33:34.209Z,2026-09-02T19:33:33.871Z,2026-09-02T19:33:34.209Z,5951,11,"{""value"":11,""timestamp"":""2026-09-02T19:32:15Z""}",,,,,,,,4791
speed,CAN_VEHICLE_SPEED,LATEST_LIVE,2026-09-02T19:32:15.000Z,2026-09-02T19:33:40.104Z,2026-09-02T19:33:39.815Z,2026-09-02T19:33:40.104Z,5956,11,"{""value"":11,""timestamp"":""2026-09-02T19:32:15Z""}",,,,,,,,4796
speed,CAN_VEHICLE_SPEED,LATEST_LIVE,2026-09-02T19:32:15.000Z,2026-09-02T19:33:45.959Z,2026-09-02T19:33:45.730Z,2026-09-02T19:33:45.959Z,5961,11,"{""value"":11,""timestamp"":""2026-09-02T19:32:15Z""}",,,,,,,,4801
speed,CAN_VEHICLE_SPEED,LATEST_LIVE,2026-09-02T19:32:15.000Z,2026-09-02T19:33:51.770Z,2026-09-02T19:33:51.567Z,2026-09-02T19:33:51.770Z,5966,11,"{""value"":11,""timestamp"":""2026-09-02T19:32:15Z""}",,,,,,,,4806
speed,CAN_VEHICLE_SPEED,LATEST_LIVE,2026-09-02T19:32:15.000Z,2026-09-02T19:33:57.708Z,2026-09-02T19:33:57.299Z,2026-09-02T19:33:57.708Z,5971,11,"{""value"":11,""timestamp"":""2026-09-02T19:32:15Z""}",,,,,,,,4811
speed,CAN_VEHICLE_SPEED,LATEST_LIVE,2026-09-02T19:32:15.000Z,2026-09-02T19:34:03.532Z,2026-09-02T19:34:03.246Z,2026-09-02T19:34:03.532Z,5976,11,"{""value"":11,""timestamp"":""2026-09-02T19:32:15Z""}",,,,,,,,4816
speed,CAN_VEHICLE_SPEED,LATEST_LIVE,2026-09-02T19:32:15.000Z,2026-09-02T19:34:09.715Z,2026-09-02T19:34:09.374Z,2026-09-02T19:34:09.715Z,6007,11,"{""value"":11,""timestamp"":""2026-09-02T19:32:15Z""}",,,,,,,,4827
speed,CAN_VEHICLE_SPEED,LATEST_LIVE,2026-09-02T19:32:15.000Z,2026-09-02T19:34:15.825Z,2026-09-02T19:34:15.513Z,2026-09-02T19:34:15.825Z,6012,11,"{""value"":11,""timestamp"":""2026-09-02T19:32:15Z""}",,,,,,,,4832
speed,CAN_VEHICLE_SPEED,LATEST_LIVE,2026-09-02T19:32:15.000Z,2026-09-02T19:34:21.706Z,2026-09-02T19:34:21.371Z,2026-09-02T19:34:21.706Z,6017,11,"{""value"":11,""timestamp"":""2026-09-02T19:32:15Z""}",,,,,,,,4837
speed,CAN_VEHICLE_SPEED,LATEST_LIVE,2026-09-02T19:34:20.000Z,2026-09-02T19:34:27.499Z,2026-09-02T19:34:27.280Z,2026-09-02T19:34:27.499Z,6022,17,"{""value"":17,""timestamp"":""2026-09-02T19:34:20Z""}",,,,,,,,4842
speed,CAN_VEHICLE_SPEED,HF_HISTORICAL,2026-09-02T19:34:19.707Z,2026-09-02T19:34:27.886Z,2026-09-02T19:34:27.500Z,2026-09-02T19:34:27.886Z,6027,17,17,c0677d452ece2172625ec55c577d1693cf87dd4f50f6baeefe68263fd82e8ecf,1s,AVG,c0677d452ece2172625ec55c577d1693cf87dd4f50f6baeefe68263fd82e8ecf,2026-09-02T19:34:19.707Z,2026-09-02T19:34:27.500Z,2026-09-02T19:34:27.500Z,4847
speed,CAN_VEHICLE_SPEED,LATEST_LIVE,2026-09-02T19:34:20.000Z,2026-09-02T19:34:33.433Z,2026-09-02T19:34:33.232Z,2026-09-02T19:34:33.433Z,6032,17,"{""value"":17,""timestamp"":""2026-09-02T19:34:20Z""}",,,,,,,,4852
speed,CAN_VEHICLE_SPEED,LATEST_LIVE,2026-09-02T19:34:20.000Z,2026-09-02T19:34:39.372Z,2026-09-02T19:34:39.060Z,2026-09-02T19:34:39.372Z,6037,17,"{""value"":17,""timestamp"":""2026-09-02T19:34:20Z""}",,,,,,,,4857
speed,CAN_VEHICLE_SPEED,LATEST_LIVE,2026-09-02T19:34:20.000Z,2026-09-02T19:34:45.525Z,2026-09-02T19:34:45.304Z,2026-09-02T19:34:45.525Z,6068,17,"{""value"":17,""timestamp"":""2026-09-02T19:34:20Z""}",,,,,,,,4868
speed,CAN_VEHICLE_SPEED,LATEST_LIVE,2026-09-02T19:34:20.000Z,2026-09-02T19:34:51.289Z,2026-09-02T19:34:51.040Z,2026-09-02T19:34:51.289Z,6073,17,"{""value"":17,""timestamp"":""2026-09-02T19:34:20Z""}",,,,,,,,4873
speed,CAN_VEHICLE_SPEED,LATEST_LIVE,2026-09-02T19:34:20.000Z,2026-09-02T19:34:57.276Z,2026-09-02T19:34:56.969Z,2026-09-02T19:34:57.276Z,6078,17,"{""value"":17,""timestamp"":""2026-09-02T19:34:20Z""}",,,,,,,,4878
speed,CAN_VEHICLE_SPEED,LATEST_LIVE,2026-09-02T19:34:20.000Z,2026-09-02T19:35:03.291Z,2026-09-02T19:35:02.903Z,2026-09-02T19:35:03.291Z,6083,17,"{""value"":17,""timestamp"":""2026-09-02T19:34:20Z""}",,,,,,,,4883
speed,CAN_VEHICLE_SPEED,LATEST_LIVE,2026-09-02T19:34:20.000Z,2026-09-02T19:35:09.269Z,2026-09-02T19:35:08.968Z,2026-09-02T19:35:09.269Z,6088,17,"{""value"":17,""timestamp"":""2026-09-02T19:34:20Z""}",,,,,,,,4888
speed,CAN_VEHICLE_SPEED,LATEST_LIVE,2026-09-02T19:34:20.000Z,2026-09-02T19:35:15.375Z,2026-09-02T19:35:15.102Z,2026-09-02T19:35:15.375Z,6093,17,"{""value"":17,""timestamp"":""2026-09-02T19:34:20Z""}",,,,,,,,4893
speed,CAN_VEHICLE_SPEED,LATEST_LIVE,2026-09-02T19:34:20.000Z,2026-09-02T19:35:21.637Z,2026-09-02T19:35:21.141Z,2026-09-02T19:35:21.637Z,6124,17,"{""value"":17,""timestamp"":""2026-09-02T19:34:20Z""}",,,,,,,,4904
speed,CAN_VEHICLE_SPEED,LATEST_LIVE,2026-09-02T19:34:20.000Z,2026-09-02T19:35:27.389Z,2026-09-02T19:35:27.163Z,2026-09-02T19:35:27.389Z,6129,17,"{""value"":17,""timestamp"":""2026-09-02T19:34:20Z""}",,,,,,,,4909
speed,CAN_VEHICLE_SPEED,LATEST_LIVE,2026-09-02T19:34:20.000Z,2026-09-02T19:35:33.117Z,2026-09-02T19:35:32.895Z,2026-09-02T19:35:33.117Z,6134,17,"{""value"":17,""timestamp"":""2026-09-02T19:34:20Z""}",,,,,,,,4914
speed,CAN_VEHICLE_SPEED,LATEST_LIVE,2026-09-02T19:34:20.000Z,2026-09-02T19:35:38.911Z,2026-09-02T19:35:38.629Z,2026-09-02T19:35:38.911Z,6139,17,"{""value"":17,""timestamp"":""2026-09-02T19:34:20Z""}",,,,,,,,4919
speed,CAN_VEHICLE_SPEED,LATEST_LIVE,2026-09-02T19:34:20.000Z,2026-09-02T19:35:45.599Z,2026-09-02T19:35:45.366Z,2026-09-02T19:35:45.599Z,6144,17,"{""value"":17,""timestamp"":""2026-09-02T19:34:20Z""}",,,,,,,,4924
speed,CAN_VEHICLE_SPEED,LATEST_LIVE,2026-09-02T19:35:47.000Z,2026-09-02T19:35:51.886Z,2026-09-02T19:35:51.388Z,2026-09-02T19:35:51.886Z,6149,11,"{""value"":11,""timestamp"":""2026-09-02T19:35:47Z""}",,,,,,,,4929
speed,CAN_VEHICLE_SPEED,HF_HISTORICAL,2026-09-02T19:35:46.601Z,2026-09-02T19:35:52.087Z,2026-09-02T19:35:51.887Z,2026-09-02T19:35:52.087Z,6154,11,11,df92da00f9d2aa9e047b00e1f9e1fb3c8e2943b60aa8f05130e9c3c55bbdbccd,1s,AVG,df92da00f9d2aa9e047b00e1f9e1fb3c8e2943b60aa8f05130e9c3c55bbdbccd,2026-09-02T19:35:43.601Z,2026-09-02T19:35:51.887Z,2026-09-02T19:35:51.887Z,4934
speed,CAN_VEHICLE_SPEED,LATEST_LIVE,2026-09-02T19:35:52.000Z,2026-09-02T19:35:57.956Z,2026-09-02T19:35:57.738Z,2026-09-02T19:35:57.956Z,6185,18,"{""value"":18,""timestamp"":""2026-09-02T19:35:52Z""}",,,,,,,,4945
speed,CAN_VEHICLE_SPEED,HF_HISTORICAL,2026-09-02T19:35:51.887Z,2026-09-02T19:35:58.164Z,2026-09-02T19:35:57.957Z,2026-09-02T19:35:58.164Z,6190,18,18,5452e8d75ed240178fe90ec0f7f5e28b807460c596e0d379aa25f949fb49d230,1s,AVG,5452e8d75ed240178fe90ec0f7f5e28b807460c596e0d379aa25f949fb49d230,2026-09-02T19:35:49.887Z,2026-09-02T19:35:57.957Z,2026-09-02T19:35:57.957Z,4950
speed,CAN_VEHICLE_SPEED,LATEST_LIVE,2026-09-02T19:35:58.000Z,2026-09-02T19:36:03.740Z,2026-09-02T19:36:03.494Z,2026-09-02T19:36:03.740Z,6195,9,"{""value"":9,""timestamp"":""2026-09-02T19:35:58Z""}",,,,,,,,4955
speed,CAN_VEHICLE_SPEED,HF_HISTORICAL,2026-09-02T19:35:56.957Z,2026-09-02T19:36:03.960Z,2026-09-02T19:36:03.749Z,2026-09-02T19:36:03.960Z,6200,5,5,0829974aabb66915f785058a4177f6ec6f6dec2612ffadf42190b0c0b1800346,1s,AVG,0829974aabb66915f785058a4177f6ec6f6dec2612ffadf42190b0c0b1800346,2026-09-02T19:35:55.957Z,2026-09-02T19:36:03.749Z,2026-09-02T19:36:03.749Z,4960
speed,CAN_VEHICLE_SPEED,HF_HISTORICAL,2026-09-02T19:35:57.957Z,2026-09-02T19:36:03.960Z,2026-09-02T19:36:03.749Z,2026-09-02T19:36:03.960Z,6205,9,9,3d3f77640e8c5cfb57279caccea740909acf413e983b63f8e15c7a3c87b8a80f,1s,AVG,3d3f77640e8c5cfb57279caccea740909acf413e983b63f8e15c7a3c87b8a80f,2026-09-02T19:35:55.957Z,2026-09-02T19:36:03.749Z,2026-09-02T19:36:03.749Z,4965
speed,CAN_VEHICLE_SPEED,LATEST_LIVE,2026-09-02T19:36:06.000Z,2026-09-02T19:36:09.445Z,2026-09-02T19:36:09.214Z,2026-09-02T19:36:09.445Z,6210,6,"{""value"":6,""timestamp"":""2026-09-02T19:36:06Z""}",,,,,,,,4970
speed,CAN_VEHICLE_SPEED,HF_HISTORICAL,2026-09-02T19:36:01.749Z,2026-09-02T19:36:09.742Z,2026-09-02T19:36:09.446Z,2026-09-02T19:36:09.743Z,6215,8,8,1a7b143568fd47cdf0e575a22a924646101328547c493dfa58715b71e114a2d3,1s,AVG,1a7b143568fd47cdf0e575a22a924646101328547c493dfa58715b71e114a2d3,2026-09-02T19:36:01.749Z,2026-09-02T19:36:09.446Z,2026-09-02T19:36:09.446Z,4975
speed,CAN_VEHICLE_SPEED,HF_HISTORICAL,2026-09-02T19:36:05.749Z,2026-09-02T19:36:09.742Z,2026-09-02T19:36:09.446Z,2026-09-02T19:36:09.743Z,6220,6,6,8dcde691138219e01812d7b0bccfc8c0e38f2584e6c09207fe14233bf611455c,1s,AVG,8dcde691138219e01812d7b0bccfc8c0e38f2584e6c09207fe14233bf611455c,2026-09-02T19:36:01.749Z,2026-09-02T19:36:09.446Z,2026-09-02T19:36:09.446Z,4980
speed,CAN_VEHICLE_SPEED,LATEST_LIVE,2026-09-02T19:36:12.000Z,2026-09-02T19:36:15.469Z,2026-09-02T19:36:15.163Z,2026-09-02T19:36:15.469Z,6225,7,"{""value"":7,""timestamp"":""2026-09-02T19:36:12Z""}",,,,,,,,4985
speed,CAN_VEHICLE_SPEED,HF_HISTORICAL,2026-09-02T19:36:09.446Z,2026-09-02T19:36:15.748Z,2026-09-02T19:36:15.470Z,2026-09-02T19:36:15.748Z,6230,7,7,022a5d59f7a21eb9119232d140bd2ffa6eba7026797753343ff5aa79b2b6c4e6,1s,AVG,022a5d59f7a21eb9119232d140bd2ffa6eba7026797753343ff5aa79b2b6c4e6,2026-09-02T19:36:07.446Z,2026-09-02T19:36:15.470Z,2026-09-02T19:36:15.470Z,4990
speed,CAN_VEHICLE_SPEED,HF_HISTORICAL,2026-09-02T19:36:11.446Z,2026-09-02T19:36:15.748Z,2026-09-02T19:36:15.470Z,2026-09-02T19:36:15.748Z,6235,7,7,85660c301b1f53e97ef8187bb9c1e896383ccbb1a2c6606517075a2dc03fc11c,1s,AVG,85660c301b1f53e97ef8187bb9c1e896383ccbb1a2c6606517075a2dc03fc11c,2026-09-02T19:36:07.446Z,2026-09-02T19:36:15.470Z,2026-09-02T19:36:15.470Z,4995
speed,CAN_VEHICLE_SPEED,LATEST_LIVE,2026-09-02T19:36:17.000Z,2026-09-02T19:36:21.557Z,2026-09-02T19:36:21.312Z,2026-09-02T19:36:21.557Z,6240,11,"{""value"":11,""timestamp"":""2026-09-02T19:36:17Z""}",,,,,,,,5000
speed,CAN_VEHICLE_SPEED,HF_HISTORICAL,2026-09-02T19:36:14.470Z,2026-09-02T19:36:21.769Z,2026-09-02T19:36:21.560Z,2026-09-02T19:36:21.769Z,6245,4,4,ed2203e4121abb2b50dfe9bda8fdeb938d8cbb2fbb24b754546bc46217ce4aff,1s,AVG,ed2203e4121abb2b50dfe9bda8fdeb938d8cbb2fbb24b754546bc46217ce4aff,2026-09-02T19:36:13.470Z,2026-09-02T19:36:21.560Z,2026-09-02T19:36:21.560Z,5005
speed,CAN_VEHICLE_SPEED,HF_HISTORICAL,2026-09-02T19:36:16.470Z,2026-09-02T19:36:21.769Z,2026-09-02T19:36:21.560Z,2026-09-02T19:36:21.769Z,6250,11,11,8163c2af8fe6e84e8c9ef9da844f6fd93920505853caf65e479c9610fa2583c7,1s,AVG,8163c2af8fe6e84e8c9ef9da844f6fd93920505853caf65e479c9610fa2583c7,2026-09-02T19:36:13.470Z,2026-09-02T19:36:21.560Z,2026-09-02T19:36:21.560Z,5010
