providerField,canonicalKey,acquisitionSurface,providerTimestamp,synqReceivedAt,requestStartedAt,requestCompletedAt,sequenceNumber,numericValue,rawValueJson,physicalSampleFingerprint,requestedInterval,requestedAggregation,aggregateBucketIdentity,hfWindowFrom,hfWindowTo,hfActualQueryTo,acquisitionOrdinal
powertrainCombustionEngineTPS,CAN_ENGINE_TPS,LATEST_LIVE,2026-09-02T17:48:54.000Z,2026-09-02T18:59:15.949Z,2026-09-02T18:59:15.730Z,2026-09-02T18:59:15.949Z,4,14.11764705882353,"{""value"":14.11764705882353,""timestamp"":""2026-09-02T17:48:54Z""}",,,,,,,,4
powertrainCombustionEngineTPS,CAN_ENGINE_TPS,LATEST_LIVE,2026-09-02T17:48:54.000Z,2026-09-02T18:59:22.101Z,2026-09-02T18:59:21.772Z,2026-09-02T18:59:22.101Z,35,14.11764705882353,"{""value"":14.11764705882353,""timestamp"":""2026-09-02T17:48:54Z""}",,,,,,,,15
powertrainCombustionEngineTPS,CAN_ENGINE_TPS,LATEST_LIVE,2026-09-02T17:48:54.000Z,2026-09-02T18:59:28.041Z,2026-09-02T18:59:27.805Z,2026-09-02T18:59:28.041Z,40,14.11764705882353,"{""value"":14.11764705882353,""timestamp"":""2026-09-02T17:48:54Z""}",,,,,,,,20
powertrainCombustionEngineTPS,CAN_ENGINE_TPS,LATEST_LIVE,2026-09-02T17:48:54.000Z,2026-09-02T18:59:34.101Z,2026-09-02T18:59:33.640Z,2026-09-02T18:59:34.101Z,45,14.11764705882353,"{""value"":14.11764705882353,""timestamp"":""2026-09-02T17:48:54Z""}",,,,,,,,25
powertrainCombustionEngineTPS,CAN_ENGINE_TPS,LATEST_LIVE,2026-09-02T17:48:54.000Z,2026-09-02T18:59:39.958Z,2026-09-02T18:59:39.672Z,2026-09-02T18:59:39.958Z,50,14.11764705882353,"{""value"":14.11764705882353,""timestamp"":""2026-09-02T17:48:54Z""}",,,,,,,,30
powertrainCombustionEngineTPS,CAN_ENGINE_TPS,LATEST_LIVE,2026-09-02T17:48:54.000Z,2026-09-02T18:59:45.643Z,2026-09-02T18:59:45.415Z,2026-09-02T18:59:45.643Z,55,14.11764705882353,"{""value"":14.11764705882353,""timestamp"":""2026-09-02T17:48:54Z""}",,,,,,,,35
powertrainCombustionEngineTPS,CAN_ENGINE_TPS,LATEST_LIVE,2026-09-02T18:59:47.000Z,2026-09-02T18:59:51.860Z,2026-09-02T18:59:51.544Z,2026-09-02T18:59:51.860Z,86,14.11764705882353,"{""value"":14.11764705882353,""timestamp"":""2026-09-02T18:59:47Z""}",,,,,,,,46
powertrainCombustionEngineTPS,CAN_ENGINE_TPS,HF_HISTORICAL,2026-09-02T18:59:45.646Z,2026-09-02T18:59:52.125Z,2026-09-02T18:59:51.863Z,2026-09-02T18:59:52.125Z,91,14.11764705882353,14.11764705882353,cbb90a4bee245b028eab29d78915c2024e99e7d06b21377beb6e8ef6ca69ab9f,1s,AVG,cbb90a4bee245b028eab29d78915c2024e99e7d06b21377beb6e8ef6ca69ab9f,2026-09-02T18:59:43.646Z,2026-09-02T18:59:51.863Z,2026-09-02T18:59:51.863Z,51
powertrainCombustionEngineTPS,CAN_ENGINE_TPS,HF_HISTORICAL,2026-09-02T18:59:46.646Z,2026-09-02T18:59:52.125Z,2026-09-02T18:59:51.863Z,2026-09-02T18:59:52.125Z,96,14.11764705882353,14.11764705882353,4fd8c9613f77b01d0cf6b67a8f0784e0c1d32faf8d311294dac69da851f20d5b,1s,AVG,4fd8c9613f77b01d0cf6b67a8f0784e0c1d32faf8d311294dac69da851f20d5b,2026-09-02T18:59:43.646Z,2026-09-02T18:59:51.863Z,2026-09-02T18:59:51.863Z,56
powertrainCombustionEngineTPS,CAN_ENGINE_TPS,LATEST_LIVE,2026-09-02T18:59:53.000Z,2026-09-02T18:59:57.781Z,2026-09-02T18:59:57.480Z,2026-09-02T18:59:57.781Z,101,14.11764705882353,"{""value"":14.11764705882353,""timestamp"":""2026-09-02T18:59:53Z""}",,,,,,,,61
powertrainCombustionEngineTPS,CAN_ENGINE_TPS,HF_HISTORICAL,2026-09-02T18:59:49.863Z,2026-09-02T18:59:58.032Z,2026-09-02T18:59:57.784Z,2026-09-02T18:59:58.032Z,106,14.11764705882353,14.11764705882353,15885d972f79e65d4a7610b8d495c5d7c5a6b876b535535299e273641b20cd7d,1s,AVG,15885d972f79e65d4a7610b8d495c5d7c5a6b876b535535299e273641b20cd7d,2026-09-02T18:59:49.863Z,2026-09-02T18:59:57.784Z,2026-09-02T18:59:57.784Z,66
powertrainCombustionEngineTPS,CAN_ENGINE_TPS,HF_HISTORICAL,2026-09-02T18:59:50.863Z,2026-09-02T18:59:58.032Z,2026-09-02T18:59:57.784Z,2026-09-02T18:59:58.032Z,111,14.11764705882353,14.11764705882353,ee46128e3b59b3f908fb66263b58c82bb5f8368d58549ab00e2364420fe62a16,1s,AVG,ee46128e3b59b3f908fb66263b58c82bb5f8368d58549ab00e2364420fe62a16,2026-09-02T18:59:49.863Z,2026-09-02T18:59:57.784Z,2026-09-02T18:59:57.784Z,71
powertrainCombustionEngineTPS,CAN_ENGINE_TPS,HF_HISTORICAL,2026-09-02T18:59:52.863Z,2026-09-02T18:59:58.032Z,2026-09-02T18:59:57.784Z,2026-09-02T18:59:58.032Z,116,14.11764705882353,14.11764705882353,c4d4bf0047b694608331d00d5979094f584f85a9f4fec9f4fcd2fe0fc0b0c39f,1s,AVG,c4d4bf0047b694608331d00d5979094f584f85a9f4fec9f4fcd2fe0fc0b0c39f,2026-09-02T18:59:49.863Z,2026-09-02T18:59:57.784Z,2026-09-02T18:59:57.784Z,76
powertrainCombustionEngineTPS,CAN_ENGINE_TPS,LATEST_LIVE,2026-09-02T18:59:57.000Z,2026-09-02T19:00:03.829Z,2026-09-02T19:00:03.423Z,2026-09-02T19:00:03.829Z,121,14.11764705882353,"{""value"":14.11764705882353,""timestamp"":""2026-09-02T18:59:57Z""}",,,,,,,,81
powertrainCombustionEngineTPS,CAN_ENGINE_TPS,HF_HISTORICAL,2026-09-02T18:59:56.784Z,2026-09-02T19:00:04.205Z,2026-09-02T19:00:03.835Z,2026-09-02T19:00:04.205Z,126,14.11764705882353,14.11764705882353,372b9cb627f73296b61d6c7644ab34b5238ee7b551f62789457ac112b480e123,1s,AVG,372b9cb627f73296b61d6c7644ab34b5238ee7b551f62789457ac112b480e123,2026-09-02T18:59:55.784Z,2026-09-02T19:00:03.835Z,2026-09-02T19:00:03.835Z,86
powertrainCombustionEngineTPS,CAN_ENGINE_TPS,LATEST_LIVE,2026-09-02T18:59:59.000Z,2026-09-02T19:00:10.422Z,2026-09-02T19:00:10.054Z,2026-09-02T19:00:10.422Z,131,14.11764705882353,"{""value"":14.11764705882353,""timestamp"":""2026-09-02T18:59:59Z""}",,,,,,,,91
powertrainCombustionEngineTPS,CAN_ENGINE_TPS,LATEST_LIVE,2026-09-02T18:59:59.000Z,2026-09-02T19:00:16.365Z,2026-09-02T19:00:16.117Z,2026-09-02T19:00:16.365Z,136,14.11764705882353,"{""value"":14.11764705882353,""timestamp"":""2026-09-02T18:59:59Z""}",,,,,,,,96
powertrainCombustionEngineTPS,CAN_ENGINE_TPS,LATEST_LIVE,2026-09-02T18:59:59.000Z,2026-09-02T19:00:22.201Z,2026-09-02T19:00:21.969Z,2026-09-02T19:00:22.201Z,141,14.11764705882353,"{""value"":14.11764705882353,""timestamp"":""2026-09-02T18:59:59Z""}",,,,,,,,101
powertrainCombustionEngineTPS,CAN_ENGINE_TPS,LATEST_LIVE,2026-09-02T19:00:18.000Z,2026-09-02T19:00:28.267Z,2026-09-02T19:00:27.998Z,2026-09-02T19:00:28.267Z,172,14.11764705882353,"{""value"":14.11764705882353,""timestamp"":""2026-09-02T19:00:18Z""}",,,,,,,,112
powertrainCombustionEngineTPS,CAN_ENGINE_TPS,LATEST_LIVE,2026-09-02T19:00:18.000Z,2026-09-02T19:00:34.036Z,2026-09-02T19:00:33.754Z,2026-09-02T19:00:34.036Z,177,14.11764705882353,"{""value"":14.11764705882353,""timestamp"":""2026-09-02T19:00:18Z""}",,,,,,,,117
powertrainCombustionEngineTPS,CAN_ENGINE_TPS,LATEST_LIVE,2026-09-02T19:00:18.000Z,2026-09-02T19:00:39.888Z,2026-09-02T19:00:39.577Z,2026-09-02T19:00:39.888Z,182,14.11764705882353,"{""value"":14.11764705882353,""timestamp"":""2026-09-02T19:00:18Z""}",,,,,,,,122
powertrainCombustionEngineTPS,CAN_ENGINE_TPS,LATEST_LIVE,2026-09-02T19:00:18.000Z,2026-09-02T19:00:45.903Z,2026-09-02T19:00:45.637Z,2026-09-02T19:00:45.903Z,187,14.11764705882353,"{""value"":14.11764705882353,""timestamp"":""2026-09-02T19:00:18Z""}",,,,,,,,127
powertrainCombustionEngineTPS,CAN_ENGINE_TPS,LATEST_LIVE,2026-09-02T19:00:18.000Z,2026-09-02T19:00:51.651Z,2026-09-02T19:00:51.457Z,2026-09-02T19:00:51.651Z,192,14.11764705882353,"{""value"":14.11764705882353,""timestamp"":""2026-09-02T19:00:18Z""}",,,,,,,,132
powertrainCombustionEngineTPS,CAN_ENGINE_TPS,LATEST_LIVE,2026-09-02T19:00:18.000Z,2026-09-02T19:00:57.427Z,2026-09-02T19:00:57.200Z,2026-09-02T19:00:57.427Z,197,14.11764705882353,"{""value"":14.11764705882353,""timestamp"":""2026-09-02T19:00:18Z""}",,,,,,,,137
powertrainCombustionEngineTPS,CAN_ENGINE_TPS,LATEST_LIVE,2026-09-02T19:00:18.000Z,2026-09-02T19:01:04.063Z,2026-09-02T19:01:03.474Z,2026-09-02T19:01:04.063Z,228,14.11764705882353,"{""value"":14.11764705882353,""timestamp"":""2026-09-02T19:00:18Z""}",,,,,,,,148
powertrainCombustionEngineTPS,CAN_ENGINE_TPS,LATEST_LIVE,2026-09-02T19:00:18.000Z,2026-09-02T19:01:10.175Z,2026-09-02T19:01:09.888Z,2026-09-02T19:01:10.175Z,233,14.11764705882353,"{""value"":14.11764705882353,""timestamp"":""2026-09-02T19:00:18Z""}",,,,,,,,153
powertrainCombustionEngineTPS,CAN_ENGINE_TPS,LATEST_LIVE,2026-09-02T19:00:18.000Z,2026-09-02T19:01:16.049Z,2026-09-02T19:01:15.704Z,2026-09-02T19:01:16.049Z,238,14.11764705882353,"{""value"":14.11764705882353,""timestamp"":""2026-09-02T19:00:18Z""}",,,,,,,,158
powertrainCombustionEngineTPS,CAN_ENGINE_TPS,LATEST_LIVE,2026-09-02T19:00:18.000Z,2026-09-02T19:01:21.877Z,2026-09-02T19:01:21.651Z,2026-09-02T19:01:21.877Z,243,14.11764705882353,"{""value"":14.11764705882353,""timestamp"":""2026-09-02T19:00:18Z""}",,,,,,,,163
powertrainCombustionEngineTPS,CAN_ENGINE_TPS,LATEST_LIVE,2026-09-02T19:00:18.000Z,2026-09-02T19:01:27.688Z,2026-09-02T19:01:27.383Z,2026-09-02T19:01:27.688Z,248,14.11764705882353,"{""value"":14.11764705882353,""timestamp"":""2026-09-02T19:00:18Z""}",,,,,,,,168
powertrainCombustionEngineTPS,CAN_ENGINE_TPS,LATEST_LIVE,2026-09-02T19:00:18.000Z,2026-09-02T19:01:33.671Z,2026-09-02T19:01:33.425Z,2026-09-02T19:01:33.671Z,253,14.11764705882353,"{""value"":14.11764705882353,""timestamp"":""2026-09-02T19:00:18Z""}",,,,,,,,173
powertrainCombustionEngineTPS,CAN_ENGINE_TPS,LATEST_LIVE,2026-09-02T19:00:18.000Z,2026-09-02T19:01:39.674Z,2026-09-02T19:01:39.454Z,2026-09-02T19:01:39.674Z,284,14.11764705882353,"{""value"":14.11764705882353,""timestamp"":""2026-09-02T19:00:18Z""}",,,,,,,,184
powertrainCombustionEngineTPS,CAN_ENGINE_TPS,LATEST_LIVE,2026-09-02T19:00:18.000Z,2026-09-02T19:01:45.526Z,2026-09-02T19:01:45.290Z,2026-09-02T19:01:45.526Z,289,14.11764705882353,"{""value"":14.11764705882353,""timestamp"":""2026-09-02T19:00:18Z""}",,,,,,,,189
powertrainCombustionEngineTPS,CAN_ENGINE_TPS,LATEST_LIVE,2026-09-02T19:00:18.000Z,2026-09-02T19:01:51.285Z,2026-09-02T19:01:50.993Z,2026-09-02T19:01:51.285Z,294,14.11764705882353,"{""value"":14.11764705882353,""timestamp"":""2026-09-02T19:00:18Z""}",,,,,,,,194
powertrainCombustionEngineTPS,CAN_ENGINE_TPS,LATEST_LIVE,2026-09-02T19:00:18.000Z,2026-09-02T19:01:57.205Z,2026-09-02T19:01:56.972Z,2026-09-02T19:01:57.205Z,299,14.11764705882353,"{""value"":14.11764705882353,""timestamp"":""2026-09-02T19:00:18Z""}",,,,,,,,199
powertrainCombustionEngineTPS,CAN_ENGINE_TPS,LATEST_LIVE,2026-09-02T19:00:18.000Z,2026-09-02T19:02:03.161Z,2026-09-02T19:02:02.764Z,2026-09-02T19:02:03.161Z,304,14.11764705882353,"{""value"":14.11764705882353,""timestamp"":""2026-09-02T19:00:18Z""}",,,,,,,,204
powertrainCombustionEngineTPS,CAN_ENGINE_TPS,LATEST_LIVE,2026-09-02T19:00:18.000Z,2026-09-02T19:02:08.905Z,2026-09-02T19:02:08.660Z,2026-09-02T19:02:08.905Z,309,14.11764705882353,"{""value"":14.11764705882353,""timestamp"":""2026-09-02T19:00:18Z""}",,,,,,,,209
powertrainCombustionEngineTPS,CAN_ENGINE_TPS,LATEST_LIVE,2026-09-02T19:00:18.000Z,2026-09-02T19:02:14.934Z,2026-09-02T19:02:14.629Z,2026-09-02T19:02:14.934Z,340,14.11764705882353,"{""value"":14.11764705882353,""timestamp"":""2026-09-02T19:00:18Z""}",,,,,,,,220
powertrainCombustionEngineTPS,CAN_ENGINE_TPS,LATEST_LIVE,2026-09-02T19:00:18.000Z,2026-09-02T19:02:20.752Z,2026-09-02T19:02:20.483Z,2026-09-02T19:02:20.752Z,345,14.11764705882353,"{""value"":14.11764705882353,""timestamp"":""2026-09-02T19:00:18Z""}",,,,,,,,225
powertrainCombustionEngineTPS,CAN_ENGINE_TPS,LATEST_LIVE,2026-09-02T19:00:18.000Z,2026-09-02T19:02:26.617Z,2026-09-02T19:02:26.398Z,2026-09-02T19:02:26.617Z,350,14.11764705882353,"{""value"":14.11764705882353,""timestamp"":""2026-09-02T19:00:18Z""}",,,,,,,,230
powertrainCombustionEngineTPS,CAN_ENGINE_TPS,LATEST_LIVE,2026-09-02T19:00:18.000Z,2026-09-02T19:02:32.648Z,2026-09-02T19:02:32.227Z,2026-09-02T19:02:32.648Z,355,14.11764705882353,"{""value"":14.11764705882353,""timestamp"":""2026-09-02T19:00:18Z""}",,,,,,,,235
powertrainCombustionEngineTPS,CAN_ENGINE_TPS,LATEST_LIVE,2026-09-02T19:00:18.000Z,2026-09-02T19:02:38.941Z,2026-09-02T19:02:38.653Z,2026-09-02T19:02:38.941Z,360,14.11764705882353,"{""value"":14.11764705882353,""timestamp"":""2026-09-02T19:00:18Z""}",,,,,,,,240
powertrainCombustionEngineTPS,CAN_ENGINE_TPS,LATEST_LIVE,2026-09-02T19:00:18.000Z,2026-09-02T19:02:44.730Z,2026-09-02T19:02:44.485Z,2026-09-02T19:02:44.730Z,365,14.11764705882353,"{""value"":14.11764705882353,""timestamp"":""2026-09-02T19:00:18Z""}",,,,,,,,245
powertrainCombustionEngineTPS,CAN_ENGINE_TPS,LATEST_LIVE,2026-09-02T19:00:18.000Z,2026-09-02T19:02:50.829Z,2026-09-02T19:02:50.543Z,2026-09-02T19:02:50.829Z,396,14.11764705882353,"{""value"":14.11764705882353,""timestamp"":""2026-09-02T19:00:18Z""}",,,,,,,,256
powertrainCombustionEngineTPS,CAN_ENGINE_TPS,LATEST_LIVE,2026-09-02T19:00:18.000Z,2026-09-02T19:02:56.638Z,2026-09-02T19:02:56.365Z,2026-09-02T19:02:56.638Z,401,14.11764705882353,"{""value"":14.11764705882353,""timestamp"":""2026-09-02T19:00:18Z""}",,,,,,,,261
powertrainCombustionEngineTPS,CAN_ENGINE_TPS,LATEST_LIVE,2026-09-02T19:00:18.000Z,2026-09-02T19:03:02.397Z,2026-09-02T19:03:02.121Z,2026-09-02T19:03:02.397Z,406,14.11764705882353,"{""value"":14.11764705882353,""timestamp"":""2026-09-02T19:00:18Z""}",,,,,,,,266
powertrainCombustionEngineTPS,CAN_ENGINE_TPS,LATEST_LIVE,2026-09-02T19:00:18.000Z,2026-09-02T19:03:08.475Z,2026-09-02T19:03:07.953Z,2026-09-02T19:03:08.475Z,411,14.11764705882353,"{""value"":14.11764705882353,""timestamp"":""2026-09-02T19:00:18Z""}",,,,,,,,271
powertrainCombustionEngineTPS,CAN_ENGINE_TPS,LATEST_LIVE,2026-09-02T19:00:18.000Z,2026-09-02T19:03:14.327Z,2026-09-02T19:03:14.077Z,2026-09-02T19:03:14.327Z,416,14.11764705882353,"{""value"":14.11764705882353,""timestamp"":""2026-09-02T19:00:18Z""}",,,,,,,,276
powertrainCombustionEngineTPS,CAN_ENGINE_TPS,LATEST_LIVE,2026-09-02T19:00:18.000Z,2026-09-02T19:03:20.417Z,2026-09-02T19:03:20.133Z,2026-09-02T19:03:20.417Z,421,14.11764705882353,"{""value"":14.11764705882353,""timestamp"":""2026-09-02T19:00:18Z""}",,,,,,,,281
powertrainCombustionEngineTPS,CAN_ENGINE_TPS,LATEST_LIVE,2026-09-02T19:00:18.000Z,2026-09-02T19:03:26.994Z,2026-09-02T19:03:26.754Z,2026-09-02T19:03:26.994Z,452,14.11764705882353,"{""value"":14.11764705882353,""timestamp"":""2026-09-02T19:00:18Z""}",,,,,,,,292
powertrainCombustionEngineTPS,CAN_ENGINE_TPS,LATEST_LIVE,2026-09-02T19:03:24.000Z,2026-09-02T19:03:33.385Z,2026-09-02T19:03:32.510Z,2026-09-02T19:03:33.385Z,457,14.11764705882353,"{""value"":14.11764705882353,""timestamp"":""2026-09-02T19:03:24Z""}",,,,,,,,297
powertrainCombustionEngineTPS,CAN_ENGINE_TPS,LATEST_LIVE,2026-09-02T19:03:24.000Z,2026-09-02T19:03:39.521Z,2026-09-02T19:03:39.031Z,2026-09-02T19:03:39.521Z,462,14.11764705882353,"{""value"":14.11764705882353,""timestamp"":""2026-09-02T19:03:24Z""}",,,,,,,,302
powertrainCombustionEngineTPS,CAN_ENGINE_TPS,LATEST_LIVE,2026-09-02T19:03:41.000Z,2026-09-02T19:03:45.421Z,2026-09-02T19:03:45.176Z,2026-09-02T19:03:45.421Z,467,29.80392156862745,"{""value"":29.80392156862745,""timestamp"":""2026-09-02T19:03:41Z""}",,,,,,,,307
powertrainCombustionEngineTPS,CAN_ENGINE_TPS,HF_HISTORICAL,2026-09-02T19:03:39.522Z,2026-09-02T19:03:45.616Z,2026-09-02T19:03:45.423Z,2026-09-02T19:03:45.616Z,472,14.11764705882353,14.11764705882353,07d98cdec3e3e9241c1d212c9c1c76127a3fc56cdef3bfa1ea65725966a9c18b,1s,AVG,07d98cdec3e3e9241c1d212c9c1c76127a3fc56cdef3bfa1ea65725966a9c18b,2026-09-02T19:03:37.522Z,2026-09-02T19:03:45.423Z,2026-09-02T19:03:45.423Z,312
powertrainCombustionEngineTPS,CAN_ENGINE_TPS,HF_HISTORICAL,2026-09-02T19:03:40.522Z,2026-09-02T19:03:45.616Z,2026-09-02T19:03:45.423Z,2026-09-02T19:03:45.616Z,477,29.80392156862745,29.80392156862745,a4a07d06d0da95eac4c11282957450d572ca55a335293ac23783d994f08fe133,1s,AVG,a4a07d06d0da95eac4c11282957450d572ca55a335293ac23783d994f08fe133,2026-09-02T19:03:37.522Z,2026-09-02T19:03:45.423Z,2026-09-02T19:03:45.423Z,317
powertrainCombustionEngineTPS,CAN_ENGINE_TPS,LATEST_LIVE,2026-09-02T19:03:46.000Z,2026-09-02T19:03:51.189Z,2026-09-02T19:03:50.897Z,2026-09-02T19:03:51.189Z,482,49.41176470588236,"{""value"":49.41176470588236,""timestamp"":""2026-09-02T19:03:46Z""}",,,,,,,,322
powertrainCombustionEngineTPS,CAN_ENGINE_TPS,HF_HISTORICAL,2026-09-02T19:03:44.423Z,2026-09-02T19:03:51.378Z,2026-09-02T19:03:51.190Z,2026-09-02T19:03:51.378Z,487,29.80392156862745,29.80392156862745,422b78cee00ea3a4d4d3fc393d3cd369702a7d0ce5d5b3f4f9feba534ce48ae8,1s,AVG,422b78cee00ea3a4d4d3fc393d3cd369702a7d0ce5d5b3f4f9feba534ce48ae8,2026-09-02T19:03:43.423Z,2026-09-02T19:03:51.190Z,2026-09-02T19:03:51.190Z,327
powertrainCombustionEngineTPS,CAN_ENGINE_TPS,HF_HISTORICAL,2026-09-02T19:03:45.423Z,2026-09-02T19:03:51.378Z,2026-09-02T19:03:51.190Z,2026-09-02T19:03:51.378Z,492,49.41176470588236,49.41176470588236,4d8db59f1ad4ec4b69745e58eb1951fb6fd2aaf79921db505a49624e6b199a84,1s,AVG,4d8db59f1ad4ec4b69745e58eb1951fb6fd2aaf79921db505a49624e6b199a84,2026-09-02T19:03:43.423Z,2026-09-02T19:03:51.190Z,2026-09-02T19:03:51.190Z,332
powertrainCombustionEngineTPS,CAN_ENGINE_TPS,LATEST_LIVE,2026-09-02T19:03:53.000Z,2026-09-02T19:03:56.904Z,2026-09-02T19:03:56.660Z,2026-09-02T19:03:56.904Z,497,31.37254901960784,"{""value"":31.37254901960784,""timestamp"":""2026-09-02T19:03:53Z""}",,,,,,,,337
powertrainCombustionEngineTPS,CAN_ENGINE_TPS,HF_HISTORICAL,2026-09-02T19:03:49.190Z,2026-09-02T19:03:57.120Z,2026-09-02T19:03:56.905Z,2026-09-02T19:03:57.120Z,502,34.50980392156863,34.50980392156863,66aadf387d93276830768272855a268cb09b92ae555a79802665eb0655c5a602,1s,AVG,66aadf387d93276830768272855a268cb09b92ae555a79802665eb0655c5a602,2026-09-02T19:03:49.190Z,2026-09-02T19:03:56.905Z,2026-09-02T19:03:56.905Z,342
powertrainCombustionEngineTPS,CAN_ENGINE_TPS,HF_HISTORICAL,2026-09-02T19:03:52.190Z,2026-09-02T19:03:57.120Z,2026-09-02T19:03:56.905Z,2026-09-02T19:03:57.120Z,507,31.37254901960784,31.37254901960784,ac6f718a8949a0aa2d88c57ed0a4c1abc5eef0620d0631eb8765a75cc4c67807,1s,AVG,ac6f718a8949a0aa2d88c57ed0a4c1abc5eef0620d0631eb8765a75cc4c67807,2026-09-02T19:03:49.190Z,2026-09-02T19:03:56.905Z,2026-09-02T19:03:56.905Z,347
powertrainCombustionEngineTPS,CAN_ENGINE_TPS,LATEST_LIVE,2026-09-02T19:03:57.000Z,2026-09-02T19:04:02.951Z,2026-09-02T19:04:02.688Z,2026-09-02T19:04:02.951Z,538,14.11764705882353,"{""value"":14.11764705882353,""timestamp"":""2026-09-02T19:03:57Z""}",,,,,,,,358
powertrainCombustionEngineTPS,CAN_ENGINE_TPS,HF_HISTORICAL,2026-09-02T19:03:56.905Z,2026-09-02T19:04:03.167Z,2026-09-02T19:04:02.952Z,2026-09-02T19:04:03.167Z,542,14.11764705882353,14.11764705882353,1d23b01762c1ac685e89d8dfa4bdf613b371a1eae295720ce00480b66185aabd,1s,AVG,1d23b01762c1ac685e89d8dfa4bdf613b371a1eae295720ce00480b66185aabd,2026-09-02T19:03:54.905Z,2026-09-02T19:04:02.952Z,2026-09-02T19:04:02.952Z,362
powertrainCombustionEngineTPS,CAN_ENGINE_TPS,LATEST_LIVE,2026-09-02T19:04:04.000Z,2026-09-02T19:04:08.756Z,2026-09-02T19:04:08.514Z,2026-09-02T19:04:08.756Z,547,14.11764705882353,"{""value"":14.11764705882353,""timestamp"":""2026-09-02T19:04:04Z""}",,,,,,,,367
powertrainCombustionEngineTPS,CAN_ENGINE_TPS,HF_HISTORICAL,2026-09-02T19:04:03.952Z,2026-09-02T19:04:09.005Z,2026-09-02T19:04:08.760Z,2026-09-02T19:04:09.005Z,552,14.11764705882353,14.11764705882353,7d73a60ea059a0e5bb1100454b034a710a5014df36d0d81c3853a9c918579403,1s,AVG,7d73a60ea059a0e5bb1100454b034a710a5014df36d0d81c3853a9c918579403,2026-09-02T19:04:00.952Z,2026-09-02T19:04:08.760Z,2026-09-02T19:04:08.760Z,372
powertrainCombustionEngineTPS,CAN_ENGINE_TPS,LATEST_LIVE,2026-09-02T19:04:10.000Z,2026-09-02T19:04:14.643Z,2026-09-02T19:04:14.347Z,2026-09-02T19:04:14.643Z,557,14.11764705882353,"{""value"":14.11764705882353,""timestamp"":""2026-09-02T19:04:10Z""}",,,,,,,,377
powertrainCombustionEngineTPS,CAN_ENGINE_TPS,HF_HISTORICAL,2026-09-02T19:04:07.760Z,2026-09-02T19:04:14.991Z,2026-09-02T19:04:14.644Z,2026-09-02T19:04:14.991Z,562,14.11764705882353,14.11764705882353,aef2cf9de7633892ce60c54717f21309f69c315f7162485c942f0a52462d52fc,1s,AVG,aef2cf9de7633892ce60c54717f21309f69c315f7162485c942f0a52462d52fc,2026-09-02T19:04:06.760Z,2026-09-02T19:04:14.644Z,2026-09-02T19:04:14.644Z,382
powertrainCombustionEngineTPS,CAN_ENGINE_TPS,HF_HISTORICAL,2026-09-02T19:04:09.760Z,2026-09-02T19:04:14.991Z,2026-09-02T19:04:14.644Z,2026-09-02T19:04:14.991Z,567,14.11764705882353,14.11764705882353,332a6f4c7c0aa9292fa8de014c8a2e8a7d76df3f091567c0f89741ee50e9bc68,1s,AVG,332a6f4c7c0aa9292fa8de014c8a2e8a7d76df3f091567c0f89741ee50e9bc68,2026-09-02T19:04:06.760Z,2026-09-02T19:04:14.644Z,2026-09-02T19:04:14.644Z,387
powertrainCombustionEngineTPS,CAN_ENGINE_TPS,LATEST_LIVE,2026-09-02T19:04:16.000Z,2026-09-02T19:04:20.522Z,2026-09-02T19:04:20.291Z,2026-09-02T19:04:20.522Z,572,27.05882352941176,"{""value"":27.05882352941176,""timestamp"":""2026-09-02T19:04:16Z""}",,,,,,,,392
powertrainCombustionEngineTPS,CAN_ENGINE_TPS,HF_HISTORICAL,2026-09-02T19:04:15.644Z,2026-09-02T19:04:20.732Z,2026-09-02T19:04:20.523Z,2026-09-02T19:04:20.732Z,577,27.05882352941176,27.05882352941176,071b8b170e58bf9df5251fef8192ae9fb4429527f2de6a1c43f5581c70ac9725,1s,AVG,071b8b170e58bf9df5251fef8192ae9fb4429527f2de6a1c43f5581c70ac9725,2026-09-02T19:04:12.644Z,2026-09-02T19:04:20.523Z,2026-09-02T19:04:20.523Z,397
powertrainCombustionEngineTPS,CAN_ENGINE_TPS,LATEST_LIVE,2026-09-02T19:04:20.000Z,2026-09-02T19:04:26.342Z,2026-09-02T19:04:26.124Z,2026-09-02T19:04:26.342Z,582,27.05882352941176,"{""value"":27.05882352941176,""timestamp"":""2026-09-02T19:04:20Z""}",,,,,,,,402
powertrainCombustionEngineTPS,CAN_ENGINE_TPS,HF_HISTORICAL,2026-09-02T19:04:19.523Z,2026-09-02T19:04:26.548Z,2026-09-02T19:04:26.344Z,2026-09-02T19:04:26.548Z,587,27.05882352941176,27.05882352941176,532c2fe16fa470028deccd995c9e8a7152c7a750f1c48e1550b07b3e082c84fd,1s,AVG,532c2fe16fa470028deccd995c9e8a7152c7a750f1c48e1550b07b3e082c84fd,2026-09-02T19:04:18.523Z,2026-09-02T19:04:26.344Z,2026-09-02T19:04:26.344Z,407
powertrainCombustionEngineTPS,CAN_ENGINE_TPS,HF_HISTORICAL,2026-09-02T19:04:22.523Z,2026-09-02T19:04:26.548Z,2026-09-02T19:04:26.344Z,2026-09-02T19:04:26.548Z,592,34.50980392156863,34.50980392156863,b7630e4841ec90c316296106e554d00fd131e980cb6724aa1f069f0aa6e196ab,1s,AVG,b7630e4841ec90c316296106e554d00fd131e980cb6724aa1f069f0aa6e196ab,2026-09-02T19:04:18.523Z,2026-09-02T19:04:26.344Z,2026-09-02T19:04:26.344Z,412
powertrainCombustionEngineTPS,CAN_ENGINE_TPS,LATEST_LIVE,2026-09-02T19:04:23.000Z,2026-09-02T19:04:32.120Z,2026-09-02T19:04:31.857Z,2026-09-02T19:04:32.120Z,597,34.50980392156863,"{""value"":34.50980392156863,""timestamp"":""2026-09-02T19:04:23Z""}",,,,,,,,417
powertrainCombustionEngineTPS,CAN_ENGINE_TPS,LATEST_LIVE,2026-09-02T19:04:23.000Z,2026-09-02T19:04:38.281Z,2026-09-02T19:04:37.907Z,2026-09-02T19:04:38.281Z,628,34.50980392156863,"{""value"":34.50980392156863,""timestamp"":""2026-09-02T19:04:23Z""}",,,,,,,,428
powertrainCombustionEngineTPS,CAN_ENGINE_TPS,LATEST_LIVE,2026-09-02T19:04:23.000Z,2026-09-02T19:04:43.976Z,2026-09-02T19:04:43.761Z,2026-09-02T19:04:43.976Z,633,34.50980392156863,"{""value"":34.50980392156863,""timestamp"":""2026-09-02T19:04:23Z""}",,,,,,,,433
powertrainCombustionEngineTPS,CAN_ENGINE_TPS,LATEST_LIVE,2026-09-02T19:04:46.000Z,2026-09-02T19:04:49.842Z,2026-09-02T19:04:49.478Z,2026-09-02T19:04:49.842Z,638,14.11764705882353,"{""value"":14.11764705882353,""timestamp"":""2026-09-02T19:04:46Z""}",,,,,,,,438
powertrainCombustionEngineTPS,CAN_ENGINE_TPS,HF_HISTORICAL,2026-09-02T19:04:41.977Z,2026-09-02T19:04:50.130Z,2026-09-02T19:04:49.844Z,2026-09-02T19:04:50.130Z,643,34.50980392156863,34.50980392156863,75670c4414085d3fa3a25e5d49cdc48c086e87160aad725030d0cdf70d6cf155,1s,AVG,75670c4414085d3fa3a25e5d49cdc48c086e87160aad725030d0cdf70d6cf155,2026-09-02T19:04:41.977Z,2026-09-02T19:04:49.844Z,2026-09-02T19:04:49.844Z,443
powertrainCombustionEngineTPS,CAN_ENGINE_TPS,HF_HISTORICAL,2026-09-02T19:04:43.977Z,2026-09-02T19:04:50.130Z,2026-09-02T19:04:49.844Z,2026-09-02T19:04:50.130Z,648,39.6078431372549,39.6078431372549,2e03ff48b7bbf96300f9ebde5e5c06468a3457bded993f04893a364fd0c0d462,1s,AVG,2e03ff48b7bbf96300f9ebde5e5c06468a3457bded993f04893a364fd0c0d462,2026-09-02T19:04:41.977Z,2026-09-02T19:04:49.844Z,2026-09-02T19:04:49.844Z,448
powertrainCombustionEngineTPS,CAN_ENGINE_TPS,HF_HISTORICAL,2026-09-02T19:04:45.977Z,2026-09-02T19:04:50.130Z,2026-09-02T19:04:49.844Z,2026-09-02T19:04:50.130Z,652,14.11764705882353,14.11764705882353,c949758d97fc48831a9cccc8c3a0bc870fac6cce5df9ae770a0426f7e84274de,1s,AVG,c949758d97fc48831a9cccc8c3a0bc870fac6cce5df9ae770a0426f7e84274de,2026-09-02T19:04:41.977Z,2026-09-02T19:04:49.844Z,2026-09-02T19:04:49.844Z,452
powertrainCombustionEngineTPS,CAN_ENGINE_TPS,LATEST_LIVE,2026-09-02T19:04:50.000Z,2026-09-02T19:04:55.644Z,2026-09-02T19:04:55.414Z,2026-09-02T19:04:55.644Z,657,32.54901960784314,"{""value"":32.54901960784314,""timestamp"":""2026-09-02T19:04:50Z""}",,,,,,,,457
powertrainCombustionEngineTPS,CAN_ENGINE_TPS,HF_HISTORICAL,2026-09-02T19:04:48.844Z,2026-09-02T19:04:55.854Z,2026-09-02T19:04:55.648Z,2026-09-02T19:04:55.854Z,662,30.19607843137255,30.19607843137255,613fd1faa22da9ef150500c9f07f3b515ab59062bd85987b3acca421877fadbb,1s,AVG,613fd1faa22da9ef150500c9f07f3b515ab59062bd85987b3acca421877fadbb,2026-09-02T19:04:47.844Z,2026-09-02T19:04:55.648Z,2026-09-02T19:04:55.648Z,462
powertrainCombustionEngineTPS,CAN_ENGINE_TPS,HF_HISTORICAL,2026-09-02T19:04:49.844Z,2026-09-02T19:04:55.854Z,2026-09-02T19:04:55.648Z,2026-09-02T19:04:55.854Z,667,32.54901960784314,32.54901960784314,f8fffc464613b8cc29c5a33c01afddf0363e49feb11eff30972194be82f8d6bb,1s,AVG,f8fffc464613b8cc29c5a33c01afddf0363e49feb11eff30972194be82f8d6bb,2026-09-02T19:04:47.844Z,2026-09-02T19:04:55.648Z,2026-09-02T19:04:55.648Z,467
powertrainCombustionEngineTPS,CAN_ENGINE_TPS,LATEST_LIVE,2026-09-02T19:04:50.000Z,2026-09-02T19:05:01.853Z,2026-09-02T19:05:01.430Z,2026-09-02T19:05:01.853Z,672,32.54901960784314,"{""value"":32.54901960784314,""timestamp"":""2026-09-02T19:04:50Z""}",,,,,,,,472
powertrainCombustionEngineTPS,CAN_ENGINE_TPS,LATEST_LIVE,2026-09-02T19:04:50.000Z,2026-09-02T19:05:08.118Z,2026-09-02T19:05:07.876Z,2026-09-02T19:05:08.118Z,677,32.54901960784314,"{""value"":32.54901960784314,""timestamp"":""2026-09-02T19:04:50Z""}",,,,,,,,477
powertrainCombustionEngineTPS,CAN_ENGINE_TPS,LATEST_LIVE,2026-09-02T19:04:50.000Z,2026-09-02T19:05:14.269Z,2026-09-02T19:05:13.980Z,2026-09-02T19:05:14.269Z,708,32.54901960784314,"{""value"":32.54901960784314,""timestamp"":""2026-09-02T19:04:50Z""}",,,,,,,,488
powertrainCombustionEngineTPS,CAN_ENGINE_TPS,LATEST_LIVE,2026-09-02T19:04:50.000Z,2026-09-02T19:05:20.314Z,2026-09-02T19:05:19.945Z,2026-09-02T19:05:20.314Z,724,32.54901960784314,"{""value"":32.54901960784314,""timestamp"":""2026-09-02T19:04:50Z""}",,,,,,,,504
powertrainCombustionEngineTPS,CAN_ENGINE_TPS,LATEST_LIVE,2026-09-02T19:04:50.000Z,2026-09-02T19:05:26.205Z,2026-09-02T19:05:25.954Z,2026-09-02T19:05:26.205Z,737,32.54901960784314,"{""value"":32.54901960784314,""timestamp"":""2026-09-02T19:04:50Z""}",,,,,,,,517
powertrainCombustionEngineTPS,CAN_ENGINE_TPS,LATEST_LIVE,2026-09-02T19:04:50.000Z,2026-09-02T19:05:31.889Z,2026-09-02T19:05:31.682Z,2026-09-02T19:05:31.889Z,748,32.54901960784314,"{""value"":32.54901960784314,""timestamp"":""2026-09-02T19:04:50Z""}",,,,,,,,528
powertrainCombustionEngineTPS,CAN_ENGINE_TPS,LATEST_LIVE,2026-09-02T19:05:34.000Z,2026-09-02T19:05:37.655Z,2026-09-02T19:05:37.417Z,2026-09-02T19:05:37.655Z,757,14.11764705882353,"{""value"":14.11764705882353,""timestamp"":""2026-09-02T19:05:34Z""}",,,,,,,,537
powertrainCombustionEngineTPS,CAN_ENGINE_TPS,HF_HISTORICAL,2026-09-02T19:05:29.891Z,2026-09-02T19:05:37.895Z,2026-09-02T19:05:37.656Z,2026-09-02T19:05:37.895Z,761,14.11764705882353,14.11764705882353,976c2c8c9c54d51fc8ced22c380aa30412259dea5ec909a3da75bb1446502d17,1s,AVG,976c2c8c9c54d51fc8ced22c380aa30412259dea5ec909a3da75bb1446502d17,2026-09-02T19:05:29.891Z,2026-09-02T19:05:37.656Z,2026-09-02T19:05:37.656Z,541
powertrainCombustionEngineTPS,CAN_ENGINE_TPS,HF_HISTORICAL,2026-09-02T19:05:30.891Z,2026-09-02T19:05:37.895Z,2026-09-02T19:05:37.656Z,2026-09-02T19:05:37.895Z,766,14.11764705882353,14.11764705882353,8a3c356b40d2c0c53f90b1176033009662c74fcadb81c59d573bbe553c234220,1s,AVG,8a3c356b40d2c0c53f90b1176033009662c74fcadb81c59d573bbe553c234220,2026-09-02T19:05:29.891Z,2026-09-02T19:05:37.656Z,2026-09-02T19:05:37.656Z,546
powertrainCombustionEngineTPS,CAN_ENGINE_TPS,HF_HISTORICAL,2026-09-02T19:05:32.891Z,2026-09-02T19:05:37.895Z,2026-09-02T19:05:37.656Z,2026-09-02T19:05:37.895Z,771,14.11764705882353,14.11764705882353,5decff4a7cd749d9c4270116d77e4c4c6868041b6ef246b25d11b08b875a6da6,1s,AVG,5decff4a7cd749d9c4270116d77e4c4c6868041b6ef246b25d11b08b875a6da6,2026-09-02T19:05:29.891Z,2026-09-02T19:05:37.656Z,2026-09-02T19:05:37.656Z,551
powertrainCombustionEngineTPS,CAN_ENGINE_TPS,HF_HISTORICAL,2026-09-02T19:05:33.891Z,2026-09-02T19:05:37.895Z,2026-09-02T19:05:37.656Z,2026-09-02T19:05:37.895Z,776,14.11764705882353,14.11764705882353,f646419cb9e99559709e9dbeae5adff9bb3b503b4b1c61539e3289139426d094,1s,AVG,f646419cb9e99559709e9dbeae5adff9bb3b503b4b1c61539e3289139426d094,2026-09-02T19:05:29.891Z,2026-09-02T19:05:37.656Z,2026-09-02T19:05:37.656Z,556
powertrainCombustionEngineTPS,CAN_ENGINE_TPS,LATEST_LIVE,2026-09-02T19:05:40.000Z,2026-09-02T19:05:43.572Z,2026-09-02T19:05:43.263Z,2026-09-02T19:05:43.572Z,781,14.11764705882353,"{""value"":14.11764705882353,""timestamp"":""2026-09-02T19:05:40Z""}",,,,,,,,561
powertrainCombustionEngineTPS,CAN_ENGINE_TPS,HF_HISTORICAL,2026-09-02T19:05:36.656Z,2026-09-02T19:05:43.895Z,2026-09-02T19:05:43.574Z,2026-09-02T19:05:43.895Z,786,27.05882352941176,27.05882352941176,6719ca46fb9d2e5a5608451d816cb5fe98e840b394549d949a5818f73759da19,1s,AVG,6719ca46fb9d2e5a5608451d816cb5fe98e840b394549d949a5818f73759da19,2026-09-02T19:05:35.656Z,2026-09-02T19:05:43.574Z,2026-09-02T19:05:43.574Z,566
powertrainCombustionEngineTPS,CAN_ENGINE_TPS,HF_HISTORICAL,2026-09-02T19:05:39.656Z,2026-09-02T19:05:43.895Z,2026-09-02T19:05:43.574Z,2026-09-02T19:05:43.895Z,791,14.11764705882353,14.11764705882353,c2c97c3c927e642df32d5931154106bcd54953a69e84f88421ac8b073b504498,1s,AVG,c2c97c3c927e642df32d5931154106bcd54953a69e84f88421ac8b073b504498,2026-09-02T19:05:35.656Z,2026-09-02T19:05:43.574Z,2026-09-02T19:05:43.574Z,571
powertrainCombustionEngineTPS,CAN_ENGINE_TPS,LATEST_LIVE,2026-09-02T19:05:46.000Z,2026-09-02T19:05:50.560Z,2026-09-02T19:05:49.504Z,2026-09-02T19:05:50.560Z,822,22.35294117647059,"{""value"":22.35294117647059,""timestamp"":""2026-09-02T19:05:46Z""}",,,,,,,,582
powertrainCombustionEngineTPS,CAN_ENGINE_TPS,HF_HISTORICAL,2026-09-02T19:05:42.574Z,2026-09-02T19:05:50.895Z,2026-09-02T19:05:50.561Z,2026-09-02T19:05:50.895Z,827,32.54901960784314,32.54901960784314,564e194c325c339279838b673a64cdce05e81beae2dd023eecd936c9e9d9704f,1s,AVG,564e194c325c339279838b673a64cdce05e81beae2dd023eecd936c9e9d9704f,2026-09-02T19:05:41.574Z,2026-09-02T19:05:50.561Z,2026-09-02T19:05:50.561Z,587
powertrainCombustionEngineTPS,CAN_ENGINE_TPS,HF_HISTORICAL,2026-09-02T19:05:43.574Z,2026-09-02T19:05:50.895Z,2026-09-02T19:05:50.561Z,2026-09-02T19:05:50.895Z,832,35.29411764705883,35.29411764705883,26a159cf2b1c8da4040f6389724ae05bdd4c46f5806686ba9292aae2231424cf,1s,AVG,26a159cf2b1c8da4040f6389724ae05bdd4c46f5806686ba9292aae2231424cf,2026-09-02T19:05:41.574Z,2026-09-02T19:05:50.561Z,2026-09-02T19:05:50.561Z,592
powertrainCombustionEngineTPS,CAN_ENGINE_TPS,HF_HISTORICAL,2026-09-02T19:05:44.574Z,2026-09-02T19:05:50.895Z,2026-09-02T19:05:50.561Z,2026-09-02T19:05:50.895Z,836,14.11764705882353,14.11764705882353,d717048804e52ba0e2828c24ec4f2a26b80dadb150a939618460819c2e6ba75c,1s,AVG,d717048804e52ba0e2828c24ec4f2a26b80dadb150a939618460819c2e6ba75c,2026-09-02T19:05:41.574Z,2026-09-02T19:05:50.561Z,2026-09-02T19:05:50.561Z,596
powertrainCombustionEngineTPS,CAN_ENGINE_TPS,HF_HISTORICAL,2026-09-02T19:05:45.574Z,2026-09-02T19:05:50.895Z,2026-09-02T19:05:50.561Z,2026-09-02T19:05:50.895Z,840,22.35294117647059,22.35294117647059,96f1e375d1ca9a13559c5911d753647f4a45fc0912e0e86f6de830df7ed1e453,1s,AVG,96f1e375d1ca9a13559c5911d753647f4a45fc0912e0e86f6de830df7ed1e453,2026-09-02T19:05:41.574Z,2026-09-02T19:05:50.561Z,2026-09-02T19:05:50.561Z,600
powertrainCombustionEngineTPS,CAN_ENGINE_TPS,LATEST_LIVE,2026-09-02T19:05:52.000Z,2026-09-02T19:05:56.479Z,2026-09-02T19:05:56.231Z,2026-09-02T19:05:56.479Z,845,14.11764705882353,"{""value"":14.11764705882353,""timestamp"":""2026-09-02T19:05:52Z""}",,,,,,,,605
powertrainCombustionEngineTPS,CAN_ENGINE_TPS,HF_HISTORICAL,2026-09-02T19:05:48.561Z,2026-09-02T19:05:56.707Z,2026-09-02T19:05:56.482Z,2026-09-02T19:05:56.707Z,849,14.11764705882353,14.11764705882353,e3ea9b4228d2985749765b401f9ad8254523a2a27f22962482f77822160f36be,1s,AVG,e3ea9b4228d2985749765b401f9ad8254523a2a27f22962482f77822160f36be,2026-09-02T19:05:48.561Z,2026-09-02T19:05:56.481Z,2026-09-02T19:05:56.481Z,609
powertrainCombustionEngineTPS,CAN_ENGINE_TPS,HF_HISTORICAL,2026-09-02T19:05:49.561Z,2026-09-02T19:05:56.707Z,2026-09-02T19:05:56.482Z,2026-09-02T19:05:56.707Z,853,33.33333333333334,33.33333333333334,edd216f4ec901ec10e36cbb0c89ca9f695aacc3dbe55384eb062db24ac185558,1s,AVG,edd216f4ec901ec10e36cbb0c89ca9f695aacc3dbe55384eb062db24ac185558,2026-09-02T19:05:48.561Z,2026-09-02T19:05:56.481Z,2026-09-02T19:05:56.481Z,613
powertrainCombustionEngineTPS,CAN_ENGINE_TPS,HF_HISTORICAL,2026-09-02T19:05:50.561Z,2026-09-02T19:05:56.707Z,2026-09-02T19:05:56.482Z,2026-09-02T19:05:56.707Z,858,14.11764705882353,14.11764705882353,7f7ecb8888a801adfde2bddc1ba7ca314c31ecb16db36ebaa2a68ed2a6dbbdfd,1s,AVG,7f7ecb8888a801adfde2bddc1ba7ca314c31ecb16db36ebaa2a68ed2a6dbbdfd,2026-09-02T19:05:48.561Z,2026-09-02T19:05:56.481Z,2026-09-02T19:05:56.481Z,618
powertrainCombustionEngineTPS,CAN_ENGINE_TPS,HF_HISTORICAL,2026-09-02T19:05:51.561Z,2026-09-02T19:05:56.707Z,2026-09-02T19:05:56.482Z,2026-09-02T19:05:56.707Z,863,14.11764705882353,14.11764705882353,e61548a9148550b8c42c6bae1ef8c8816285c9af690cd3a8e38b06ac0751925b,1s,AVG,e61548a9148550b8c42c6bae1ef8c8816285c9af690cd3a8e38b06ac0751925b,2026-09-02T19:05:48.561Z,2026-09-02T19:05:56.481Z,2026-09-02T19:05:56.481Z,623
powertrainCombustionEngineTPS,CAN_ENGINE_TPS,LATEST_LIVE,2026-09-02T19:05:58.000Z,2026-09-02T19:06:02.472Z,2026-09-02T19:06:02.186Z,2026-09-02T19:06:02.472Z,868,14.11764705882353,"{""value"":14.11764705882353,""timestamp"":""2026-09-02T19:05:58Z""}",,,,,,,,628
powertrainCombustionEngineTPS,CAN_ENGINE_TPS,HF_HISTORICAL,2026-09-02T19:05:54.481Z,2026-09-02T19:06:02.727Z,2026-09-02T19:06:02.479Z,2026-09-02T19:06:02.727Z,873,30.98039215686275,30.98039215686275,90168bb0c291865ab015cfdec27b956b8a8fc0a03fff0fda42cb4ce1a91eef2f,1s,AVG,90168bb0c291865ab015cfdec27b956b8a8fc0a03fff0fda42cb4ce1a91eef2f,2026-09-02T19:05:54.481Z,2026-09-02T19:06:02.478Z,2026-09-02T19:06:02.478Z,633
powertrainCombustionEngineTPS,CAN_ENGINE_TPS,HF_HISTORICAL,2026-09-02T19:05:55.481Z,2026-09-02T19:06:02.727Z,2026-09-02T19:06:02.479Z,2026-09-02T19:06:02.727Z,877,14.11764705882353,14.11764705882353,92ff21c0f3cc46b27adf54c32ed4e9faa9581486987ed9562b0bfa666b4b357f,1s,AVG,92ff21c0f3cc46b27adf54c32ed4e9faa9581486987ed9562b0bfa666b4b357f,2026-09-02T19:05:54.481Z,2026-09-02T19:06:02.478Z,2026-09-02T19:06:02.478Z,637
powertrainCombustionEngineTPS,CAN_ENGINE_TPS,HF_HISTORICAL,2026-09-02T19:05:57.481Z,2026-09-02T19:06:02.727Z,2026-09-02T19:06:02.479Z,2026-09-02T19:06:02.727Z,881,14.11764705882353,14.11764705882353,a0c0ee4445ddecfd62bae4de48daed95b3057e1a97a25062a37ae392f16d27a4,1s,AVG,a0c0ee4445ddecfd62bae4de48daed95b3057e1a97a25062a37ae392f16d27a4,2026-09-02T19:05:54.481Z,2026-09-02T19:06:02.478Z,2026-09-02T19:06:02.478Z,641
powertrainCombustionEngineTPS,CAN_ENGINE_TPS,LATEST_LIVE,2026-09-02T19:06:04.000Z,2026-09-02T19:06:08.425Z,2026-09-02T19:06:08.133Z,2026-09-02T19:06:08.425Z,886,14.11764705882353,"{""value"":14.11764705882353,""timestamp"":""2026-09-02T19:06:04Z""}",,,,,,,,646
powertrainCombustionEngineTPS,CAN_ENGINE_TPS,HF_HISTORICAL,2026-09-02T19:06:00.478Z,2026-09-02T19:06:08.650Z,2026-09-02T19:06:08.428Z,2026-09-02T19:06:08.650Z,891,14.11764705882353,14.11764705882353,07d4f67978cc35ade28cefc948153b1c9cb469055fdfbe175879d6fcc3a6a2bd,1s,AVG,07d4f67978cc35ade28cefc948153b1c9cb469055fdfbe175879d6fcc3a6a2bd,2026-09-02T19:06:00.478Z,2026-09-02T19:06:08.428Z,2026-09-02T19:06:08.428Z,651
powertrainCombustionEngineTPS,CAN_ENGINE_TPS,HF_HISTORICAL,2026-09-02T19:06:01.478Z,2026-09-02T19:06:08.650Z,2026-09-02T19:06:08.428Z,2026-09-02T19:06:08.650Z,896,14.11764705882353,14.11764705882353,cb4fe9fa458c09177ca75c5d53b33dcc23913123357809ce01c67b34c8309c36,1s,AVG,cb4fe9fa458c09177ca75c5d53b33dcc23913123357809ce01c67b34c8309c36,2026-09-02T19:06:00.478Z,2026-09-02T19:06:08.428Z,2026-09-02T19:06:08.428Z,656
powertrainCombustionEngineTPS,CAN_ENGINE_TPS,HF_HISTORICAL,2026-09-02T19:06:03.478Z,2026-09-02T19:06:08.650Z,2026-09-02T19:06:08.428Z,2026-09-02T19:06:08.650Z,901,14.11764705882353,14.11764705882353,7ce52f71ca963560b1bd317a67e47d3c8b8cdb786f0b0db542babc255ae97518,1s,AVG,7ce52f71ca963560b1bd317a67e47d3c8b8cdb786f0b0db542babc255ae97518,2026-09-02T19:06:00.478Z,2026-09-02T19:06:08.428Z,2026-09-02T19:06:08.428Z,661
powertrainCombustionEngineTPS,CAN_ENGINE_TPS,LATEST_LIVE,2026-09-02T19:06:06.000Z,2026-09-02T19:06:14.289Z,2026-09-02T19:06:13.969Z,2026-09-02T19:06:14.289Z,906,31.76470588235294,"{""value"":31.76470588235294,""timestamp"":""2026-09-02T19:06:06Z""}",,,,,,,,666
powertrainCombustionEngineTPS,CAN_ENGINE_TPS,LATEST_LIVE,2026-09-02T19:06:06.000Z,2026-09-02T19:06:20.192Z,2026-09-02T19:06:19.806Z,2026-09-02T19:06:20.192Z,911,31.76470588235294,"{""value"":31.76470588235294,""timestamp"":""2026-09-02T19:06:06Z""}",,,,,,,,671
powertrainCombustionEngineTPS,CAN_ENGINE_TPS,LATEST_LIVE,2026-09-02T19:06:20.000Z,2026-09-02T19:06:26.257Z,2026-09-02T19:06:25.936Z,2026-09-02T19:06:26.257Z,942,14.11764705882353,"{""value"":14.11764705882353,""timestamp"":""2026-09-02T19:06:20Z""}",,,,,,,,682
powertrainCombustionEngineTPS,CAN_ENGINE_TPS,HF_HISTORICAL,2026-09-02T19:06:19.194Z,2026-09-02T19:06:26.448Z,2026-09-02T19:06:26.259Z,2026-09-02T19:06:26.448Z,947,14.11764705882353,14.11764705882353,8fb2238fc7024909697b53e085f08bedbee15c0aa41df3cafd954c88b2aad07b,1s,AVG,8fb2238fc7024909697b53e085f08bedbee15c0aa41df3cafd954c88b2aad07b,2026-09-02T19:06:18.194Z,2026-09-02T19:06:26.259Z,2026-09-02T19:06:26.259Z,687
powertrainCombustionEngineTPS,CAN_ENGINE_TPS,HF_HISTORICAL,2026-09-02T19:06:21.194Z,2026-09-02T19:06:26.448Z,2026-09-02T19:06:26.259Z,2026-09-02T19:06:26.448Z,952,23.13725490196078,23.13725490196078,939642e95f6b114f76101d88ac97a328ec29dfde48d45824d88149a204f1ff8f,1s,AVG,939642e95f6b114f76101d88ac97a328ec29dfde48d45824d88149a204f1ff8f,2026-09-02T19:06:18.194Z,2026-09-02T19:06:26.259Z,2026-09-02T19:06:26.259Z,692
powertrainCombustionEngineTPS,CAN_ENGINE_TPS,LATEST_LIVE,2026-09-02T19:06:26.000Z,2026-09-02T19:06:32.117Z,2026-09-02T19:06:31.762Z,2026-09-02T19:06:32.117Z,957,23.92156862745098,"{""value"":23.92156862745098,""timestamp"":""2026-09-02T19:06:26Z""}",,,,,,,,697
powertrainCombustionEngineTPS,CAN_ENGINE_TPS,HF_HISTORICAL,2026-09-02T19:06:24.259Z,2026-09-02T19:06:33.430Z,2026-09-02T19:06:32.120Z,2026-09-02T19:06:33.430Z,962,18.03921568627451,18.03921568627451,449f7ee7cd2630298a94f63e2c78fda4e1cfc1877f1ec8b6e6bb5caa81a9d269,1s,AVG,449f7ee7cd2630298a94f63e2c78fda4e1cfc1877f1ec8b6e6bb5caa81a9d269,2026-09-02T19:06:24.259Z,2026-09-02T19:06:32.120Z,2026-09-02T19:06:32.120Z,702
powertrainCombustionEngineTPS,CAN_ENGINE_TPS,HF_HISTORICAL,2026-09-02T19:06:25.259Z,2026-09-02T19:06:33.430Z,2026-09-02T19:06:32.120Z,2026-09-02T19:06:33.430Z,967,23.92156862745098,23.92156862745098,a7d31d1919ab98d1c8c6abe680028a78f0a79c3bfed35a0f0f5cad1688077cf5,1s,AVG,a7d31d1919ab98d1c8c6abe680028a78f0a79c3bfed35a0f0f5cad1688077cf5,2026-09-02T19:06:24.259Z,2026-09-02T19:06:32.120Z,2026-09-02T19:06:32.120Z,707
powertrainCombustionEngineTPS,CAN_ENGINE_TPS,LATEST_LIVE,2026-09-02T19:06:28.000Z,2026-09-02T19:06:39.538Z,2026-09-02T19:06:39.201Z,2026-09-02T19:06:39.538Z,972,44.31372549019608,"{""value"":44.31372549019608,""timestamp"":""2026-09-02T19:06:28Z""}",,,,,,,,712
powertrainCombustionEngineTPS,CAN_ENGINE_TPS,LATEST_LIVE,2026-09-02T19:06:42.000Z,2026-09-02T19:06:45.399Z,2026-09-02T19:06:45.135Z,2026-09-02T19:06:45.399Z,977,14.11764705882353,"{""value"":14.11764705882353,""timestamp"":""2026-09-02T19:06:42Z""}",,,,,,,,717
powertrainCombustionEngineTPS,CAN_ENGINE_TPS,HF_HISTORICAL,2026-09-02T19:06:39.539Z,2026-09-02T19:06:45.606Z,2026-09-02T19:06:45.401Z,2026-09-02T19:06:45.606Z,982,44.31372549019608,44.31372549019608,79fcdf397a2291b0cf1cb7e8b4619314c7bdbe082341c4dd5724615776d844a1,1s,AVG,79fcdf397a2291b0cf1cb7e8b4619314c7bdbe082341c4dd5724615776d844a1,2026-09-02T19:06:37.539Z,2026-09-02T19:06:45.400Z,2026-09-02T19:06:45.400Z,722
powertrainCombustionEngineTPS,CAN_ENGINE_TPS,HF_HISTORICAL,2026-09-02T19:06:41.539Z,2026-09-02T19:06:45.606Z,2026-09-02T19:06:45.401Z,2026-09-02T19:06:45.606Z,987,14.11764705882353,14.11764705882353,4bee9ac24c744a9628dc068141e25a851b29b23afeef6dc47fc38821312843c2,1s,AVG,4bee9ac24c744a9628dc068141e25a851b29b23afeef6dc47fc38821312843c2,2026-09-02T19:06:37.539Z,2026-09-02T19:06:45.400Z,2026-09-02T19:06:45.400Z,727
powertrainCombustionEngineTPS,CAN_ENGINE_TPS,LATEST_LIVE,2026-09-02T19:06:44.000Z,2026-09-02T19:06:51.417Z,2026-09-02T19:06:51.046Z,2026-09-02T19:06:51.417Z,992,35.68627450980392,"{""value"":35.68627450980392,""timestamp"":""2026-09-02T19:06:44Z""}",,,,,,,,732
powertrainCombustionEngineTPS,CAN_ENGINE_TPS,HF_HISTORICAL,2026-09-02T19:06:43.400Z,2026-09-02T19:06:51.719Z,2026-09-02T19:06:51.418Z,2026-09-02T19:06:51.719Z,997,35.68627450980392,35.68627450980392,9bba12816c3e0564823e38c4ff0254094aa4e0febb39f2637508ab19ae994c1d,1s,AVG,9bba12816c3e0564823e38c4ff0254094aa4e0febb39f2637508ab19ae994c1d,2026-09-02T19:06:43.400Z,2026-09-02T19:06:51.418Z,2026-09-02T19:06:51.418Z,737
powertrainCombustionEngineTPS,CAN_ENGINE_TPS,LATEST_LIVE,2026-09-02T19:06:52.000Z,2026-09-02T19:06:57.355Z,2026-09-02T19:06:57.114Z,2026-09-02T19:06:57.355Z,1002,29.01960784313725,"{""value"":29.01960784313725,""timestamp"":""2026-09-02T19:06:52Z""}",,,,,,,,742
powertrainCombustionEngineTPS,CAN_ENGINE_TPS,HF_HISTORICAL,2026-09-02T19:06:49.418Z,2026-09-02T19:06:57.579Z,2026-09-02T19:06:57.356Z,2026-09-02T19:06:57.579Z,1007,23.52941176470588,23.52941176470588,8f4b5e5270c9a857d2af4d141a8a0095575773567c3c0f42e2b1ca78fbb1e210,1s,AVG,8f4b5e5270c9a857d2af4d141a8a0095575773567c3c0f42e2b1ca78fbb1e210,2026-09-02T19:06:49.418Z,2026-09-02T19:06:57.356Z,2026-09-02T19:06:57.356Z,747
powertrainCombustionEngineTPS,CAN_ENGINE_TPS,HF_HISTORICAL,2026-09-02T19:06:51.418Z,2026-09-02T19:06:57.579Z,2026-09-02T19:06:57.356Z,2026-09-02T19:06:57.579Z,1012,29.01960784313725,29.01960784313725,77d7eefab3426b85eb506b7d7f3053541a7e64b73ba062c3932cef4c5e325cfb,1s,AVG,77d7eefab3426b85eb506b7d7f3053541a7e64b73ba062c3932cef4c5e325cfb,2026-09-02T19:06:49.418Z,2026-09-02T19:06:57.356Z,2026-09-02T19:06:57.356Z,752
powertrainCombustionEngineTPS,CAN_ENGINE_TPS,LATEST_LIVE,2026-09-02T19:06:58.000Z,2026-09-02T19:07:03.402Z,2026-09-02T19:07:03.177Z,2026-09-02T19:07:03.402Z,1043,14.11764705882353,"{""value"":14.11764705882353,""timestamp"":""2026-09-02T19:06:58Z""}",,,,,,,,763
powertrainCombustionEngineTPS,CAN_ENGINE_TPS,HF_HISTORICAL,2026-09-02T19:06:55.356Z,2026-09-02T19:07:03.612Z,2026-09-02T19:07:03.405Z,2026-09-02T19:07:03.612Z,1048,25.49019607843137,25.49019607843137,976caee7a5e5b577f06bc4c2bda0be80315ae0200c19915650fee29fa698d42f,1s,AVG,976caee7a5e5b577f06bc4c2bda0be80315ae0200c19915650fee29fa698d42f,2026-09-02T19:06:55.356Z,2026-09-02T19:07:03.405Z,2026-09-02T19:07:03.405Z,768
powertrainCombustionEngineTPS,CAN_ENGINE_TPS,HF_HISTORICAL,2026-09-02T19:06:57.356Z,2026-09-02T19:07:03.612Z,2026-09-02T19:07:03.405Z,2026-09-02T19:07:03.612Z,1053,14.11764705882353,14.11764705882353,e4551dc2bf145133ce6afeca252f6b65a20e47006f3802de225a4c6f2761ca65,1s,AVG,e4551dc2bf145133ce6afeca252f6b65a20e47006f3802de225a4c6f2761ca65,2026-09-02T19:06:55.356Z,2026-09-02T19:07:03.405Z,2026-09-02T19:07:03.405Z,773
powertrainCombustionEngineTPS,CAN_ENGINE_TPS,HF_HISTORICAL,2026-09-02T19:06:58.356Z,2026-09-02T19:07:03.612Z,2026-09-02T19:07:03.405Z,2026-09-02T19:07:03.612Z,1058,14.11764705882353,14.11764705882353,11af3a5da2c067a9f91ddbaf572bc4e7491986214f05f7ab06910e5ce35a121a,1s,AVG,11af3a5da2c067a9f91ddbaf572bc4e7491986214f05f7ab06910e5ce35a121a,2026-09-02T19:06:55.356Z,2026-09-02T19:07:03.405Z,2026-09-02T19:07:03.405Z,778
powertrainCombustionEngineTPS,CAN_ENGINE_TPS,HF_HISTORICAL,2026-09-02T19:06:59.356Z,2026-09-02T19:07:03.612Z,2026-09-02T19:07:03.405Z,2026-09-02T19:07:03.612Z,1063,14.11764705882353,14.11764705882353,242c59ce1caffc36c9aa7defb040d7dca4ae989fc5624fd00acfb85135814e7f,1s,AVG,242c59ce1caffc36c9aa7defb040d7dca4ae989fc5624fd00acfb85135814e7f,2026-09-02T19:06:55.356Z,2026-09-02T19:07:03.405Z,2026-09-02T19:07:03.405Z,783
powertrainCombustionEngineTPS,CAN_ENGINE_TPS,LATEST_LIVE,2026-09-02T19:07:04.000Z,2026-09-02T19:07:09.135Z,2026-09-02T19:07:08.888Z,2026-09-02T19:07:09.135Z,1068,14.11764705882353,"{""value"":14.11764705882353,""timestamp"":""2026-09-02T19:07:04Z""}",,,,,,,,788
powertrainCombustionEngineTPS,CAN_ENGINE_TPS,HF_HISTORICAL,2026-09-02T19:07:01.405Z,2026-09-02T19:07:09.362Z,2026-09-02T19:07:09.138Z,2026-09-02T19:07:09.362Z,1073,14.11764705882353,14.11764705882353,88c7d4d7b86a7188d58971332d6aae2bb83fff210563300980f761bece00278a,1s,AVG,88c7d4d7b86a7188d58971332d6aae2bb83fff210563300980f761bece00278a,2026-09-02T19:07:01.405Z,2026-09-02T19:07:09.138Z,2026-09-02T19:07:09.138Z,793
powertrainCombustionEngineTPS,CAN_ENGINE_TPS,HF_HISTORICAL,2026-09-02T19:07:02.405Z,2026-09-02T19:07:09.362Z,2026-09-02T19:07:09.138Z,2026-09-02T19:07:09.362Z,1078,14.11764705882353,14.11764705882353,ccd7de0889689a87324f6c4a732f0acaf0d8fd31e59660764bc989504328b099,1s,AVG,ccd7de0889689a87324f6c4a732f0acaf0d8fd31e59660764bc989504328b099,2026-09-02T19:07:01.405Z,2026-09-02T19:07:09.138Z,2026-09-02T19:07:09.138Z,798
powertrainCombustionEngineTPS,CAN_ENGINE_TPS,HF_HISTORICAL,2026-09-02T19:07:03.405Z,2026-09-02T19:07:09.362Z,2026-09-02T19:07:09.138Z,2026-09-02T19:07:09.362Z,1083,14.11764705882353,14.11764705882353,08390a81a8cf0c332925ccd105d495e14f51d627cb8e8712530c13fcb7aa9357,1s,AVG,08390a81a8cf0c332925ccd105d495e14f51d627cb8e8712530c13fcb7aa9357,2026-09-02T19:07:01.405Z,2026-09-02T19:07:09.138Z,2026-09-02T19:07:09.138Z,803
powertrainCombustionEngineTPS,CAN_ENGINE_TPS,LATEST_LIVE,2026-09-02T19:07:11.000Z,2026-09-02T19:07:15.116Z,2026-09-02T19:07:14.915Z,2026-09-02T19:07:15.116Z,1088,30.98039215686275,"{""value"":30.98039215686275,""timestamp"":""2026-09-02T19:07:11Z""}",,,,,,,,808
powertrainCombustionEngineTPS,CAN_ENGINE_TPS,HF_HISTORICAL,2026-09-02T19:07:07.138Z,2026-09-02T19:07:15.316Z,2026-09-02T19:07:15.117Z,2026-09-02T19:07:15.316Z,1093,27.45098039215686,27.45098039215686,beb58940d1c19342307b395d334736d64a2896a264ff4483f70fe4cdb22bb3db,1s,AVG,beb58940d1c19342307b395d334736d64a2896a264ff4483f70fe4cdb22bb3db,2026-09-02T19:07:07.138Z,2026-09-02T19:07:15.117Z,2026-09-02T19:07:15.117Z,813
powertrainCombustionEngineTPS,CAN_ENGINE_TPS,HF_HISTORICAL,2026-09-02T19:07:10.138Z,2026-09-02T19:07:15.316Z,2026-09-02T19:07:15.117Z,2026-09-02T19:07:15.316Z,1098,30.98039215686275,30.98039215686275,2643ad1121d4c04e31f3762021f97653db63b1a87084ff91e8ee4eb9c6ce4344,1s,AVG,2643ad1121d4c04e31f3762021f97653db63b1a87084ff91e8ee4eb9c6ce4344,2026-09-02T19:07:07.138Z,2026-09-02T19:07:15.117Z,2026-09-02T19:07:15.117Z,818
powertrainCombustionEngineTPS,CAN_ENGINE_TPS,LATEST_LIVE,2026-09-02T19:07:16.000Z,2026-09-02T19:07:20.959Z,2026-09-02T19:07:20.596Z,2026-09-02T19:07:20.959Z,1103,19.6078431372549,"{""value"":19.6078431372549,""timestamp"":""2026-09-02T19:07:16Z""}",,,,,,,,823
powertrainCombustionEngineTPS,CAN_ENGINE_TPS,HF_HISTORICAL,2026-09-02T19:07:14.117Z,2026-09-02T19:07:21.230Z,2026-09-02T19:07:20.960Z,2026-09-02T19:07:21.230Z,1108,14.11764705882353,14.11764705882353,c3b11aff807c7fb39e0b593dddf1ebbdf8a30ccb1f4e054acfca6996627fc47b,1s,AVG,c3b11aff807c7fb39e0b593dddf1ebbdf8a30ccb1f4e054acfca6996627fc47b,2026-09-02T19:07:13.117Z,2026-09-02T19:07:20.960Z,2026-09-02T19:07:20.960Z,828
powertrainCombustionEngineTPS,CAN_ENGINE_TPS,HF_HISTORICAL,2026-09-02T19:07:15.117Z,2026-09-02T19:07:21.230Z,2026-09-02T19:07:20.960Z,2026-09-02T19:07:21.230Z,1113,19.6078431372549,19.6078431372549,d6f92c85c4b613063d215f1145b720902c388cbf7210bffae2363fdac564072f,1s,AVG,d6f92c85c4b613063d215f1145b720902c388cbf7210bffae2363fdac564072f,2026-09-02T19:07:13.117Z,2026-09-02T19:07:20.960Z,2026-09-02T19:07:20.960Z,833
powertrainCombustionEngineTPS,CAN_ENGINE_TPS,LATEST_LIVE,2026-09-02T19:07:22.000Z,2026-09-02T19:07:26.835Z,2026-09-02T19:07:26.591Z,2026-09-02T19:07:26.835Z,1118,14.11764705882353,"{""value"":14.11764705882353,""timestamp"":""2026-09-02T19:07:22Z""}",,,,,,,,838
powertrainCombustionEngineTPS,CAN_ENGINE_TPS,HF_HISTORICAL,2026-09-02T19:07:19.960Z,2026-09-02T19:07:27.069Z,2026-09-02T19:07:26.837Z,2026-09-02T19:07:27.069Z,1123,18.43137254901961,18.43137254901961,0f23a53cd33e97b83ab606cc5a510b1868c5eb58e7512c4e6ca3fb7a50f19df6,1s,AVG,0f23a53cd33e97b83ab606cc5a510b1868c5eb58e7512c4e6ca3fb7a50f19df6,2026-09-02T19:07:18.960Z,2026-09-02T19:07:26.837Z,2026-09-02T19:07:26.837Z,843
powertrainCombustionEngineTPS,CAN_ENGINE_TPS,HF_HISTORICAL,2026-09-02T19:07:20.960Z,2026-09-02T19:07:27.069Z,2026-09-02T19:07:26.837Z,2026-09-02T19:07:27.069Z,1128,18.43137254901961,18.43137254901961,427be68fa539a04f25ad2503fe6685513e33415ff7b8bc4b844849229dae66dc,1s,AVG,427be68fa539a04f25ad2503fe6685513e33415ff7b8bc4b844849229dae66dc,2026-09-02T19:07:18.960Z,2026-09-02T19:07:26.837Z,2026-09-02T19:07:26.837Z,848
powertrainCombustionEngineTPS,CAN_ENGINE_TPS,HF_HISTORICAL,2026-09-02T19:07:21.960Z,2026-09-02T19:07:27.069Z,2026-09-02T19:07:26.837Z,2026-09-02T19:07:27.069Z,1133,14.11764705882353,14.11764705882353,3e3a351a01c3e5a8deb2c6a01b2f03b5ed28aee9beac91764c8f3a661a52cca6,1s,AVG,3e3a351a01c3e5a8deb2c6a01b2f03b5ed28aee9beac91764c8f3a661a52cca6,2026-09-02T19:07:18.960Z,2026-09-02T19:07:26.837Z,2026-09-02T19:07:26.837Z,853
powertrainCombustionEngineTPS,CAN_ENGINE_TPS,LATEST_LIVE,2026-09-02T19:07:29.000Z,2026-09-02T19:07:32.707Z,2026-09-02T19:07:32.425Z,2026-09-02T19:07:32.707Z,1138,31.37254901960784,"{""value"":31.37254901960784,""timestamp"":""2026-09-02T19:07:29Z""}",,,,,,,,858
powertrainCombustionEngineTPS,CAN_ENGINE_TPS,HF_HISTORICAL,2026-09-02T19:07:24.837Z,2026-09-02T19:07:32.931Z,2026-09-02T19:07:32.708Z,2026-09-02T19:07:32.931Z,1143,14.11764705882353,14.11764705882353,cf309ea05121fea6d0438a2d97946338d322af5a90d4d994bdbbc0858e720454,1s,AVG,cf309ea05121fea6d0438a2d97946338d322af5a90d4d994bdbbc0858e720454,2026-09-02T19:07:24.837Z,2026-09-02T19:07:32.708Z,2026-09-02T19:07:32.708Z,863
powertrainCombustionEngineTPS,CAN_ENGINE_TPS,HF_HISTORICAL,2026-09-02T19:07:25.837Z,2026-09-02T19:07:32.931Z,2026-09-02T19:07:32.708Z,2026-09-02T19:07:32.931Z,1148,14.11764705882353,14.11764705882353,0fdf1d56cf576b81b1ad5acd0707232a525e9f49ae15ecbaec350825f9ca0659,1s,AVG,0fdf1d56cf576b81b1ad5acd0707232a525e9f49ae15ecbaec350825f9ca0659,2026-09-02T19:07:24.837Z,2026-09-02T19:07:32.708Z,2026-09-02T19:07:32.708Z,868
powertrainCombustionEngineTPS,CAN_ENGINE_TPS,HF_HISTORICAL,2026-09-02T19:07:27.837Z,2026-09-02T19:07:32.931Z,2026-09-02T19:07:32.708Z,2026-09-02T19:07:32.931Z,1153,14.11764705882353,14.11764705882353,1d19a6fb3f1d4fcc10923a4773e216f13fa423ea51be17605f017029dde6a523,1s,AVG,1d19a6fb3f1d4fcc10923a4773e216f13fa423ea51be17605f017029dde6a523,2026-09-02T19:07:24.837Z,2026-09-02T19:07:32.708Z,2026-09-02T19:07:32.708Z,873
powertrainCombustionEngineTPS,CAN_ENGINE_TPS,HF_HISTORICAL,2026-09-02T19:07:28.837Z,2026-09-02T19:07:32.931Z,2026-09-02T19:07:32.708Z,2026-09-02T19:07:32.931Z,1158,31.37254901960784,31.37254901960784,b2881eba6545961209ecb0ee169c52c97102491fb81f2ac5115a6da4e8156b9a,1s,AVG,b2881eba6545961209ecb0ee169c52c97102491fb81f2ac5115a6da4e8156b9a,2026-09-02T19:07:24.837Z,2026-09-02T19:07:32.708Z,2026-09-02T19:07:32.708Z,878
powertrainCombustionEngineTPS,CAN_ENGINE_TPS,LATEST_LIVE,2026-09-02T19:07:35.000Z,2026-09-02T19:07:38.924Z,2026-09-02T19:07:38.659Z,2026-09-02T19:07:38.924Z,1189,29.01960784313725,"{""value"":29.01960784313725,""timestamp"":""2026-09-02T19:07:35Z""}",,,,,,,,889
powertrainCombustionEngineTPS,CAN_ENGINE_TPS,HF_HISTORICAL,2026-09-02T19:07:30.708Z,2026-09-02T19:07:39.223Z,2026-09-02T19:07:38.926Z,2026-09-02T19:07:39.223Z,1194,34.50980392156863,34.50980392156863,e4b2a9b3440f8f21d6c1b3e8977c8e63249beb47e2cd61e7c3d600c8d91a0fb0,1s,AVG,e4b2a9b3440f8f21d6c1b3e8977c8e63249beb47e2cd61e7c3d600c8d91a0fb0,2026-09-02T19:07:30.708Z,2026-09-02T19:07:38.926Z,2026-09-02T19:07:38.926Z,894
powertrainCombustionEngineTPS,CAN_ENGINE_TPS,HF_HISTORICAL,2026-09-02T19:07:32.708Z,2026-09-02T19:07:39.223Z,2026-09-02T19:07:38.926Z,2026-09-02T19:07:39.223Z,1199,29.01960784313725,29.01960784313725,5834c70ab962f7f0d524e8beb422ffec4d5a93bdcaf2e65398336cf8611f5a15,1s,AVG,5834c70ab962f7f0d524e8beb422ffec4d5a93bdcaf2e65398336cf8611f5a15,2026-09-02T19:07:30.708Z,2026-09-02T19:07:38.926Z,2026-09-02T19:07:38.926Z,899
powertrainCombustionEngineTPS,CAN_ENGINE_TPS,HF_HISTORICAL,2026-09-02T19:07:33.708Z,2026-09-02T19:07:39.223Z,2026-09-02T19:07:38.926Z,2026-09-02T19:07:39.223Z,1204,14.11764705882353,14.11764705882353,edb16da0b1f58de77f9525555834a2ca4a73c3ccaa08502f09eafa0c5ddf3e2f,1s,AVG,edb16da0b1f58de77f9525555834a2ca4a73c3ccaa08502f09eafa0c5ddf3e2f,2026-09-02T19:07:30.708Z,2026-09-02T19:07:38.926Z,2026-09-02T19:07:38.926Z,904
powertrainCombustionEngineTPS,CAN_ENGINE_TPS,HF_HISTORICAL,2026-09-02T19:07:34.708Z,2026-09-02T19:07:39.223Z,2026-09-02T19:07:38.926Z,2026-09-02T19:07:39.223Z,1209,29.01960784313725,29.01960784313725,005bb49ded82e49a3ef10fd88f3bc32e7ffa19508f0a131e9f0fc11900e0a51d,1s,AVG,005bb49ded82e49a3ef10fd88f3bc32e7ffa19508f0a131e9f0fc11900e0a51d,2026-09-02T19:07:30.708Z,2026-09-02T19:07:38.926Z,2026-09-02T19:07:38.926Z,909
powertrainCombustionEngineTPS,CAN_ENGINE_TPS,LATEST_LIVE,2026-09-02T19:07:41.000Z,2026-09-02T19:07:45.066Z,2026-09-02T19:07:44.800Z,2026-09-02T19:07:45.066Z,1214,14.11764705882353,"{""value"":14.11764705882353,""timestamp"":""2026-09-02T19:07:41Z""}",,,,,,,,914
powertrainCombustionEngineTPS,CAN_ENGINE_TPS,HF_HISTORICAL,2026-09-02T19:07:36.926Z,2026-09-02T19:07:45.384Z,2026-09-02T19:07:45.067Z,2026-09-02T19:07:45.384Z,1219,14.11764705882353,14.11764705882353,c9600136550773db440ac26d7b96841aca27bc95383f2045a0c58dfd0478943e,1s,AVG,c9600136550773db440ac26d7b96841aca27bc95383f2045a0c58dfd0478943e,2026-09-02T19:07:36.926Z,2026-09-02T19:07:45.067Z,2026-09-02T19:07:45.067Z,919
powertrainCombustionEngineTPS,CAN_ENGINE_TPS,HF_HISTORICAL,2026-09-02T19:07:37.926Z,2026-09-02T19:07:45.384Z,2026-09-02T19:07:45.067Z,2026-09-02T19:07:45.384Z,1224,14.11764705882353,14.11764705882353,0a314ae2ffd436354abdd22ccd4609ec18c305bf415bc57deb630ac8fa7264a1,1s,AVG,0a314ae2ffd436354abdd22ccd4609ec18c305bf415bc57deb630ac8fa7264a1,2026-09-02T19:07:36.926Z,2026-09-02T19:07:45.067Z,2026-09-02T19:07:45.067Z,924
powertrainCombustionEngineTPS,CAN_ENGINE_TPS,HF_HISTORICAL,2026-09-02T19:07:40.926Z,2026-09-02T19:07:45.384Z,2026-09-02T19:07:45.067Z,2026-09-02T19:07:45.384Z,1229,14.11764705882353,14.11764705882353,44f8f073f3d1ecb3a193c799932b6f7445fbe5902cd0cb61b89281bdd2260887,1s,AVG,44f8f073f3d1ecb3a193c799932b6f7445fbe5902cd0cb61b89281bdd2260887,2026-09-02T19:07:36.926Z,2026-09-02T19:07:45.067Z,2026-09-02T19:07:45.067Z,929
powertrainCombustionEngineTPS,CAN_ENGINE_TPS,LATEST_LIVE,2026-09-02T19:07:47.000Z,2026-09-02T19:07:51.001Z,2026-09-02T19:07:50.742Z,2026-09-02T19:07:51.001Z,1234,30.19607843137255,"{""value"":30.19607843137255,""timestamp"":""2026-09-02T19:07:47Z""}",,,,,,,,934
powertrainCombustionEngineTPS,CAN_ENGINE_TPS,HF_HISTORICAL,2026-09-02T19:07:44.067Z,2026-09-02T19:07:51.247Z,2026-09-02T19:07:51.003Z,2026-09-02T19:07:51.247Z,1239,14.11764705882353,14.11764705882353,f3d962ca618e16e2bf05851f51a8e8f84345e7485e9bd62386129ddfaed2006d,1s,AVG,f3d962ca618e16e2bf05851f51a8e8f84345e7485e9bd62386129ddfaed2006d,2026-09-02T19:07:43.067Z,2026-09-02T19:07:51.003Z,2026-09-02T19:07:51.003Z,939
powertrainCombustionEngineTPS,CAN_ENGINE_TPS,HF_HISTORICAL,2026-09-02T19:07:45.067Z,2026-09-02T19:07:51.247Z,2026-09-02T19:07:51.003Z,2026-09-02T19:07:51.247Z,1244,24.31372549019608,24.31372549019608,db1888ed86bb0d8fd19c33583931fb40ac2b209c5cfbfd21e406876adf723b09,1s,AVG,db1888ed86bb0d8fd19c33583931fb40ac2b209c5cfbfd21e406876adf723b09,2026-09-02T19:07:43.067Z,2026-09-02T19:07:51.003Z,2026-09-02T19:07:51.003Z,944
powertrainCombustionEngineTPS,CAN_ENGINE_TPS,HF_HISTORICAL,2026-09-02T19:07:46.067Z,2026-09-02T19:07:51.247Z,2026-09-02T19:07:51.003Z,2026-09-02T19:07:51.247Z,1249,30.19607843137255,30.19607843137255,267f13db8024b6df99df18b954ac6c4a3cd5a30d204afba29e85d2a3923048d2,1s,AVG,267f13db8024b6df99df18b954ac6c4a3cd5a30d204afba29e85d2a3923048d2,2026-09-02T19:07:43.067Z,2026-09-02T19:07:51.003Z,2026-09-02T19:07:51.003Z,949
powertrainCombustionEngineTPS,CAN_ENGINE_TPS,LATEST_LIVE,2026-09-02T19:07:53.000Z,2026-09-02T19:07:56.798Z,2026-09-02T19:07:56.570Z,2026-09-02T19:07:56.798Z,1254,31.37254901960784,"{""value"":31.37254901960784,""timestamp"":""2026-09-02T19:07:53Z""}",,,,,,,,954
powertrainCombustionEngineTPS,CAN_ENGINE_TPS,HF_HISTORICAL,2026-09-02T19:07:49.003Z,2026-09-02T19:07:56.996Z,2026-09-02T19:07:56.799Z,2026-09-02T19:07:56.996Z,1259,14.11764705882353,14.11764705882353,2210de455df5eaad9805da6863e9d085918e4612635eb9841ce2e6edce92c7a1,1s,AVG,2210de455df5eaad9805da6863e9d085918e4612635eb9841ce2e6edce92c7a1,2026-09-02T19:07:49.003Z,2026-09-02T19:07:56.799Z,2026-09-02T19:07:56.799Z,959
powertrainCombustionEngineTPS,CAN_ENGINE_TPS,HF_HISTORICAL,2026-09-02T19:07:50.003Z,2026-09-02T19:07:56.996Z,2026-09-02T19:07:56.799Z,2026-09-02T19:07:56.996Z,1264,14.11764705882353,14.11764705882353,04846efbfaf47f5d0a36a9ce741aaa7f86dc72a836461c3b03cc47053e8500cf,1s,AVG,04846efbfaf47f5d0a36a9ce741aaa7f86dc72a836461c3b03cc47053e8500cf,2026-09-02T19:07:49.003Z,2026-09-02T19:07:56.799Z,2026-09-02T19:07:56.799Z,964
powertrainCombustionEngineTPS,CAN_ENGINE_TPS,HF_HISTORICAL,2026-09-02T19:07:52.003Z,2026-09-02T19:07:56.996Z,2026-09-02T19:07:56.799Z,2026-09-02T19:07:56.996Z,1269,31.37254901960784,31.37254901960784,201bc73b73086f0baae63d548c976bd3a84546c334ac35fa3f3c35c779c38535,1s,AVG,201bc73b73086f0baae63d548c976bd3a84546c334ac35fa3f3c35c779c38535,2026-09-02T19:07:49.003Z,2026-09-02T19:07:56.799Z,2026-09-02T19:07:56.799Z,969
powertrainCombustionEngineTPS,CAN_ENGINE_TPS,LATEST_LIVE,2026-09-02T19:07:59.000Z,2026-09-02T19:08:02.791Z,2026-09-02T19:08:02.527Z,2026-09-02T19:08:02.791Z,1274,14.11764705882353,"{""value"":14.11764705882353,""timestamp"":""2026-09-02T19:07:59Z""}",,,,,,,,974
powertrainCombustionEngineTPS,CAN_ENGINE_TPS,HF_HISTORICAL,2026-09-02T19:07:56.799Z,2026-09-02T19:08:03.001Z,2026-09-02T19:08:02.792Z,2026-09-02T19:08:03.001Z,1279,14.11764705882353,14.11764705882353,0c743854f54e526a115e1fb716bf98b1af881167b7dac1f8895561c31dadd20d,1s,AVG,0c743854f54e526a115e1fb716bf98b1af881167b7dac1f8895561c31dadd20d,2026-09-02T19:07:54.799Z,2026-09-02T19:08:02.792Z,2026-09-02T19:08:02.792Z,979
powertrainCombustionEngineTPS,CAN_ENGINE_TPS,HF_HISTORICAL,2026-09-02T19:07:57.799Z,2026-09-02T19:08:03.001Z,2026-09-02T19:08:02.792Z,2026-09-02T19:08:03.001Z,1284,14.11764705882353,14.11764705882353,b61425444bc6612a3032036cbf12757eb1f494606fd6e81088f907c7d8805585,1s,AVG,b61425444bc6612a3032036cbf12757eb1f494606fd6e81088f907c7d8805585,2026-09-02T19:07:54.799Z,2026-09-02T19:08:02.792Z,2026-09-02T19:08:02.792Z,984
powertrainCombustionEngineTPS,CAN_ENGINE_TPS,HF_HISTORICAL,2026-09-02T19:07:58.799Z,2026-09-02T19:08:03.001Z,2026-09-02T19:08:02.792Z,2026-09-02T19:08:03.001Z,1289,14.11764705882353,14.11764705882353,7d57ee0db98a989fa08e3fd4fafc9cb2807b0af15eafb99d0529a21de9633a4d,1s,AVG,7d57ee0db98a989fa08e3fd4fafc9cb2807b0af15eafb99d0529a21de9633a4d,2026-09-02T19:07:54.799Z,2026-09-02T19:08:02.792Z,2026-09-02T19:08:02.792Z,989
powertrainCombustionEngineTPS,CAN_ENGINE_TPS,LATEST_LIVE,2026-09-02T19:08:04.000Z,2026-09-02T19:08:08.800Z,2026-09-02T19:08:08.466Z,2026-09-02T19:08:08.800Z,1294,43.13725490196078,"{""value"":43.13725490196078,""timestamp"":""2026-09-02T19:08:04Z""}",,,,,,,,994
powertrainCombustionEngineTPS,CAN_ENGINE_TPS,HF_HISTORICAL,2026-09-02T19:08:00.792Z,2026-09-02T19:08:09.015Z,2026-09-02T19:08:08.802Z,2026-09-02T19:08:09.015Z,1299,27.05882352941176,27.05882352941176,4470e6692d629292ba6dfb127db48e0f4e3fb9d709d6329e3deef9873f3b6465,1s,AVG,4470e6692d629292ba6dfb127db48e0f4e3fb9d709d6329e3deef9873f3b6465,2026-09-02T19:08:00.792Z,2026-09-02T19:08:08.802Z,2026-09-02T19:08:08.802Z,999
powertrainCombustionEngineTPS,CAN_ENGINE_TPS,HF_HISTORICAL,2026-09-02T19:08:01.792Z,2026-09-02T19:08:09.015Z,2026-09-02T19:08:08.802Z,2026-09-02T19:08:09.015Z,1304,28.23529411764706,28.23529411764706,c084b63bd5154afe80d0cb748aa8186aeef6102c6d59f81179aafcd70eba74e0,1s,AVG,c084b63bd5154afe80d0cb748aa8186aeef6102c6d59f81179aafcd70eba74e0,2026-09-02T19:08:00.792Z,2026-09-02T19:08:08.802Z,2026-09-02T19:08:08.802Z,1004
powertrainCombustionEngineTPS,CAN_ENGINE_TPS,HF_HISTORICAL,2026-09-02T19:08:03.792Z,2026-09-02T19:08:09.015Z,2026-09-02T19:08:08.802Z,2026-09-02T19:08:09.015Z,1309,43.13725490196078,43.13725490196078,0791f48fcecfbb3e0e8628ec961ac2a7827013b6b7395c33906017ee67ebf7da,1s,AVG,0791f48fcecfbb3e0e8628ec961ac2a7827013b6b7395c33906017ee67ebf7da,2026-09-02T19:08:00.792Z,2026-09-02T19:08:08.802Z,2026-09-02T19:08:08.802Z,1009
powertrainCombustionEngineTPS,CAN_ENGINE_TPS,LATEST_LIVE,2026-09-02T19:08:08.000Z,2026-09-02T19:08:14.955Z,2026-09-02T19:08:14.698Z,2026-09-02T19:08:14.955Z,1340,14.11764705882353,"{""value"":14.11764705882353,""timestamp"":""2026-09-02T19:08:08Z""}",,,,,,,,1020
powertrainCombustionEngineTPS,CAN_ENGINE_TPS,HF_HISTORICAL,2026-09-02T19:08:06.802Z,2026-09-02T19:08:15.258Z,2026-09-02T19:08:14.957Z,2026-09-02T19:08:15.258Z,1345,14.11764705882353,14.11764705882353,2fc8f0d65abd697f8a38d474d146af2d10ed5ac129c53cbb6dadbf5500c037e9,1s,AVG,2fc8f0d65abd697f8a38d474d146af2d10ed5ac129c53cbb6dadbf5500c037e9,2026-09-02T19:08:06.802Z,2026-09-02T19:08:14.956Z,2026-09-02T19:08:14.956Z,1025
powertrainCombustionEngineTPS,CAN_ENGINE_TPS,HF_HISTORICAL,2026-09-02T19:08:07.802Z,2026-09-02T19:08:15.258Z,2026-09-02T19:08:14.957Z,2026-09-02T19:08:15.258Z,1350,14.11764705882353,14.11764705882353,6d57fa52d83f40c8e5fe60bc9b8db3758aa5848d2ec90f718561ec8afb2a8c0f,1s,AVG,6d57fa52d83f40c8e5fe60bc9b8db3758aa5848d2ec90f718561ec8afb2a8c0f,2026-09-02T19:08:06.802Z,2026-09-02T19:08:14.956Z,2026-09-02T19:08:14.956Z,1030
powertrainCombustionEngineTPS,CAN_ENGINE_TPS,LATEST_LIVE,2026-09-02T19:08:16.000Z,2026-09-02T19:08:20.737Z,2026-09-02T19:08:20.539Z,2026-09-02T19:08:20.737Z,1355,22.74509803921569,"{""value"":22.74509803921569,""timestamp"":""2026-09-02T19:08:16Z""}",,,,,,,,1035
powertrainCombustionEngineTPS,CAN_ENGINE_TPS,HF_HISTORICAL,2026-09-02T19:08:12.956Z,2026-09-02T19:08:20.941Z,2026-09-02T19:08:20.738Z,2026-09-02T19:08:20.941Z,1360,14.11764705882353,14.11764705882353,9abd74658cf9df2c2416d47b062b098752734c7aefc81a3be48b0ade44c01a40,1s,AVG,9abd74658cf9df2c2416d47b062b098752734c7aefc81a3be48b0ade44c01a40,2026-09-02T19:08:12.956Z,2026-09-02T19:08:20.738Z,2026-09-02T19:08:20.738Z,1040
powertrainCombustionEngineTPS,CAN_ENGINE_TPS,HF_HISTORICAL,2026-09-02T19:08:14.956Z,2026-09-02T19:08:20.941Z,2026-09-02T19:08:20.738Z,2026-09-02T19:08:20.941Z,1365,24.31372549019608,24.31372549019608,9473fb1c3889ea62be4b937f06f675867e12d8989dd929ed24f04202afab8ff5,1s,AVG,9473fb1c3889ea62be4b937f06f675867e12d8989dd929ed24f04202afab8ff5,2026-09-02T19:08:12.956Z,2026-09-02T19:08:20.738Z,2026-09-02T19:08:20.738Z,1045
powertrainCombustionEngineTPS,CAN_ENGINE_TPS,HF_HISTORICAL,2026-09-02T19:08:15.956Z,2026-09-02T19:08:20.941Z,2026-09-02T19:08:20.738Z,2026-09-02T19:08:20.941Z,1370,22.74509803921569,22.74509803921569,ac2eeaf708ff805762635a8b701e5685c344c50b45f4dd5596c759f13d3429e0,1s,AVG,ac2eeaf708ff805762635a8b701e5685c344c50b45f4dd5596c759f13d3429e0,2026-09-02T19:08:12.956Z,2026-09-02T19:08:20.738Z,2026-09-02T19:08:20.738Z,1050
powertrainCombustionEngineTPS,CAN_ENGINE_TPS,LATEST_LIVE,2026-09-02T19:08:22.000Z,2026-09-02T19:08:26.505Z,2026-09-02T19:08:26.269Z,2026-09-02T19:08:26.505Z,1375,27.45098039215686,"{""value"":27.45098039215686,""timestamp"":""2026-09-02T19:08:22Z""}",,,,,,,,1055
powertrainCombustionEngineTPS,CAN_ENGINE_TPS,HF_HISTORICAL,2026-09-02T19:08:19.738Z,2026-09-02T19:08:26.701Z,2026-09-02T19:08:26.508Z,2026-09-02T19:08:26.701Z,1380,48.23529411764706,48.23529411764706,70bc709063e2239c9ba61aa8cad753188f5e620fcf43bcd38b3806c71eac59fa,1s,AVG,70bc709063e2239c9ba61aa8cad753188f5e620fcf43bcd38b3806c71eac59fa,2026-09-02T19:08:18.738Z,2026-09-02T19:08:26.508Z,2026-09-02T19:08:26.508Z,1060
powertrainCombustionEngineTPS,CAN_ENGINE_TPS,HF_HISTORICAL,2026-09-02T19:08:21.738Z,2026-09-02T19:08:26.701Z,2026-09-02T19:08:26.508Z,2026-09-02T19:08:26.701Z,1385,27.45098039215686,27.45098039215686,89b7473261821f7466e1f868b09109889395bd9a54a1ca2bea400a5207cf1c8f,1s,AVG,89b7473261821f7466e1f868b09109889395bd9a54a1ca2bea400a5207cf1c8f,2026-09-02T19:08:18.738Z,2026-09-02T19:08:26.508Z,2026-09-02T19:08:26.508Z,1065
powertrainCombustionEngineTPS,CAN_ENGINE_TPS,LATEST_LIVE,2026-09-02T19:08:24.000Z,2026-09-02T19:08:32.293Z,2026-09-02T19:08:32.008Z,2026-09-02T19:08:32.293Z,1390,14.11764705882353,"{""value"":14.11764705882353,""timestamp"":""2026-09-02T19:08:24Z""}",,,,,,,,1070
powertrainCombustionEngineTPS,CAN_ENGINE_TPS,LATEST_LIVE,2026-09-02T19:08:33.000Z,2026-09-02T19:08:38.535Z,2026-09-02T19:08:38.032Z,2026-09-02T19:08:38.535Z,1395,32.94117647058823,"{""value"":32.94117647058823,""timestamp"":""2026-09-02T19:08:33Z""}",,,,,,,,1075
powertrainCombustionEngineTPS,CAN_ENGINE_TPS,HF_HISTORICAL,2026-09-02T19:08:32.294Z,2026-09-02T19:08:39.030Z,2026-09-02T19:08:38.536Z,2026-09-02T19:08:39.030Z,1400,32.94117647058823,32.94117647058823,b089dfe551326ea1c45ca9565fefa8fda1edfbe72dd3147487d1f0c896149fe3,1s,AVG,b089dfe551326ea1c45ca9565fefa8fda1edfbe72dd3147487d1f0c896149fe3,2026-09-02T19:08:30.294Z,2026-09-02T19:08:38.536Z,2026-09-02T19:08:38.536Z,1080
powertrainCombustionEngineTPS,CAN_ENGINE_TPS,LATEST_LIVE,2026-09-02T19:08:39.000Z,2026-09-02T19:08:45.453Z,2026-09-02T19:08:44.776Z,2026-09-02T19:08:45.453Z,1405,14.11764705882353,"{""value"":14.11764705882353,""timestamp"":""2026-09-02T19:08:39Z""}",,,,,,,,1085
powertrainCombustionEngineTPS,CAN_ENGINE_TPS,HF_HISTORICAL,2026-09-02T19:08:38.536Z,2026-09-02T19:08:46.394Z,2026-09-02T19:08:45.455Z,2026-09-02T19:08:46.394Z,1410,14.11764705882353,14.11764705882353,a674665479f07c33f8876bc23a0be4677b8b7e3e865768daacf73b75acc472c6,1s,AVG,a674665479f07c33f8876bc23a0be4677b8b7e3e865768daacf73b75acc472c6,2026-09-02T19:08:36.536Z,2026-09-02T19:08:45.455Z,2026-09-02T19:08:45.455Z,1090
powertrainCombustionEngineTPS,CAN_ENGINE_TPS,LATEST_LIVE,2026-09-02T19:08:39.000Z,2026-09-02T19:09:02.556Z,2026-09-02T19:08:52.220Z,2026-09-02T19:09:02.556Z,1441,14.11764705882353,"{""value"":14.11764705882353,""timestamp"":""2026-09-02T19:08:39Z""}",,,,,,,,1101
powertrainCombustionEngineTPS,CAN_ENGINE_TPS,LATEST_LIVE,2026-09-02T19:08:39.000Z,2026-09-02T19:09:08.408Z,2026-09-02T19:09:08.151Z,2026-09-02T19:09:08.408Z,1446,14.11764705882353,"{""value"":14.11764705882353,""timestamp"":""2026-09-02T19:08:39Z""}",,,,,,,,1106
powertrainCombustionEngineTPS,CAN_ENGINE_TPS,LATEST_LIVE,2026-09-02T19:08:39.000Z,2026-09-02T19:09:14.127Z,2026-09-02T19:09:13.875Z,2026-09-02T19:09:14.127Z,1451,14.11764705882353,"{""value"":14.11764705882353,""timestamp"":""2026-09-02T19:08:39Z""}",,,,,,,,1111
powertrainCombustionEngineTPS,CAN_ENGINE_TPS,LATEST_LIVE,2026-09-02T19:08:39.000Z,2026-09-02T19:09:19.883Z,2026-09-02T19:09:19.615Z,2026-09-02T19:09:19.883Z,1456,14.11764705882353,"{""value"":14.11764705882353,""timestamp"":""2026-09-02T19:08:39Z""}",,,,,,,,1116
powertrainCombustionEngineTPS,CAN_ENGINE_TPS,LATEST_LIVE,2026-09-02T19:08:39.000Z,2026-09-02T19:09:25.689Z,2026-09-02T19:09:25.447Z,2026-09-02T19:09:25.689Z,1461,14.11764705882353,"{""value"":14.11764705882353,""timestamp"":""2026-09-02T19:08:39Z""}",,,,,,,,1121
powertrainCombustionEngineTPS,CAN_ENGINE_TPS,LATEST_LIVE,2026-09-02T19:08:39.000Z,2026-09-02T19:09:31.431Z,2026-09-02T19:09:31.179Z,2026-09-02T19:09:31.431Z,1466,14.11764705882353,"{""value"":14.11764705882353,""timestamp"":""2026-09-02T19:08:39Z""}",,,,,,,,1126
powertrainCombustionEngineTPS,CAN_ENGINE_TPS,LATEST_LIVE,2026-09-02T19:08:39.000Z,2026-09-02T19:09:37.601Z,2026-09-02T19:09:37.311Z,2026-09-02T19:09:37.601Z,1497,14.11764705882353,"{""value"":14.11764705882353,""timestamp"":""2026-09-02T19:08:39Z""}",,,,,,,,1137
powertrainCombustionEngineTPS,CAN_ENGINE_TPS,LATEST_LIVE,2026-09-02T19:08:39.000Z,2026-09-02T19:09:43.371Z,2026-09-02T19:09:43.152Z,2026-09-02T19:09:43.371Z,1502,14.11764705882353,"{""value"":14.11764705882353,""timestamp"":""2026-09-02T19:08:39Z""}",,,,,,,,1142
powertrainCombustionEngineTPS,CAN_ENGINE_TPS,LATEST_LIVE,2026-09-02T19:08:39.000Z,2026-09-02T19:09:49.469Z,2026-09-02T19:09:48.981Z,2026-09-02T19:09:49.469Z,1507,14.11764705882353,"{""value"":14.11764705882353,""timestamp"":""2026-09-02T19:08:39Z""}",,,,,,,,1147
powertrainCombustionEngineTPS,CAN_ENGINE_TPS,LATEST_LIVE,2026-09-02T19:08:39.000Z,2026-09-02T19:09:55.562Z,2026-09-02T19:09:55.306Z,2026-09-02T19:09:55.562Z,1512,14.11764705882353,"{""value"":14.11764705882353,""timestamp"":""2026-09-02T19:08:39Z""}",,,,,,,,1152
powertrainCombustionEngineTPS,CAN_ENGINE_TPS,LATEST_LIVE,2026-09-02T19:09:57.000Z,2026-09-02T19:10:01.429Z,2026-09-02T19:10:01.180Z,2026-09-02T19:10:01.429Z,1517,14.11764705882353,"{""value"":14.11764705882353,""timestamp"":""2026-09-02T19:09:57Z""}",,,,,,,,1157
powertrainCombustionEngineTPS,CAN_ENGINE_TPS,HF_HISTORICAL,2026-09-02T19:09:56.564Z,2026-09-02T19:10:01.739Z,2026-09-02T19:10:01.433Z,2026-09-02T19:10:01.739Z,1522,14.11764705882353,14.11764705882353,5ba6edf24ebd823c2a2f79280da1221348b13d06eedaf0d25ab7d1a54fa18ca9,1s,AVG,5ba6edf24ebd823c2a2f79280da1221348b13d06eedaf0d25ab7d1a54fa18ca9,2026-09-02T19:09:53.564Z,2026-09-02T19:10:01.433Z,2026-09-02T19:10:01.433Z,1162
powertrainCombustionEngineTPS,CAN_ENGINE_TPS,LATEST_LIVE,2026-09-02T19:10:04.000Z,2026-09-02T19:10:07.436Z,2026-09-02T19:10:07.212Z,2026-09-02T19:10:07.436Z,1527,14.11764705882353,"{""value"":14.11764705882353,""timestamp"":""2026-09-02T19:10:04Z""}",,,,,,,,1167
powertrainCombustionEngineTPS,CAN_ENGINE_TPS,HF_HISTORICAL,2026-09-02T19:10:00.433Z,2026-09-02T19:10:07.730Z,2026-09-02T19:10:07.439Z,2026-09-02T19:10:07.730Z,1532,14.11764705882353,14.11764705882353,178bff7d0af9d05a3543fc5fe1da380d016fd1ce8889dbedcdd50a73d6be33fe,1s,AVG,178bff7d0af9d05a3543fc5fe1da380d016fd1ce8889dbedcdd50a73d6be33fe,2026-09-02T19:09:59.433Z,2026-09-02T19:10:07.439Z,2026-09-02T19:10:07.439Z,1172
powertrainCombustionEngineTPS,CAN_ENGINE_TPS,HF_HISTORICAL,2026-09-02T19:10:03.433Z,2026-09-02T19:10:07.730Z,2026-09-02T19:10:07.439Z,2026-09-02T19:10:07.730Z,1537,14.11764705882353,14.11764705882353,6e02f2c9843d9a37a22d9aafd571e27268a846dfac550024db324b3c52f51724,1s,AVG,6e02f2c9843d9a37a22d9aafd571e27268a846dfac550024db324b3c52f51724,2026-09-02T19:09:59.433Z,2026-09-02T19:10:07.439Z,2026-09-02T19:10:07.439Z,1177
powertrainCombustionEngineTPS,CAN_ENGINE_TPS,LATEST_LIVE,2026-09-02T19:10:09.000Z,2026-09-02T19:10:13.520Z,2026-09-02T19:10:13.302Z,2026-09-02T19:10:13.520Z,1568,34.90196078431372,"{""value"":34.90196078431372,""timestamp"":""2026-09-02T19:10:09Z""}",,,,,,,,1188
powertrainCombustionEngineTPS,CAN_ENGINE_TPS,HF_HISTORICAL,2026-09-02T19:10:07.439Z,2026-09-02T19:10:13.715Z,2026-09-02T19:10:13.522Z,2026-09-02T19:10:13.715Z,1573,39.21568627450981,39.21568627450981,64f6133c8a2cd3fddc8220ca891d1f642afc66fd267de1b5e99c873645ab35fa,1s,AVG,64f6133c8a2cd3fddc8220ca891d1f642afc66fd267de1b5e99c873645ab35fa,2026-09-02T19:10:05.439Z,2026-09-02T19:10:13.521Z,2026-09-02T19:10:13.521Z,1193
powertrainCombustionEngineTPS,CAN_ENGINE_TPS,HF_HISTORICAL,2026-09-02T19:10:08.439Z,2026-09-02T19:10:13.715Z,2026-09-02T19:10:13.522Z,2026-09-02T19:10:13.715Z,1578,34.90196078431372,34.90196078431372,c5cc672fd88f1a94d4098e83de17c3c5484de6741724552784f1fcba774e63f4,1s,AVG,c5cc672fd88f1a94d4098e83de17c3c5484de6741724552784f1fcba774e63f4,2026-09-02T19:10:05.439Z,2026-09-02T19:10:13.521Z,2026-09-02T19:10:13.521Z,1198
powertrainCombustionEngineTPS,CAN_ENGINE_TPS,LATEST_LIVE,2026-09-02T19:10:16.000Z,2026-09-02T19:10:19.337Z,2026-09-02T19:10:19.067Z,2026-09-02T19:10:19.337Z,1583,22.35294117647059,"{""value"":22.35294117647059,""timestamp"":""2026-09-02T19:10:16Z""}",,,,,,,,1203
powertrainCombustionEngineTPS,CAN_ENGINE_TPS,HF_HISTORICAL,2026-09-02T19:10:11.521Z,2026-09-02T19:10:19.546Z,2026-09-02T19:10:19.340Z,2026-09-02T19:10:19.546Z,1588,14.11764705882353,14.11764705882353,7ccc11728b564516ba6bb1bc863ea536d4dfba6520bd2d0c7212405eb0ac4a66,1s,AVG,7ccc11728b564516ba6bb1bc863ea536d4dfba6520bd2d0c7212405eb0ac4a66,2026-09-02T19:10:11.521Z,2026-09-02T19:10:19.340Z,2026-09-02T19:10:19.340Z,1208
powertrainCombustionEngineTPS,CAN_ENGINE_TPS,HF_HISTORICAL,2026-09-02T19:10:12.521Z,2026-09-02T19:10:19.546Z,2026-09-02T19:10:19.340Z,2026-09-02T19:10:19.546Z,1593,14.11764705882353,14.11764705882353,05bda19720c4c2559d21ca88df357e238c9b4f1979add1c0b8b0eb1ab005352c,1s,AVG,05bda19720c4c2559d21ca88df357e238c9b4f1979add1c0b8b0eb1ab005352c,2026-09-02T19:10:11.521Z,2026-09-02T19:10:19.340Z,2026-09-02T19:10:19.340Z,1213
powertrainCombustionEngineTPS,CAN_ENGINE_TPS,HF_HISTORICAL,2026-09-02T19:10:15.521Z,2026-09-02T19:10:19.546Z,2026-09-02T19:10:19.340Z,2026-09-02T19:10:19.546Z,1598,22.35294117647059,22.35294117647059,741561ef4a9e5fc3128b7d9a56b46289090958b9ad677eb48a014fe3858503df,1s,AVG,741561ef4a9e5fc3128b7d9a56b46289090958b9ad677eb48a014fe3858503df,2026-09-02T19:10:11.521Z,2026-09-02T19:10:19.340Z,2026-09-02T19:10:19.340Z,1218
powertrainCombustionEngineTPS,CAN_ENGINE_TPS,LATEST_LIVE,2026-09-02T19:10:20.000Z,2026-09-02T19:10:25.100Z,2026-09-02T19:10:24.898Z,2026-09-02T19:10:25.100Z,1603,20.3921568627451,"{""value"":20.3921568627451,""timestamp"":""2026-09-02T19:10:20Z""}",,,,,,,,1223
powertrainCombustionEngineTPS,CAN_ENGINE_TPS,HF_HISTORICAL,2026-09-02T19:10:19.340Z,2026-09-02T19:10:25.321Z,2026-09-02T19:10:25.102Z,2026-09-02T19:10:25.321Z,1608,20.3921568627451,20.3921568627451,428ef03e03e3a07ae1e9d38cea84bcb025548612828903ed619b0ec562c4681f,1s,AVG,428ef03e03e3a07ae1e9d38cea84bcb025548612828903ed619b0ec562c4681f,2026-09-02T19:10:17.340Z,2026-09-02T19:10:25.102Z,2026-09-02T19:10:25.102Z,1228
powertrainCombustionEngineTPS,CAN_ENGINE_TPS,LATEST_LIVE,2026-09-02T19:10:27.000Z,2026-09-02T19:10:30.981Z,2026-09-02T19:10:30.640Z,2026-09-02T19:10:30.981Z,1613,14.11764705882353,"{""value"":14.11764705882353,""timestamp"":""2026-09-02T19:10:27Z""}",,,,,,,,1233
powertrainCombustionEngineTPS,CAN_ENGINE_TPS,HF_HISTORICAL,2026-09-02T19:10:23.102Z,2026-09-02T19:10:31.191Z,2026-09-02T19:10:30.982Z,2026-09-02T19:10:31.191Z,1618,14.11764705882353,14.11764705882353,7abf6cffa649100f8dd0b09ce846c6681cc0bfacf77dd1791e9148a1a57500a1,1s,AVG,7abf6cffa649100f8dd0b09ce846c6681cc0bfacf77dd1791e9148a1a57500a1,2026-09-02T19:10:23.102Z,2026-09-02T19:10:30.982Z,2026-09-02T19:10:30.982Z,1238
powertrainCombustionEngineTPS,CAN_ENGINE_TPS,HF_HISTORICAL,2026-09-02T19:10:25.102Z,2026-09-02T19:10:31.191Z,2026-09-02T19:10:30.982Z,2026-09-02T19:10:31.191Z,1623,14.11764705882353,14.11764705882353,737ed753ce379ff7220aaa8ba1b86566ce6af4647a16dabce52190dbc56e415d,1s,AVG,737ed753ce379ff7220aaa8ba1b86566ce6af4647a16dabce52190dbc56e415d,2026-09-02T19:10:23.102Z,2026-09-02T19:10:30.982Z,2026-09-02T19:10:30.982Z,1243
powertrainCombustionEngineTPS,CAN_ENGINE_TPS,HF_HISTORICAL,2026-09-02T19:10:26.102Z,2026-09-02T19:10:31.191Z,2026-09-02T19:10:30.982Z,2026-09-02T19:10:31.191Z,1628,14.11764705882353,14.11764705882353,d3d048abca0e18e7883eac27226ac2133c69e986310e1a6d4d28d3c26beece03,1s,AVG,d3d048abca0e18e7883eac27226ac2133c69e986310e1a6d4d28d3c26beece03,2026-09-02T19:10:23.102Z,2026-09-02T19:10:30.982Z,2026-09-02T19:10:30.982Z,1248
powertrainCombustionEngineTPS,CAN_ENGINE_TPS,LATEST_LIVE,2026-09-02T19:10:31.000Z,2026-09-02T19:10:36.835Z,2026-09-02T19:10:36.590Z,2026-09-02T19:10:36.835Z,1633,14.11764705882353,"{""value"":14.11764705882353,""timestamp"":""2026-09-02T19:10:31Z""}",,,,,,,,1253
powertrainCombustionEngineTPS,CAN_ENGINE_TPS,HF_HISTORICAL,2026-09-02T19:10:29.982Z,2026-09-02T19:10:37.050Z,2026-09-02T19:10:36.842Z,2026-09-02T19:10:37.050Z,1638,14.11764705882353,14.11764705882353,00c3619a55afa0ec90e29563bdc9d7b9b274511c5120fbef6e542b9725c477d6,1s,AVG,00c3619a55afa0ec90e29563bdc9d7b9b274511c5120fbef6e542b9725c477d6,2026-09-02T19:10:28.982Z,2026-09-02T19:10:36.841Z,2026-09-02T19:10:36.841Z,1258
powertrainCombustionEngineTPS,CAN_ENGINE_TPS,HF_HISTORICAL,2026-09-02T19:10:30.982Z,2026-09-02T19:10:37.050Z,2026-09-02T19:10:36.842Z,2026-09-02T19:10:37.050Z,1643,14.11764705882353,14.11764705882353,ad63d7b14842804adc5d9f9161cf2b42f5d3074f4ec30dc246d041107e240dc6,1s,AVG,ad63d7b14842804adc5d9f9161cf2b42f5d3074f4ec30dc246d041107e240dc6,2026-09-02T19:10:28.982Z,2026-09-02T19:10:36.841Z,2026-09-02T19:10:36.841Z,1263
powertrainCombustionEngineTPS,CAN_ENGINE_TPS,LATEST_LIVE,2026-09-02T19:10:39.000Z,2026-09-02T19:10:42.717Z,2026-09-02T19:10:42.416Z,2026-09-02T19:10:42.717Z,1648,31.76470588235294,"{""value"":31.76470588235294,""timestamp"":""2026-09-02T19:10:39Z""}",,,,,,,,1268
powertrainCombustionEngineTPS,CAN_ENGINE_TPS,HF_HISTORICAL,2026-09-02T19:10:35.841Z,2026-09-02T19:10:42.954Z,2026-09-02T19:10:42.720Z,2026-09-02T19:10:42.954Z,1653,18.43137254901961,18.43137254901961,8aae0c27ceaf9760975d42af38e92ed00b3e46137466911565cc1994189487b5,1s,AVG,8aae0c27ceaf9760975d42af38e92ed00b3e46137466911565cc1994189487b5,2026-09-02T19:10:34.841Z,2026-09-02T19:10:42.720Z,2026-09-02T19:10:42.720Z,1273
powertrainCombustionEngineTPS,CAN_ENGINE_TPS,HF_HISTORICAL,2026-09-02T19:10:36.841Z,2026-09-02T19:10:42.954Z,2026-09-02T19:10:42.720Z,2026-09-02T19:10:42.954Z,1658,14.11764705882353,14.11764705882353,a94e42ec18daf125058dec902ed95ece7be73f6a2df9c16cfc3dd09c39588f50,1s,AVG,a94e42ec18daf125058dec902ed95ece7be73f6a2df9c16cfc3dd09c39588f50,2026-09-02T19:10:34.841Z,2026-09-02T19:10:42.720Z,2026-09-02T19:10:42.720Z,1278
powertrainCombustionEngineTPS,CAN_ENGINE_TPS,HF_HISTORICAL,2026-09-02T19:10:37.841Z,2026-09-02T19:10:42.954Z,2026-09-02T19:10:42.720Z,2026-09-02T19:10:42.954Z,1663,30.58823529411764,30.58823529411764,88a630802949eb4fdc6bd998c79192b6c75a7526b203e8daad51f127901ed84b,1s,AVG,88a630802949eb4fdc6bd998c79192b6c75a7526b203e8daad51f127901ed84b,2026-09-02T19:10:34.841Z,2026-09-02T19:10:42.720Z,2026-09-02T19:10:42.720Z,1283
powertrainCombustionEngineTPS,CAN_ENGINE_TPS,HF_HISTORICAL,2026-09-02T19:10:38.841Z,2026-09-02T19:10:42.954Z,2026-09-02T19:10:42.720Z,2026-09-02T19:10:42.954Z,1668,31.76470588235294,31.76470588235294,2f1db1d218c7a72a63302b5a431600405260c9a57d02a462540849723734ec04,1s,AVG,2f1db1d218c7a72a63302b5a431600405260c9a57d02a462540849723734ec04,2026-09-02T19:10:34.841Z,2026-09-02T19:10:42.720Z,2026-09-02T19:10:42.720Z,1288
powertrainCombustionEngineTPS,CAN_ENGINE_TPS,LATEST_LIVE,2026-09-02T19:10:44.000Z,2026-09-02T19:10:49.107Z,2026-09-02T19:10:48.854Z,2026-09-02T19:10:49.107Z,1699,23.92156862745098,"{""value"":23.92156862745098,""timestamp"":""2026-09-02T19:10:44Z""}",,,,,,,,1299
powertrainCombustionEngineTPS,CAN_ENGINE_TPS,HF_HISTORICAL,2026-09-02T19:10:40.720Z,2026-09-02T19:10:49.333Z,2026-09-02T19:10:49.109Z,2026-09-02T19:10:49.333Z,1704,30.98039215686275,30.98039215686275,077cd609ac7cb81827c4be91c92002805fb797746809a84372d13e68a8070a6b,1s,AVG,077cd609ac7cb81827c4be91c92002805fb797746809a84372d13e68a8070a6b,2026-09-02T19:10:40.720Z,2026-09-02T19:10:49.109Z,2026-09-02T19:10:49.109Z,1304
powertrainCombustionEngineTPS,CAN_ENGINE_TPS,HF_HISTORICAL,2026-09-02T19:10:41.720Z,2026-09-02T19:10:49.333Z,2026-09-02T19:10:49.109Z,2026-09-02T19:10:49.333Z,1709,14.11764705882353,14.11764705882353,e4bc36b4c09559f71b70c9d3df6a8b0e6cb10a6092c42b9990e818b7084a965c,1s,AVG,e4bc36b4c09559f71b70c9d3df6a8b0e6cb10a6092c42b9990e818b7084a965c,2026-09-02T19:10:40.720Z,2026-09-02T19:10:49.109Z,2026-09-02T19:10:49.109Z,1309
powertrainCombustionEngineTPS,CAN_ENGINE_TPS,HF_HISTORICAL,2026-09-02T19:10:42.720Z,2026-09-02T19:10:49.333Z,2026-09-02T19:10:49.109Z,2026-09-02T19:10:49.333Z,1714,23.52941176470588,23.52941176470588,1ca2b492606e88595779e0d46a7197b08225ecfbd948c031036e75fc265ff476,1s,AVG,1ca2b492606e88595779e0d46a7197b08225ecfbd948c031036e75fc265ff476,2026-09-02T19:10:40.720Z,2026-09-02T19:10:49.109Z,2026-09-02T19:10:49.109Z,1314
powertrainCombustionEngineTPS,CAN_ENGINE_TPS,HF_HISTORICAL,2026-09-02T19:10:43.720Z,2026-09-02T19:10:49.333Z,2026-09-02T19:10:49.109Z,2026-09-02T19:10:49.333Z,1719,23.92156862745098,23.92156862745098,41f6c1f88ce9aa1febc1edbe96432a3b7ecad7f11ad08974ee9f13250fd3afcd,1s,AVG,41f6c1f88ce9aa1febc1edbe96432a3b7ecad7f11ad08974ee9f13250fd3afcd,2026-09-02T19:10:40.720Z,2026-09-02T19:10:49.109Z,2026-09-02T19:10:49.109Z,1319
powertrainCombustionEngineTPS,CAN_ENGINE_TPS,LATEST_LIVE,2026-09-02T19:10:51.000Z,2026-09-02T19:10:54.962Z,2026-09-02T19:10:54.703Z,2026-09-02T19:10:54.962Z,1724,26.66666666666667,"{""value"":26.66666666666667,""timestamp"":""2026-09-02T19:10:51Z""}",,,,,,,,1324
powertrainCombustionEngineTPS,CAN_ENGINE_TPS,HF_HISTORICAL,2026-09-02T19:10:47.109Z,2026-09-02T19:10:55.166Z,2026-09-02T19:10:54.964Z,2026-09-02T19:10:55.166Z,1729,14.11764705882353,14.11764705882353,806fc61ef28f7a97b64d101b9220d94bdc79ce9893e1a30592860688b9680a8a,1s,AVG,806fc61ef28f7a97b64d101b9220d94bdc79ce9893e1a30592860688b9680a8a,2026-09-02T19:10:47.109Z,2026-09-02T19:10:54.964Z,2026-09-02T19:10:54.964Z,1329
powertrainCombustionEngineTPS,CAN_ENGINE_TPS,HF_HISTORICAL,2026-09-02T19:10:49.109Z,2026-09-02T19:10:55.166Z,2026-09-02T19:10:54.964Z,2026-09-02T19:10:55.166Z,1734,14.11764705882353,14.11764705882353,73294ee879f92d1b71042a3c8fec8dd0773587841f67ef3dd1c285ad3ec02505,1s,AVG,73294ee879f92d1b71042a3c8fec8dd0773587841f67ef3dd1c285ad3ec02505,2026-09-02T19:10:47.109Z,2026-09-02T19:10:54.964Z,2026-09-02T19:10:54.964Z,1334
powertrainCombustionEngineTPS,CAN_ENGINE_TPS,HF_HISTORICAL,2026-09-02T19:10:50.109Z,2026-09-02T19:10:55.166Z,2026-09-02T19:10:54.964Z,2026-09-02T19:10:55.166Z,1739,26.66666666666667,26.66666666666667,58097f89a4f58232a83bafb88efdac6b8c7e9b44063437d86be29f4ca256456d,1s,AVG,58097f89a4f58232a83bafb88efdac6b8c7e9b44063437d86be29f4ca256456d,2026-09-02T19:10:47.109Z,2026-09-02T19:10:54.964Z,2026-09-02T19:10:54.964Z,1339
powertrainCombustionEngineTPS,CAN_ENGINE_TPS,LATEST_LIVE,2026-09-02T19:10:56.000Z,2026-09-02T19:11:00.708Z,2026-09-02T19:11:00.435Z,2026-09-02T19:11:00.708Z,1744,21.56862745098039,"{""value"":21.56862745098039,""timestamp"":""2026-09-02T19:10:56Z""}",,,,,,,,1344
powertrainCombustionEngineTPS,CAN_ENGINE_TPS,HF_HISTORICAL,2026-09-02T19:10:53.964Z,2026-09-02T19:11:01.021Z,2026-09-02T19:11:00.712Z,2026-09-02T19:11:01.021Z,1749,27.84313725490196,27.84313725490196,e0d468e681f63eca171cb2d4ee6009552e0188e5228976905824e035f10c4295,1s,AVG,e0d468e681f63eca171cb2d4ee6009552e0188e5228976905824e035f10c4295,2026-09-02T19:10:52.964Z,2026-09-02T19:11:00.712Z,2026-09-02T19:11:00.712Z,1349
powertrainCombustionEngineTPS,CAN_ENGINE_TPS,HF_HISTORICAL,2026-09-02T19:10:54.964Z,2026-09-02T19:11:01.021Z,2026-09-02T19:11:00.712Z,2026-09-02T19:11:01.021Z,1754,14.11764705882353,14.11764705882353,2de8c19820ef0e537426d4dc8f036bd73ed497803d32fd74ff3c4e3819db01da,1s,AVG,2de8c19820ef0e537426d4dc8f036bd73ed497803d32fd74ff3c4e3819db01da,2026-09-02T19:10:52.964Z,2026-09-02T19:11:00.712Z,2026-09-02T19:11:00.712Z,1354
powertrainCombustionEngineTPS,CAN_ENGINE_TPS,HF_HISTORICAL,2026-09-02T19:10:55.964Z,2026-09-02T19:11:01.021Z,2026-09-02T19:11:00.712Z,2026-09-02T19:11:01.021Z,1759,21.56862745098039,21.56862745098039,1345331ef44cf7d6b2284142bd15bf32b1130141f7800b0457ce309d832a7cab,1s,AVG,1345331ef44cf7d6b2284142bd15bf32b1130141f7800b0457ce309d832a7cab,2026-09-02T19:10:52.964Z,2026-09-02T19:11:00.712Z,2026-09-02T19:11:00.712Z,1359
powertrainCombustionEngineTPS,CAN_ENGINE_TPS,LATEST_LIVE,2026-09-02T19:11:03.000Z,2026-09-02T19:11:06.650Z,2026-09-02T19:11:06.387Z,2026-09-02T19:11:06.650Z,1764,32.54901960784314,"{""value"":32.54901960784314,""timestamp"":""2026-09-02T19:11:03Z""}",,,,,,,,1364
powertrainCombustionEngineTPS,CAN_ENGINE_TPS,HF_HISTORICAL,2026-09-02T19:10:58.712Z,2026-09-02T19:11:06.856Z,2026-09-02T19:11:06.654Z,2026-09-02T19:11:06.856Z,1769,14.11764705882353,14.11764705882353,826a3f1205aa9f7f2422d72d7bdd948d762441d5cae1f1cded41aed18b49edb5,1s,AVG,826a3f1205aa9f7f2422d72d7bdd948d762441d5cae1f1cded41aed18b49edb5,2026-09-02T19:10:58.712Z,2026-09-02T19:11:06.654Z,2026-09-02T19:11:06.654Z,1369
powertrainCombustionEngineTPS,CAN_ENGINE_TPS,HF_HISTORICAL,2026-09-02T19:10:59.712Z,2026-09-02T19:11:06.856Z,2026-09-02T19:11:06.654Z,2026-09-02T19:11:06.856Z,1774,14.11764705882353,14.11764705882353,362653910a510c6e82e70b106907bc66a79cddee854c05691ef3a37d915b3901,1s,AVG,362653910a510c6e82e70b106907bc66a79cddee854c05691ef3a37d915b3901,2026-09-02T19:10:58.712Z,2026-09-02T19:11:06.654Z,2026-09-02T19:11:06.654Z,1374
powertrainCombustionEngineTPS,CAN_ENGINE_TPS,HF_HISTORICAL,2026-09-02T19:11:02.712Z,2026-09-02T19:11:06.856Z,2026-09-02T19:11:06.654Z,2026-09-02T19:11:06.856Z,1779,32.54901960784314,32.54901960784314,76cd00a0f984366e7265fb9d1b7060990f673a0eb05008e123ce1dc7960dda81,1s,AVG,76cd00a0f984366e7265fb9d1b7060990f673a0eb05008e123ce1dc7960dda81,2026-09-02T19:10:58.712Z,2026-09-02T19:11:06.654Z,2026-09-02T19:11:06.654Z,1379
powertrainCombustionEngineTPS,CAN_ENGINE_TPS,LATEST_LIVE,2026-09-02T19:11:06.000Z,2026-09-02T19:11:12.532Z,2026-09-02T19:11:12.263Z,2026-09-02T19:11:12.532Z,1784,14.11764705882353,"{""value"":14.11764705882353,""timestamp"":""2026-09-02T19:11:06Z""}",,,,,,,,1384
powertrainCombustionEngineTPS,CAN_ENGINE_TPS,HF_HISTORICAL,2026-09-02T19:11:05.654Z,2026-09-02T19:11:12.723Z,2026-09-02T19:11:12.533Z,2026-09-02T19:11:12.723Z,1789,14.11764705882353,14.11764705882353,984a658a019cbf071a060d5f74a490dc310bc837b6ec6f5824d69b0fcdfb66e6,1s,AVG,984a658a019cbf071a060d5f74a490dc310bc837b6ec6f5824d69b0fcdfb66e6,2026-09-02T19:11:04.654Z,2026-09-02T19:11:12.533Z,2026-09-02T19:11:12.533Z,1389
powertrainCombustionEngineTPS,CAN_ENGINE_TPS,HF_HISTORICAL,2026-09-02T19:11:08.654Z,2026-09-02T19:11:12.723Z,2026-09-02T19:11:12.533Z,2026-09-02T19:11:12.723Z,1795,0,0,5a8546802d3fc48b1f2cf97bfe83672e50c4b9e37db5694a9b1a39af661f07f6,1s,AVG,5a8546802d3fc48b1f2cf97bfe83672e50c4b9e37db5694a9b1a39af661f07f6,2026-09-02T19:11:04.654Z,2026-09-02T19:11:12.533Z,2026-09-02T19:11:12.533Z,1395
powertrainCombustionEngineTPS,CAN_ENGINE_TPS,LATEST_LIVE,2026-09-02T19:11:14.000Z,2026-09-02T19:11:18.324Z,2026-09-02T19:11:18.055Z,2026-09-02T19:11:18.324Z,1800,25.88235294117647,"{""value"":25.88235294117647,""timestamp"":""2026-09-02T19:11:14Z""}",,,,,,,,1400
powertrainCombustionEngineTPS,CAN_ENGINE_TPS,HF_HISTORICAL,2026-09-02T19:11:10.533Z,2026-09-02T19:11:18.631Z,2026-09-02T19:11:18.327Z,2026-09-02T19:11:18.631Z,1804,0,0,b457d4bd30c6c144faa772fd762e2fd99ed72eb7f390354fa8b4b5d425363921,1s,AVG,b457d4bd30c6c144faa772fd762e2fd99ed72eb7f390354fa8b4b5d425363921,2026-09-02T19:11:10.533Z,2026-09-02T19:11:18.327Z,2026-09-02T19:11:18.327Z,1404
powertrainCombustionEngineTPS,CAN_ENGINE_TPS,HF_HISTORICAL,2026-09-02T19:11:11.533Z,2026-09-02T19:11:18.631Z,2026-09-02T19:11:18.327Z,2026-09-02T19:11:18.631Z,1809,15.68627450980392,15.68627450980392,4c5397fada42ecf7b374e10d1e2c3313b8309cdf517b41da74003ed2c3902a19,1s,AVG,4c5397fada42ecf7b374e10d1e2c3313b8309cdf517b41da74003ed2c3902a19,2026-09-02T19:11:10.533Z,2026-09-02T19:11:18.327Z,2026-09-02T19:11:18.327Z,1409
powertrainCombustionEngineTPS,CAN_ENGINE_TPS,HF_HISTORICAL,2026-09-02T19:11:13.533Z,2026-09-02T19:11:18.631Z,2026-09-02T19:11:18.327Z,2026-09-02T19:11:18.631Z,1814,25.88235294117647,25.88235294117647,41f0bd15b57ed7bb3d0c003fa964720aba33a24afa20b35b4684c1a9310a6368,1s,AVG,41f0bd15b57ed7bb3d0c003fa964720aba33a24afa20b35b4684c1a9310a6368,2026-09-02T19:11:10.533Z,2026-09-02T19:11:18.327Z,2026-09-02T19:11:18.327Z,1414
powertrainCombustionEngineTPS,CAN_ENGINE_TPS,HF_HISTORICAL,2026-09-02T19:11:14.533Z,2026-09-02T19:11:18.631Z,2026-09-02T19:11:18.327Z,2026-09-02T19:11:18.631Z,1819,14.11764705882353,14.11764705882353,9b3991608fa601746cd256397cf43784bf092102c77ff1d64db5e0623fe89f48,1s,AVG,9b3991608fa601746cd256397cf43784bf092102c77ff1d64db5e0623fe89f48,2026-09-02T19:11:10.533Z,2026-09-02T19:11:18.327Z,2026-09-02T19:11:18.327Z,1419
powertrainCombustionEngineTPS,CAN_ENGINE_TPS,LATEST_LIVE,2026-09-02T19:11:19.000Z,2026-09-02T19:11:24.492Z,2026-09-02T19:11:24.303Z,2026-09-02T19:11:24.492Z,1850,14.11764705882353,"{""value"":14.11764705882353,""timestamp"":""2026-09-02T19:11:19Z""}",,,,,,,,1430
powertrainCombustionEngineTPS,CAN_ENGINE_TPS,HF_HISTORICAL,2026-09-02T19:11:18.327Z,2026-09-02T19:11:24.681Z,2026-09-02T19:11:24.493Z,2026-09-02T19:11:24.681Z,1855,14.11764705882353,14.11764705882353,547df2471791607f853969425b07ca3e08bd3138bf8fc627fd1fbb8437700358,1s,AVG,547df2471791607f853969425b07ca3e08bd3138bf8fc627fd1fbb8437700358,2026-09-02T19:11:16.327Z,2026-09-02T19:11:24.493Z,2026-09-02T19:11:24.493Z,1435
powertrainCombustionEngineTPS,CAN_ENGINE_TPS,HF_HISTORICAL,2026-09-02T19:11:20.327Z,2026-09-02T19:11:24.681Z,2026-09-02T19:11:24.493Z,2026-09-02T19:11:24.681Z,1860,14.11764705882353,14.11764705882353,a5226baaac956d2b15fc345a1bec88993101f941f95bcba38e8162ed2db97cb1,1s,AVG,a5226baaac956d2b15fc345a1bec88993101f941f95bcba38e8162ed2db97cb1,2026-09-02T19:11:16.327Z,2026-09-02T19:11:24.493Z,2026-09-02T19:11:24.493Z,1440
powertrainCombustionEngineTPS,CAN_ENGINE_TPS,LATEST_LIVE,2026-09-02T19:11:25.000Z,2026-09-02T19:11:30.319Z,2026-09-02T19:11:30.026Z,2026-09-02T19:11:30.319Z,1865,14.11764705882353,"{""value"":14.11764705882353,""timestamp"":""2026-09-02T19:11:25Z""}",,,,,,,,1445
powertrainCombustionEngineTPS,CAN_ENGINE_TPS,HF_HISTORICAL,2026-09-02T19:11:23.493Z,2026-09-02T19:11:30.778Z,2026-09-02T19:11:30.320Z,2026-09-02T19:11:30.778Z,1870,14.11764705882353,14.11764705882353,03282fcb11f00d3834e2d090292ea5e54494fb1c96318deefa06f8f389e89e78,1s,AVG,03282fcb11f00d3834e2d090292ea5e54494fb1c96318deefa06f8f389e89e78,2026-09-02T19:11:22.493Z,2026-09-02T19:11:30.320Z,2026-09-02T19:11:30.320Z,1450
powertrainCombustionEngineTPS,CAN_ENGINE_TPS,HF_HISTORICAL,2026-09-02T19:11:24.493Z,2026-09-02T19:11:30.778Z,2026-09-02T19:11:30.320Z,2026-09-02T19:11:30.778Z,1875,14.11764705882353,14.11764705882353,720187af83d4fa57a0dfbc76c1f758554018494494018153b033ea78c111a68b,1s,AVG,720187af83d4fa57a0dfbc76c1f758554018494494018153b033ea78c111a68b,2026-09-02T19:11:22.493Z,2026-09-02T19:11:30.320Z,2026-09-02T19:11:30.320Z,1455
powertrainCombustionEngineTPS,CAN_ENGINE_TPS,HF_HISTORICAL,2026-09-02T19:11:26.493Z,2026-09-02T19:11:30.778Z,2026-09-02T19:11:30.320Z,2026-09-02T19:11:30.778Z,1880,14.11764705882353,14.11764705882353,a53ee640b8eb8ed24c4ab2af1bce8b3886c70c902721ff5d22810de8e85f58ab,1s,AVG,a53ee640b8eb8ed24c4ab2af1bce8b3886c70c902721ff5d22810de8e85f58ab,2026-09-02T19:11:22.493Z,2026-09-02T19:11:30.320Z,2026-09-02T19:11:30.320Z,1460
powertrainCombustionEngineTPS,CAN_ENGINE_TPS,LATEST_LIVE,2026-09-02T19:11:31.000Z,2026-09-02T19:11:36.484Z,2026-09-02T19:11:36.098Z,2026-09-02T19:11:36.484Z,1885,31.76470588235294,"{""value"":31.76470588235294,""timestamp"":""2026-09-02T19:11:31Z""}",,,,,,,,1465
powertrainCombustionEngineTPS,CAN_ENGINE_TPS,HF_HISTORICAL,2026-09-02T19:11:29.320Z,2026-09-02T19:11:36.802Z,2026-09-02T19:11:36.486Z,2026-09-02T19:11:36.802Z,1890,14.11764705882353,14.11764705882353,47aee3273eceb8df055d975a0b055126138a440d270646e0a8e17fc33b6e0c59,1s,AVG,47aee3273eceb8df055d975a0b055126138a440d270646e0a8e17fc33b6e0c59,2026-09-02T19:11:28.320Z,2026-09-02T19:11:36.486Z,2026-09-02T19:11:36.486Z,1470
powertrainCombustionEngineTPS,CAN_ENGINE_TPS,HF_HISTORICAL,2026-09-02T19:11:30.320Z,2026-09-02T19:11:36.802Z,2026-09-02T19:11:36.486Z,2026-09-02T19:11:36.802Z,1895,31.76470588235294,31.76470588235294,bb0dbbef40f639ba9e3c69d8e56845942d2ed634d6bf68b3c284e4576a9d87c0,1s,AVG,bb0dbbef40f639ba9e3c69d8e56845942d2ed634d6bf68b3c284e4576a9d87c0,2026-09-02T19:11:28.320Z,2026-09-02T19:11:36.486Z,2026-09-02T19:11:36.486Z,1475
powertrainCombustionEngineTPS,CAN_ENGINE_TPS,HF_HISTORICAL,2026-09-02T19:11:33.320Z,2026-09-02T19:11:36.802Z,2026-09-02T19:11:36.486Z,2026-09-02T19:11:36.802Z,1900,32.94117647058823,32.94117647058823,2c2e76c5d040ee169f513ec98d6d04e89a5bee8828ab82a1f14f81e76718f823,1s,AVG,2c2e76c5d040ee169f513ec98d6d04e89a5bee8828ab82a1f14f81e76718f823,2026-09-02T19:11:28.320Z,2026-09-02T19:11:36.486Z,2026-09-02T19:11:36.486Z,1480
powertrainCombustionEngineTPS,CAN_ENGINE_TPS,LATEST_LIVE,2026-09-02T19:11:35.000Z,2026-09-02T19:11:42.446Z,2026-09-02T19:11:42.206Z,2026-09-02T19:11:42.446Z,1905,14.11764705882353,"{""value"":14.11764705882353,""timestamp"":""2026-09-02T19:11:35Z""}",,,,,,,,1485
powertrainCombustionEngineTPS,CAN_ENGINE_TPS,HF_HISTORICAL,2026-09-02T19:11:34.486Z,2026-09-02T19:11:42.666Z,2026-09-02T19:11:42.450Z,2026-09-02T19:11:42.666Z,1910,14.11764705882353,14.11764705882353,3631ddcf9402f3995c584b67f83a14abc68ecd2b28ae686074bd22d0de11c558,1s,AVG,3631ddcf9402f3995c584b67f83a14abc68ecd2b28ae686074bd22d0de11c558,2026-09-02T19:11:34.486Z,2026-09-02T19:11:42.450Z,2026-09-02T19:11:42.450Z,1490
powertrainCombustionEngineTPS,CAN_ENGINE_TPS,LATEST_LIVE,2026-09-02T19:11:45.000Z,2026-09-02T19:11:48.284Z,2026-09-02T19:11:48.036Z,2026-09-02T19:11:48.284Z,1915,14.11764705882353,"{""value"":14.11764705882353,""timestamp"":""2026-09-02T19:11:45Z""}",,,,,,,,1495
powertrainCombustionEngineTPS,CAN_ENGINE_TPS,HF_HISTORICAL,2026-09-02T19:11:41.450Z,2026-09-02T19:11:48.502Z,2026-09-02T19:11:48.292Z,2026-09-02T19:11:48.502Z,1920,14.11764705882353,14.11764705882353,1839513ca754d16c7d08cef2302c4ad5ff17598f7a2bc8efc88a57e4545bc024,1s,AVG,1839513ca754d16c7d08cef2302c4ad5ff17598f7a2bc8efc88a57e4545bc024,2026-09-02T19:11:40.450Z,2026-09-02T19:11:48.292Z,2026-09-02T19:11:48.292Z,1500
powertrainCombustionEngineTPS,CAN_ENGINE_TPS,HF_HISTORICAL,2026-09-02T19:11:43.450Z,2026-09-02T19:11:48.502Z,2026-09-02T19:11:48.292Z,2026-09-02T19:11:48.502Z,1925,14.11764705882353,14.11764705882353,30644492a2631d283bdaaa5234144df8284be0a8c3b7281cb14fe2b1afedcab7,1s,AVG,30644492a2631d283bdaaa5234144df8284be0a8c3b7281cb14fe2b1afedcab7,2026-09-02T19:11:40.450Z,2026-09-02T19:11:48.292Z,2026-09-02T19:11:48.292Z,1505
powertrainCombustionEngineTPS,CAN_ENGINE_TPS,HF_HISTORICAL,2026-09-02T19:11:44.450Z,2026-09-02T19:11:48.502Z,2026-09-02T19:11:48.292Z,2026-09-02T19:11:48.502Z,1930,14.11764705882353,14.11764705882353,0403c9f4e75ad96d1d977fb1cd274484c2e1c91100a9048c50e97cc008e36d0a,1s,AVG,0403c9f4e75ad96d1d977fb1cd274484c2e1c91100a9048c50e97cc008e36d0a,2026-09-02T19:11:40.450Z,2026-09-02T19:11:48.292Z,2026-09-02T19:11:48.292Z,1510
powertrainCombustionEngineTPS,CAN_ENGINE_TPS,LATEST_LIVE,2026-09-02T19:11:51.000Z,2026-09-02T19:11:54.318Z,2026-09-02T19:11:53.902Z,2026-09-02T19:11:54.318Z,1935,14.11764705882353,"{""value"":14.11764705882353,""timestamp"":""2026-09-02T19:11:51Z""}",,,,,,,,1515
powertrainCombustionEngineTPS,CAN_ENGINE_TPS,HF_HISTORICAL,2026-09-02T19:11:48.292Z,2026-09-02T19:11:54.563Z,2026-09-02T19:11:54.321Z,2026-09-02T19:11:54.563Z,1940,14.11764705882353,14.11764705882353,9758cfa6978074333043c73978a924416d51344800747bf1a848bc1471ff0c17,1s,AVG,9758cfa6978074333043c73978a924416d51344800747bf1a848bc1471ff0c17,2026-09-02T19:11:46.292Z,2026-09-02T19:11:54.321Z,2026-09-02T19:11:54.321Z,1520
powertrainCombustionEngineTPS,CAN_ENGINE_TPS,HF_HISTORICAL,2026-09-02T19:11:49.292Z,2026-09-02T19:11:54.563Z,2026-09-02T19:11:54.321Z,2026-09-02T19:11:54.563Z,1945,14.11764705882353,14.11764705882353,c384de3153852d28ab19afa2cb88abd96079b27b011d7681832db57283ba5d7c,1s,AVG,c384de3153852d28ab19afa2cb88abd96079b27b011d7681832db57283ba5d7c,2026-09-02T19:11:46.292Z,2026-09-02T19:11:54.321Z,2026-09-02T19:11:54.321Z,1525
powertrainCombustionEngineTPS,CAN_ENGINE_TPS,HF_HISTORICAL,2026-09-02T19:11:50.292Z,2026-09-02T19:11:54.563Z,2026-09-02T19:11:54.321Z,2026-09-02T19:11:54.563Z,1950,14.11764705882353,14.11764705882353,430685b2a54eac285a968c4a95a0520a5d6d5e2dee95212e39f88cc58d9bb2d8,1s,AVG,430685b2a54eac285a968c4a95a0520a5d6d5e2dee95212e39f88cc58d9bb2d8,2026-09-02T19:11:46.292Z,2026-09-02T19:11:54.321Z,2026-09-02T19:11:54.321Z,1530
powertrainCombustionEngineTPS,CAN_ENGINE_TPS,LATEST_LIVE,2026-09-02T19:11:55.000Z,2026-09-02T19:12:00.571Z,2026-09-02T19:12:00.267Z,2026-09-02T19:12:00.571Z,1981,14.11764705882353,"{""value"":14.11764705882353,""timestamp"":""2026-09-02T19:11:55Z""}",,,,,,,,1541
powertrainCombustionEngineTPS,CAN_ENGINE_TPS,HF_HISTORICAL,2026-09-02T19:11:53.321Z,2026-09-02T19:12:00.893Z,2026-09-02T19:12:00.575Z,2026-09-02T19:12:00.893Z,1986,14.11764705882353,14.11764705882353,ca77b04faf9b9625ae64424fb589335a62398574c8666ef83ed295e88b9a71a5,1s,AVG,ca77b04faf9b9625ae64424fb589335a62398574c8666ef83ed295e88b9a71a5,2026-09-02T19:11:52.321Z,2026-09-02T19:12:00.575Z,2026-09-02T19:12:00.575Z,1546
powertrainCombustionEngineTPS,CAN_ENGINE_TPS,HF_HISTORICAL,2026-09-02T19:11:54.321Z,2026-09-02T19:12:00.893Z,2026-09-02T19:12:00.575Z,2026-09-02T19:12:00.893Z,1991,14.11764705882353,14.11764705882353,6a193c50721d2b6f9b6cac7e15107841793e07a2087a0b5242a43eac2a2c3eac,1s,AVG,6a193c50721d2b6f9b6cac7e15107841793e07a2087a0b5242a43eac2a2c3eac,2026-09-02T19:11:52.321Z,2026-09-02T19:12:00.575Z,2026-09-02T19:12:00.575Z,1551
powertrainCombustionEngineTPS,CAN_ENGINE_TPS,HF_HISTORICAL,2026-09-02T19:11:55.321Z,2026-09-02T19:12:00.893Z,2026-09-02T19:12:00.575Z,2026-09-02T19:12:00.893Z,1996,14.11764705882353,14.11764705882353,fd5e56b4cfade07f633a06320fdd3ba81db53477b2ccd3fc1ac004fea025b37c,1s,AVG,fd5e56b4cfade07f633a06320fdd3ba81db53477b2ccd3fc1ac004fea025b37c,2026-09-02T19:11:52.321Z,2026-09-02T19:12:00.575Z,2026-09-02T19:12:00.575Z,1556
powertrainCombustionEngineTPS,CAN_ENGINE_TPS,HF_HISTORICAL,2026-09-02T19:11:56.321Z,2026-09-02T19:12:00.893Z,2026-09-02T19:12:00.575Z,2026-09-02T19:12:00.893Z,2001,14.11764705882353,14.11764705882353,5777cd722486cdacc8260714e981f3ad32b72f79d07bc99da8d8a157c03f7357,1s,AVG,5777cd722486cdacc8260714e981f3ad32b72f79d07bc99da8d8a157c03f7357,2026-09-02T19:11:52.321Z,2026-09-02T19:12:00.575Z,2026-09-02T19:12:00.575Z,1561
powertrainCombustionEngineTPS,CAN_ENGINE_TPS,LATEST_LIVE,2026-09-02T19:12:00.000Z,2026-09-02T19:12:06.595Z,2026-09-02T19:12:06.282Z,2026-09-02T19:12:06.595Z,2006,18.82352941176471,"{""value"":18.82352941176471,""timestamp"":""2026-09-02T19:12:00Z""}",,,,,,,,1566
powertrainCombustionEngineTPS,CAN_ENGINE_TPS,HF_HISTORICAL,2026-09-02T19:11:58.575Z,2026-09-02T19:12:06.819Z,2026-09-02T19:12:06.598Z,2026-09-02T19:12:06.819Z,2011,18.82352941176471,18.82352941176471,48351f4a5d5ac815788278703b22b1d7363287118deaa169499e5a98b651e550,1s,AVG,48351f4a5d5ac815788278703b22b1d7363287118deaa169499e5a98b651e550,2026-09-02T19:11:58.575Z,2026-09-02T19:12:06.598Z,2026-09-02T19:12:06.598Z,1571
powertrainCombustionEngineTPS,CAN_ENGINE_TPS,HF_HISTORICAL,2026-09-02T19:11:59.575Z,2026-09-02T19:12:06.819Z,2026-09-02T19:12:06.598Z,2026-09-02T19:12:06.819Z,2016,18.82352941176471,18.82352941176471,a3b542e4a9275759bd827a18424530299c610cdb47f44e95ec8f52a6b7ee5bf0,1s,AVG,a3b542e4a9275759bd827a18424530299c610cdb47f44e95ec8f52a6b7ee5bf0,2026-09-02T19:11:58.575Z,2026-09-02T19:12:06.598Z,2026-09-02T19:12:06.598Z,1576
powertrainCombustionEngineTPS,CAN_ENGINE_TPS,LATEST_LIVE,2026-09-02T19:12:00.000Z,2026-09-02T19:12:12.411Z,2026-09-02T19:12:12.144Z,2026-09-02T19:12:12.411Z,2021,18.82352941176471,"{""value"":18.82352941176471,""timestamp"":""2026-09-02T19:12:00Z""}",,,,,,,,1581
powertrainCombustionEngineTPS,CAN_ENGINE_TPS,LATEST_LIVE,2026-09-02T19:12:00.000Z,2026-09-02T19:12:18.224Z,2026-09-02T19:12:17.948Z,2026-09-02T19:12:18.224Z,2026,18.82352941176471,"{""value"":18.82352941176471,""timestamp"":""2026-09-02T19:12:00Z""}",,,,,,,,1586
powertrainCombustionEngineTPS,CAN_ENGINE_TPS,LATEST_LIVE,2026-09-02T19:12:00.000Z,2026-09-02T19:12:24.179Z,2026-09-02T19:12:23.884Z,2026-09-02T19:12:24.179Z,2031,18.82352941176471,"{""value"":18.82352941176471,""timestamp"":""2026-09-02T19:12:00Z""}",,,,,,,,1591
powertrainCombustionEngineTPS,CAN_ENGINE_TPS,LATEST_LIVE,2026-09-02T19:12:26.000Z,2026-09-02T19:12:30.416Z,2026-09-02T19:12:30.174Z,2026-09-02T19:12:30.416Z,2036,14.11764705882353,"{""value"":14.11764705882353,""timestamp"":""2026-09-02T19:12:26Z""}",,,,,,,,1596
powertrainCombustionEngineTPS,CAN_ENGINE_TPS,HF_HISTORICAL,2026-09-02T19:12:22.180Z,2026-09-02T19:12:30.663Z,2026-09-02T19:12:30.418Z,2026-09-02T19:12:30.663Z,2041,43.13725490196078,43.13725490196078,2a89ebe3d5e0c2efd8b780037c739af2a621c2298aca81bece4cdc1aa78f7f7d,1s,AVG,2a89ebe3d5e0c2efd8b780037c739af2a621c2298aca81bece4cdc1aa78f7f7d,2026-09-02T19:12:22.180Z,2026-09-02T19:12:30.418Z,2026-09-02T19:12:30.418Z,1601
powertrainCombustionEngineTPS,CAN_ENGINE_TPS,HF_HISTORICAL,2026-09-02T19:12:23.180Z,2026-09-02T19:12:30.663Z,2026-09-02T19:12:30.418Z,2026-09-02T19:12:30.663Z,2046,14.11764705882353,14.11764705882353,dc95c9ae3f65710d2bc9c2ed860a1136b3af06e02e977709c6ae1b25e34affbc,1s,AVG,dc95c9ae3f65710d2bc9c2ed860a1136b3af06e02e977709c6ae1b25e34affbc,2026-09-02T19:12:22.180Z,2026-09-02T19:12:30.418Z,2026-09-02T19:12:30.418Z,1606
powertrainCombustionEngineTPS,CAN_ENGINE_TPS,HF_HISTORICAL,2026-09-02T19:12:25.180Z,2026-09-02T19:12:30.663Z,2026-09-02T19:12:30.418Z,2026-09-02T19:12:30.663Z,2051,14.11764705882353,14.11764705882353,80ff16c72ebc514debd8a55c54f8144d3933bf823c8a3d6428f72b920c532fac,1s,AVG,80ff16c72ebc514debd8a55c54f8144d3933bf823c8a3d6428f72b920c532fac,2026-09-02T19:12:22.180Z,2026-09-02T19:12:30.418Z,2026-09-02T19:12:30.418Z,1611
powertrainCombustionEngineTPS,CAN_ENGINE_TPS,HF_HISTORICAL,2026-09-02T19:12:26.180Z,2026-09-02T19:12:30.663Z,2026-09-02T19:12:30.418Z,2026-09-02T19:12:30.663Z,2056,14.11764705882353,14.11764705882353,9257c4c5ff2300d6dae3a519e4a5d47861743a70855610eb17e0877a9ecbdd56,1s,AVG,9257c4c5ff2300d6dae3a519e4a5d47861743a70855610eb17e0877a9ecbdd56,2026-09-02T19:12:22.180Z,2026-09-02T19:12:30.418Z,2026-09-02T19:12:30.418Z,1616
powertrainCombustionEngineTPS,CAN_ENGINE_TPS,HF_HISTORICAL,2026-09-02T19:12:27.180Z,2026-09-02T19:12:30.663Z,2026-09-02T19:12:30.418Z,2026-09-02T19:12:30.663Z,2061,14.11764705882353,14.11764705882353,c2a3aadc4029a041d8b824613aa362baf062b486f2c657b99bf1a602d47a503e,1s,AVG,c2a3aadc4029a041d8b824613aa362baf062b486f2c657b99bf1a602d47a503e,2026-09-02T19:12:22.180Z,2026-09-02T19:12:30.418Z,2026-09-02T19:12:30.418Z,1621
powertrainCombustionEngineTPS,CAN_ENGINE_TPS,LATEST_LIVE,2026-09-02T19:12:32.000Z,2026-09-02T19:12:37.008Z,2026-09-02T19:12:36.565Z,2026-09-02T19:12:37.008Z,2092,17.25490196078431,"{""value"":17.25490196078431,""timestamp"":""2026-09-02T19:12:32Z""}",,,,,,,,1632
powertrainCombustionEngineTPS,CAN_ENGINE_TPS,HF_HISTORICAL,2026-09-02T19:12:28.418Z,2026-09-02T19:12:37.225Z,2026-09-02T19:12:37.010Z,2026-09-02T19:12:37.225Z,2097,14.11764705882353,14.11764705882353,79cb59b918319e8782f12fee08314e599e28392de92b06b60a6b54d30ae4d6ea,1s,AVG,79cb59b918319e8782f12fee08314e599e28392de92b06b60a6b54d30ae4d6ea,2026-09-02T19:12:28.418Z,2026-09-02T19:12:37.010Z,2026-09-02T19:12:37.010Z,1637
powertrainCombustionEngineTPS,CAN_ENGINE_TPS,HF_HISTORICAL,2026-09-02T19:12:29.418Z,2026-09-02T19:12:37.225Z,2026-09-02T19:12:37.010Z,2026-09-02T19:12:37.225Z,2102,25.88235294117647,25.88235294117647,60638b5ca288dc0ae187d965320cfdf463195b6603e0f26cec5f4c51676dbf43,1s,AVG,60638b5ca288dc0ae187d965320cfdf463195b6603e0f26cec5f4c51676dbf43,2026-09-02T19:12:28.418Z,2026-09-02T19:12:37.010Z,2026-09-02T19:12:37.010Z,1642
powertrainCombustionEngineTPS,CAN_ENGINE_TPS,HF_HISTORICAL,2026-09-02T19:12:31.418Z,2026-09-02T19:12:37.225Z,2026-09-02T19:12:37.010Z,2026-09-02T19:12:37.225Z,2107,17.25490196078431,17.25490196078431,93de3ad9d0fad2438824a71971f21b74b916f2b1975ee47b44cc62fe7a23751b,1s,AVG,93de3ad9d0fad2438824a71971f21b74b916f2b1975ee47b44cc62fe7a23751b,2026-09-02T19:12:28.418Z,2026-09-02T19:12:37.010Z,2026-09-02T19:12:37.010Z,1647
powertrainCombustionEngineTPS,CAN_ENGINE_TPS,LATEST_LIVE,2026-09-02T19:12:35.000Z,2026-09-02T19:12:42.765Z,2026-09-02T19:12:42.506Z,2026-09-02T19:12:42.765Z,2112,14.11764705882353,"{""value"":14.11764705882353,""timestamp"":""2026-09-02T19:12:35Z""}",,,,,,,,1652
powertrainCombustionEngineTPS,CAN_ENGINE_TPS,LATEST_LIVE,2026-09-02T19:12:43.000Z,2026-09-02T19:12:48.444Z,2026-09-02T19:12:48.238Z,2026-09-02T19:12:48.444Z,2117,15.29411764705882,"{""value"":15.29411764705882,""timestamp"":""2026-09-02T19:12:43Z""}",,,,,,,,1657
powertrainCombustionEngineTPS,CAN_ENGINE_TPS,HF_HISTORICAL,2026-09-02T19:12:41.768Z,2026-09-02T19:12:48.740Z,2026-09-02T19:12:48.446Z,2026-09-02T19:12:48.740Z,2122,14.11764705882353,14.11764705882353,7f89e1de1978393681234bd56328c33098ac277d26bd179c25e1a894207ac936,1s,AVG,7f89e1de1978393681234bd56328c33098ac277d26bd179c25e1a894207ac936,2026-09-02T19:12:40.768Z,2026-09-02T19:12:48.446Z,2026-09-02T19:12:48.446Z,1662
powertrainCombustionEngineTPS,CAN_ENGINE_TPS,HF_HISTORICAL,2026-09-02T19:12:42.768Z,2026-09-02T19:12:48.740Z,2026-09-02T19:12:48.446Z,2026-09-02T19:12:48.740Z,2127,15.29411764705882,15.29411764705882,5c3b50f5904503a2089312dbf8d239222d30842cdad330f3e51eeec340954319,1s,AVG,5c3b50f5904503a2089312dbf8d239222d30842cdad330f3e51eeec340954319,2026-09-02T19:12:40.768Z,2026-09-02T19:12:48.446Z,2026-09-02T19:12:48.446Z,1667
powertrainCombustionEngineTPS,CAN_ENGINE_TPS,LATEST_LIVE,2026-09-02T19:12:50.000Z,2026-09-02T19:12:54.346Z,2026-09-02T19:12:54.084Z,2026-09-02T19:12:54.346Z,2132,14.11764705882353,"{""value"":14.11764705882353,""timestamp"":""2026-09-02T19:12:50Z""}",,,,,,,,1672
powertrainCombustionEngineTPS,CAN_ENGINE_TPS,HF_HISTORICAL,2026-09-02T19:12:46.446Z,2026-09-02T19:12:54.550Z,2026-09-02T19:12:54.348Z,2026-09-02T19:12:54.550Z,2137,23.52941176470588,23.52941176470588,cc9b9a1cb226d22d113c2f553b46cf1ead1d2ac17f8f3099a1266e2fa7d59ecf,1s,AVG,cc9b9a1cb226d22d113c2f553b46cf1ead1d2ac17f8f3099a1266e2fa7d59ecf,2026-09-02T19:12:46.446Z,2026-09-02T19:12:54.348Z,2026-09-02T19:12:54.348Z,1677
powertrainCombustionEngineTPS,CAN_ENGINE_TPS,HF_HISTORICAL,2026-09-02T19:12:49.446Z,2026-09-02T19:12:54.550Z,2026-09-02T19:12:54.348Z,2026-09-02T19:12:54.550Z,2142,14.11764705882353,14.11764705882353,016b8628da36983e91b4a0ec7aa54779fe4b287992299d257824d48749f4a76e,1s,AVG,016b8628da36983e91b4a0ec7aa54779fe4b287992299d257824d48749f4a76e,2026-09-02T19:12:46.446Z,2026-09-02T19:12:54.348Z,2026-09-02T19:12:54.348Z,1682
powertrainCombustionEngineTPS,CAN_ENGINE_TPS,LATEST_LIVE,2026-09-02T19:12:56.000Z,2026-09-02T19:13:00.151Z,2026-09-02T19:12:59.910Z,2026-09-02T19:13:00.151Z,2147,14.11764705882353,"{""value"":14.11764705882353,""timestamp"":""2026-09-02T19:12:56Z""}",,,,,,,,1687
powertrainCombustionEngineTPS,CAN_ENGINE_TPS,HF_HISTORICAL,2026-09-02T19:12:53.348Z,2026-09-02T19:13:00.387Z,2026-09-02T19:13:00.153Z,2026-09-02T19:13:00.387Z,2152,14.11764705882353,14.11764705882353,184b15891d4c06974664ec2fe83e0407c69b4d22ce713b3a5d4676050221f809,1s,AVG,184b15891d4c06974664ec2fe83e0407c69b4d22ce713b3a5d4676050221f809,2026-09-02T19:12:52.348Z,2026-09-02T19:13:00.152Z,2026-09-02T19:13:00.152Z,1692
powertrainCombustionEngineTPS,CAN_ENGINE_TPS,HF_HISTORICAL,2026-09-02T19:12:55.348Z,2026-09-02T19:13:00.387Z,2026-09-02T19:13:00.153Z,2026-09-02T19:13:00.387Z,2157,14.11764705882353,14.11764705882353,32a7f4153eab97d2c4e1085eb42ddd02bd46ba1fbaae2ca91c6e3d50fe540de3,1s,AVG,32a7f4153eab97d2c4e1085eb42ddd02bd46ba1fbaae2ca91c6e3d50fe540de3,2026-09-02T19:12:52.348Z,2026-09-02T19:13:00.152Z,2026-09-02T19:13:00.152Z,1697
powertrainCombustionEngineTPS,CAN_ENGINE_TPS,LATEST_LIVE,2026-09-02T19:13:02.000Z,2026-09-02T19:13:05.929Z,2026-09-02T19:13:05.664Z,2026-09-02T19:13:05.929Z,2162,14.11764705882353,"{""value"":14.11764705882353,""timestamp"":""2026-09-02T19:13:02Z""}",,,,,,,,1702
powertrainCombustionEngineTPS,CAN_ENGINE_TPS,HF_HISTORICAL,2026-09-02T19:12:59.152Z,2026-09-02T19:13:06.137Z,2026-09-02T19:13:05.930Z,2026-09-02T19:13:06.137Z,2167,17.25490196078431,17.25490196078431,07124776f281700ab9207000ecf5315d02dd4adb23928d82a5a6664baf5f40e8,1s,AVG,07124776f281700ab9207000ecf5315d02dd4adb23928d82a5a6664baf5f40e8,2026-09-02T19:12:58.152Z,2026-09-02T19:13:05.930Z,2026-09-02T19:13:05.930Z,1707
powertrainCombustionEngineTPS,CAN_ENGINE_TPS,HF_HISTORICAL,2026-09-02T19:13:01.152Z,2026-09-02T19:13:06.137Z,2026-09-02T19:13:05.930Z,2026-09-02T19:13:06.137Z,2172,14.11764705882353,14.11764705882353,218b781b06df65be36df2b85bc747bbf52be19ec118ee0f251c0677fac08a6ba,1s,AVG,218b781b06df65be36df2b85bc747bbf52be19ec118ee0f251c0677fac08a6ba,2026-09-02T19:12:58.152Z,2026-09-02T19:13:05.930Z,2026-09-02T19:13:05.930Z,1712
powertrainCombustionEngineTPS,CAN_ENGINE_TPS,LATEST_LIVE,2026-09-02T19:13:05.000Z,2026-09-02T19:13:12.030Z,2026-09-02T19:13:11.800Z,2026-09-02T19:13:12.030Z,2203,14.11764705882353,"{""value"":14.11764705882353,""timestamp"":""2026-09-02T19:13:05Z""}",,,,,,,,1723
powertrainCombustionEngineTPS,CAN_ENGINE_TPS,HF_HISTORICAL,2026-09-02T19:13:04.930Z,2026-09-02T19:13:12.226Z,2026-09-02T19:13:12.031Z,2026-09-02T19:13:12.226Z,2208,14.11764705882353,14.11764705882353,92eb66a7b805e41c3c18c9947d0fc46b5466912d26e09cb2fb58f8986a9885f3,1s,AVG,92eb66a7b805e41c3c18c9947d0fc46b5466912d26e09cb2fb58f8986a9885f3,2026-09-02T19:13:03.930Z,2026-09-02T19:13:12.031Z,2026-09-02T19:13:12.031Z,1728
powertrainCombustionEngineTPS,CAN_ENGINE_TPS,LATEST_LIVE,2026-09-02T19:13:07.000Z,2026-09-02T19:13:17.757Z,2026-09-02T19:13:17.531Z,2026-09-02T19:13:17.757Z,2213,24.70588235294118,"{""value"":24.70588235294118,""timestamp"":""2026-09-02T19:13:07Z""}",,,,,,,,1733
powertrainCombustionEngineTPS,CAN_ENGINE_TPS,LATEST_LIVE,2026-09-02T19:13:07.000Z,2026-09-02T19:13:23.505Z,2026-09-02T19:13:23.272Z,2026-09-02T19:13:23.505Z,2218,24.70588235294118,"{""value"":24.70588235294118,""timestamp"":""2026-09-02T19:13:07Z""}",,,,,,,,1738
powertrainCombustionEngineTPS,CAN_ENGINE_TPS,LATEST_LIVE,2026-09-02T19:13:07.000Z,2026-09-02T19:13:29.501Z,2026-09-02T19:13:29.097Z,2026-09-02T19:13:29.501Z,2223,24.70588235294118,"{""value"":24.70588235294118,""timestamp"":""2026-09-02T19:13:07Z""}",,,,,,,,1743
powertrainCombustionEngineTPS,CAN_ENGINE_TPS,LATEST_LIVE,2026-09-02T19:13:31.000Z,2026-09-02T19:13:35.345Z,2026-09-02T19:13:35.034Z,2026-09-02T19:13:35.345Z,2228,26.27450980392157,"{""value"":26.27450980392157,""timestamp"":""2026-09-02T19:13:31Z""}",,,,,,,,1748
powertrainCombustionEngineTPS,CAN_ENGINE_TPS,HF_HISTORICAL,2026-09-02T19:13:27.504Z,2026-09-02T19:13:35.574Z,2026-09-02T19:13:35.347Z,2026-09-02T19:13:35.574Z,2233,26.66666666666667,26.66666666666667,a6f662d339701532bd0c0e17b3806b6c60b4578a72936966d8990bf058197771,1s,AVG,a6f662d339701532bd0c0e17b3806b6c60b4578a72936966d8990bf058197771,2026-09-02T19:13:27.504Z,2026-09-02T19:13:35.347Z,2026-09-02T19:13:35.347Z,1753
powertrainCombustionEngineTPS,CAN_ENGINE_TPS,HF_HISTORICAL,2026-09-02T19:13:28.504Z,2026-09-02T19:13:35.574Z,2026-09-02T19:13:35.347Z,2026-09-02T19:13:35.574Z,2238,36.07843137254902,36.07843137254902,327acae431c47045bd9182a78c211df85f1cd9142699ceea55f5a66687f3059e,1s,AVG,327acae431c47045bd9182a78c211df85f1cd9142699ceea55f5a66687f3059e,2026-09-02T19:13:27.504Z,2026-09-02T19:13:35.347Z,2026-09-02T19:13:35.347Z,1758
powertrainCombustionEngineTPS,CAN_ENGINE_TPS,HF_HISTORICAL,2026-09-02T19:13:30.504Z,2026-09-02T19:13:35.574Z,2026-09-02T19:13:35.347Z,2026-09-02T19:13:35.574Z,2243,26.27450980392157,26.27450980392157,58beb4da0bf42d72b81e28f30af877b984cb20c42a6538114ed3231103016fae,1s,AVG,58beb4da0bf42d72b81e28f30af877b984cb20c42a6538114ed3231103016fae,2026-09-02T19:13:27.504Z,2026-09-02T19:13:35.347Z,2026-09-02T19:13:35.347Z,1763
powertrainCombustionEngineTPS,CAN_ENGINE_TPS,LATEST_LIVE,2026-09-02T19:13:37.000Z,2026-09-02T19:13:41.122Z,2026-09-02T19:13:40.883Z,2026-09-02T19:13:41.122Z,2248,36.47058823529412,"{""value"":36.47058823529412,""timestamp"":""2026-09-02T19:13:37Z""}",,,,,,,,1768
powertrainCombustionEngineTPS,CAN_ENGINE_TPS,HF_HISTORICAL,2026-09-02T19:13:36.347Z,2026-09-02T19:13:41.527Z,2026-09-02T19:13:41.124Z,2026-09-02T19:13:41.527Z,2253,36.47058823529412,36.47058823529412,27368201e43653373238f0c8ccac076c72adde3e33321e187005474e1833b622,1s,AVG,27368201e43653373238f0c8ccac076c72adde3e33321e187005474e1833b622,2026-09-02T19:13:33.347Z,2026-09-02T19:13:41.124Z,2026-09-02T19:13:41.124Z,1773
powertrainCombustionEngineTPS,CAN_ENGINE_TPS,LATEST_LIVE,2026-09-02T19:13:42.000Z,2026-09-02T19:13:47.420Z,2026-09-02T19:13:47.118Z,2026-09-02T19:13:47.420Z,2284,40,"{""value"":40,""timestamp"":""2026-09-02T19:13:42Z""}",,,,,,,,1784
powertrainCombustionEngineTPS,CAN_ENGINE_TPS,HF_HISTORICAL,2026-09-02T19:13:41.124Z,2026-09-02T19:13:47.759Z,2026-09-02T19:13:47.422Z,2026-09-02T19:13:47.759Z,2289,40,40,ebcd8fadbc27aa4db4a51f7796a62a86b5cb45a70a6b629e717ffbf1653542eb,1s,AVG,ebcd8fadbc27aa4db4a51f7796a62a86b5cb45a70a6b629e717ffbf1653542eb,2026-09-02T19:13:39.124Z,2026-09-02T19:13:47.422Z,2026-09-02T19:13:47.422Z,1789
powertrainCombustionEngineTPS,CAN_ENGINE_TPS,LATEST_LIVE,2026-09-02T19:13:49.000Z,2026-09-02T19:13:53.429Z,2026-09-02T19:13:53.161Z,2026-09-02T19:13:53.429Z,2294,31.76470588235294,"{""value"":31.76470588235294,""timestamp"":""2026-09-02T19:13:49Z""}",,,,,,,,1794
powertrainCombustionEngineTPS,CAN_ENGINE_TPS,HF_HISTORICAL,2026-09-02T19:13:45.422Z,2026-09-02T19:13:53.661Z,2026-09-02T19:13:53.431Z,2026-09-02T19:13:53.661Z,2299,14.11764705882353,14.11764705882353,400fb912a09b40465684167815bd8e2fb12a2268d2aef9613cfea04be1fc47af,1s,AVG,400fb912a09b40465684167815bd8e2fb12a2268d2aef9613cfea04be1fc47af,2026-09-02T19:13:45.422Z,2026-09-02T19:13:53.431Z,2026-09-02T19:13:53.431Z,1799
powertrainCombustionEngineTPS,CAN_ENGINE_TPS,HF_HISTORICAL,2026-09-02T19:13:46.422Z,2026-09-02T19:13:53.661Z,2026-09-02T19:13:53.431Z,2026-09-02T19:13:53.661Z,2304,31.76470588235294,31.76470588235294,2714b55e4f98c41ac2c700eeb2b5a0bf46e654a0edb5cd84c4e1650d0ab917b8,1s,AVG,2714b55e4f98c41ac2c700eeb2b5a0bf46e654a0edb5cd84c4e1650d0ab917b8,2026-09-02T19:13:45.422Z,2026-09-02T19:13:53.431Z,2026-09-02T19:13:53.431Z,1804
powertrainCombustionEngineTPS,CAN_ENGINE_TPS,HF_HISTORICAL,2026-09-02T19:13:48.422Z,2026-09-02T19:13:53.661Z,2026-09-02T19:13:53.431Z,2026-09-02T19:13:53.661Z,2309,31.76470588235294,31.76470588235294,ca161868db16ba1f6b3dcfa96d62554f6a05166638efbda6c769b95e659755f9,1s,AVG,ca161868db16ba1f6b3dcfa96d62554f6a05166638efbda6c769b95e659755f9,2026-09-02T19:13:45.422Z,2026-09-02T19:13:53.431Z,2026-09-02T19:13:53.431Z,1809
powertrainCombustionEngineTPS,CAN_ENGINE_TPS,LATEST_LIVE,2026-09-02T19:13:56.000Z,2026-09-02T19:13:59.237Z,2026-09-02T19:13:59.011Z,2026-09-02T19:13:59.237Z,2314,38.43137254901961,"{""value"":38.43137254901961,""timestamp"":""2026-09-02T19:13:56Z""}",,,,,,,,1814
powertrainCombustionEngineTPS,CAN_ENGINE_TPS,HF_HISTORICAL,2026-09-02T19:13:53.431Z,2026-09-02T19:13:59.466Z,2026-09-02T19:13:59.241Z,2026-09-02T19:13:59.466Z,2319,14.11764705882353,14.11764705882353,f5120adae0758f3ad062ee62566f17c1b1de91e93188791627878f3e81f3571d,1s,AVG,f5120adae0758f3ad062ee62566f17c1b1de91e93188791627878f3e81f3571d,2026-09-02T19:13:51.431Z,2026-09-02T19:13:59.240Z,2026-09-02T19:13:59.240Z,1819
powertrainCombustionEngineTPS,CAN_ENGINE_TPS,HF_HISTORICAL,2026-09-02T19:13:55.431Z,2026-09-02T19:13:59.466Z,2026-09-02T19:13:59.241Z,2026-09-02T19:13:59.466Z,2324,38.43137254901961,38.43137254901961,24e0ad6595ddd38b52c964051946e482c5002314fb789f436bc16e2001e97004,1s,AVG,24e0ad6595ddd38b52c964051946e482c5002314fb789f436bc16e2001e97004,2026-09-02T19:13:51.431Z,2026-09-02T19:13:59.240Z,2026-09-02T19:13:59.240Z,1824
powertrainCombustionEngineTPS,CAN_ENGINE_TPS,LATEST_LIVE,2026-09-02T19:14:00.000Z,2026-09-02T19:14:05.913Z,2026-09-02T19:14:04.866Z,2026-09-02T19:14:05.913Z,2329,14.11764705882353,"{""value"":14.11764705882353,""timestamp"":""2026-09-02T19:14:00Z""}",,,,,,,,1829
powertrainCombustionEngineTPS,CAN_ENGINE_TPS,HF_HISTORICAL,2026-09-02T19:13:59.240Z,2026-09-02T19:14:06.099Z,2026-09-02T19:14:05.915Z,2026-09-02T19:14:06.099Z,2334,14.11764705882353,14.11764705882353,c6e9ee9fa8c5db4c14aa7e77da420316ae2ef0b8effa34219c5bd81066f9ba4a,1s,AVG,c6e9ee9fa8c5db4c14aa7e77da420316ae2ef0b8effa34219c5bd81066f9ba4a,2026-09-02T19:13:57.240Z,2026-09-02T19:14:05.915Z,2026-09-02T19:14:05.915Z,1834
powertrainCombustionEngineTPS,CAN_ENGINE_TPS,LATEST_LIVE,2026-09-02T19:14:05.000Z,2026-09-02T19:14:13.363Z,2026-09-02T19:14:12.701Z,2026-09-02T19:14:13.363Z,2339,14.11764705882353,"{""value"":14.11764705882353,""timestamp"":""2026-09-02T19:14:05Z""}",,,,,,,,1839
powertrainCombustionEngineTPS,CAN_ENGINE_TPS,HF_HISTORICAL,2026-09-02T19:14:03.915Z,2026-09-02T19:14:13.585Z,2026-09-02T19:14:13.365Z,2026-09-02T19:14:13.585Z,2344,14.11764705882353,14.11764705882353,9f2b4e6260e81ee7716b27f6ca2d547da3d3c6e76f7bc382495f52b40eb82047,1s,AVG,9f2b4e6260e81ee7716b27f6ca2d547da3d3c6e76f7bc382495f52b40eb82047,2026-09-02T19:14:03.915Z,2026-09-02T19:14:13.365Z,2026-09-02T19:14:13.365Z,1844
powertrainCombustionEngineTPS,CAN_ENGINE_TPS,HF_HISTORICAL,2026-09-02T19:14:04.915Z,2026-09-02T19:14:13.585Z,2026-09-02T19:14:13.365Z,2026-09-02T19:14:13.585Z,2349,14.11764705882353,14.11764705882353,2c1aab8fe5d2fda55b7de81c3f5bef5b8e9fceb1cffe38fe05b91238f8d31420,1s,AVG,2c1aab8fe5d2fda55b7de81c3f5bef5b8e9fceb1cffe38fe05b91238f8d31420,2026-09-02T19:14:03.915Z,2026-09-02T19:14:13.365Z,2026-09-02T19:14:13.365Z,1849
powertrainCombustionEngineTPS,CAN_ENGINE_TPS,LATEST_LIVE,2026-09-02T19:14:10.000Z,2026-09-02T19:14:19.324Z,2026-09-02T19:14:18.951Z,2026-09-02T19:14:19.324Z,2354,14.11764705882353,"{""value"":14.11764705882353,""timestamp"":""2026-09-02T19:14:10Z""}",,,,,,,,1854
powertrainCombustionEngineTPS,CAN_ENGINE_TPS,LATEST_LIVE,2026-09-02T19:14:10.000Z,2026-09-02T19:14:25.991Z,2026-09-02T19:14:25.682Z,2026-09-02T19:14:25.991Z,2390,14.11764705882353,"{""value"":14.11764705882353,""timestamp"":""2026-09-02T19:14:10Z""}",,,,,,,,1870
powertrainCombustionEngineTPS,CAN_ENGINE_TPS,LATEST_LIVE,2026-09-02T19:14:20.000Z,2026-09-02T19:14:31.725Z,2026-09-02T19:14:31.514Z,2026-09-02T19:14:31.725Z,2397,0,"{""value"":0,""timestamp"":""2026-09-02T19:14:20Z""}",,,,,,,,1877
powertrainCombustionEngineTPS,CAN_ENGINE_TPS,LATEST_LIVE,2026-09-02T19:14:20.000Z,2026-09-02T19:14:37.513Z,2026-09-02T19:14:37.249Z,2026-09-02T19:14:37.513Z,2402,0,"{""value"":0,""timestamp"":""2026-09-02T19:14:20Z""}",,,,,,,,1882
powertrainCombustionEngineTPS,CAN_ENGINE_TPS,LATEST_LIVE,2026-09-02T19:14:20.000Z,2026-09-02T19:14:43.288Z,2026-09-02T19:14:43.081Z,2026-09-02T19:14:43.288Z,2407,0,"{""value"":0,""timestamp"":""2026-09-02T19:14:20Z""}",,,,,,,,1887
powertrainCombustionEngineTPS,CAN_ENGINE_TPS,LATEST_LIVE,2026-09-02T19:14:20.000Z,2026-09-02T19:14:49.014Z,2026-09-02T19:14:48.746Z,2026-09-02T19:14:49.014Z,2412,0,"{""value"":0,""timestamp"":""2026-09-02T19:14:20Z""}",,,,,,,,1892
powertrainCombustionEngineTPS,CAN_ENGINE_TPS,LATEST_LIVE,2026-09-02T19:14:20.000Z,2026-09-02T19:14:54.893Z,2026-09-02T19:14:54.658Z,2026-09-02T19:14:54.893Z,2417,0,"{""value"":0,""timestamp"":""2026-09-02T19:14:20Z""}",,,,,,,,1897
powertrainCombustionEngineTPS,CAN_ENGINE_TPS,LATEST_LIVE,2026-09-02T19:14:20.000Z,2026-09-02T19:15:00.983Z,2026-09-02T19:15:00.729Z,2026-09-02T19:15:00.983Z,2448,0,"{""value"":0,""timestamp"":""2026-09-02T19:14:20Z""}",,,,,,,,1908
powertrainCombustionEngineTPS,CAN_ENGINE_TPS,LATEST_LIVE,2026-09-02T19:14:20.000Z,2026-09-02T19:15:06.901Z,2026-09-02T19:15:06.655Z,2026-09-02T19:15:06.901Z,2453,0,"{""value"":0,""timestamp"":""2026-09-02T19:14:20Z""}",,,,,,,,1913
powertrainCombustionEngineTPS,CAN_ENGINE_TPS,LATEST_LIVE,2026-09-02T19:14:20.000Z,2026-09-02T19:15:12.876Z,2026-09-02T19:15:12.406Z,2026-09-02T19:15:12.876Z,2458,0,"{""value"":0,""timestamp"":""2026-09-02T19:14:20Z""}",,,,,,,,1918
powertrainCombustionEngineTPS,CAN_ENGINE_TPS,LATEST_LIVE,2026-09-02T19:14:20.000Z,2026-09-02T19:15:18.630Z,2026-09-02T19:15:18.345Z,2026-09-02T19:15:18.630Z,2463,0,"{""value"":0,""timestamp"":""2026-09-02T19:14:20Z""}",,,,,,,,1923
powertrainCombustionEngineTPS,CAN_ENGINE_TPS,LATEST_LIVE,2026-09-02T19:14:20.000Z,2026-09-02T19:15:24.752Z,2026-09-02T19:15:24.501Z,2026-09-02T19:15:24.752Z,2468,0,"{""value"":0,""timestamp"":""2026-09-02T19:14:20Z""}",,,,,,,,1928
powertrainCombustionEngineTPS,CAN_ENGINE_TPS,LATEST_LIVE,2026-09-02T19:14:20.000Z,2026-09-02T19:15:30.579Z,2026-09-02T19:15:30.246Z,2026-09-02T19:15:30.579Z,2473,0,"{""value"":0,""timestamp"":""2026-09-02T19:14:20Z""}",,,,,,,,1933
powertrainCombustionEngineTPS,CAN_ENGINE_TPS,LATEST_LIVE,2026-09-02T19:14:20.000Z,2026-09-02T19:15:36.832Z,2026-09-02T19:15:36.598Z,2026-09-02T19:15:36.832Z,2504,0,"{""value"":0,""timestamp"":""2026-09-02T19:14:20Z""}",,,,,,,,1944
powertrainCombustionEngineTPS,CAN_ENGINE_TPS,LATEST_LIVE,2026-09-02T19:14:20.000Z,2026-09-02T19:15:42.534Z,2026-09-02T19:15:42.320Z,2026-09-02T19:15:42.534Z,2509,0,"{""value"":0,""timestamp"":""2026-09-02T19:14:20Z""}",,,,,,,,1949
powertrainCombustionEngineTPS,CAN_ENGINE_TPS,LATEST_LIVE,2026-09-02T19:14:20.000Z,2026-09-02T19:15:48.278Z,2026-09-02T19:15:48.051Z,2026-09-02T19:15:48.278Z,2514,0,"{""value"":0,""timestamp"":""2026-09-02T19:14:20Z""}",,,,,,,,1954
powertrainCombustionEngineTPS,CAN_ENGINE_TPS,LATEST_LIVE,2026-09-02T19:14:20.000Z,2026-09-02T19:15:54.314Z,2026-09-02T19:15:53.900Z,2026-09-02T19:15:54.314Z,2519,0,"{""value"":0,""timestamp"":""2026-09-02T19:14:20Z""}",,,,,,,,1959
powertrainCombustionEngineTPS,CAN_ENGINE_TPS,LATEST_LIVE,2026-09-02T19:15:53.000Z,2026-09-02T19:16:00.171Z,2026-09-02T19:15:59.825Z,2026-09-02T19:16:00.171Z,2524,14.11764705882353,"{""value"":14.11764705882353,""timestamp"":""2026-09-02T19:15:53Z""}",,,,,,,,1964
powertrainCombustionEngineTPS,CAN_ENGINE_TPS,HF_HISTORICAL,2026-09-02T19:15:52.321Z,2026-09-02T19:16:00.377Z,2026-09-02T19:16:00.172Z,2026-09-02T19:16:00.377Z,2528,14.11764705882353,14.11764705882353,22b5e263395e05e66f8ea48bbad75a8568528b6969538b69d3b28fee05149786,1s,AVG,22b5e263395e05e66f8ea48bbad75a8568528b6969538b69d3b28fee05149786,2026-09-02T19:15:52.321Z,2026-09-02T19:16:00.172Z,2026-09-02T19:16:00.172Z,1968
powertrainCombustionEngineTPS,CAN_ENGINE_TPS,LATEST_LIVE,2026-09-02T19:16:02.000Z,2026-09-02T19:16:06.063Z,2026-09-02T19:16:05.783Z,2026-09-02T19:16:06.063Z,2533,0,"{""value"":0,""timestamp"":""2026-09-02T19:16:02Z""}",,,,,,,,1973
powertrainCombustionEngineTPS,CAN_ENGINE_TPS,HF_HISTORICAL,2026-09-02T19:16:01.172Z,2026-09-02T19:16:06.280Z,2026-09-02T19:16:06.065Z,2026-09-02T19:16:06.280Z,2538,0,0,46af13d57431dd059a60dd4b37ccd90e828dada6622c25eb3236dab1db0a0293,1s,AVG,46af13d57431dd059a60dd4b37ccd90e828dada6622c25eb3236dab1db0a0293,2026-09-02T19:15:58.172Z,2026-09-02T19:16:06.065Z,2026-09-02T19:16:06.065Z,1978
powertrainCombustionEngineTPS,CAN_ENGINE_TPS,LATEST_LIVE,2026-09-02T19:16:06.000Z,2026-09-02T19:16:12.098Z,2026-09-02T19:16:11.829Z,2026-09-02T19:16:12.098Z,2569,23.52941176470588,"{""value"":23.52941176470588,""timestamp"":""2026-09-02T19:16:06Z""}",,,,,,,,1989
powertrainCombustionEngineTPS,CAN_ENGINE_TPS,HF_HISTORICAL,2026-09-02T19:16:04.065Z,2026-09-02T19:16:12.306Z,2026-09-02T19:16:12.100Z,2026-09-02T19:16:12.306Z,2573,14.11764705882353,14.11764705882353,d02086afc2f27393918290c453bc3282f4ec7ba6f99cd33fdb22a10e270767b5,1s,AVG,d02086afc2f27393918290c453bc3282f4ec7ba6f99cd33fdb22a10e270767b5,2026-09-02T19:16:04.065Z,2026-09-02T19:16:12.100Z,2026-09-02T19:16:12.100Z,1993
powertrainCombustionEngineTPS,CAN_ENGINE_TPS,HF_HISTORICAL,2026-09-02T19:16:05.065Z,2026-09-02T19:16:12.306Z,2026-09-02T19:16:12.100Z,2026-09-02T19:16:12.306Z,2578,23.52941176470588,23.52941176470588,3683e758a25d063a0022bf27f366cc3ef6574fb81fd7a37b8624151d0b40ebaf,1s,AVG,3683e758a25d063a0022bf27f366cc3ef6574fb81fd7a37b8624151d0b40ebaf,2026-09-02T19:16:04.065Z,2026-09-02T19:16:12.100Z,2026-09-02T19:16:12.100Z,1998
powertrainCombustionEngineTPS,CAN_ENGINE_TPS,LATEST_LIVE,2026-09-02T19:16:13.000Z,2026-09-02T19:16:17.913Z,2026-09-02T19:16:17.674Z,2026-09-02T19:16:17.913Z,2583,14.11764705882353,"{""value"":14.11764705882353,""timestamp"":""2026-09-02T19:16:13Z""}",,,,,,,,2003
powertrainCombustionEngineTPS,CAN_ENGINE_TPS,HF_HISTORICAL,2026-09-02T19:16:10.100Z,2026-09-02T19:16:18.197Z,2026-09-02T19:16:17.915Z,2026-09-02T19:16:18.197Z,2588,14.11764705882353,14.11764705882353,c9891980781186168b04c7137968e47f004fa7234d4a3afcf7cbef61d3a3c411,1s,AVG,c9891980781186168b04c7137968e47f004fa7234d4a3afcf7cbef61d3a3c411,2026-09-02T19:16:10.100Z,2026-09-02T19:16:17.915Z,2026-09-02T19:16:17.915Z,2008
powertrainCombustionEngineTPS,CAN_ENGINE_TPS,HF_HISTORICAL,2026-09-02T19:16:12.100Z,2026-09-02T19:16:18.197Z,2026-09-02T19:16:17.915Z,2026-09-02T19:16:18.197Z,2593,14.11764705882353,14.11764705882353,beaf56b5afb9504d587bfafed5b31323c18e631a3a70ff278e9b25dcfab951df,1s,AVG,beaf56b5afb9504d587bfafed5b31323c18e631a3a70ff278e9b25dcfab951df,2026-09-02T19:16:10.100Z,2026-09-02T19:16:17.915Z,2026-09-02T19:16:17.915Z,2013
powertrainCombustionEngineTPS,CAN_ENGINE_TPS,LATEST_LIVE,2026-09-02T19:16:18.000Z,2026-09-02T19:16:23.789Z,2026-09-02T19:16:23.526Z,2026-09-02T19:16:23.789Z,2598,34.11764705882353,"{""value"":34.11764705882353,""timestamp"":""2026-09-02T19:16:18Z""}",,,,,,,,2018
powertrainCombustionEngineTPS,CAN_ENGINE_TPS,HF_HISTORICAL,2026-09-02T19:16:16.915Z,2026-09-02T19:16:24.041Z,2026-09-02T19:16:23.793Z,2026-09-02T19:16:24.041Z,2603,14.11764705882353,14.11764705882353,b45014b8b4f9be8fb8ef0b0eaacd9fb30b5c3912effe0def2d871e0f651c15cb,1s,AVG,b45014b8b4f9be8fb8ef0b0eaacd9fb30b5c3912effe0def2d871e0f651c15cb,2026-09-02T19:16:15.915Z,2026-09-02T19:16:23.793Z,2026-09-02T19:16:23.793Z,2023
powertrainCombustionEngineTPS,CAN_ENGINE_TPS,HF_HISTORICAL,2026-09-02T19:16:17.915Z,2026-09-02T19:16:24.041Z,2026-09-02T19:16:23.793Z,2026-09-02T19:16:24.041Z,2608,34.11764705882353,34.11764705882353,fb3d0eac74373ef09017ab5ae81b7f181be64b44d490d1fcababd7b9dec0ccfe,1s,AVG,fb3d0eac74373ef09017ab5ae81b7f181be64b44d490d1fcababd7b9dec0ccfe,2026-09-02T19:16:15.915Z,2026-09-02T19:16:23.793Z,2026-09-02T19:16:23.793Z,2028
powertrainCombustionEngineTPS,CAN_ENGINE_TPS,LATEST_LIVE,2026-09-02T19:16:25.000Z,2026-09-02T19:16:29.688Z,2026-09-02T19:16:29.438Z,2026-09-02T19:16:29.688Z,2613,27.45098039215686,"{""value"":27.45098039215686,""timestamp"":""2026-09-02T19:16:25Z""}",,,,,,,,2033
powertrainCombustionEngineTPS,CAN_ENGINE_TPS,HF_HISTORICAL,2026-09-02T19:16:21.793Z,2026-09-02T19:16:29.961Z,2026-09-02T19:16:29.689Z,2026-09-02T19:16:29.961Z,2618,14.11764705882353,14.11764705882353,13149d6c52817f8e7b7b230987edeb6ac659af72d44c7eeb8bcc90c1e762cc0d,1s,AVG,13149d6c52817f8e7b7b230987edeb6ac659af72d44c7eeb8bcc90c1e762cc0d,2026-09-02T19:16:21.793Z,2026-09-02T19:16:29.689Z,2026-09-02T19:16:29.689Z,2038
powertrainCombustionEngineTPS,CAN_ENGINE_TPS,HF_HISTORICAL,2026-09-02T19:16:22.793Z,2026-09-02T19:16:29.961Z,2026-09-02T19:16:29.689Z,2026-09-02T19:16:29.961Z,2623,27.45098039215686,27.45098039215686,d1705ea2325ab5bf67e00591dad31a6250de473ab66d333f5b9a61fc709b5a06,1s,AVG,d1705ea2325ab5bf67e00591dad31a6250de473ab66d333f5b9a61fc709b5a06,2026-09-02T19:16:21.793Z,2026-09-02T19:16:29.689Z,2026-09-02T19:16:29.689Z,2043
powertrainCombustionEngineTPS,CAN_ENGINE_TPS,HF_HISTORICAL,2026-09-02T19:16:24.793Z,2026-09-02T19:16:29.961Z,2026-09-02T19:16:29.689Z,2026-09-02T19:16:29.961Z,2628,27.45098039215686,27.45098039215686,7153fee902902bf2e222a387552f538d0893ab94c662f38cc07530d68e0ea116,1s,AVG,7153fee902902bf2e222a387552f538d0893ab94c662f38cc07530d68e0ea116,2026-09-02T19:16:21.793Z,2026-09-02T19:16:29.689Z,2026-09-02T19:16:29.689Z,2048
powertrainCombustionEngineTPS,CAN_ENGINE_TPS,LATEST_LIVE,2026-09-02T19:16:25.000Z,2026-09-02T19:16:35.747Z,2026-09-02T19:16:35.400Z,2026-09-02T19:16:35.747Z,2633,27.45098039215686,"{""value"":27.45098039215686,""timestamp"":""2026-09-02T19:16:25Z""}",,,,,,,,2053
powertrainCombustionEngineTPS,CAN_ENGINE_TPS,LATEST_LIVE,2026-09-02T19:16:37.000Z,2026-09-02T19:16:41.778Z,2026-09-02T19:16:41.532Z,2026-09-02T19:16:41.778Z,2638,30.98039215686275,"{""value"":30.98039215686275,""timestamp"":""2026-09-02T19:16:37Z""}",,,,,,,,2058
powertrainCombustionEngineTPS,CAN_ENGINE_TPS,HF_HISTORICAL,2026-09-02T19:16:35.750Z,2026-09-02T19:16:41.981Z,2026-09-02T19:16:41.779Z,2026-09-02T19:16:41.981Z,2643,27.84313725490196,27.84313725490196,4d729731aaa1780c36d9eb8db887b96f656beb687129daf31d6c8a625b8089f2,1s,AVG,4d729731aaa1780c36d9eb8db887b96f656beb687129daf31d6c8a625b8089f2,2026-09-02T19:16:33.750Z,2026-09-02T19:16:41.779Z,2026-09-02T19:16:41.779Z,2063
powertrainCombustionEngineTPS,CAN_ENGINE_TPS,HF_HISTORICAL,2026-09-02T19:16:36.750Z,2026-09-02T19:16:41.981Z,2026-09-02T19:16:41.779Z,2026-09-02T19:16:41.981Z,2648,30.98039215686275,30.98039215686275,26c4f25d8db24b65287b2c7f450bc57adf90483d8c945aa2da5f72143fad0cf7,1s,AVG,26c4f25d8db24b65287b2c7f450bc57adf90483d8c945aa2da5f72143fad0cf7,2026-09-02T19:16:33.750Z,2026-09-02T19:16:41.779Z,2026-09-02T19:16:41.779Z,2068
powertrainCombustionEngineTPS,CAN_ENGINE_TPS,LATEST_LIVE,2026-09-02T19:16:42.000Z,2026-09-02T19:16:47.938Z,2026-09-02T19:16:47.574Z,2026-09-02T19:16:47.938Z,2679,38.03921568627451,"{""value"":38.03921568627451,""timestamp"":""2026-09-02T19:16:42Z""}",,,,,,,,2079
powertrainCombustionEngineTPS,CAN_ENGINE_TPS,HF_HISTORICAL,2026-09-02T19:16:40.779Z,2026-09-02T19:16:48.305Z,2026-09-02T19:16:47.939Z,2026-09-02T19:16:48.306Z,2684,14.11764705882353,14.11764705882353,4268ca6eeafb908862b5791d8e774452c8faad6ae9f84d7f72efe17bcc075a87,1s,AVG,4268ca6eeafb908862b5791d8e774452c8faad6ae9f84d7f72efe17bcc075a87,2026-09-02T19:16:39.779Z,2026-09-02T19:16:47.939Z,2026-09-02T19:16:47.939Z,2084
powertrainCombustionEngineTPS,CAN_ENGINE_TPS,HF_HISTORICAL,2026-09-02T19:16:41.779Z,2026-09-02T19:16:48.305Z,2026-09-02T19:16:47.939Z,2026-09-02T19:16:48.306Z,2689,38.03921568627451,38.03921568627451,dec4b51dbd02a81aa9a47f949fcb154732419e934f65bba78c23ed36a1c9ace8,1s,AVG,dec4b51dbd02a81aa9a47f949fcb154732419e934f65bba78c23ed36a1c9ace8,2026-09-02T19:16:39.779Z,2026-09-02T19:16:47.939Z,2026-09-02T19:16:47.939Z,2089
powertrainCombustionEngineTPS,CAN_ENGINE_TPS,LATEST_LIVE,2026-09-02T19:16:49.000Z,2026-09-02T19:16:54.228Z,2026-09-02T19:16:53.718Z,2026-09-02T19:16:54.228Z,2694,14.11764705882353,"{""value"":14.11764705882353,""timestamp"":""2026-09-02T19:16:49Z""}",,,,,,,,2094
powertrainCombustionEngineTPS,CAN_ENGINE_TPS,HF_HISTORICAL,2026-09-02T19:16:46.939Z,2026-09-02T19:16:54.461Z,2026-09-02T19:16:54.229Z,2026-09-02T19:16:54.461Z,2699,14.11764705882353,14.11764705882353,855341f5c0a1d6f1f0674d1ccc57a96631f79545634b89b103c162f6edcbb53f,1s,AVG,855341f5c0a1d6f1f0674d1ccc57a96631f79545634b89b103c162f6edcbb53f,2026-09-02T19:16:45.939Z,2026-09-02T19:16:54.229Z,2026-09-02T19:16:54.229Z,2099
powertrainCombustionEngineTPS,CAN_ENGINE_TPS,HF_HISTORICAL,2026-09-02T19:16:48.939Z,2026-09-02T19:16:54.461Z,2026-09-02T19:16:54.229Z,2026-09-02T19:16:54.461Z,2704,14.11764705882353,14.11764705882353,33f82073d9b07f9ebbd93d805a78b6b321aee2cc2ea8a12a2d0904bdeffff429,1s,AVG,33f82073d9b07f9ebbd93d805a78b6b321aee2cc2ea8a12a2d0904bdeffff429,2026-09-02T19:16:45.939Z,2026-09-02T19:16:54.229Z,2026-09-02T19:16:54.229Z,2104
powertrainCombustionEngineTPS,CAN_ENGINE_TPS,LATEST_LIVE,2026-09-02T19:16:57.000Z,2026-09-02T19:17:00.366Z,2026-09-02T19:16:59.862Z,2026-09-02T19:17:00.366Z,2709,14.11764705882353,"{""value"":14.11764705882353,""timestamp"":""2026-09-02T19:16:57Z""}",,,,,,,,2109
powertrainCombustionEngineTPS,CAN_ENGINE_TPS,HF_HISTORICAL,2026-09-02T19:16:53.229Z,2026-09-02T19:17:00.655Z,2026-09-02T19:17:00.371Z,2026-09-02T19:17:00.655Z,2714,15.29411764705882,15.29411764705882,1d270b1f0766e54b2a5b6828200c5f54e4892f6b0101390c6e62c8a9fba6017d,1s,AVG,1d270b1f0766e54b2a5b6828200c5f54e4892f6b0101390c6e62c8a9fba6017d,2026-09-02T19:16:52.229Z,2026-09-02T19:17:00.371Z,2026-09-02T19:17:00.371Z,2114
powertrainCombustionEngineTPS,CAN_ENGINE_TPS,HF_HISTORICAL,2026-09-02T19:16:54.229Z,2026-09-02T19:17:00.655Z,2026-09-02T19:17:00.371Z,2026-09-02T19:17:00.655Z,2719,14.11764705882353,14.11764705882353,ed086fe462d228c7076a0afa933def630507d9fa47204e63d1164feccc62b326,1s,AVG,ed086fe462d228c7076a0afa933def630507d9fa47204e63d1164feccc62b326,2026-09-02T19:16:52.229Z,2026-09-02T19:17:00.371Z,2026-09-02T19:17:00.371Z,2119
powertrainCombustionEngineTPS,CAN_ENGINE_TPS,HF_HISTORICAL,2026-09-02T19:16:56.229Z,2026-09-02T19:17:00.655Z,2026-09-02T19:17:00.371Z,2026-09-02T19:17:00.655Z,2724,14.11764705882353,14.11764705882353,62313be0d990eb5ac122f0c7cd8221460bd170c551d8f8bffb57800a9a20fa77,1s,AVG,62313be0d990eb5ac122f0c7cd8221460bd170c551d8f8bffb57800a9a20fa77,2026-09-02T19:16:52.229Z,2026-09-02T19:17:00.371Z,2026-09-02T19:17:00.371Z,2124
powertrainCombustionEngineTPS,CAN_ENGINE_TPS,LATEST_LIVE,2026-09-02T19:16:57.000Z,2026-09-02T19:17:06.386Z,2026-09-02T19:17:06.036Z,2026-09-02T19:17:06.386Z,2729,14.11764705882353,"{""value"":14.11764705882353,""timestamp"":""2026-09-02T19:16:57Z""}",,,,,,,,2129
powertrainCombustionEngineTPS,CAN_ENGINE_TPS,LATEST_LIVE,2026-09-02T19:17:07.000Z,2026-09-02T19:17:12.222Z,2026-09-02T19:17:11.968Z,2026-09-02T19:17:12.222Z,2741,14.11764705882353,"{""value"":14.11764705882353,""timestamp"":""2026-09-02T19:17:07Z""}",,,,,,,,2141
powertrainCombustionEngineTPS,CAN_ENGINE_TPS,HF_HISTORICAL,2026-09-02T19:17:05.399Z,2026-09-02T19:17:12.437Z,2026-09-02T19:17:12.224Z,2026-09-02T19:17:12.437Z,2744,0,0,6787aa5565d3d871164350b396c5595f7b8f4111d4d96c608cb5391778aed1f8,1s,AVG,6787aa5565d3d871164350b396c5595f7b8f4111d4d96c608cb5391778aed1f8,2026-09-02T19:17:04.399Z,2026-09-02T19:17:12.224Z,2026-09-02T19:17:12.224Z,2144
powertrainCombustionEngineTPS,CAN_ENGINE_TPS,HF_HISTORICAL,2026-09-02T19:17:06.399Z,2026-09-02T19:17:12.437Z,2026-09-02T19:17:12.224Z,2026-09-02T19:17:12.437Z,2748,14.11764705882353,14.11764705882353,e7a17c3591f7ad4003726dcfd59d7ede898233d2014fe5af60a959993f0e82f4,1s,AVG,e7a17c3591f7ad4003726dcfd59d7ede898233d2014fe5af60a959993f0e82f4,2026-09-02T19:17:04.399Z,2026-09-02T19:17:12.224Z,2026-09-02T19:17:12.224Z,2148
powertrainCombustionEngineTPS,CAN_ENGINE_TPS,LATEST_LIVE,2026-09-02T19:17:13.000Z,2026-09-02T19:17:18.056Z,2026-09-02T19:17:17.796Z,2026-09-02T19:17:18.056Z,2753,23.52941176470588,"{""value"":23.52941176470588,""timestamp"":""2026-09-02T19:17:13Z""}",,,,,,,,2153
powertrainCombustionEngineTPS,CAN_ENGINE_TPS,HF_HISTORICAL,2026-09-02T19:17:11.224Z,2026-09-02T19:17:18.292Z,2026-09-02T19:17:18.059Z,2026-09-02T19:17:18.292Z,2758,16.47058823529412,16.47058823529412,8bf9d72d5d42ed896cb8c14809e2da2904c6d9573889af985416c436e7d0e70b,1s,AVG,8bf9d72d5d42ed896cb8c14809e2da2904c6d9573889af985416c436e7d0e70b,2026-09-02T19:17:10.224Z,2026-09-02T19:17:18.059Z,2026-09-02T19:17:18.059Z,2158
powertrainCombustionEngineTPS,CAN_ENGINE_TPS,HF_HISTORICAL,2026-09-02T19:17:12.224Z,2026-09-02T19:17:18.292Z,2026-09-02T19:17:18.059Z,2026-09-02T19:17:18.292Z,2763,23.52941176470588,23.52941176470588,9b6866ba8a7a0d668e8d0ea32e888bdf54f1ee2c8c3da9a4d936c9203c39ef17,1s,AVG,9b6866ba8a7a0d668e8d0ea32e888bdf54f1ee2c8c3da9a4d936c9203c39ef17,2026-09-02T19:17:10.224Z,2026-09-02T19:17:18.059Z,2026-09-02T19:17:18.059Z,2163
powertrainCombustionEngineTPS,CAN_ENGINE_TPS,LATEST_LIVE,2026-09-02T19:17:21.000Z,2026-09-02T19:17:24.263Z,2026-09-02T19:17:24.053Z,2026-09-02T19:17:24.263Z,2794,18.43137254901961,"{""value"":18.43137254901961,""timestamp"":""2026-09-02T19:17:21Z""}",,,,,,,,2174
powertrainCombustionEngineTPS,CAN_ENGINE_TPS,HF_HISTORICAL,2026-09-02T19:17:16.059Z,2026-09-02T19:17:24.459Z,2026-09-02T19:17:24.265Z,2026-09-02T19:17:24.459Z,2799,18.82352941176471,18.82352941176471,f78b78be906ecbb4ef4ad69e72b17e91e2bad8201e34df7977ea5e553c80eaa9,1s,AVG,f78b78be906ecbb4ef4ad69e72b17e91e2bad8201e34df7977ea5e553c80eaa9,2026-09-02T19:17:16.059Z,2026-09-02T19:17:24.265Z,2026-09-02T19:17:24.265Z,2179
powertrainCombustionEngineTPS,CAN_ENGINE_TPS,HF_HISTORICAL,2026-09-02T19:17:17.059Z,2026-09-02T19:17:24.459Z,2026-09-02T19:17:24.265Z,2026-09-02T19:17:24.459Z,2804,28.62745098039216,28.62745098039216,952cfcaa02ccd2b20ef01369de86f7f1c8fd66f85db4c6bd0de9604bbee1cdf5,1s,AVG,952cfcaa02ccd2b20ef01369de86f7f1c8fd66f85db4c6bd0de9604bbee1cdf5,2026-09-02T19:17:16.059Z,2026-09-02T19:17:24.265Z,2026-09-02T19:17:24.265Z,2184
powertrainCombustionEngineTPS,CAN_ENGINE_TPS,HF_HISTORICAL,2026-09-02T19:17:19.059Z,2026-09-02T19:17:24.459Z,2026-09-02T19:17:24.265Z,2026-09-02T19:17:24.459Z,2809,28.62745098039216,28.62745098039216,4d1930ca954aef9552210146c112963e536bcd2a2a7629cd878a59dd746a27e8,1s,AVG,4d1930ca954aef9552210146c112963e536bcd2a2a7629cd878a59dd746a27e8,2026-09-02T19:17:16.059Z,2026-09-02T19:17:24.265Z,2026-09-02T19:17:24.265Z,2189
powertrainCombustionEngineTPS,CAN_ENGINE_TPS,HF_HISTORICAL,2026-09-02T19:17:20.059Z,2026-09-02T19:17:24.459Z,2026-09-02T19:17:24.265Z,2026-09-02T19:17:24.459Z,2814,18.43137254901961,18.43137254901961,2070afcadfe2f8056a4ed21321705db3f917ead519472da9ea133f73cad64b2e,1s,AVG,2070afcadfe2f8056a4ed21321705db3f917ead519472da9ea133f73cad64b2e,2026-09-02T19:17:16.059Z,2026-09-02T19:17:24.265Z,2026-09-02T19:17:24.265Z,2194
powertrainCombustionEngineTPS,CAN_ENGINE_TPS,LATEST_LIVE,2026-09-02T19:17:26.000Z,2026-09-02T19:17:30.179Z,2026-09-02T19:17:29.885Z,2026-09-02T19:17:30.179Z,2819,23.52941176470588,"{""value"":23.52941176470588,""timestamp"":""2026-09-02T19:17:26Z""}",,,,,,,,2199
powertrainCombustionEngineTPS,CAN_ENGINE_TPS,HF_HISTORICAL,2026-09-02T19:17:23.265Z,2026-09-02T19:17:30.387Z,2026-09-02T19:17:30.181Z,2026-09-02T19:17:30.387Z,2824,14.11764705882353,14.11764705882353,6850501b7477baba99b4b4c476d81de62b1ea0cf84d9d1dc77ae8bb6b8402fb9,1s,AVG,6850501b7477baba99b4b4c476d81de62b1ea0cf84d9d1dc77ae8bb6b8402fb9,2026-09-02T19:17:22.265Z,2026-09-02T19:17:30.181Z,2026-09-02T19:17:30.181Z,2204
powertrainCombustionEngineTPS,CAN_ENGINE_TPS,HF_HISTORICAL,2026-09-02T19:17:24.265Z,2026-09-02T19:17:30.387Z,2026-09-02T19:17:30.181Z,2026-09-02T19:17:30.387Z,2829,21.56862745098039,21.56862745098039,bc77e5963d1a900292a7cbd6a275c0341a308d4ab6d726c6daf332d6ec4d414c,1s,AVG,bc77e5963d1a900292a7cbd6a275c0341a308d4ab6d726c6daf332d6ec4d414c,2026-09-02T19:17:22.265Z,2026-09-02T19:17:30.181Z,2026-09-02T19:17:30.181Z,2209
powertrainCombustionEngineTPS,CAN_ENGINE_TPS,HF_HISTORICAL,2026-09-02T19:17:25.265Z,2026-09-02T19:17:30.387Z,2026-09-02T19:17:30.181Z,2026-09-02T19:17:30.387Z,2834,23.52941176470588,23.52941176470588,23ec5efc3764c02b9eee9890ebc8a40d2eef0c7cbf776929011fcad41ea93c37,1s,AVG,23ec5efc3764c02b9eee9890ebc8a40d2eef0c7cbf776929011fcad41ea93c37,2026-09-02T19:17:22.265Z,2026-09-02T19:17:30.181Z,2026-09-02T19:17:30.181Z,2214
powertrainCombustionEngineTPS,CAN_ENGINE_TPS,LATEST_LIVE,2026-09-02T19:17:31.000Z,2026-09-02T19:17:36.186Z,2026-09-02T19:17:35.934Z,2026-09-02T19:17:36.186Z,2839,26.66666666666667,"{""value"":26.66666666666667,""timestamp"":""2026-09-02T19:17:31Z""}",,,,,,,,2219
powertrainCombustionEngineTPS,CAN_ENGINE_TPS,HF_HISTORICAL,2026-09-02T19:17:30.181Z,2026-09-02T19:17:36.473Z,2026-09-02T19:17:36.189Z,2026-09-02T19:17:36.473Z,2844,26.66666666666667,26.66666666666667,b3f84966a64ebc1cfacfd8c0a9f54c6c78688cd0b058be39732563781ef3f05e,1s,AVG,b3f84966a64ebc1cfacfd8c0a9f54c6c78688cd0b058be39732563781ef3f05e,2026-09-02T19:17:28.181Z,2026-09-02T19:17:36.189Z,2026-09-02T19:17:36.189Z,2224
powertrainCombustionEngineTPS,CAN_ENGINE_TPS,LATEST_LIVE,2026-09-02T19:17:38.000Z,2026-09-02T19:17:42.011Z,2026-09-02T19:17:41.785Z,2026-09-02T19:17:42.011Z,2849,24.31372549019608,"{""value"":24.31372549019608,""timestamp"":""2026-09-02T19:17:38Z""}",,,,,,,,2229
powertrainCombustionEngineTPS,CAN_ENGINE_TPS,HF_HISTORICAL,2026-09-02T19:17:34.189Z,2026-09-02T19:17:42.247Z,2026-09-02T19:17:42.015Z,2026-09-02T19:17:42.247Z,2854,14.11764705882353,14.11764705882353,1bb15441501d63b94c11283579e1e18e4887c27f1fc338b89af025a825acd51e,1s,AVG,1bb15441501d63b94c11283579e1e18e4887c27f1fc338b89af025a825acd51e,2026-09-02T19:17:34.189Z,2026-09-02T19:17:42.014Z,2026-09-02T19:17:42.014Z,2234
powertrainCombustionEngineTPS,CAN_ENGINE_TPS,HF_HISTORICAL,2026-09-02T19:17:35.189Z,2026-09-02T19:17:42.247Z,2026-09-02T19:17:42.015Z,2026-09-02T19:17:42.247Z,2859,14.11764705882353,14.11764705882353,d37a1368e3fb9959d265024dca71ba209e2987c5b625f7f44cf9e8346680fde8,1s,AVG,d37a1368e3fb9959d265024dca71ba209e2987c5b625f7f44cf9e8346680fde8,2026-09-02T19:17:34.189Z,2026-09-02T19:17:42.014Z,2026-09-02T19:17:42.014Z,2239
powertrainCombustionEngineTPS,CAN_ENGINE_TPS,HF_HISTORICAL,2026-09-02T19:17:37.189Z,2026-09-02T19:17:42.247Z,2026-09-02T19:17:42.015Z,2026-09-02T19:17:42.247Z,2864,24.31372549019608,24.31372549019608,ca942bc4b474515430746661104909272e8d6abab1cf704893d7d1b3c30a606d,1s,AVG,ca942bc4b474515430746661104909272e8d6abab1cf704893d7d1b3c30a606d,2026-09-02T19:17:34.189Z,2026-09-02T19:17:42.014Z,2026-09-02T19:17:42.014Z,2244
powertrainCombustionEngineTPS,CAN_ENGINE_TPS,LATEST_LIVE,2026-09-02T19:17:42.000Z,2026-09-02T19:17:47.825Z,2026-09-02T19:17:47.610Z,2026-09-02T19:17:47.825Z,2869,16.47058823529412,"{""value"":16.47058823529412,""timestamp"":""2026-09-02T19:17:42Z""}",,,,,,,,2249
powertrainCombustionEngineTPS,CAN_ENGINE_TPS,HF_HISTORICAL,2026-09-02T19:17:40.014Z,2026-09-02T19:17:48.096Z,2026-09-02T19:17:47.828Z,2026-09-02T19:17:48.096Z,2874,14.11764705882353,14.11764705882353,6e7f6a49f29561f37e355a208559e3a593b1bbdda05c4ccf2b40ece58a21d76f,1s,AVG,6e7f6a49f29561f37e355a208559e3a593b1bbdda05c4ccf2b40ece58a21d76f,2026-09-02T19:17:40.014Z,2026-09-02T19:17:47.827Z,2026-09-02T19:17:47.827Z,2254
powertrainCombustionEngineTPS,CAN_ENGINE_TPS,HF_HISTORICAL,2026-09-02T19:17:41.014Z,2026-09-02T19:17:48.096Z,2026-09-02T19:17:47.828Z,2026-09-02T19:17:48.096Z,2879,16.47058823529412,16.47058823529412,375a0602d51169d95ed1b3971a7e627fd86f36cea60b86b797a5014fab0a2101,1s,AVG,375a0602d51169d95ed1b3971a7e627fd86f36cea60b86b797a5014fab0a2101,2026-09-02T19:17:40.014Z,2026-09-02T19:17:47.827Z,2026-09-02T19:17:47.827Z,2259
powertrainCombustionEngineTPS,CAN_ENGINE_TPS,LATEST_LIVE,2026-09-02T19:17:49.000Z,2026-09-02T19:17:53.775Z,2026-09-02T19:17:53.449Z,2026-09-02T19:17:53.775Z,2884,14.11764705882353,"{""value"":14.11764705882353,""timestamp"":""2026-09-02T19:17:49Z""}",,,,,,,,2264
powertrainCombustionEngineTPS,CAN_ENGINE_TPS,HF_HISTORICAL,2026-09-02T19:17:45.827Z,2026-09-02T19:17:54.020Z,2026-09-02T19:17:53.776Z,2026-09-02T19:17:54.020Z,2889,16.47058823529412,16.47058823529412,745a3679139b51a5d437cd773c9164c838311eba2e6f477fb2aa1301b347a4a8,1s,AVG,745a3679139b51a5d437cd773c9164c838311eba2e6f477fb2aa1301b347a4a8,2026-09-02T19:17:45.827Z,2026-09-02T19:17:53.776Z,2026-09-02T19:17:53.776Z,2269
powertrainCombustionEngineTPS,CAN_ENGINE_TPS,HF_HISTORICAL,2026-09-02T19:17:46.827Z,2026-09-02T19:17:54.020Z,2026-09-02T19:17:53.776Z,2026-09-02T19:17:54.020Z,2894,31.76470588235294,31.76470588235294,3cac4f4bc303f2d2d0312e4b9ef7f0d5753b1f1e7a94b6dffa83ad60f043963c,1s,AVG,3cac4f4bc303f2d2d0312e4b9ef7f0d5753b1f1e7a94b6dffa83ad60f043963c,2026-09-02T19:17:45.827Z,2026-09-02T19:17:53.776Z,2026-09-02T19:17:53.776Z,2274
powertrainCombustionEngineTPS,CAN_ENGINE_TPS,HF_HISTORICAL,2026-09-02T19:17:48.827Z,2026-09-02T19:17:54.020Z,2026-09-02T19:17:53.776Z,2026-09-02T19:17:54.020Z,2899,14.11764705882353,14.11764705882353,6f53d6f82072928ca1ddf54dd8cb72aa4e982beb79c0c01e783a58af5dcc509e,1s,AVG,6f53d6f82072928ca1ddf54dd8cb72aa4e982beb79c0c01e783a58af5dcc509e,2026-09-02T19:17:45.827Z,2026-09-02T19:17:53.776Z,2026-09-02T19:17:53.776Z,2279
powertrainCombustionEngineTPS,CAN_ENGINE_TPS,LATEST_LIVE,2026-09-02T19:17:56.000Z,2026-09-02T19:17:59.865Z,2026-09-02T19:17:59.582Z,2026-09-02T19:17:59.865Z,2930,14.11764705882353,"{""value"":14.11764705882353,""timestamp"":""2026-09-02T19:17:56Z""}",,,,,,,,2290
powertrainCombustionEngineTPS,CAN_ENGINE_TPS,HF_HISTORICAL,2026-09-02T19:17:52.776Z,2026-09-02T19:18:00.193Z,2026-09-02T19:17:59.866Z,2026-09-02T19:18:00.193Z,2935,14.11764705882353,14.11764705882353,9c284768b26a3ed1dff0db30804256c29c748cfa62ee01b210fb4da925a5f316,1s,AVG,9c284768b26a3ed1dff0db30804256c29c748cfa62ee01b210fb4da925a5f316,2026-09-02T19:17:51.776Z,2026-09-02T19:17:59.866Z,2026-09-02T19:17:59.866Z,2295
powertrainCombustionEngineTPS,CAN_ENGINE_TPS,HF_HISTORICAL,2026-09-02T19:17:53.776Z,2026-09-02T19:18:00.193Z,2026-09-02T19:17:59.866Z,2026-09-02T19:18:00.193Z,2940,14.11764705882353,14.11764705882353,4f19382a9a3bc7043f76faeb27c8fbeb1331a788b6ddadd85e6e1674bf0e1af1,1s,AVG,4f19382a9a3bc7043f76faeb27c8fbeb1331a788b6ddadd85e6e1674bf0e1af1,2026-09-02T19:17:51.776Z,2026-09-02T19:17:59.866Z,2026-09-02T19:17:59.866Z,2300
powertrainCombustionEngineTPS,CAN_ENGINE_TPS,HF_HISTORICAL,2026-09-02T19:17:55.776Z,2026-09-02T19:18:00.193Z,2026-09-02T19:17:59.866Z,2026-09-02T19:18:00.193Z,2945,14.11764705882353,14.11764705882353,f6a45ba08fb08f7fb543b89ecef92a39a9fe96fd5bb06a11ea55678c7dfef76e,1s,AVG,f6a45ba08fb08f7fb543b89ecef92a39a9fe96fd5bb06a11ea55678c7dfef76e,2026-09-02T19:17:51.776Z,2026-09-02T19:17:59.866Z,2026-09-02T19:17:59.866Z,2305
powertrainCombustionEngineTPS,CAN_ENGINE_TPS,LATEST_LIVE,2026-09-02T19:18:02.000Z,2026-09-02T19:18:05.969Z,2026-09-02T19:18:05.555Z,2026-09-02T19:18:05.969Z,2950,14.11764705882353,"{""value"":14.11764705882353,""timestamp"":""2026-09-02T19:18:02Z""}",,,,,,,,2310
powertrainCombustionEngineTPS,CAN_ENGINE_TPS,HF_HISTORICAL,2026-09-02T19:17:59.866Z,2026-09-02T19:18:06.188Z,2026-09-02T19:18:05.970Z,2026-09-02T19:18:06.188Z,2955,14.11764705882353,14.11764705882353,e94f7ce98dab0ccb867af1042f0354a25d8e1a59174b41121bef9849385ab224,1s,AVG,e94f7ce98dab0ccb867af1042f0354a25d8e1a59174b41121bef9849385ab224,2026-09-02T19:17:57.866Z,2026-09-02T19:18:05.970Z,2026-09-02T19:18:05.970Z,2315
powertrainCombustionEngineTPS,CAN_ENGINE_TPS,HF_HISTORICAL,2026-09-02T19:18:01.866Z,2026-09-02T19:18:06.188Z,2026-09-02T19:18:05.970Z,2026-09-02T19:18:06.188Z,2960,14.11764705882353,14.11764705882353,784cad865859826f321858d9fe50455172dbfd7d86d48c5cafb5869cda71dfad,1s,AVG,784cad865859826f321858d9fe50455172dbfd7d86d48c5cafb5869cda71dfad,2026-09-02T19:17:57.866Z,2026-09-02T19:18:05.970Z,2026-09-02T19:18:05.970Z,2320
powertrainCombustionEngineTPS,CAN_ENGINE_TPS,LATEST_LIVE,2026-09-02T19:18:08.000Z,2026-09-02T19:18:11.772Z,2026-09-02T19:18:11.486Z,2026-09-02T19:18:11.772Z,2965,14.11764705882353,"{""value"":14.11764705882353,""timestamp"":""2026-09-02T19:18:08Z""}",,,,,,,,2325
powertrainCombustionEngineTPS,CAN_ENGINE_TPS,HF_HISTORICAL,2026-09-02T19:18:04.970Z,2026-09-02T19:18:11.975Z,2026-09-02T19:18:11.777Z,2026-09-02T19:18:11.975Z,2970,14.11764705882353,14.11764705882353,58a508b5abed68a4af72a357ff635601759cd92eeda2dc770ba4306743377def,1s,AVG,58a508b5abed68a4af72a357ff635601759cd92eeda2dc770ba4306743377def,2026-09-02T19:18:03.970Z,2026-09-02T19:18:11.777Z,2026-09-02T19:18:11.777Z,2330
powertrainCombustionEngineTPS,CAN_ENGINE_TPS,HF_HISTORICAL,2026-09-02T19:18:05.970Z,2026-09-02T19:18:11.975Z,2026-09-02T19:18:11.777Z,2026-09-02T19:18:11.975Z,2975,14.11764705882353,14.11764705882353,d07e62f862f968fc78049f94b47f417e54ed98e415865d08ac2b4d6acde865cb,1s,AVG,d07e62f862f968fc78049f94b47f417e54ed98e415865d08ac2b4d6acde865cb,2026-09-02T19:18:03.970Z,2026-09-02T19:18:11.777Z,2026-09-02T19:18:11.777Z,2335
powertrainCombustionEngineTPS,CAN_ENGINE_TPS,HF_HISTORICAL,2026-09-02T19:18:07.970Z,2026-09-02T19:18:11.975Z,2026-09-02T19:18:11.777Z,2026-09-02T19:18:11.975Z,2980,14.11764705882353,14.11764705882353,1b12c31e969caa918fda06a61fdc8b26ff5679dc9f3c020a3fbf12ed3b99e3c7,1s,AVG,1b12c31e969caa918fda06a61fdc8b26ff5679dc9f3c020a3fbf12ed3b99e3c7,2026-09-02T19:18:03.970Z,2026-09-02T19:18:11.777Z,2026-09-02T19:18:11.777Z,2340
powertrainCombustionEngineTPS,CAN_ENGINE_TPS,LATEST_LIVE,2026-09-02T19:18:12.000Z,2026-09-02T19:18:17.525Z,2026-09-02T19:18:17.315Z,2026-09-02T19:18:17.525Z,2985,14.11764705882353,"{""value"":14.11764705882353,""timestamp"":""2026-09-02T19:18:12Z""}",,,,,,,,2345
powertrainCombustionEngineTPS,CAN_ENGINE_TPS,HF_HISTORICAL,2026-09-02T19:18:10.777Z,2026-09-02T19:18:17.740Z,2026-09-02T19:18:17.528Z,2026-09-02T19:18:17.740Z,2990,14.11764705882353,14.11764705882353,083d6dc61a037b77dda0d720fce8f1a402843d88df72b105df1fcfa0615ba46a,1s,AVG,083d6dc61a037b77dda0d720fce8f1a402843d88df72b105df1fcfa0615ba46a,2026-09-02T19:18:09.777Z,2026-09-02T19:18:17.528Z,2026-09-02T19:18:17.528Z,2350
powertrainCombustionEngineTPS,CAN_ENGINE_TPS,HF_HISTORICAL,2026-09-02T19:18:11.777Z,2026-09-02T19:18:17.740Z,2026-09-02T19:18:17.528Z,2026-09-02T19:18:17.740Z,2995,14.11764705882353,14.11764705882353,decbf41e02fd214f2e759d2c2504c35d1c0742e4a743197f0aed8238f1212a6d,1s,AVG,decbf41e02fd214f2e759d2c2504c35d1c0742e4a743197f0aed8238f1212a6d,2026-09-02T19:18:09.777Z,2026-09-02T19:18:17.528Z,2026-09-02T19:18:17.528Z,2355
powertrainCombustionEngineTPS,CAN_ENGINE_TPS,LATEST_LIVE,2026-09-02T19:18:19.000Z,2026-09-02T19:18:23.318Z,2026-09-02T19:18:23.071Z,2026-09-02T19:18:23.318Z,3000,14.11764705882353,"{""value"":14.11764705882353,""timestamp"":""2026-09-02T19:18:19Z""}",,,,,,,,2360
powertrainCombustionEngineTPS,CAN_ENGINE_TPS,HF_HISTORICAL,2026-09-02T19:18:16.528Z,2026-09-02T19:18:23.553Z,2026-09-02T19:18:23.321Z,2026-09-02T19:18:23.553Z,3005,14.11764705882353,14.11764705882353,a11f25f093614a03f409d2c1a49abc08d3e7ff20332ea55be82c6873e8a974ca,1s,AVG,a11f25f093614a03f409d2c1a49abc08d3e7ff20332ea55be82c6873e8a974ca,2026-09-02T19:18:15.528Z,2026-09-02T19:18:23.321Z,2026-09-02T19:18:23.321Z,2365
powertrainCombustionEngineTPS,CAN_ENGINE_TPS,HF_HISTORICAL,2026-09-02T19:18:17.528Z,2026-09-02T19:18:23.553Z,2026-09-02T19:18:23.321Z,2026-09-02T19:18:23.553Z,3010,14.11764705882353,14.11764705882353,d013d058f8802b74b7ee7c891fb6642929624563cd5705063ac1e390830c020f,1s,AVG,d013d058f8802b74b7ee7c891fb6642929624563cd5705063ac1e390830c020f,2026-09-02T19:18:15.528Z,2026-09-02T19:18:23.321Z,2026-09-02T19:18:23.321Z,2370
powertrainCombustionEngineTPS,CAN_ENGINE_TPS,HF_HISTORICAL,2026-09-02T19:18:18.528Z,2026-09-02T19:18:23.553Z,2026-09-02T19:18:23.321Z,2026-09-02T19:18:23.553Z,3015,14.11764705882353,14.11764705882353,b56d2755d12c8339959b46e760eff26f38c28f0992d85aa9d7ae6b7b9429aebb,1s,AVG,b56d2755d12c8339959b46e760eff26f38c28f0992d85aa9d7ae6b7b9429aebb,2026-09-02T19:18:15.528Z,2026-09-02T19:18:23.321Z,2026-09-02T19:18:23.321Z,2375
powertrainCombustionEngineTPS,CAN_ENGINE_TPS,LATEST_LIVE,2026-09-02T19:18:25.000Z,2026-09-02T19:18:29.214Z,2026-09-02T19:18:28.893Z,2026-09-02T19:18:29.214Z,3020,14.11764705882353,"{""value"":14.11764705882353,""timestamp"":""2026-09-02T19:18:25Z""}",,,,,,,,2380
powertrainCombustionEngineTPS,CAN_ENGINE_TPS,HF_HISTORICAL,2026-09-02T19:18:21.321Z,2026-09-02T19:18:29.482Z,2026-09-02T19:18:29.216Z,2026-09-02T19:18:29.482Z,3025,14.11764705882353,14.11764705882353,aab0fc61fc68532f88a20cc34b9c036094a47832e78ac94a25853ab0d386c0dc,1s,AVG,aab0fc61fc68532f88a20cc34b9c036094a47832e78ac94a25853ab0d386c0dc,2026-09-02T19:18:21.321Z,2026-09-02T19:18:29.215Z,2026-09-02T19:18:29.215Z,2385
powertrainCombustionEngineTPS,CAN_ENGINE_TPS,HF_HISTORICAL,2026-09-02T19:18:22.321Z,2026-09-02T19:18:29.482Z,2026-09-02T19:18:29.216Z,2026-09-02T19:18:29.482Z,3030,14.11764705882353,14.11764705882353,bde37c25c71000bce6f4a93ce51d5db4e7bd7bcd2bc4ae80b9406f80c4f21c08,1s,AVG,bde37c25c71000bce6f4a93ce51d5db4e7bd7bcd2bc4ae80b9406f80c4f21c08,2026-09-02T19:18:21.321Z,2026-09-02T19:18:29.215Z,2026-09-02T19:18:29.215Z,2390
powertrainCombustionEngineTPS,CAN_ENGINE_TPS,HF_HISTORICAL,2026-09-02T19:18:23.321Z,2026-09-02T19:18:29.482Z,2026-09-02T19:18:29.216Z,2026-09-02T19:18:29.482Z,3035,14.11764705882353,14.11764705882353,9460eb67326c64841dfa5fbdbd142fe13948083e55c0221bea5b82b107ab4c01,1s,AVG,9460eb67326c64841dfa5fbdbd142fe13948083e55c0221bea5b82b107ab4c01,2026-09-02T19:18:21.321Z,2026-09-02T19:18:29.215Z,2026-09-02T19:18:29.215Z,2395
powertrainCombustionEngineTPS,CAN_ENGINE_TPS,HF_HISTORICAL,2026-09-02T19:18:24.321Z,2026-09-02T19:18:29.482Z,2026-09-02T19:18:29.216Z,2026-09-02T19:18:29.482Z,3040,14.11764705882353,14.11764705882353,54b9c29c12eb11f2187a3cd5eb2c5ce7b2c213ca5f314b0965164bbb6f1f1def,1s,AVG,54b9c29c12eb11f2187a3cd5eb2c5ce7b2c213ca5f314b0965164bbb6f1f1def,2026-09-02T19:18:21.321Z,2026-09-02T19:18:29.215Z,2026-09-02T19:18:29.215Z,2400
powertrainCombustionEngineTPS,CAN_ENGINE_TPS,LATEST_LIVE,2026-09-02T19:18:28.000Z,2026-09-02T19:18:35.252Z,2026-09-02T19:18:35.032Z,2026-09-02T19:18:35.252Z,3071,14.11764705882353,"{""value"":14.11764705882353,""timestamp"":""2026-09-02T19:18:28Z""}",,,,,,,,2411
powertrainCombustionEngineTPS,CAN_ENGINE_TPS,HF_HISTORICAL,2026-09-02T19:18:27.215Z,2026-09-02T19:18:35.436Z,2026-09-02T19:18:35.253Z,2026-09-02T19:18:35.436Z,3076,14.11764705882353,14.11764705882353,8ed4e6583db0c3cc58e2b08c5656c735697209e4dd6059d93708eab4a7d0b2b5,1s,AVG,8ed4e6583db0c3cc58e2b08c5656c735697209e4dd6059d93708eab4a7d0b2b5,2026-09-02T19:18:27.215Z,2026-09-02T19:18:35.253Z,2026-09-02T19:18:35.253Z,2416
powertrainCombustionEngineTPS,CAN_ENGINE_TPS,LATEST_LIVE,2026-09-02T19:18:38.000Z,2026-09-02T19:18:41.016Z,2026-09-02T19:18:40.766Z,2026-09-02T19:18:41.016Z,3081,14.11764705882353,"{""value"":14.11764705882353,""timestamp"":""2026-09-02T19:18:38Z""}",,,,,,,,2421
powertrainCombustionEngineTPS,CAN_ENGINE_TPS,HF_HISTORICAL,2026-09-02T19:18:33.253Z,2026-09-02T19:18:41.230Z,2026-09-02T19:18:41.017Z,2026-09-02T19:18:41.230Z,3086,14.11764705882353,14.11764705882353,a3738a317f6ff6da3d858f4fb55a188523f0d1307641774bfb18ea190f1f86e5,1s,AVG,a3738a317f6ff6da3d858f4fb55a188523f0d1307641774bfb18ea190f1f86e5,2026-09-02T19:18:33.253Z,2026-09-02T19:18:41.017Z,2026-09-02T19:18:41.017Z,2426
powertrainCombustionEngineTPS,CAN_ENGINE_TPS,HF_HISTORICAL,2026-09-02T19:18:34.253Z,2026-09-02T19:18:41.230Z,2026-09-02T19:18:41.017Z,2026-09-02T19:18:41.230Z,3091,14.11764705882353,14.11764705882353,38dc18d54374aecb527097ae124b7a46d781e019e5dc9e2f3fd026c7901f3832,1s,AVG,38dc18d54374aecb527097ae124b7a46d781e019e5dc9e2f3fd026c7901f3832,2026-09-02T19:18:33.253Z,2026-09-02T19:18:41.017Z,2026-09-02T19:18:41.017Z,2431
powertrainCombustionEngineTPS,CAN_ENGINE_TPS,HF_HISTORICAL,2026-09-02T19:18:36.253Z,2026-09-02T19:18:41.230Z,2026-09-02T19:18:41.017Z,2026-09-02T19:18:41.230Z,3096,14.11764705882353,14.11764705882353,c186ecbdb0d8dd82023430ccae103a6929abf8d8b78ebb89ac44b5ea7d0c95dd,1s,AVG,c186ecbdb0d8dd82023430ccae103a6929abf8d8b78ebb89ac44b5ea7d0c95dd,2026-09-02T19:18:33.253Z,2026-09-02T19:18:41.017Z,2026-09-02T19:18:41.017Z,2436
powertrainCombustionEngineTPS,CAN_ENGINE_TPS,HF_HISTORICAL,2026-09-02T19:18:37.253Z,2026-09-02T19:18:41.230Z,2026-09-02T19:18:41.017Z,2026-09-02T19:18:41.230Z,3101,14.11764705882353,14.11764705882353,a6aa599c6b347c48ded3e9e1220b823412323d558e866c94dc1b84464fafe7f3,1s,AVG,a6aa599c6b347c48ded3e9e1220b823412323d558e866c94dc1b84464fafe7f3,2026-09-02T19:18:33.253Z,2026-09-02T19:18:41.017Z,2026-09-02T19:18:41.017Z,2441
powertrainCombustionEngineTPS,CAN_ENGINE_TPS,LATEST_LIVE,2026-09-02T19:18:43.000Z,2026-09-02T19:18:47.084Z,2026-09-02T19:18:46.812Z,2026-09-02T19:18:47.084Z,3106,14.11764705882353,"{""value"":14.11764705882353,""timestamp"":""2026-09-02T19:18:43Z""}",,,,,,,,2446
powertrainCombustionEngineTPS,CAN_ENGINE_TPS,HF_HISTORICAL,2026-09-02T19:18:40.017Z,2026-09-02T19:18:47.495Z,2026-09-02T19:18:47.085Z,2026-09-02T19:18:47.495Z,3111,14.11764705882353,14.11764705882353,25c5713d5bfe73ee747769b1ae59adadc969bb66e03cddc1a7fe8c666e067ead,1s,AVG,25c5713d5bfe73ee747769b1ae59adadc969bb66e03cddc1a7fe8c666e067ead,2026-09-02T19:18:39.017Z,2026-09-02T19:18:47.085Z,2026-09-02T19:18:47.085Z,2451
powertrainCombustionEngineTPS,CAN_ENGINE_TPS,HF_HISTORICAL,2026-09-02T19:18:41.017Z,2026-09-02T19:18:47.495Z,2026-09-02T19:18:47.085Z,2026-09-02T19:18:47.495Z,3116,14.11764705882353,14.11764705882353,48ab17c4197fef587d65f2e50508d4dd552184f41b3a275182a0ada968b134a2,1s,AVG,48ab17c4197fef587d65f2e50508d4dd552184f41b3a275182a0ada968b134a2,2026-09-02T19:18:39.017Z,2026-09-02T19:18:47.085Z,2026-09-02T19:18:47.085Z,2456
powertrainCombustionEngineTPS,CAN_ENGINE_TPS,HF_HISTORICAL,2026-09-02T19:18:42.017Z,2026-09-02T19:18:47.495Z,2026-09-02T19:18:47.085Z,2026-09-02T19:18:47.495Z,3121,14.11764705882353,14.11764705882353,b18835ff5f56c99ab766d0a3dba16dfc3ed2877ac009becc159d1ea630afd51e,1s,AVG,b18835ff5f56c99ab766d0a3dba16dfc3ed2877ac009becc159d1ea630afd51e,2026-09-02T19:18:39.017Z,2026-09-02T19:18:47.085Z,2026-09-02T19:18:47.085Z,2461
powertrainCombustionEngineTPS,CAN_ENGINE_TPS,LATEST_LIVE,2026-09-02T19:18:50.000Z,2026-09-02T19:18:53.091Z,2026-09-02T19:18:52.850Z,2026-09-02T19:18:53.091Z,3126,14.11764705882353,"{""value"":14.11764705882353,""timestamp"":""2026-09-02T19:18:50Z""}",,,,,,,,2466
powertrainCombustionEngineTPS,CAN_ENGINE_TPS,HF_HISTORICAL,2026-09-02T19:18:45.085Z,2026-09-02T19:18:53.308Z,2026-09-02T19:18:53.094Z,2026-09-02T19:18:53.308Z,3131,14.11764705882353,14.11764705882353,0be997fa7431a5ede34ccb8a824cb096998d858835d44eb6ec12150695ec0648,1s,AVG,0be997fa7431a5ede34ccb8a824cb096998d858835d44eb6ec12150695ec0648,2026-09-02T19:18:45.085Z,2026-09-02T19:18:53.094Z,2026-09-02T19:18:53.094Z,2471
powertrainCombustionEngineTPS,CAN_ENGINE_TPS,HF_HISTORICAL,2026-09-02T19:18:46.085Z,2026-09-02T19:18:53.308Z,2026-09-02T19:18:53.094Z,2026-09-02T19:18:53.308Z,3136,14.11764705882353,14.11764705882353,714649cebb064a09092813408ae9990f8ccecfbd412749fea1a8fbda2d1339a1,1s,AVG,714649cebb064a09092813408ae9990f8ccecfbd412749fea1a8fbda2d1339a1,2026-09-02T19:18:45.085Z,2026-09-02T19:18:53.094Z,2026-09-02T19:18:53.094Z,2476
powertrainCombustionEngineTPS,CAN_ENGINE_TPS,HF_HISTORICAL,2026-09-02T19:18:48.085Z,2026-09-02T19:18:53.308Z,2026-09-02T19:18:53.094Z,2026-09-02T19:18:53.308Z,3140,14.11764705882353,14.11764705882353,5e96dda093382175d5714454921f98b0a40cd98ba108e989c07f9dc8caabc2fd,1s,AVG,5e96dda093382175d5714454921f98b0a40cd98ba108e989c07f9dc8caabc2fd,2026-09-02T19:18:45.085Z,2026-09-02T19:18:53.094Z,2026-09-02T19:18:53.094Z,2480
powertrainCombustionEngineTPS,CAN_ENGINE_TPS,HF_HISTORICAL,2026-09-02T19:18:49.085Z,2026-09-02T19:18:53.308Z,2026-09-02T19:18:53.094Z,2026-09-02T19:18:53.308Z,3144,14.11764705882353,14.11764705882353,2d89ea4a3e225f28d565427e4ef5e8017bc6d30ce5c8c72c9b1cf7adea5c96ba,1s,AVG,2d89ea4a3e225f28d565427e4ef5e8017bc6d30ce5c8c72c9b1cf7adea5c96ba,2026-09-02T19:18:45.085Z,2026-09-02T19:18:53.094Z,2026-09-02T19:18:53.094Z,2484
powertrainCombustionEngineTPS,CAN_ENGINE_TPS,LATEST_LIVE,2026-09-02T19:18:55.000Z,2026-09-02T19:18:58.881Z,2026-09-02T19:18:58.583Z,2026-09-02T19:18:58.881Z,3149,14.11764705882353,"{""value"":14.11764705882353,""timestamp"":""2026-09-02T19:18:55Z""}",,,,,,,,2489
powertrainCombustionEngineTPS,CAN_ENGINE_TPS,HF_HISTORICAL,2026-09-02T19:18:52.094Z,2026-09-02T19:18:59.094Z,2026-09-02T19:18:58.883Z,2026-09-02T19:18:59.094Z,3154,14.11764705882353,14.11764705882353,0b1743e4fd164401c48d73f24106a6e6d2e1334dddfe74c989c0316001a772be,1s,AVG,0b1743e4fd164401c48d73f24106a6e6d2e1334dddfe74c989c0316001a772be,2026-09-02T19:18:51.094Z,2026-09-02T19:18:58.883Z,2026-09-02T19:18:58.883Z,2494
powertrainCombustionEngineTPS,CAN_ENGINE_TPS,HF_HISTORICAL,2026-09-02T19:18:53.094Z,2026-09-02T19:18:59.094Z,2026-09-02T19:18:58.883Z,2026-09-02T19:18:59.094Z,3159,14.11764705882353,14.11764705882353,6a1ad2ec11c5df3b415990009f9819bc1850fd715ba855cde2cf52b07644766a,1s,AVG,6a1ad2ec11c5df3b415990009f9819bc1850fd715ba855cde2cf52b07644766a,2026-09-02T19:18:51.094Z,2026-09-02T19:18:58.883Z,2026-09-02T19:18:58.883Z,2499
powertrainCombustionEngineTPS,CAN_ENGINE_TPS,HF_HISTORICAL,2026-09-02T19:18:54.094Z,2026-09-02T19:18:59.094Z,2026-09-02T19:18:58.883Z,2026-09-02T19:18:59.094Z,3164,14.11764705882353,14.11764705882353,5c2fb22bf54fa1204c482d2ded0d272e5986199604a1589051467f4a693afe04,1s,AVG,5c2fb22bf54fa1204c482d2ded0d272e5986199604a1589051467f4a693afe04,2026-09-02T19:18:51.094Z,2026-09-02T19:18:58.883Z,2026-09-02T19:18:58.883Z,2504
powertrainCombustionEngineTPS,CAN_ENGINE_TPS,LATEST_LIVE,2026-09-02T19:19:01.000Z,2026-09-02T19:19:04.708Z,2026-09-02T19:19:04.436Z,2026-09-02T19:19:04.708Z,3169,14.11764705882353,"{""value"":14.11764705882353,""timestamp"":""2026-09-02T19:19:01Z""}",,,,,,,,2509
powertrainCombustionEngineTPS,CAN_ENGINE_TPS,HF_HISTORICAL,2026-09-02T19:18:57.883Z,2026-09-02T19:19:04.923Z,2026-09-02T19:19:04.712Z,2026-09-02T19:19:04.923Z,3174,14.11764705882353,14.11764705882353,f04a406848500c05a2572c65533b1966e79b70139c4ed31afa6087b8d1d2bd67,1s,AVG,f04a406848500c05a2572c65533b1966e79b70139c4ed31afa6087b8d1d2bd67,2026-09-02T19:18:56.883Z,2026-09-02T19:19:04.712Z,2026-09-02T19:19:04.712Z,2514
powertrainCombustionEngineTPS,CAN_ENGINE_TPS,HF_HISTORICAL,2026-09-02T19:19:00.883Z,2026-09-02T19:19:04.923Z,2026-09-02T19:19:04.712Z,2026-09-02T19:19:04.923Z,3179,14.11764705882353,14.11764705882353,dc13b882eb2950b33604c18abac4ee8dd72fe425d3e0974590dc222461c0ed39,1s,AVG,dc13b882eb2950b33604c18abac4ee8dd72fe425d3e0974590dc222461c0ed39,2026-09-02T19:18:56.883Z,2026-09-02T19:19:04.712Z,2026-09-02T19:19:04.712Z,2519
powertrainCombustionEngineTPS,CAN_ENGINE_TPS,LATEST_LIVE,2026-09-02T19:19:05.000Z,2026-09-02T19:19:10.759Z,2026-09-02T19:19:10.465Z,2026-09-02T19:19:10.759Z,3210,14.11764705882353,"{""value"":14.11764705882353,""timestamp"":""2026-09-02T19:19:05Z""}",,,,,,,,2530
powertrainCombustionEngineTPS,CAN_ENGINE_TPS,HF_HISTORICAL,2026-09-02T19:19:02.712Z,2026-09-02T19:19:10.959Z,2026-09-02T19:19:10.760Z,2026-09-02T19:19:10.959Z,3215,14.11764705882353,14.11764705882353,746dcf2f7c50b703f0164db36eb5775f3bedf658da2d362a6e3c0b5ef5d0e54a,1s,AVG,746dcf2f7c50b703f0164db36eb5775f3bedf658da2d362a6e3c0b5ef5d0e54a,2026-09-02T19:19:02.712Z,2026-09-02T19:19:10.760Z,2026-09-02T19:19:10.760Z,2535
powertrainCombustionEngineTPS,CAN_ENGINE_TPS,HF_HISTORICAL,2026-09-02T19:19:04.712Z,2026-09-02T19:19:10.959Z,2026-09-02T19:19:10.760Z,2026-09-02T19:19:10.959Z,3220,14.11764705882353,14.11764705882353,3edae13b4542147b1370a0f003a06d38fa4fea8396bef19e778c763668cf1143,1s,AVG,3edae13b4542147b1370a0f003a06d38fa4fea8396bef19e778c763668cf1143,2026-09-02T19:19:02.712Z,2026-09-02T19:19:10.760Z,2026-09-02T19:19:10.760Z,2540
powertrainCombustionEngineTPS,CAN_ENGINE_TPS,LATEST_LIVE,2026-09-02T19:19:06.000Z,2026-09-02T19:19:16.556Z,2026-09-02T19:19:16.302Z,2026-09-02T19:19:16.556Z,3225,14.11764705882353,"{""value"":14.11764705882353,""timestamp"":""2026-09-02T19:19:06Z""}",,,,,,,,2545
powertrainCombustionEngineTPS,CAN_ENGINE_TPS,HF_HISTORICAL,2026-09-02T19:19:12.760Z,2026-09-02T19:19:16.760Z,2026-09-02T19:19:16.558Z,2026-09-02T19:19:16.760Z,3230,14.11764705882353,14.11764705882353,51079038aca9e72990e9f1b4092215c96eb17f4e2f5b9e3fffe2b175c5e3a44f,1s,AVG,51079038aca9e72990e9f1b4092215c96eb17f4e2f5b9e3fffe2b175c5e3a44f,2026-09-02T19:19:08.760Z,2026-09-02T19:19:16.558Z,2026-09-02T19:19:16.558Z,2550
powertrainCombustionEngineTPS,CAN_ENGINE_TPS,LATEST_LIVE,2026-09-02T19:19:13.000Z,2026-09-02T19:19:22.339Z,2026-09-02T19:19:22.137Z,2026-09-02T19:19:22.339Z,3235,14.11764705882353,"{""value"":14.11764705882353,""timestamp"":""2026-09-02T19:19:13Z""}",,,,,,,,2555
powertrainCombustionEngineTPS,CAN_ENGINE_TPS,LATEST_LIVE,2026-09-02T19:19:13.000Z,2026-09-02T19:19:28.022Z,2026-09-02T19:19:27.765Z,2026-09-02T19:19:28.022Z,3240,14.11764705882353,"{""value"":14.11764705882353,""timestamp"":""2026-09-02T19:19:13Z""}",,,,,,,,2560
powertrainCombustionEngineTPS,CAN_ENGINE_TPS,LATEST_LIVE,2026-09-02T19:19:13.000Z,2026-09-02T19:19:33.812Z,2026-09-02T19:19:33.498Z,2026-09-02T19:19:33.812Z,3245,14.11764705882353,"{""value"":14.11764705882353,""timestamp"":""2026-09-02T19:19:13Z""}",,,,,,,,2565
powertrainCombustionEngineTPS,CAN_ENGINE_TPS,LATEST_LIVE,2026-09-02T19:19:13.000Z,2026-09-02T19:19:39.845Z,2026-09-02T19:19:39.445Z,2026-09-02T19:19:39.845Z,3250,14.11764705882353,"{""value"":14.11764705882353,""timestamp"":""2026-09-02T19:19:13Z""}",,,,,,,,2570
powertrainCombustionEngineTPS,CAN_ENGINE_TPS,LATEST_LIVE,2026-09-02T19:19:13.000Z,2026-09-02T19:19:45.999Z,2026-09-02T19:19:45.787Z,2026-09-02T19:19:45.999Z,3281,14.11764705882353,"{""value"":14.11764705882353,""timestamp"":""2026-09-02T19:19:13Z""}",,,,,,,,2581
powertrainCombustionEngineTPS,CAN_ENGINE_TPS,LATEST_LIVE,2026-09-02T19:19:17.000Z,2026-09-02T19:19:51.715Z,2026-09-02T19:19:51.515Z,2026-09-02T19:19:51.715Z,3286,14.11764705882353,"{""value"":14.11764705882353,""timestamp"":""2026-09-02T19:19:17Z""}",,,,,,,,2586
powertrainCombustionEngineTPS,CAN_ENGINE_TPS,LATEST_LIVE,2026-09-02T19:19:17.000Z,2026-09-02T19:19:59.622Z,2026-09-02T19:19:57.362Z,2026-09-02T19:19:59.622Z,3291,14.11764705882353,"{""value"":14.11764705882353,""timestamp"":""2026-09-02T19:19:17Z""}",,,,,,,,2591
powertrainCombustionEngineTPS,CAN_ENGINE_TPS,LATEST_LIVE,2026-09-02T19:19:17.000Z,2026-09-02T19:20:06.820Z,2026-09-02T19:20:05.464Z,2026-09-02T19:20:06.820Z,3296,14.11764705882353,"{""value"":14.11764705882353,""timestamp"":""2026-09-02T19:19:17Z""}",,,,,,,,2596
powertrainCombustionEngineTPS,CAN_ENGINE_TPS,LATEST_LIVE,2026-09-02T19:19:17.000Z,2026-09-02T19:20:13.915Z,2026-09-02T19:20:13.592Z,2026-09-02T19:20:13.915Z,3301,14.11764705882353,"{""value"":14.11764705882353,""timestamp"":""2026-09-02T19:19:17Z""}",,,,,,,,2601
powertrainCombustionEngineTPS,CAN_ENGINE_TPS,LATEST_LIVE,2026-09-02T19:19:17.000Z,2026-09-02T19:20:20.507Z,2026-09-02T19:20:20.260Z,2026-09-02T19:20:20.507Z,3306,14.11764705882353,"{""value"":14.11764705882353,""timestamp"":""2026-09-02T19:19:17Z""}",,,,,,,,2606
powertrainCombustionEngineTPS,CAN_ENGINE_TPS,LATEST_LIVE,2026-09-02T19:19:17.000Z,2026-09-02T19:20:26.764Z,2026-09-02T19:20:26.495Z,2026-09-02T19:20:26.764Z,3337,14.11764705882353,"{""value"":14.11764705882353,""timestamp"":""2026-09-02T19:19:17Z""}",,,,,,,,2617
powertrainCombustionEngineTPS,CAN_ENGINE_TPS,LATEST_LIVE,2026-09-02T19:19:17.000Z,2026-09-02T19:20:32.702Z,2026-09-02T19:20:32.332Z,2026-09-02T19:20:32.702Z,3342,14.11764705882353,"{""value"":14.11764705882353,""timestamp"":""2026-09-02T19:19:17Z""}",,,,,,,,2622
powertrainCombustionEngineTPS,CAN_ENGINE_TPS,LATEST_LIVE,2026-09-02T19:19:17.000Z,2026-09-02T19:20:39.117Z,2026-09-02T19:20:38.871Z,2026-09-02T19:20:39.117Z,3347,14.11764705882353,"{""value"":14.11764705882353,""timestamp"":""2026-09-02T19:19:17Z""}",,,,,,,,2627
powertrainCombustionEngineTPS,CAN_ENGINE_TPS,LATEST_LIVE,2026-09-02T19:19:17.000Z,2026-09-02T19:20:44.828Z,2026-09-02T19:20:44.593Z,2026-09-02T19:20:44.828Z,3352,14.11764705882353,"{""value"":14.11764705882353,""timestamp"":""2026-09-02T19:19:17Z""}",,,,,,,,2632
powertrainCombustionEngineTPS,CAN_ENGINE_TPS,LATEST_LIVE,2026-09-02T19:19:17.000Z,2026-09-02T19:20:50.564Z,2026-09-02T19:20:50.334Z,2026-09-02T19:20:50.564Z,3357,14.11764705882353,"{""value"":14.11764705882353,""timestamp"":""2026-09-02T19:19:17Z""}",,,,,,,,2637
powertrainCombustionEngineTPS,CAN_ENGINE_TPS,LATEST_LIVE,2026-09-02T19:19:17.000Z,2026-09-02T19:20:56.425Z,2026-09-02T19:20:56.187Z,2026-09-02T19:20:56.425Z,3362,14.11764705882353,"{""value"":14.11764705882353,""timestamp"":""2026-09-02T19:19:17Z""}",,,,,,,,2642
powertrainCombustionEngineTPS,CAN_ENGINE_TPS,LATEST_LIVE,2026-09-02T19:19:17.000Z,2026-09-02T19:21:02.367Z,2026-09-02T19:21:02.129Z,2026-09-02T19:21:02.367Z,3393,14.11764705882353,"{""value"":14.11764705882353,""timestamp"":""2026-09-02T19:19:17Z""}",,,,,,,,2653
powertrainCombustionEngineTPS,CAN_ENGINE_TPS,LATEST_LIVE,2026-09-02T19:21:00.000Z,2026-09-02T19:21:08.259Z,2026-09-02T19:21:07.982Z,2026-09-02T19:21:08.259Z,3398,14.11764705882353,"{""value"":14.11764705882353,""timestamp"":""2026-09-02T19:21:00Z""}",,,,,,,,2658
powertrainCombustionEngineTPS,CAN_ENGINE_TPS,LATEST_LIVE,2026-09-02T19:21:10.000Z,2026-09-02T19:21:14.450Z,2026-09-02T19:21:13.911Z,2026-09-02T19:21:14.450Z,3403,14.11764705882353,"{""value"":14.11764705882353,""timestamp"":""2026-09-02T19:21:10Z""}",,,,,,,,2663
powertrainCombustionEngineTPS,CAN_ENGINE_TPS,HF_HISTORICAL,2026-09-02T19:21:07.261Z,2026-09-02T19:21:14.701Z,2026-09-02T19:21:14.452Z,2026-09-02T19:21:14.701Z,3407,14.11764705882353,14.11764705882353,3222066764ff8c5046002bdf9854d128565d69d81fa17103b41836ec0734bccf,1s,AVG,3222066764ff8c5046002bdf9854d128565d69d81fa17103b41836ec0734bccf,2026-09-02T19:21:06.261Z,2026-09-02T19:21:14.452Z,2026-09-02T19:21:14.452Z,2667
powertrainCombustionEngineTPS,CAN_ENGINE_TPS,HF_HISTORICAL,2026-09-02T19:21:09.261Z,2026-09-02T19:21:14.701Z,2026-09-02T19:21:14.452Z,2026-09-02T19:21:14.701Z,3412,14.11764705882353,14.11764705882353,6509da133be549ae4bbbaf81ec08d9c3d6ba425c2a2d7558cfcb09582e772296,1s,AVG,6509da133be549ae4bbbaf81ec08d9c3d6ba425c2a2d7558cfcb09582e772296,2026-09-02T19:21:06.261Z,2026-09-02T19:21:14.452Z,2026-09-02T19:21:14.452Z,2672
powertrainCombustionEngineTPS,CAN_ENGINE_TPS,LATEST_LIVE,2026-09-02T19:21:16.000Z,2026-09-02T19:21:20.322Z,2026-09-02T19:21:20.055Z,2026-09-02T19:21:20.322Z,3417,14.11764705882353,"{""value"":14.11764705882353,""timestamp"":""2026-09-02T19:21:16Z""}",,,,,,,,2677
powertrainCombustionEngineTPS,CAN_ENGINE_TPS,HF_HISTORICAL,2026-09-02T19:21:12.452Z,2026-09-02T19:21:20.626Z,2026-09-02T19:21:20.325Z,2026-09-02T19:21:20.626Z,3422,14.11764705882353,14.11764705882353,458eb80719492bc938d0e4da26ffbba7c5955fa80f4cfaf836d635beeb4b9f2e,1s,AVG,458eb80719492bc938d0e4da26ffbba7c5955fa80f4cfaf836d635beeb4b9f2e,2026-09-02T19:21:12.452Z,2026-09-02T19:21:20.325Z,2026-09-02T19:21:20.325Z,2682
powertrainCombustionEngineTPS,CAN_ENGINE_TPS,HF_HISTORICAL,2026-09-02T19:21:15.452Z,2026-09-02T19:21:20.626Z,2026-09-02T19:21:20.325Z,2026-09-02T19:21:20.626Z,3426,14.11764705882353,14.11764705882353,1f2cee8345b2f5dddc8c6a6bebb8a58d67553ace4a267839b41c35262ee60cd5,1s,AVG,1f2cee8345b2f5dddc8c6a6bebb8a58d67553ace4a267839b41c35262ee60cd5,2026-09-02T19:21:12.452Z,2026-09-02T19:21:20.325Z,2026-09-02T19:21:20.325Z,2686
powertrainCombustionEngineTPS,CAN_ENGINE_TPS,LATEST_LIVE,2026-09-02T19:21:20.000Z,2026-09-02T19:21:26.235Z,2026-09-02T19:21:26.021Z,2026-09-02T19:21:26.235Z,3431,14.11764705882353,"{""value"":14.11764705882353,""timestamp"":""2026-09-02T19:21:20Z""}",,,,,,,,2691
powertrainCombustionEngineTPS,CAN_ENGINE_TPS,HF_HISTORICAL,2026-09-02T19:21:19.325Z,2026-09-02T19:21:26.429Z,2026-09-02T19:21:26.237Z,2026-09-02T19:21:26.429Z,3436,14.11764705882353,14.11764705882353,839c5a63d08b1618e19dae3a0707463471ca73db295783f269e16bae0edef02b,1s,AVG,839c5a63d08b1618e19dae3a0707463471ca73db295783f269e16bae0edef02b,2026-09-02T19:21:18.325Z,2026-09-02T19:21:26.237Z,2026-09-02T19:21:26.237Z,2696
powertrainCombustionEngineTPS,CAN_ENGINE_TPS,LATEST_LIVE,2026-09-02T19:21:29.000Z,2026-09-02T19:21:32.333Z,2026-09-02T19:21:32.105Z,2026-09-02T19:21:32.333Z,3441,14.11764705882353,"{""value"":14.11764705882353,""timestamp"":""2026-09-02T19:21:29Z""}",,,,,,,,2701
powertrainCombustionEngineTPS,CAN_ENGINE_TPS,HF_HISTORICAL,2026-09-02T19:21:24.237Z,2026-09-02T19:21:32.556Z,2026-09-02T19:21:32.336Z,2026-09-02T19:21:32.556Z,3445,14.11764705882353,14.11764705882353,ae4967f6720567a6d3590e3cb89bcdd8a926431e7cfb4f4623f7bea538a1636c,1s,AVG,ae4967f6720567a6d3590e3cb89bcdd8a926431e7cfb4f4623f7bea538a1636c,2026-09-02T19:21:24.237Z,2026-09-02T19:21:32.336Z,2026-09-02T19:21:32.336Z,2705
powertrainCombustionEngineTPS,CAN_ENGINE_TPS,HF_HISTORICAL,2026-09-02T19:21:27.237Z,2026-09-02T19:21:32.556Z,2026-09-02T19:21:32.336Z,2026-09-02T19:21:32.556Z,3449,14.11764705882353,14.11764705882353,85b795acefe4f4e03dbc0a939a9e8b50b3efe62447da5fc108812610a1ddea4c,1s,AVG,85b795acefe4f4e03dbc0a939a9e8b50b3efe62447da5fc108812610a1ddea4c,2026-09-02T19:21:24.237Z,2026-09-02T19:21:32.336Z,2026-09-02T19:21:32.336Z,2709
powertrainCombustionEngineTPS,CAN_ENGINE_TPS,HF_HISTORICAL,2026-09-02T19:21:28.237Z,2026-09-02T19:21:32.556Z,2026-09-02T19:21:32.336Z,2026-09-02T19:21:32.556Z,3453,14.11764705882353,14.11764705882353,e96ecd685d4b404b44570dfef1a545ed7b3144d09117b6df194bbe417aaab963,1s,AVG,e96ecd685d4b404b44570dfef1a545ed7b3144d09117b6df194bbe417aaab963,2026-09-02T19:21:24.237Z,2026-09-02T19:21:32.336Z,2026-09-02T19:21:32.336Z,2713
powertrainCombustionEngineTPS,CAN_ENGINE_TPS,LATEST_LIVE,2026-09-02T19:21:34.000Z,2026-09-02T19:21:38.493Z,2026-09-02T19:21:38.275Z,2026-09-02T19:21:38.493Z,3484,14.11764705882353,"{""value"":14.11764705882353,""timestamp"":""2026-09-02T19:21:34Z""}",,,,,,,,2724
powertrainCombustionEngineTPS,CAN_ENGINE_TPS,HF_HISTORICAL,2026-09-02T19:21:32.336Z,2026-09-02T19:21:38.726Z,2026-09-02T19:21:38.494Z,2026-09-02T19:21:38.726Z,3489,14.11764705882353,14.11764705882353,def8d1e62f3970ec6f6f3a750bda84217a5e7ba89c62eca9020a7c1738dcc6bf,1s,AVG,def8d1e62f3970ec6f6f3a750bda84217a5e7ba89c62eca9020a7c1738dcc6bf,2026-09-02T19:21:30.336Z,2026-09-02T19:21:38.494Z,2026-09-02T19:21:38.494Z,2729
powertrainCombustionEngineTPS,CAN_ENGINE_TPS,HF_HISTORICAL,2026-09-02T19:21:33.336Z,2026-09-02T19:21:38.726Z,2026-09-02T19:21:38.494Z,2026-09-02T19:21:38.726Z,3494,14.11764705882353,14.11764705882353,eddb4a437bed66d0f6ee9aa0e65b200261468f4d000aa4542a80fe5dc0938f66,1s,AVG,eddb4a437bed66d0f6ee9aa0e65b200261468f4d000aa4542a80fe5dc0938f66,2026-09-02T19:21:30.336Z,2026-09-02T19:21:38.494Z,2026-09-02T19:21:38.494Z,2734
powertrainCombustionEngineTPS,CAN_ENGINE_TPS,LATEST_LIVE,2026-09-02T19:21:41.000Z,2026-09-02T19:21:44.235Z,2026-09-02T19:21:43.999Z,2026-09-02T19:21:44.235Z,3499,14.11764705882353,"{""value"":14.11764705882353,""timestamp"":""2026-09-02T19:21:41Z""}",,,,,,,,2739
powertrainCombustionEngineTPS,CAN_ENGINE_TPS,HF_HISTORICAL,2026-09-02T19:21:36.494Z,2026-09-02T19:21:44.434Z,2026-09-02T19:21:44.237Z,2026-09-02T19:21:44.434Z,3504,14.11764705882353,14.11764705882353,ecd3482cdbf207289a9a261e2a8a7e00edc3f8647cc40f8f3a2c30dc2131f43a,1s,AVG,ecd3482cdbf207289a9a261e2a8a7e00edc3f8647cc40f8f3a2c30dc2131f43a,2026-09-02T19:21:36.494Z,2026-09-02T19:21:44.237Z,2026-09-02T19:21:44.237Z,2744
powertrainCombustionEngineTPS,CAN_ENGINE_TPS,HF_HISTORICAL,2026-09-02T19:21:37.494Z,2026-09-02T19:21:44.434Z,2026-09-02T19:21:44.237Z,2026-09-02T19:21:44.434Z,3508,14.11764705882353,14.11764705882353,0b7d1a309e25ae7ca27328ade79d46f6f04aa88aae012598326fa82651a07c81,1s,AVG,0b7d1a309e25ae7ca27328ade79d46f6f04aa88aae012598326fa82651a07c81,2026-09-02T19:21:36.494Z,2026-09-02T19:21:44.237Z,2026-09-02T19:21:44.237Z,2748
powertrainCombustionEngineTPS,CAN_ENGINE_TPS,HF_HISTORICAL,2026-09-02T19:21:40.494Z,2026-09-02T19:21:44.434Z,2026-09-02T19:21:44.237Z,2026-09-02T19:21:44.434Z,3513,14.11764705882353,14.11764705882353,6e8c8ae2cb3a0ed322b4489b9818213f31faf216174d8531e72f6af5a502dcef,1s,AVG,6e8c8ae2cb3a0ed322b4489b9818213f31faf216174d8531e72f6af5a502dcef,2026-09-02T19:21:36.494Z,2026-09-02T19:21:44.237Z,2026-09-02T19:21:44.237Z,2753
powertrainCombustionEngineTPS,CAN_ENGINE_TPS,LATEST_LIVE,2026-09-02T19:21:47.000Z,2026-09-02T19:21:49.970Z,2026-09-02T19:21:49.739Z,2026-09-02T19:21:49.970Z,3518,14.11764705882353,"{""value"":14.11764705882353,""timestamp"":""2026-09-02T19:21:47Z""}",,,,,,,,2758
powertrainCombustionEngineTPS,CAN_ENGINE_TPS,HF_HISTORICAL,2026-09-02T19:21:42.237Z,2026-09-02T19:21:50.187Z,2026-09-02T19:21:49.972Z,2026-09-02T19:21:50.187Z,3523,14.11764705882353,14.11764705882353,546d0cda4b4319f609ab9aaf1c6e17eb970f18b389bbdcdd82e6e1c6fc88a000,1s,AVG,546d0cda4b4319f609ab9aaf1c6e17eb970f18b389bbdcdd82e6e1c6fc88a000,2026-09-02T19:21:42.237Z,2026-09-02T19:21:49.972Z,2026-09-02T19:21:49.972Z,2763
powertrainCombustionEngineTPS,CAN_ENGINE_TPS,HF_HISTORICAL,2026-09-02T19:21:45.237Z,2026-09-02T19:21:50.187Z,2026-09-02T19:21:49.972Z,2026-09-02T19:21:50.187Z,3528,14.11764705882353,14.11764705882353,6cc8a15a9637f97dcaef6abb549a1341a642a968562ebc7fc0f12b19b148add6,1s,AVG,6cc8a15a9637f97dcaef6abb549a1341a642a968562ebc7fc0f12b19b148add6,2026-09-02T19:21:42.237Z,2026-09-02T19:21:49.972Z,2026-09-02T19:21:49.972Z,2768
powertrainCombustionEngineTPS,CAN_ENGINE_TPS,HF_HISTORICAL,2026-09-02T19:21:46.237Z,2026-09-02T19:21:50.187Z,2026-09-02T19:21:49.972Z,2026-09-02T19:21:50.187Z,3533,14.11764705882353,14.11764705882353,cad6f374a694b8ff92652888eba77cab47e14c90e89ef20e192679d8e6553e39,1s,AVG,cad6f374a694b8ff92652888eba77cab47e14c90e89ef20e192679d8e6553e39,2026-09-02T19:21:42.237Z,2026-09-02T19:21:49.972Z,2026-09-02T19:21:49.972Z,2773
powertrainCombustionEngineTPS,CAN_ENGINE_TPS,LATEST_LIVE,2026-09-02T19:21:51.000Z,2026-09-02T19:21:55.805Z,2026-09-02T19:21:55.564Z,2026-09-02T19:21:55.805Z,3538,14.11764705882353,"{""value"":14.11764705882353,""timestamp"":""2026-09-02T19:21:51Z""}",,,,,,,,2778
powertrainCombustionEngineTPS,CAN_ENGINE_TPS,HF_HISTORICAL,2026-09-02T19:21:47.972Z,2026-09-02T19:21:55.999Z,2026-09-02T19:21:55.806Z,2026-09-02T19:21:55.999Z,3543,14.11764705882353,14.11764705882353,9fb2854382cca3994f5098461f4925edbc5c17b956f128ddcb3fde8c1697a23b,1s,AVG,9fb2854382cca3994f5098461f4925edbc5c17b956f128ddcb3fde8c1697a23b,2026-09-02T19:21:47.972Z,2026-09-02T19:21:55.806Z,2026-09-02T19:21:55.806Z,2783
powertrainCombustionEngineTPS,CAN_ENGINE_TPS,HF_HISTORICAL,2026-09-02T19:21:48.972Z,2026-09-02T19:21:55.999Z,2026-09-02T19:21:55.806Z,2026-09-02T19:21:55.999Z,3548,14.11764705882353,14.11764705882353,8d0bee079cb3c32828e13e147dfaa69589a0babae0117d0d9f31be6a6692dd4d,1s,AVG,8d0bee079cb3c32828e13e147dfaa69589a0babae0117d0d9f31be6a6692dd4d,2026-09-02T19:21:47.972Z,2026-09-02T19:21:55.806Z,2026-09-02T19:21:55.806Z,2788
powertrainCombustionEngineTPS,CAN_ENGINE_TPS,HF_HISTORICAL,2026-09-02T19:21:50.972Z,2026-09-02T19:21:55.999Z,2026-09-02T19:21:55.806Z,2026-09-02T19:21:55.999Z,3553,14.11764705882353,14.11764705882353,4a6ab1c81c39f4a8a95b965afd8290604acce3a18ac0ac0253d21944c0a27530,1s,AVG,4a6ab1c81c39f4a8a95b965afd8290604acce3a18ac0ac0253d21944c0a27530,2026-09-02T19:21:47.972Z,2026-09-02T19:21:55.806Z,2026-09-02T19:21:55.806Z,2793
powertrainCombustionEngineTPS,CAN_ENGINE_TPS,LATEST_LIVE,2026-09-02T19:21:57.000Z,2026-09-02T19:22:01.688Z,2026-09-02T19:22:01.420Z,2026-09-02T19:22:01.688Z,3558,14.11764705882353,"{""value"":14.11764705882353,""timestamp"":""2026-09-02T19:21:57Z""}",,,,,,,,2798
powertrainCombustionEngineTPS,CAN_ENGINE_TPS,HF_HISTORICAL,2026-09-02T19:21:56.806Z,2026-09-02T19:22:01.917Z,2026-09-02T19:22:01.693Z,2026-09-02T19:22:01.917Z,3563,14.11764705882353,14.11764705882353,cfe6322367830598007de8fc287692e9a6b5ec6fd77a27a30562a728847b2db5,1s,AVG,cfe6322367830598007de8fc287692e9a6b5ec6fd77a27a30562a728847b2db5,2026-09-02T19:21:53.806Z,2026-09-02T19:22:01.693Z,2026-09-02T19:22:01.693Z,2803
powertrainCombustionEngineTPS,CAN_ENGINE_TPS,LATEST_LIVE,2026-09-02T19:22:03.000Z,2026-09-02T19:22:07.604Z,2026-09-02T19:22:07.371Z,2026-09-02T19:22:07.604Z,3568,30.58823529411764,"{""value"":30.58823529411764,""timestamp"":""2026-09-02T19:22:03Z""}",,,,,,,,2808
powertrainCombustionEngineTPS,CAN_ENGINE_TPS,HF_HISTORICAL,2026-09-02T19:21:59.693Z,2026-09-02T19:22:07.896Z,2026-09-02T19:22:07.607Z,2026-09-02T19:22:07.896Z,3573,14.11764705882353,14.11764705882353,ba94430c7911369f1e04bae8bec113e0e5c1cb883a52ea87b2d69b19322ec0f9,1s,AVG,ba94430c7911369f1e04bae8bec113e0e5c1cb883a52ea87b2d69b19322ec0f9,2026-09-02T19:21:59.693Z,2026-09-02T19:22:07.606Z,2026-09-02T19:22:07.606Z,2813
powertrainCombustionEngineTPS,CAN_ENGINE_TPS,HF_HISTORICAL,2026-09-02T19:22:01.693Z,2026-09-02T19:22:07.896Z,2026-09-02T19:22:07.607Z,2026-09-02T19:22:07.896Z,3578,14.11764705882353,14.11764705882353,1615522877e1ad1b8a212a75370af8517a9364a1943e151fba8e3dda720e4f69,1s,AVG,1615522877e1ad1b8a212a75370af8517a9364a1943e151fba8e3dda720e4f69,2026-09-02T19:21:59.693Z,2026-09-02T19:22:07.606Z,2026-09-02T19:22:07.606Z,2818
powertrainCombustionEngineTPS,CAN_ENGINE_TPS,HF_HISTORICAL,2026-09-02T19:22:02.693Z,2026-09-02T19:22:07.896Z,2026-09-02T19:22:07.607Z,2026-09-02T19:22:07.896Z,3583,30.58823529411764,30.58823529411764,e1563ebd0ba1d922e083650e6dc9e0304f271c85c41cb4285b89147a6942ab96,1s,AVG,e1563ebd0ba1d922e083650e6dc9e0304f271c85c41cb4285b89147a6942ab96,2026-09-02T19:21:59.693Z,2026-09-02T19:22:07.606Z,2026-09-02T19:22:07.606Z,2823
powertrainCombustionEngineTPS,CAN_ENGINE_TPS,HF_HISTORICAL,2026-09-02T19:22:04.693Z,2026-09-02T19:22:07.896Z,2026-09-02T19:22:07.607Z,2026-09-02T19:22:07.896Z,3587,14.11764705882353,14.11764705882353,b0292783d2f10dbab637e3667ba649bc2cf69654787ad5cbb9cf0e43d3de4d9c,1s,AVG,b0292783d2f10dbab637e3667ba649bc2cf69654787ad5cbb9cf0e43d3de4d9c,2026-09-02T19:21:59.693Z,2026-09-02T19:22:07.606Z,2026-09-02T19:22:07.606Z,2827
powertrainCombustionEngineTPS,CAN_ENGINE_TPS,LATEST_LIVE,2026-09-02T19:22:08.000Z,2026-09-02T19:22:13.750Z,2026-09-02T19:22:13.513Z,2026-09-02T19:22:13.750Z,3618,14.11764705882353,"{""value"":14.11764705882353,""timestamp"":""2026-09-02T19:22:08Z""}",,,,,,,,2838
powertrainCombustionEngineTPS,CAN_ENGINE_TPS,HF_HISTORICAL,2026-09-02T19:22:05.606Z,2026-09-02T19:22:13.978Z,2026-09-02T19:22:13.752Z,2026-09-02T19:22:13.978Z,3622,14.11764705882353,14.11764705882353,11ea7e93070423851e2e207a80e71b8877abf687876c243b66b1d6d4a5db8c2e,1s,AVG,11ea7e93070423851e2e207a80e71b8877abf687876c243b66b1d6d4a5db8c2e,2026-09-02T19:22:05.606Z,2026-09-02T19:22:13.752Z,2026-09-02T19:22:13.752Z,2842
powertrainCombustionEngineTPS,CAN_ENGINE_TPS,HF_HISTORICAL,2026-09-02T19:22:07.606Z,2026-09-02T19:22:13.978Z,2026-09-02T19:22:13.752Z,2026-09-02T19:22:13.978Z,3627,14.11764705882353,14.11764705882353,ba447ea1db6aec6106a29c6e4f3a75409aab9416597fcb8278cddf261f615399,1s,AVG,ba447ea1db6aec6106a29c6e4f3a75409aab9416597fcb8278cddf261f615399,2026-09-02T19:22:05.606Z,2026-09-02T19:22:13.752Z,2026-09-02T19:22:13.752Z,2847
powertrainCombustionEngineTPS,CAN_ENGINE_TPS,LATEST_LIVE,2026-09-02T19:22:16.000Z,2026-09-02T19:22:19.643Z,2026-09-02T19:22:19.335Z,2026-09-02T19:22:19.643Z,3632,14.11764705882353,"{""value"":14.11764705882353,""timestamp"":""2026-09-02T19:22:16Z""}",,,,,,,,2852
powertrainCombustionEngineTPS,CAN_ENGINE_TPS,HF_HISTORICAL,2026-09-02T19:22:12.752Z,2026-09-02T19:22:19.936Z,2026-09-02T19:22:19.645Z,2026-09-02T19:22:19.936Z,3637,14.11764705882353,14.11764705882353,ac9b53f7eb174e09fe62e42943900c979ef1ec666f9c4b9e2537f4ca25dc3f5d,1s,AVG,ac9b53f7eb174e09fe62e42943900c979ef1ec666f9c4b9e2537f4ca25dc3f5d,2026-09-02T19:22:11.752Z,2026-09-02T19:22:19.645Z,2026-09-02T19:22:19.645Z,2857
powertrainCombustionEngineTPS,CAN_ENGINE_TPS,HF_HISTORICAL,2026-09-02T19:22:13.752Z,2026-09-02T19:22:19.936Z,2026-09-02T19:22:19.645Z,2026-09-02T19:22:19.936Z,3642,14.11764705882353,14.11764705882353,096fad9589eca257186b1656b2f51f5a103fad84138917a06443cba73a27a905,1s,AVG,096fad9589eca257186b1656b2f51f5a103fad84138917a06443cba73a27a905,2026-09-02T19:22:11.752Z,2026-09-02T19:22:19.645Z,2026-09-02T19:22:19.645Z,2862
powertrainCombustionEngineTPS,CAN_ENGINE_TPS,HF_HISTORICAL,2026-09-02T19:22:15.752Z,2026-09-02T19:22:19.936Z,2026-09-02T19:22:19.645Z,2026-09-02T19:22:19.936Z,3647,14.11764705882353,14.11764705882353,7df9cabf72a95df148c92ced529bd706b1dba1f445395f98e889a30b5e09d2e5,1s,AVG,7df9cabf72a95df148c92ced529bd706b1dba1f445395f98e889a30b5e09d2e5,2026-09-02T19:22:11.752Z,2026-09-02T19:22:19.645Z,2026-09-02T19:22:19.645Z,2867
powertrainCombustionEngineTPS,CAN_ENGINE_TPS,LATEST_LIVE,2026-09-02T19:22:21.000Z,2026-09-02T19:22:25.602Z,2026-09-02T19:22:25.274Z,2026-09-02T19:22:25.602Z,3652,29.41176470588235,"{""value"":29.41176470588235,""timestamp"":""2026-09-02T19:22:21Z""}",,,,,,,,2872
powertrainCombustionEngineTPS,CAN_ENGINE_TPS,HF_HISTORICAL,2026-09-02T19:22:17.645Z,2026-09-02T19:22:26.059Z,2026-09-02T19:22:25.605Z,2026-09-02T19:22:26.059Z,3657,23.52941176470588,23.52941176470588,48edd5b66321ee7d83c6ed1f636c1ad6ab676928924a160c0e7d3604d9b3da3c,1s,AVG,48edd5b66321ee7d83c6ed1f636c1ad6ab676928924a160c0e7d3604d9b3da3c,2026-09-02T19:22:17.645Z,2026-09-02T19:22:25.605Z,2026-09-02T19:22:25.605Z,2877
powertrainCombustionEngineTPS,CAN_ENGINE_TPS,HF_HISTORICAL,2026-09-02T19:22:19.645Z,2026-09-02T19:22:26.059Z,2026-09-02T19:22:25.605Z,2026-09-02T19:22:26.059Z,3662,26.66666666666667,26.66666666666667,d4717e2e396396630bba3ff3cd8b9008e73e812c32c5d883ccb4433bb06024dd,1s,AVG,d4717e2e396396630bba3ff3cd8b9008e73e812c32c5d883ccb4433bb06024dd,2026-09-02T19:22:17.645Z,2026-09-02T19:22:25.605Z,2026-09-02T19:22:25.605Z,2882
powertrainCombustionEngineTPS,CAN_ENGINE_TPS,HF_HISTORICAL,2026-09-02T19:22:20.645Z,2026-09-02T19:22:26.059Z,2026-09-02T19:22:25.605Z,2026-09-02T19:22:26.059Z,3667,29.41176470588235,29.41176470588235,34bcc89dbc0afcfa16fb5be41bd6d3d9f883600d0dac7430f9d5af55b32db7a0,1s,AVG,34bcc89dbc0afcfa16fb5be41bd6d3d9f883600d0dac7430f9d5af55b32db7a0,2026-09-02T19:22:17.645Z,2026-09-02T19:22:25.605Z,2026-09-02T19:22:25.605Z,2887
powertrainCombustionEngineTPS,CAN_ENGINE_TPS,HF_HISTORICAL,2026-09-02T19:22:22.645Z,2026-09-02T19:22:26.059Z,2026-09-02T19:22:25.605Z,2026-09-02T19:22:26.059Z,3671,15.68627450980392,15.68627450980392,016e25bcea8636e39f4f52ff12b9f5ed5784b12a21c51c6043a51dd209a27656,1s,AVG,016e25bcea8636e39f4f52ff12b9f5ed5784b12a21c51c6043a51dd209a27656,2026-09-02T19:22:17.645Z,2026-09-02T19:22:25.605Z,2026-09-02T19:22:25.605Z,2891
powertrainCombustionEngineTPS,CAN_ENGINE_TPS,LATEST_LIVE,2026-09-02T19:22:23.000Z,2026-09-02T19:22:31.667Z,2026-09-02T19:22:31.423Z,2026-09-02T19:22:31.667Z,3676,15.68627450980392,"{""value"":15.68627450980392,""timestamp"":""2026-09-02T19:22:23Z""}",,,,,,,,2896
powertrainCombustionEngineTPS,CAN_ENGINE_TPS,LATEST_LIVE,2026-09-02T19:22:23.000Z,2026-09-02T19:22:37.429Z,2026-09-02T19:22:37.169Z,2026-09-02T19:22:37.429Z,3681,15.68627450980392,"{""value"":15.68627450980392,""timestamp"":""2026-09-02T19:22:23Z""}",,,,,,,,2901
powertrainCombustionEngineTPS,CAN_ENGINE_TPS,LATEST_LIVE,2026-09-02T19:22:38.000Z,2026-09-02T19:22:43.328Z,2026-09-02T19:22:43.088Z,2026-09-02T19:22:43.328Z,3686,15.68627450980392,"{""value"":15.68627450980392,""timestamp"":""2026-09-02T19:22:38Z""}",,,,,,,,2906
powertrainCombustionEngineTPS,CAN_ENGINE_TPS,HF_HISTORICAL,2026-09-02T19:22:35.432Z,2026-09-02T19:22:43.541Z,2026-09-02T19:22:43.329Z,2026-09-02T19:22:43.541Z,3690,14.11764705882353,14.11764705882353,8443d606851b815d4492ff791782fe86ff37856ce69bee8de65f8ddd480a2b8d,1s,AVG,8443d606851b815d4492ff791782fe86ff37856ce69bee8de65f8ddd480a2b8d,2026-09-02T19:22:35.432Z,2026-09-02T19:22:43.329Z,2026-09-02T19:22:43.329Z,2910
powertrainCombustionEngineTPS,CAN_ENGINE_TPS,HF_HISTORICAL,2026-09-02T19:22:37.432Z,2026-09-02T19:22:43.541Z,2026-09-02T19:22:43.329Z,2026-09-02T19:22:43.541Z,3694,15.68627450980392,15.68627450980392,c1a2ffadd2fbfe23395ceecd69c2c2598ee63640ced060c70bd5408305eb84a7,1s,AVG,c1a2ffadd2fbfe23395ceecd69c2c2598ee63640ced060c70bd5408305eb84a7,2026-09-02T19:22:35.432Z,2026-09-02T19:22:43.329Z,2026-09-02T19:22:43.329Z,2914
powertrainCombustionEngineTPS,CAN_ENGINE_TPS,LATEST_LIVE,2026-09-02T19:22:43.000Z,2026-09-02T19:22:49.565Z,2026-09-02T19:22:49.230Z,2026-09-02T19:22:49.565Z,3725,14.90196078431373,"{""value"":14.90196078431373,""timestamp"":""2026-09-02T19:22:43Z""}",,,,,,,,2925
powertrainCombustionEngineTPS,CAN_ENGINE_TPS,HF_HISTORICAL,2026-09-02T19:22:42.329Z,2026-09-02T19:22:49.824Z,2026-09-02T19:22:49.566Z,2026-09-02T19:22:49.824Z,3729,14.90196078431373,14.90196078431373,25eee13575f13bfa9031bffaef91d9d6c123528ce0541bbcf8bc4ac93c771cc8,1s,AVG,25eee13575f13bfa9031bffaef91d9d6c123528ce0541bbcf8bc4ac93c771cc8,2026-09-02T19:22:41.329Z,2026-09-02T19:22:49.566Z,2026-09-02T19:22:49.566Z,2929
powertrainCombustionEngineTPS,CAN_ENGINE_TPS,LATEST_LIVE,2026-09-02T19:22:51.000Z,2026-09-02T19:22:55.436Z,2026-09-02T19:22:55.169Z,2026-09-02T19:22:55.436Z,3734,15.29411764705882,"{""value"":15.29411764705882,""timestamp"":""2026-09-02T19:22:51Z""}",,,,,,,,2934
powertrainCombustionEngineTPS,CAN_ENGINE_TPS,HF_HISTORICAL,2026-09-02T19:22:49.566Z,2026-09-02T19:22:55.654Z,2026-09-02T19:22:55.439Z,2026-09-02T19:22:55.654Z,3738,15.29411764705882,15.29411764705882,cf9a468d1b264791fae832a17f7a6f98e5858caa29fcf82d3c0540f2749c52cf,1s,AVG,cf9a468d1b264791fae832a17f7a6f98e5858caa29fcf82d3c0540f2749c52cf,2026-09-02T19:22:47.566Z,2026-09-02T19:22:55.438Z,2026-09-02T19:22:55.438Z,2938
powertrainCombustionEngineTPS,CAN_ENGINE_TPS,HF_HISTORICAL,2026-09-02T19:22:50.566Z,2026-09-02T19:22:55.654Z,2026-09-02T19:22:55.439Z,2026-09-02T19:22:55.654Z,3742,15.29411764705882,15.29411764705882,ff9a9db9b64f0398abd6e407a5c9b4ba171ad35a166a6e87604e3d1bd520686e,1s,AVG,ff9a9db9b64f0398abd6e407a5c9b4ba171ad35a166a6e87604e3d1bd520686e,2026-09-02T19:22:47.566Z,2026-09-02T19:22:55.438Z,2026-09-02T19:22:55.438Z,2942
powertrainCombustionEngineTPS,CAN_ENGINE_TPS,LATEST_LIVE,2026-09-02T19:22:55.000Z,2026-09-02T19:23:01.314Z,2026-09-02T19:23:01.013Z,2026-09-02T19:23:01.314Z,3747,25.09803921568627,"{""value"":25.09803921568627,""timestamp"":""2026-09-02T19:22:55Z""}",,,,,,,,2947
powertrainCombustionEngineTPS,CAN_ENGINE_TPS,HF_HISTORICAL,2026-09-02T19:22:53.438Z,2026-09-02T19:23:01.575Z,2026-09-02T19:23:01.326Z,2026-09-02T19:23:01.575Z,3752,36.07843137254902,36.07843137254902,abcb3a246fd4d772ba07b7e7030284af53a3fd3559b44c202771f9ff4fbd132f,1s,AVG,abcb3a246fd4d772ba07b7e7030284af53a3fd3559b44c202771f9ff4fbd132f,2026-09-02T19:22:53.438Z,2026-09-02T19:23:01.325Z,2026-09-02T19:23:01.325Z,2952
powertrainCombustionEngineTPS,CAN_ENGINE_TPS,HF_HISTORICAL,2026-09-02T19:22:54.438Z,2026-09-02T19:23:01.575Z,2026-09-02T19:23:01.326Z,2026-09-02T19:23:01.575Z,3757,25.09803921568627,25.09803921568627,a433e85212811c379c45228d5ef180694c1dc440598cd93a8317f95c7df98d76,1s,AVG,a433e85212811c379c45228d5ef180694c1dc440598cd93a8317f95c7df98d76,2026-09-02T19:22:53.438Z,2026-09-02T19:23:01.325Z,2026-09-02T19:23:01.325Z,2957
powertrainCombustionEngineTPS,CAN_ENGINE_TPS,LATEST_LIVE,2026-09-02T19:23:04.000Z,2026-09-02T19:23:07.178Z,2026-09-02T19:23:06.970Z,2026-09-02T19:23:07.178Z,3762,14.11764705882353,"{""value"":14.11764705882353,""timestamp"":""2026-09-02T19:23:04Z""}",,,,,,,,2962
powertrainCombustionEngineTPS,CAN_ENGINE_TPS,HF_HISTORICAL,2026-09-02T19:22:59.325Z,2026-09-02T19:23:07.417Z,2026-09-02T19:23:07.180Z,2026-09-02T19:23:07.417Z,3766,14.11764705882353,14.11764705882353,4a3eab3a000eef32e4ace49d61b1abbbcc75521e2b068908297388fc6611083f,1s,AVG,4a3eab3a000eef32e4ace49d61b1abbbcc75521e2b068908297388fc6611083f,2026-09-02T19:22:59.325Z,2026-09-02T19:23:07.180Z,2026-09-02T19:23:07.180Z,2966
powertrainCombustionEngineTPS,CAN_ENGINE_TPS,HF_HISTORICAL,2026-09-02T19:23:00.325Z,2026-09-02T19:23:07.417Z,2026-09-02T19:23:07.180Z,2026-09-02T19:23:07.417Z,3770,14.11764705882353,14.11764705882353,6b36d0f9a3274c0034f87a472d5b71ce772c1191ce0fb69305e8e5a9ec255491,1s,AVG,6b36d0f9a3274c0034f87a472d5b71ce772c1191ce0fb69305e8e5a9ec255491,2026-09-02T19:22:59.325Z,2026-09-02T19:23:07.180Z,2026-09-02T19:23:07.180Z,2970
powertrainCombustionEngineTPS,CAN_ENGINE_TPS,HF_HISTORICAL,2026-09-02T19:23:01.325Z,2026-09-02T19:23:07.417Z,2026-09-02T19:23:07.180Z,2026-09-02T19:23:07.417Z,3774,14.11764705882353,14.11764705882353,57b8faee3491a111e52a7b629f89481c10c7c3e97800155e7c49de4e54b91126,1s,AVG,57b8faee3491a111e52a7b629f89481c10c7c3e97800155e7c49de4e54b91126,2026-09-02T19:22:59.325Z,2026-09-02T19:23:07.180Z,2026-09-02T19:23:07.180Z,2974
powertrainCombustionEngineTPS,CAN_ENGINE_TPS,HF_HISTORICAL,2026-09-02T19:23:03.325Z,2026-09-02T19:23:07.417Z,2026-09-02T19:23:07.180Z,2026-09-02T19:23:07.417Z,3778,14.11764705882353,14.11764705882353,aa6ccd84c186a3f57104b32bf6e3a0037caacc479c449377268cfdff52af853a,1s,AVG,aa6ccd84c186a3f57104b32bf6e3a0037caacc479c449377268cfdff52af853a,2026-09-02T19:22:59.325Z,2026-09-02T19:23:07.180Z,2026-09-02T19:23:07.180Z,2978
powertrainCombustionEngineTPS,CAN_ENGINE_TPS,LATEST_LIVE,2026-09-02T19:23:09.000Z,2026-09-02T19:23:12.913Z,2026-09-02T19:23:12.695Z,2026-09-02T19:23:12.913Z,3783,0,"{""value"":0,""timestamp"":""2026-09-02T19:23:09Z""}",,,,,,,,2983
powertrainCombustionEngineTPS,CAN_ENGINE_TPS,HF_HISTORICAL,2026-09-02T19:23:06.180Z,2026-09-02T19:23:13.133Z,2026-09-02T19:23:12.915Z,2026-09-02T19:23:13.133Z,3787,14.11764705882353,14.11764705882353,71aad6e0982e22ad64d14da05bb8b3a537a958b33e79d77438a0f57040408e27,1s,AVG,71aad6e0982e22ad64d14da05bb8b3a537a958b33e79d77438a0f57040408e27,2026-09-02T19:23:05.180Z,2026-09-02T19:23:12.914Z,2026-09-02T19:23:12.914Z,2987
powertrainCombustionEngineTPS,CAN_ENGINE_TPS,HF_HISTORICAL,2026-09-02T19:23:08.180Z,2026-09-02T19:23:13.133Z,2026-09-02T19:23:12.915Z,2026-09-02T19:23:13.133Z,3793,0,0,e473230bdc905348048b6a94135a4e3d0360c97f22d737a5627ddc98aa843507,1s,AVG,e473230bdc905348048b6a94135a4e3d0360c97f22d737a5627ddc98aa843507,2026-09-02T19:23:05.180Z,2026-09-02T19:23:12.914Z,2026-09-02T19:23:12.914Z,2993
powertrainCombustionEngineTPS,CAN_ENGINE_TPS,LATEST_LIVE,2026-09-02T19:23:14.000Z,2026-09-02T19:23:18.664Z,2026-09-02T19:23:18.432Z,2026-09-02T19:23:18.664Z,3798,0,"{""value"":0,""timestamp"":""2026-09-02T19:23:14Z""}",,,,,,,,2998
powertrainCombustionEngineTPS,CAN_ENGINE_TPS,HF_HISTORICAL,2026-09-02T19:23:10.914Z,2026-09-02T19:23:18.878Z,2026-09-02T19:23:18.665Z,2026-09-02T19:23:18.878Z,3801,0,0,d89de4c9f09a5a8a8daf97df98a5f7a07f1ab33fc2e58a6faddbaf80fb7e8810,1s,AVG,d89de4c9f09a5a8a8daf97df98a5f7a07f1ab33fc2e58a6faddbaf80fb7e8810,2026-09-02T19:23:10.914Z,2026-09-02T19:23:18.665Z,2026-09-02T19:23:18.665Z,3001
powertrainCombustionEngineTPS,CAN_ENGINE_TPS,HF_HISTORICAL,2026-09-02T19:23:13.914Z,2026-09-02T19:23:18.878Z,2026-09-02T19:23:18.665Z,2026-09-02T19:23:18.878Z,3805,0,0,eefeea04ca20b819a6f37ea7ab3f1ea8367686a3dd8d7a6d7f6ab0cc1663fd9a,1s,AVG,eefeea04ca20b819a6f37ea7ab3f1ea8367686a3dd8d7a6d7f6ab0cc1663fd9a,2026-09-02T19:23:10.914Z,2026-09-02T19:23:18.665Z,2026-09-02T19:23:18.665Z,3005
powertrainCombustionEngineTPS,CAN_ENGINE_TPS,HF_HISTORICAL,2026-09-02T19:23:15.914Z,2026-09-02T19:23:18.878Z,2026-09-02T19:23:18.665Z,2026-09-02T19:23:18.878Z,3810,0,0,427385aa3a168436a9fa2d647428a2867b66a826d66e6574dae36173a56d3854,1s,AVG,427385aa3a168436a9fa2d647428a2867b66a826d66e6574dae36173a56d3854,2026-09-02T19:23:10.914Z,2026-09-02T19:23:18.665Z,2026-09-02T19:23:18.665Z,3010
powertrainCombustionEngineTPS,CAN_ENGINE_TPS,LATEST_LIVE,2026-09-02T19:23:20.000Z,2026-09-02T19:23:24.556Z,2026-09-02T19:23:24.368Z,2026-09-02T19:23:24.556Z,3841,0,"{""value"":0,""timestamp"":""2026-09-02T19:23:20Z""}",,,,,,,,3021
powertrainCombustionEngineTPS,CAN_ENGINE_TPS,HF_HISTORICAL,2026-09-02T19:23:16.665Z,2026-09-02T19:23:24.798Z,2026-09-02T19:23:24.560Z,2026-09-02T19:23:24.798Z,3845,0,0,487c36ffb9b7db79786fe781c26e81099efb61c4bbdc06d94aa1fe0f78511b18,1s,AVG,487c36ffb9b7db79786fe781c26e81099efb61c4bbdc06d94aa1fe0f78511b18,2026-09-02T19:23:16.665Z,2026-09-02T19:23:24.560Z,2026-09-02T19:23:24.560Z,3025
powertrainCombustionEngineTPS,CAN_ENGINE_TPS,HF_HISTORICAL,2026-09-02T19:23:18.665Z,2026-09-02T19:23:24.798Z,2026-09-02T19:23:24.560Z,2026-09-02T19:23:24.798Z,3849,0,0,1b913e3e62cc095f4c98ebadd5c70a93ff133e783c0c0361ff26175252140a8f,1s,AVG,1b913e3e62cc095f4c98ebadd5c70a93ff133e783c0c0361ff26175252140a8f,2026-09-02T19:23:16.665Z,2026-09-02T19:23:24.560Z,2026-09-02T19:23:24.560Z,3029
powertrainCombustionEngineTPS,CAN_ENGINE_TPS,HF_HISTORICAL,2026-09-02T19:23:19.665Z,2026-09-02T19:23:24.798Z,2026-09-02T19:23:24.560Z,2026-09-02T19:23:24.798Z,3854,0,0,ca6f3fca3960887796af66bef9a85e65d0db82113619b50a1f1ca2c939053867,1s,AVG,ca6f3fca3960887796af66bef9a85e65d0db82113619b50a1f1ca2c939053867,2026-09-02T19:23:16.665Z,2026-09-02T19:23:24.560Z,2026-09-02T19:23:24.560Z,3034
powertrainCombustionEngineTPS,CAN_ENGINE_TPS,HF_HISTORICAL,2026-09-02T19:23:20.665Z,2026-09-02T19:23:24.798Z,2026-09-02T19:23:24.560Z,2026-09-02T19:23:24.798Z,3859,0,0,1221f87dd9f9ed299dd7946d82b086fa329f0368275c8e6a2151a470acb62958,1s,AVG,1221f87dd9f9ed299dd7946d82b086fa329f0368275c8e6a2151a470acb62958,2026-09-02T19:23:16.665Z,2026-09-02T19:23:24.560Z,2026-09-02T19:23:24.560Z,3039
powertrainCombustionEngineTPS,CAN_ENGINE_TPS,LATEST_LIVE,2026-09-02T19:23:25.000Z,2026-09-02T19:23:30.380Z,2026-09-02T19:23:30.139Z,2026-09-02T19:23:30.380Z,3864,0,"{""value"":0,""timestamp"":""2026-09-02T19:23:25Z""}",,,,,,,,3044
powertrainCombustionEngineTPS,CAN_ENGINE_TPS,HF_HISTORICAL,2026-09-02T19:23:22.560Z,2026-09-02T19:23:30.585Z,2026-09-02T19:23:30.383Z,2026-09-02T19:23:30.585Z,3869,0,0,0f0229a7b373359b36c98f372901d2b39f68d3dea5d1800f0818796d63b1a421,1s,AVG,0f0229a7b373359b36c98f372901d2b39f68d3dea5d1800f0818796d63b1a421,2026-09-02T19:23:22.560Z,2026-09-02T19:23:30.383Z,2026-09-02T19:23:30.383Z,3049
powertrainCombustionEngineTPS,CAN_ENGINE_TPS,HF_HISTORICAL,2026-09-02T19:23:24.560Z,2026-09-02T19:23:30.585Z,2026-09-02T19:23:30.383Z,2026-09-02T19:23:30.585Z,3874,0,0,7de63eca41d2386e53a617038fbcf0f895b70575386d3fa1cad9d6671c542e33,1s,AVG,7de63eca41d2386e53a617038fbcf0f895b70575386d3fa1cad9d6671c542e33,2026-09-02T19:23:22.560Z,2026-09-02T19:23:30.383Z,2026-09-02T19:23:30.383Z,3054
powertrainCombustionEngineTPS,CAN_ENGINE_TPS,LATEST_LIVE,2026-09-02T19:23:31.000Z,2026-09-02T19:23:36.174Z,2026-09-02T19:23:35.951Z,2026-09-02T19:23:36.174Z,3879,0,"{""value"":0,""timestamp"":""2026-09-02T19:23:31Z""}",,,,,,,,3059
powertrainCombustionEngineTPS,CAN_ENGINE_TPS,HF_HISTORICAL,2026-09-02T19:23:29.383Z,2026-09-02T19:23:36.364Z,2026-09-02T19:23:36.175Z,2026-09-02T19:23:36.364Z,3884,0,0,3ebcd93f8abf789d310a8f2ef970e044febae9747cb156b5c8a9f211d36e787f,1s,AVG,3ebcd93f8abf789d310a8f2ef970e044febae9747cb156b5c8a9f211d36e787f,2026-09-02T19:23:28.383Z,2026-09-02T19:23:36.175Z,2026-09-02T19:23:36.175Z,3064
powertrainCombustionEngineTPS,CAN_ENGINE_TPS,HF_HISTORICAL,2026-09-02T19:23:30.383Z,2026-09-02T19:23:36.364Z,2026-09-02T19:23:36.175Z,2026-09-02T19:23:36.364Z,3889,0,0,e2fd4e3812f2d9cb6cf6133c3edd10d361404f19a20a549a13cc8c5a88e587e6,1s,AVG,e2fd4e3812f2d9cb6cf6133c3edd10d361404f19a20a549a13cc8c5a88e587e6,2026-09-02T19:23:28.383Z,2026-09-02T19:23:36.175Z,2026-09-02T19:23:36.175Z,3069
powertrainCombustionEngineTPS,CAN_ENGINE_TPS,LATEST_LIVE,2026-09-02T19:23:36.000Z,2026-09-02T19:23:41.884Z,2026-09-02T19:23:41.678Z,2026-09-02T19:23:41.884Z,3894,0,"{""value"":0,""timestamp"":""2026-09-02T19:23:36Z""}",,,,,,,,3074
powertrainCombustionEngineTPS,CAN_ENGINE_TPS,HF_HISTORICAL,2026-09-02T19:23:34.175Z,2026-09-02T19:23:42.088Z,2026-09-02T19:23:41.885Z,2026-09-02T19:23:42.088Z,3899,0,0,b699eabefc0221adadf677f47d80bb312deee4e6f14c32350a255e152d0d4b37,1s,AVG,b699eabefc0221adadf677f47d80bb312deee4e6f14c32350a255e152d0d4b37,2026-09-02T19:23:34.175Z,2026-09-02T19:23:41.885Z,2026-09-02T19:23:41.885Z,3079
powertrainCombustionEngineTPS,CAN_ENGINE_TPS,HF_HISTORICAL,2026-09-02T19:23:35.175Z,2026-09-02T19:23:42.088Z,2026-09-02T19:23:41.885Z,2026-09-02T19:23:42.088Z,3904,0,0,c3c031d75d9aca6a036733fe880fc472d1d201720e27c1721ca1ae1b5dbc9fc3,1s,AVG,c3c031d75d9aca6a036733fe880fc472d1d201720e27c1721ca1ae1b5dbc9fc3,2026-09-02T19:23:34.175Z,2026-09-02T19:23:41.885Z,2026-09-02T19:23:41.885Z,3084
powertrainCombustionEngineTPS,CAN_ENGINE_TPS,HF_HISTORICAL,2026-09-02T19:23:37.175Z,2026-09-02T19:23:42.088Z,2026-09-02T19:23:41.885Z,2026-09-02T19:23:42.088Z,3909,0,0,e2198b5cabe1f01d3667e0787da0283a901b2fafe688286c317f49a231683ad0,1s,AVG,e2198b5cabe1f01d3667e0787da0283a901b2fafe688286c317f49a231683ad0,2026-09-02T19:23:34.175Z,2026-09-02T19:23:41.885Z,2026-09-02T19:23:41.885Z,3089
powertrainCombustionEngineTPS,CAN_ENGINE_TPS,HF_HISTORICAL,2026-09-02T19:23:38.175Z,2026-09-02T19:23:42.088Z,2026-09-02T19:23:41.885Z,2026-09-02T19:23:42.088Z,3914,0,0,a008e3f7568ba0617496da03bd2e2bd75bc670f661d427ac61c9adedb1d9889c,1s,AVG,a008e3f7568ba0617496da03bd2e2bd75bc670f661d427ac61c9adedb1d9889c,2026-09-02T19:23:34.175Z,2026-09-02T19:23:41.885Z,2026-09-02T19:23:41.885Z,3094
powertrainCombustionEngineTPS,CAN_ENGINE_TPS,LATEST_LIVE,2026-09-02T19:23:44.000Z,2026-09-02T19:23:47.798Z,2026-09-02T19:23:47.426Z,2026-09-02T19:23:47.798Z,3919,0,"{""value"":0,""timestamp"":""2026-09-02T19:23:44Z""}",,,,,,,,3099
powertrainCombustionEngineTPS,CAN_ENGINE_TPS,HF_HISTORICAL,2026-09-02T19:23:39.885Z,2026-09-02T19:23:48.007Z,2026-09-02T19:23:47.805Z,2026-09-02T19:23:48.007Z,3924,0,0,048df755b61cd7fc0bf7f89fcda1f63265d3a60c414f5282024f4a654a76ec00,1s,AVG,048df755b61cd7fc0bf7f89fcda1f63265d3a60c414f5282024f4a654a76ec00,2026-09-02T19:23:39.885Z,2026-09-02T19:23:47.805Z,2026-09-02T19:23:47.805Z,3104
powertrainCombustionEngineTPS,CAN_ENGINE_TPS,HF_HISTORICAL,2026-09-02T19:23:43.885Z,2026-09-02T19:23:48.007Z,2026-09-02T19:23:47.805Z,2026-09-02T19:23:48.007Z,3929,0,0,9c584ec77c9c03b680b21c9f3e941a56877912f87ed1b4a29441ff028c4d867a,1s,AVG,9c584ec77c9c03b680b21c9f3e941a56877912f87ed1b4a29441ff028c4d867a,2026-09-02T19:23:39.885Z,2026-09-02T19:23:47.805Z,2026-09-02T19:23:47.805Z,3109
powertrainCombustionEngineTPS,CAN_ENGINE_TPS,LATEST_LIVE,2026-09-02T19:23:47.000Z,2026-09-02T19:23:53.955Z,2026-09-02T19:23:53.463Z,2026-09-02T19:23:53.955Z,3934,0,"{""value"":0,""timestamp"":""2026-09-02T19:23:47Z""}",,,,,,,,3114
powertrainCombustionEngineTPS,CAN_ENGINE_TPS,HF_HISTORICAL,2026-09-02T19:23:45.805Z,2026-09-02T19:23:54.159Z,2026-09-02T19:23:53.956Z,2026-09-02T19:23:54.159Z,3938,0,0,150edeaa84449241298f0df820767b6c69eab62baac8f21065672f26b9903e8e,1s,AVG,150edeaa84449241298f0df820767b6c69eab62baac8f21065672f26b9903e8e,2026-09-02T19:23:45.805Z,2026-09-02T19:23:53.956Z,2026-09-02T19:23:53.956Z,3118
powertrainCombustionEngineTPS,CAN_ENGINE_TPS,HF_HISTORICAL,2026-09-02T19:23:46.805Z,2026-09-02T19:23:54.159Z,2026-09-02T19:23:53.956Z,2026-09-02T19:23:54.159Z,3942,0,0,253598dc97d4ebf913c73956d6ef48c9af9996695c13e90be8c9f3aea0544715,1s,AVG,253598dc97d4ebf913c73956d6ef48c9af9996695c13e90be8c9f3aea0544715,2026-09-02T19:23:45.805Z,2026-09-02T19:23:53.956Z,2026-09-02T19:23:53.956Z,3122
powertrainCombustionEngineTPS,CAN_ENGINE_TPS,LATEST_LIVE,2026-09-02T19:23:55.000Z,2026-09-02T19:24:00.048Z,2026-09-02T19:23:59.808Z,2026-09-02T19:24:00.048Z,3979,0,"{""value"":0,""timestamp"":""2026-09-02T19:23:55Z""}",,,,,,,,3139
powertrainCombustionEngineTPS,CAN_ENGINE_TPS,HF_HISTORICAL,2026-09-02T19:23:51.956Z,2026-09-02T19:24:00.256Z,2026-09-02T19:24:00.051Z,2026-09-02T19:24:00.256Z,3983,0,0,4dda6ffcfcb735420cb7a78b0ac89da9e6076f251a698f9e71351ee1198b1d32,1s,AVG,4dda6ffcfcb735420cb7a78b0ac89da9e6076f251a698f9e71351ee1198b1d32,2026-09-02T19:23:51.956Z,2026-09-02T19:24:00.050Z,2026-09-02T19:24:00.050Z,3143
powertrainCombustionEngineTPS,CAN_ENGINE_TPS,HF_HISTORICAL,2026-09-02T19:23:53.956Z,2026-09-02T19:24:00.256Z,2026-09-02T19:24:00.051Z,2026-09-02T19:24:00.256Z,3987,0,0,4014b94a2530f4b0234dc2e0fca8f4d614f531182aa6ba86e79616ca350da1ae,1s,AVG,4014b94a2530f4b0234dc2e0fca8f4d614f531182aa6ba86e79616ca350da1ae,2026-09-02T19:23:51.956Z,2026-09-02T19:24:00.050Z,2026-09-02T19:24:00.050Z,3147
powertrainCombustionEngineTPS,CAN_ENGINE_TPS,HF_HISTORICAL,2026-09-02T19:23:54.956Z,2026-09-02T19:24:00.256Z,2026-09-02T19:24:00.051Z,2026-09-02T19:24:00.256Z,3992,0,0,bd4819cb066adde7747abbe8ec526f8f4c3d3e57eafb1a32ef884aa35bdef69a,1s,AVG,bd4819cb066adde7747abbe8ec526f8f4c3d3e57eafb1a32ef884aa35bdef69a,2026-09-02T19:23:51.956Z,2026-09-02T19:24:00.050Z,2026-09-02T19:24:00.050Z,3152
powertrainCombustionEngineTPS,CAN_ENGINE_TPS,LATEST_LIVE,2026-09-02T19:24:00.000Z,2026-09-02T19:24:05.866Z,2026-09-02T19:24:05.636Z,2026-09-02T19:24:05.866Z,3997,0,"{""value"":0,""timestamp"":""2026-09-02T19:24:00Z""}",,,,,,,,3157
powertrainCombustionEngineTPS,CAN_ENGINE_TPS,HF_HISTORICAL,2026-09-02T19:23:59.050Z,2026-09-02T19:24:06.142Z,2026-09-02T19:24:05.871Z,2026-09-02T19:24:06.142Z,4002,0,0,3c4c145d556df0ac202ee727a84f36a1c898041e0d4199b134ed3f3c2d26bd51,1s,AVG,3c4c145d556df0ac202ee727a84f36a1c898041e0d4199b134ed3f3c2d26bd51,2026-09-02T19:23:58.050Z,2026-09-02T19:24:05.871Z,2026-09-02T19:24:05.871Z,3162
powertrainCombustionEngineTPS,CAN_ENGINE_TPS,LATEST_LIVE,2026-09-02T19:24:08.000Z,2026-09-02T19:24:11.703Z,2026-09-02T19:24:11.473Z,2026-09-02T19:24:11.703Z,4007,0,"{""value"":0,""timestamp"":""2026-09-02T19:24:08Z""}",,,,,,,,3167
powertrainCombustionEngineTPS,CAN_ENGINE_TPS,HF_HISTORICAL,2026-09-02T19:24:04.871Z,2026-09-02T19:24:12.121Z,2026-09-02T19:24:11.705Z,2026-09-02T19:24:12.121Z,4012,0,0,ab6448dfd5259041167168139a4166aa6a6783c1c284ba7e0215b964abdd9258,1s,AVG,ab6448dfd5259041167168139a4166aa6a6783c1c284ba7e0215b964abdd9258,2026-09-02T19:24:03.871Z,2026-09-02T19:24:11.705Z,2026-09-02T19:24:11.705Z,3172
powertrainCombustionEngineTPS,CAN_ENGINE_TPS,HF_HISTORICAL,2026-09-02T19:24:05.871Z,2026-09-02T19:24:12.121Z,2026-09-02T19:24:11.705Z,2026-09-02T19:24:12.121Z,4017,0,0,cfc6497077cbf354b2f0feede3fcf15b35ad5338e934050f2a4b5044d5014785,1s,AVG,cfc6497077cbf354b2f0feede3fcf15b35ad5338e934050f2a4b5044d5014785,2026-09-02T19:24:03.871Z,2026-09-02T19:24:11.705Z,2026-09-02T19:24:11.705Z,3177
powertrainCombustionEngineTPS,CAN_ENGINE_TPS,HF_HISTORICAL,2026-09-02T19:24:07.871Z,2026-09-02T19:24:12.121Z,2026-09-02T19:24:11.705Z,2026-09-02T19:24:12.121Z,4022,0,0,8e04d808f7e8b046c936d5167b9092b46faa70a11e724fa74e84f5d1ef7ed7cd,1s,AVG,8e04d808f7e8b046c936d5167b9092b46faa70a11e724fa74e84f5d1ef7ed7cd,2026-09-02T19:24:03.871Z,2026-09-02T19:24:11.705Z,2026-09-02T19:24:11.705Z,3182
powertrainCombustionEngineTPS,CAN_ENGINE_TPS,LATEST_LIVE,2026-09-02T19:24:12.000Z,2026-09-02T19:24:17.640Z,2026-09-02T19:24:17.409Z,2026-09-02T19:24:17.640Z,4027,0,"{""value"":0,""timestamp"":""2026-09-02T19:24:12Z""}",,,,,,,,3187
powertrainCombustionEngineTPS,CAN_ENGINE_TPS,HF_HISTORICAL,2026-09-02T19:24:09.705Z,2026-09-02T19:24:17.845Z,2026-09-02T19:24:17.641Z,2026-09-02T19:24:17.845Z,4032,0,0,2831a1a03e7fa7b6c41d126bd56c5b3610951d8605e16f452ce09aa72342c999,1s,AVG,2831a1a03e7fa7b6c41d126bd56c5b3610951d8605e16f452ce09aa72342c999,2026-09-02T19:24:09.705Z,2026-09-02T19:24:17.641Z,2026-09-02T19:24:17.641Z,3192
powertrainCombustionEngineTPS,CAN_ENGINE_TPS,HF_HISTORICAL,2026-09-02T19:24:11.705Z,2026-09-02T19:24:17.845Z,2026-09-02T19:24:17.641Z,2026-09-02T19:24:17.845Z,4037,0,0,a5a7aecb63576d66a891ef457e3672136d4951581f8a0f54bed75b8e64046906,1s,AVG,a5a7aecb63576d66a891ef457e3672136d4951581f8a0f54bed75b8e64046906,2026-09-02T19:24:09.705Z,2026-09-02T19:24:17.641Z,2026-09-02T19:24:17.641Z,3197
powertrainCombustionEngineTPS,CAN_ENGINE_TPS,LATEST_LIVE,2026-09-02T19:24:19.000Z,2026-09-02T19:24:23.393Z,2026-09-02T19:24:23.154Z,2026-09-02T19:24:23.393Z,4042,14.11764705882353,"{""value"":14.11764705882353,""timestamp"":""2026-09-02T19:24:19Z""}",,,,,,,,3202
powertrainCombustionEngineTPS,CAN_ENGINE_TPS,HF_HISTORICAL,2026-09-02T19:24:16.641Z,2026-09-02T19:24:23.628Z,2026-09-02T19:24:23.394Z,2026-09-02T19:24:23.628Z,4046,14.11764705882353,14.11764705882353,6896825dd3b6cba9524bdb5dd71ef31df0d974b9d50e0c54c684ebb04f66470f,1s,AVG,6896825dd3b6cba9524bdb5dd71ef31df0d974b9d50e0c54c684ebb04f66470f,2026-09-02T19:24:15.641Z,2026-09-02T19:24:23.394Z,2026-09-02T19:24:23.394Z,3206
powertrainCombustionEngineTPS,CAN_ENGINE_TPS,HF_HISTORICAL,2026-09-02T19:24:18.641Z,2026-09-02T19:24:23.628Z,2026-09-02T19:24:23.394Z,2026-09-02T19:24:23.628Z,4051,14.11764705882353,14.11764705882353,ecdcfee092f428d1119d02e8028bbef13720ac06ce6a05900a5d25a54cbcfe87,1s,AVG,ecdcfee092f428d1119d02e8028bbef13720ac06ce6a05900a5d25a54cbcfe87,2026-09-02T19:24:15.641Z,2026-09-02T19:24:23.394Z,2026-09-02T19:24:23.394Z,3211
powertrainCombustionEngineTPS,CAN_ENGINE_TPS,LATEST_LIVE,2026-09-02T19:24:26.000Z,2026-09-02T19:24:29.238Z,2026-09-02T19:24:28.990Z,2026-09-02T19:24:29.238Z,4056,25.09803921568627,"{""value"":25.09803921568627,""timestamp"":""2026-09-02T19:24:26Z""}",,,,,,,,3216
powertrainCombustionEngineTPS,CAN_ENGINE_TPS,HF_HISTORICAL,2026-09-02T19:24:21.394Z,2026-09-02T19:24:29.438Z,2026-09-02T19:24:29.240Z,2026-09-02T19:24:29.438Z,4061,14.50980392156863,14.50980392156863,999440e48e364edf7a93ce335b6ed7d777cebe0471a54ff2a498ebc5ffd087ff,1s,AVG,999440e48e364edf7a93ce335b6ed7d777cebe0471a54ff2a498ebc5ffd087ff,2026-09-02T19:24:21.394Z,2026-09-02T19:24:29.240Z,2026-09-02T19:24:29.240Z,3221
powertrainCombustionEngineTPS,CAN_ENGINE_TPS,HF_HISTORICAL,2026-09-02T19:24:22.394Z,2026-09-02T19:24:29.438Z,2026-09-02T19:24:29.240Z,2026-09-02T19:24:29.438Z,4066,23.13725490196078,23.13725490196078,186b2a22e6d3e0e302dc0863c9aef83e61fc71647dbb930bd0c70250b54c4f69,1s,AVG,186b2a22e6d3e0e302dc0863c9aef83e61fc71647dbb930bd0c70250b54c4f69,2026-09-02T19:24:21.394Z,2026-09-02T19:24:29.240Z,2026-09-02T19:24:29.240Z,3226
powertrainCombustionEngineTPS,CAN_ENGINE_TPS,HF_HISTORICAL,2026-09-02T19:24:24.394Z,2026-09-02T19:24:29.438Z,2026-09-02T19:24:29.240Z,2026-09-02T19:24:29.438Z,4070,14.11764705882353,14.11764705882353,5f7fab23b3fdb56774df3db55eeb9f5ff8620aba92f6e286bfc622b6eb45f9e0,1s,AVG,5f7fab23b3fdb56774df3db55eeb9f5ff8620aba92f6e286bfc622b6eb45f9e0,2026-09-02T19:24:21.394Z,2026-09-02T19:24:29.240Z,2026-09-02T19:24:29.240Z,3230
powertrainCombustionEngineTPS,CAN_ENGINE_TPS,HF_HISTORICAL,2026-09-02T19:24:25.394Z,2026-09-02T19:24:29.438Z,2026-09-02T19:24:29.240Z,2026-09-02T19:24:29.438Z,4075,25.09803921568627,25.09803921568627,ac3401170ffb39d46a94ec9e2f2bd235828de514bb52fdf7a39a7f397db50e72,1s,AVG,ac3401170ffb39d46a94ec9e2f2bd235828de514bb52fdf7a39a7f397db50e72,2026-09-02T19:24:21.394Z,2026-09-02T19:24:29.240Z,2026-09-02T19:24:29.240Z,3235
powertrainCombustionEngineTPS,CAN_ENGINE_TPS,LATEST_LIVE,2026-09-02T19:24:31.000Z,2026-09-02T19:24:35.274Z,2026-09-02T19:24:35.044Z,2026-09-02T19:24:35.274Z,4106,31.37254901960784,"{""value"":31.37254901960784,""timestamp"":""2026-09-02T19:24:31Z""}",,,,,,,,3246
powertrainCombustionEngineTPS,CAN_ENGINE_TPS,HF_HISTORICAL,2026-09-02T19:24:28.240Z,2026-09-02T19:24:35.488Z,2026-09-02T19:24:35.275Z,2026-09-02T19:24:35.488Z,4111,26.66666666666667,26.66666666666667,61ac43b58e9765884dcf25d2c8393addad98326d99e2f373c757270cdae95e7b,1s,AVG,61ac43b58e9765884dcf25d2c8393addad98326d99e2f373c757270cdae95e7b,2026-09-02T19:24:27.240Z,2026-09-02T19:24:35.275Z,2026-09-02T19:24:35.275Z,3251
powertrainCombustionEngineTPS,CAN_ENGINE_TPS,HF_HISTORICAL,2026-09-02T19:24:30.240Z,2026-09-02T19:24:35.488Z,2026-09-02T19:24:35.275Z,2026-09-02T19:24:35.488Z,4116,31.37254901960784,31.37254901960784,17d6accde4a65b165f3a9629304f213993d6cd78dd3210f0b9afb270683ffefe,1s,AVG,17d6accde4a65b165f3a9629304f213993d6cd78dd3210f0b9afb270683ffefe,2026-09-02T19:24:27.240Z,2026-09-02T19:24:35.275Z,2026-09-02T19:24:35.275Z,3256
powertrainCombustionEngineTPS,CAN_ENGINE_TPS,LATEST_LIVE,2026-09-02T19:24:37.000Z,2026-09-02T19:24:41.054Z,2026-09-02T19:24:40.765Z,2026-09-02T19:24:41.054Z,4121,14.11764705882353,"{""value"":14.11764705882353,""timestamp"":""2026-09-02T19:24:37Z""}",,,,,,,,3261
powertrainCombustionEngineTPS,CAN_ENGINE_TPS,HF_HISTORICAL,2026-09-02T19:24:33.275Z,2026-09-02T19:24:41.494Z,2026-09-02T19:24:41.055Z,2026-09-02T19:24:41.494Z,4126,32.15686274509804,32.15686274509804,b6663ad35ed41adf521f0106791fcece5ceaba249cd2113cba45de968a2074b4,1s,AVG,b6663ad35ed41adf521f0106791fcece5ceaba249cd2113cba45de968a2074b4,2026-09-02T19:24:33.275Z,2026-09-02T19:24:41.055Z,2026-09-02T19:24:41.055Z,3266
powertrainCombustionEngineTPS,CAN_ENGINE_TPS,HF_HISTORICAL,2026-09-02T19:24:34.275Z,2026-09-02T19:24:41.494Z,2026-09-02T19:24:41.055Z,2026-09-02T19:24:41.494Z,4131,28.62745098039216,28.62745098039216,a057223404b05edc72a48bdf97ac9ec2b183b7d04a1129cfb2c11494ff3db4ee,1s,AVG,a057223404b05edc72a48bdf97ac9ec2b183b7d04a1129cfb2c11494ff3db4ee,2026-09-02T19:24:33.275Z,2026-09-02T19:24:41.055Z,2026-09-02T19:24:41.055Z,3271
powertrainCombustionEngineTPS,CAN_ENGINE_TPS,HF_HISTORICAL,2026-09-02T19:24:36.275Z,2026-09-02T19:24:41.494Z,2026-09-02T19:24:41.055Z,2026-09-02T19:24:41.494Z,4136,14.11764705882353,14.11764705882353,d2f3df2cc87bbff8ec1c2c2dc64197b3ea85a7631e99fd75d6cd3c0c09df8060,1s,AVG,d2f3df2cc87bbff8ec1c2c2dc64197b3ea85a7631e99fd75d6cd3c0c09df8060,2026-09-02T19:24:33.275Z,2026-09-02T19:24:41.055Z,2026-09-02T19:24:41.055Z,3276
powertrainCombustionEngineTPS,CAN_ENGINE_TPS,LATEST_LIVE,2026-09-02T19:24:44.000Z,2026-09-02T19:24:47.265Z,2026-09-02T19:24:46.812Z,2026-09-02T19:24:47.265Z,4141,24.70588235294118,"{""value"":24.70588235294118,""timestamp"":""2026-09-02T19:24:44Z""}",,,,,,,,3281
powertrainCombustionEngineTPS,CAN_ENGINE_TPS,HF_HISTORICAL,2026-09-02T19:24:40.055Z,2026-09-02T19:24:47.498Z,2026-09-02T19:24:47.266Z,2026-09-02T19:24:47.498Z,4146,22.74509803921569,22.74509803921569,02989a62d835c8a219d5aa4444a4f2722601fe83854640944faa83a7736119ce,1s,AVG,02989a62d835c8a219d5aa4444a4f2722601fe83854640944faa83a7736119ce,2026-09-02T19:24:39.055Z,2026-09-02T19:24:47.266Z,2026-09-02T19:24:47.266Z,3286
powertrainCombustionEngineTPS,CAN_ENGINE_TPS,HF_HISTORICAL,2026-09-02T19:24:43.055Z,2026-09-02T19:24:47.498Z,2026-09-02T19:24:47.266Z,2026-09-02T19:24:47.498Z,4151,24.70588235294118,24.70588235294118,cb46456ef354202599520c4b69b6f624ff079e7cdc26b13899f1b90c7d876b76,1s,AVG,cb46456ef354202599520c4b69b6f624ff079e7cdc26b13899f1b90c7d876b76,2026-09-02T19:24:39.055Z,2026-09-02T19:24:47.266Z,2026-09-02T19:24:47.266Z,3291
powertrainCombustionEngineTPS,CAN_ENGINE_TPS,LATEST_LIVE,2026-09-02T19:24:50.000Z,2026-09-02T19:24:53.005Z,2026-09-02T19:24:52.759Z,2026-09-02T19:24:53.005Z,4156,21.17647058823529,"{""value"":21.17647058823529,""timestamp"":""2026-09-02T19:24:50Z""}",,,,,,,,3296
powertrainCombustionEngineTPS,CAN_ENGINE_TPS,HF_HISTORICAL,2026-09-02T19:24:45.266Z,2026-09-02T19:24:53.249Z,2026-09-02T19:24:53.006Z,2026-09-02T19:24:53.249Z,4161,23.92156862745098,23.92156862745098,fb9e3070f0e1d49768ac399855bf6111ddc265f171c2a6db36ee7a89462faf30,1s,AVG,fb9e3070f0e1d49768ac399855bf6111ddc265f171c2a6db36ee7a89462faf30,2026-09-02T19:24:45.266Z,2026-09-02T19:24:53.006Z,2026-09-02T19:24:53.006Z,3301
powertrainCombustionEngineTPS,CAN_ENGINE_TPS,HF_HISTORICAL,2026-09-02T19:24:46.266Z,2026-09-02T19:24:53.249Z,2026-09-02T19:24:53.006Z,2026-09-02T19:24:53.249Z,4166,14.11764705882353,14.11764705882353,acfcf7cc864b845fb07a54e82010cdf6a02da2d98057fdd925cc50ac5a61127f,1s,AVG,acfcf7cc864b845fb07a54e82010cdf6a02da2d98057fdd925cc50ac5a61127f,2026-09-02T19:24:45.266Z,2026-09-02T19:24:53.006Z,2026-09-02T19:24:53.006Z,3306
powertrainCombustionEngineTPS,CAN_ENGINE_TPS,HF_HISTORICAL,2026-09-02T19:24:48.266Z,2026-09-02T19:24:53.249Z,2026-09-02T19:24:53.006Z,2026-09-02T19:24:53.249Z,4171,33.33333333333334,33.33333333333334,a265db646322483f0e0e4fa9abedcd7c1bd159c23cb837d4396434b6b761fe29,1s,AVG,a265db646322483f0e0e4fa9abedcd7c1bd159c23cb837d4396434b6b761fe29,2026-09-02T19:24:45.266Z,2026-09-02T19:24:53.006Z,2026-09-02T19:24:53.006Z,3311
powertrainCombustionEngineTPS,CAN_ENGINE_TPS,HF_HISTORICAL,2026-09-02T19:24:49.266Z,2026-09-02T19:24:53.249Z,2026-09-02T19:24:53.006Z,2026-09-02T19:24:53.249Z,4175,21.17647058823529,21.17647058823529,bad858d65011bbf172052a8280513db3e29daa5f94a7d3ae2d94625389fbd2bf,1s,AVG,bad858d65011bbf172052a8280513db3e29daa5f94a7d3ae2d94625389fbd2bf,2026-09-02T19:24:45.266Z,2026-09-02T19:24:53.006Z,2026-09-02T19:24:53.006Z,3315
powertrainCombustionEngineTPS,CAN_ENGINE_TPS,LATEST_LIVE,2026-09-02T19:24:55.000Z,2026-09-02T19:24:58.878Z,2026-09-02T19:24:58.580Z,2026-09-02T19:24:58.878Z,4180,34.11764705882353,"{""value"":34.11764705882353,""timestamp"":""2026-09-02T19:24:55Z""}",,,,,,,,3320
powertrainCombustionEngineTPS,CAN_ENGINE_TPS,HF_HISTORICAL,2026-09-02T19:24:52.006Z,2026-09-02T19:24:59.109Z,2026-09-02T19:24:58.880Z,2026-09-02T19:24:59.109Z,4185,25.49019607843137,25.49019607843137,004bfb0b97ecda51021000bafbaefd8c0d1a5f389de11bdede237a0a68beb837,1s,AVG,004bfb0b97ecda51021000bafbaefd8c0d1a5f389de11bdede237a0a68beb837,2026-09-02T19:24:51.006Z,2026-09-02T19:24:58.880Z,2026-09-02T19:24:58.880Z,3325
powertrainCombustionEngineTPS,CAN_ENGINE_TPS,HF_HISTORICAL,2026-09-02T19:24:53.006Z,2026-09-02T19:24:59.109Z,2026-09-02T19:24:58.880Z,2026-09-02T19:24:59.109Z,4190,28.62745098039216,28.62745098039216,b4c1e2a4d2becfe543f647f31d94a674f17199338326160ad413fc69e3a69967,1s,AVG,b4c1e2a4d2becfe543f647f31d94a674f17199338326160ad413fc69e3a69967,2026-09-02T19:24:51.006Z,2026-09-02T19:24:58.880Z,2026-09-02T19:24:58.880Z,3330
powertrainCombustionEngineTPS,CAN_ENGINE_TPS,HF_HISTORICAL,2026-09-02T19:24:54.006Z,2026-09-02T19:24:59.109Z,2026-09-02T19:24:58.880Z,2026-09-02T19:24:59.109Z,4195,34.11764705882353,34.11764705882353,aec0348bdd52f841b9d2d9a71fbd5b69693fc3fe785b67a5e5fbbd0ecb25a9b7,1s,AVG,aec0348bdd52f841b9d2d9a71fbd5b69693fc3fe785b67a5e5fbbd0ecb25a9b7,2026-09-02T19:24:51.006Z,2026-09-02T19:24:58.880Z,2026-09-02T19:24:58.880Z,3335
powertrainCombustionEngineTPS,CAN_ENGINE_TPS,LATEST_LIVE,2026-09-02T19:25:00.000Z,2026-09-02T19:25:04.777Z,2026-09-02T19:25:04.466Z,2026-09-02T19:25:04.777Z,4200,32.54901960784314,"{""value"":32.54901960784314,""timestamp"":""2026-09-02T19:25:00Z""}",,,,,,,,3340
powertrainCombustionEngineTPS,CAN_ENGINE_TPS,HF_HISTORICAL,2026-09-02T19:24:58.880Z,2026-09-02T19:25:05.039Z,2026-09-02T19:25:04.778Z,2026-09-02T19:25:05.039Z,4205,34.90196078431372,34.90196078431372,41cab0e45fe6be9d8d594d8b3506273f85bc2ecb8f357b1e3d1b1570d34a4222,1s,AVG,41cab0e45fe6be9d8d594d8b3506273f85bc2ecb8f357b1e3d1b1570d34a4222,2026-09-02T19:24:56.880Z,2026-09-02T19:25:04.778Z,2026-09-02T19:25:04.778Z,3345
powertrainCombustionEngineTPS,CAN_ENGINE_TPS,HF_HISTORICAL,2026-09-02T19:24:59.880Z,2026-09-02T19:25:05.039Z,2026-09-02T19:25:04.778Z,2026-09-02T19:25:05.039Z,4210,32.54901960784314,32.54901960784314,aa4f060fcb20ae88bceae10fe6617fb8edc6b676a65fe082b79e1caccf3be1f1,1s,AVG,aa4f060fcb20ae88bceae10fe6617fb8edc6b676a65fe082b79e1caccf3be1f1,2026-09-02T19:24:56.880Z,2026-09-02T19:25:04.778Z,2026-09-02T19:25:04.778Z,3350
powertrainCombustionEngineTPS,CAN_ENGINE_TPS,HF_HISTORICAL,2026-09-02T19:25:00.880Z,2026-09-02T19:25:05.039Z,2026-09-02T19:25:04.778Z,2026-09-02T19:25:05.039Z,4215,30.98039215686275,30.98039215686275,8512b8e307b8d98545f6a89d093ad1577a12c519867382d01ca1a58502819c2b,1s,AVG,8512b8e307b8d98545f6a89d093ad1577a12c519867382d01ca1a58502819c2b,2026-09-02T19:24:56.880Z,2026-09-02T19:25:04.778Z,2026-09-02T19:25:04.778Z,3355
powertrainCombustionEngineTPS,CAN_ENGINE_TPS,LATEST_LIVE,2026-09-02T19:25:08.000Z,2026-09-02T19:25:11.006Z,2026-09-02T19:25:10.783Z,2026-09-02T19:25:11.006Z,4246,36.47058823529412,"{""value"":36.47058823529412,""timestamp"":""2026-09-02T19:25:08Z""}",,,,,,,,3366
powertrainCombustionEngineTPS,CAN_ENGINE_TPS,HF_HISTORICAL,2026-09-02T19:25:03.778Z,2026-09-02T19:25:11.209Z,2026-09-02T19:25:11.007Z,2026-09-02T19:25:11.209Z,4251,33.33333333333334,33.33333333333334,9368e998f28d7edc5810dae6b09d58dfd16baa1a39879b31a7a0844a51b75688,1s,AVG,9368e998f28d7edc5810dae6b09d58dfd16baa1a39879b31a7a0844a51b75688,2026-09-02T19:25:02.778Z,2026-09-02T19:25:11.007Z,2026-09-02T19:25:11.007Z,3371
powertrainCombustionEngineTPS,CAN_ENGINE_TPS,HF_HISTORICAL,2026-09-02T19:25:04.778Z,2026-09-02T19:25:11.209Z,2026-09-02T19:25:11.007Z,2026-09-02T19:25:11.209Z,4256,31.37254901960784,31.37254901960784,13100c7a762b80a037faffbd5bea1ce86bd6a5cf036fc92d07da38bf591ce5b0,1s,AVG,13100c7a762b80a037faffbd5bea1ce86bd6a5cf036fc92d07da38bf591ce5b0,2026-09-02T19:25:02.778Z,2026-09-02T19:25:11.007Z,2026-09-02T19:25:11.007Z,3376
powertrainCombustionEngineTPS,CAN_ENGINE_TPS,HF_HISTORICAL,2026-09-02T19:25:06.778Z,2026-09-02T19:25:11.209Z,2026-09-02T19:25:11.007Z,2026-09-02T19:25:11.209Z,4261,32.15686274509804,32.15686274509804,c3d71908ef70e3f79f5eb54b3982fe628fd4c0695e319d8b57067d0a930628bc,1s,AVG,c3d71908ef70e3f79f5eb54b3982fe628fd4c0695e319d8b57067d0a930628bc,2026-09-02T19:25:02.778Z,2026-09-02T19:25:11.007Z,2026-09-02T19:25:11.007Z,3381
powertrainCombustionEngineTPS,CAN_ENGINE_TPS,HF_HISTORICAL,2026-09-02T19:25:07.778Z,2026-09-02T19:25:11.209Z,2026-09-02T19:25:11.007Z,2026-09-02T19:25:11.209Z,4266,36.47058823529412,36.47058823529412,7f0ea51019d66ff0fdd64d6a720019e0d82f67129dc779ae8f8233b6b2fefd07,1s,AVG,7f0ea51019d66ff0fdd64d6a720019e0d82f67129dc779ae8f8233b6b2fefd07,2026-09-02T19:25:02.778Z,2026-09-02T19:25:11.007Z,2026-09-02T19:25:11.007Z,3386
powertrainCombustionEngineTPS,CAN_ENGINE_TPS,LATEST_LIVE,2026-09-02T19:25:11.000Z,2026-09-02T19:25:16.802Z,2026-09-02T19:25:16.517Z,2026-09-02T19:25:16.802Z,4271,22.74509803921569,"{""value"":22.74509803921569,""timestamp"":""2026-09-02T19:25:11Z""}",,,,,,,,3391
powertrainCombustionEngineTPS,CAN_ENGINE_TPS,HF_HISTORICAL,2026-09-02T19:25:10.007Z,2026-09-02T19:25:17.011Z,2026-09-02T19:25:16.803Z,2026-09-02T19:25:17.011Z,4276,22.74509803921569,22.74509803921569,5c551142f451811af57674865b9956de8e59d7a75a2bb3bb34c380c453575791,1s,AVG,5c551142f451811af57674865b9956de8e59d7a75a2bb3bb34c380c453575791,2026-09-02T19:25:09.007Z,2026-09-02T19:25:16.803Z,2026-09-02T19:25:16.803Z,3396
powertrainCombustionEngineTPS,CAN_ENGINE_TPS,LATEST_LIVE,2026-09-02T19:25:18.000Z,2026-09-02T19:25:22.802Z,2026-09-02T19:25:22.558Z,2026-09-02T19:25:22.802Z,4281,14.11764705882353,"{""value"":14.11764705882353,""timestamp"":""2026-09-02T19:25:18Z""}",,,,,,,,3401
powertrainCombustionEngineTPS,CAN_ENGINE_TPS,HF_HISTORICAL,2026-09-02T19:25:14.803Z,2026-09-02T19:25:23.019Z,2026-09-02T19:25:22.804Z,2026-09-02T19:25:23.019Z,4286,14.11764705882353,14.11764705882353,1808629a69064977020be85ed49b58da61f2d71d9deb06fdf5e814f8b9dea48c,1s,AVG,1808629a69064977020be85ed49b58da61f2d71d9deb06fdf5e814f8b9dea48c,2026-09-02T19:25:14.803Z,2026-09-02T19:25:22.804Z,2026-09-02T19:25:22.804Z,3406
powertrainCombustionEngineTPS,CAN_ENGINE_TPS,HF_HISTORICAL,2026-09-02T19:25:16.803Z,2026-09-02T19:25:23.019Z,2026-09-02T19:25:22.804Z,2026-09-02T19:25:23.019Z,4290,14.11764705882353,14.11764705882353,f471afa424892ad9002e387328c5eb78c9413c9ca4ededccf077886c4ac69093,1s,AVG,f471afa424892ad9002e387328c5eb78c9413c9ca4ededccf077886c4ac69093,2026-09-02T19:25:14.803Z,2026-09-02T19:25:22.804Z,2026-09-02T19:25:22.804Z,3410
powertrainCombustionEngineTPS,CAN_ENGINE_TPS,HF_HISTORICAL,2026-09-02T19:25:17.803Z,2026-09-02T19:25:23.019Z,2026-09-02T19:25:22.804Z,2026-09-02T19:25:23.019Z,4294,14.11764705882353,14.11764705882353,95f9e93b2c8f1deb80aa78818348dec8a3844962f872be0af375ad9ee6578a69,1s,AVG,95f9e93b2c8f1deb80aa78818348dec8a3844962f872be0af375ad9ee6578a69,2026-09-02T19:25:14.803Z,2026-09-02T19:25:22.804Z,2026-09-02T19:25:22.804Z,3414
powertrainCombustionEngineTPS,CAN_ENGINE_TPS,LATEST_LIVE,2026-09-02T19:25:24.000Z,2026-09-02T19:25:28.517Z,2026-09-02T19:25:28.297Z,2026-09-02T19:25:28.517Z,4299,20.7843137254902,"{""value"":20.7843137254902,""timestamp"":""2026-09-02T19:25:24Z""}",,,,,,,,3419
powertrainCombustionEngineTPS,CAN_ENGINE_TPS,HF_HISTORICAL,2026-09-02T19:25:20.804Z,2026-09-02T19:25:28.746Z,2026-09-02T19:25:28.518Z,2026-09-02T19:25:28.746Z,4304,22.74509803921569,22.74509803921569,070f3db7ca1245bbea36bd8a6eea063338ceb8c262070dfd0735bcfd55b3867d,1s,AVG,070f3db7ca1245bbea36bd8a6eea063338ceb8c262070dfd0735bcfd55b3867d,2026-09-02T19:25:20.804Z,2026-09-02T19:25:28.518Z,2026-09-02T19:25:28.518Z,3424
powertrainCombustionEngineTPS,CAN_ENGINE_TPS,HF_HISTORICAL,2026-09-02T19:25:21.804Z,2026-09-02T19:25:28.746Z,2026-09-02T19:25:28.518Z,2026-09-02T19:25:28.746Z,4309,22.74509803921569,22.74509803921569,34d08691df370868eedc3c41e4e6ff7bcb1dc57eeafc81fcc62aae570d1198d7,1s,AVG,34d08691df370868eedc3c41e4e6ff7bcb1dc57eeafc81fcc62aae570d1198d7,2026-09-02T19:25:20.804Z,2026-09-02T19:25:28.518Z,2026-09-02T19:25:28.518Z,3429
powertrainCombustionEngineTPS,CAN_ENGINE_TPS,HF_HISTORICAL,2026-09-02T19:25:23.804Z,2026-09-02T19:25:28.746Z,2026-09-02T19:25:28.518Z,2026-09-02T19:25:28.746Z,4314,20.7843137254902,20.7843137254902,82e8355957e2be2bd12ce351a7b30e4717246d5cad85134f86395f84f8d36b6a,1s,AVG,82e8355957e2be2bd12ce351a7b30e4717246d5cad85134f86395f84f8d36b6a,2026-09-02T19:25:20.804Z,2026-09-02T19:25:28.518Z,2026-09-02T19:25:28.518Z,3434
powertrainCombustionEngineTPS,CAN_ENGINE_TPS,LATEST_LIVE,2026-09-02T19:25:31.000Z,2026-09-02T19:25:34.262Z,2026-09-02T19:25:34.025Z,2026-09-02T19:25:34.262Z,4319,30.98039215686275,"{""value"":30.98039215686275,""timestamp"":""2026-09-02T19:25:31Z""}",,,,,,,,3439
powertrainCombustionEngineTPS,CAN_ENGINE_TPS,HF_HISTORICAL,2026-09-02T19:25:26.518Z,2026-09-02T19:25:34.491Z,2026-09-02T19:25:34.267Z,2026-09-02T19:25:34.491Z,4324,30.58823529411764,30.58823529411764,ea7d5fb6db891ae808fbd4bebf1f3275f168c9b4e0156e58da07232b0a9f8963,1s,AVG,ea7d5fb6db891ae808fbd4bebf1f3275f168c9b4e0156e58da07232b0a9f8963,2026-09-02T19:25:26.518Z,2026-09-02T19:25:34.267Z,2026-09-02T19:25:34.267Z,3444
powertrainCombustionEngineTPS,CAN_ENGINE_TPS,HF_HISTORICAL,2026-09-02T19:25:28.518Z,2026-09-02T19:25:34.491Z,2026-09-02T19:25:34.267Z,2026-09-02T19:25:34.491Z,4329,32.15686274509804,32.15686274509804,8737620d38f76d149dce5746e146fba2752591d2846fb56a5b83aedb1bf03bcc,1s,AVG,8737620d38f76d149dce5746e146fba2752591d2846fb56a5b83aedb1bf03bcc,2026-09-02T19:25:26.518Z,2026-09-02T19:25:34.267Z,2026-09-02T19:25:34.267Z,3449
powertrainCombustionEngineTPS,CAN_ENGINE_TPS,HF_HISTORICAL,2026-09-02T19:25:30.518Z,2026-09-02T19:25:34.491Z,2026-09-02T19:25:34.267Z,2026-09-02T19:25:34.491Z,4334,30.98039215686275,30.98039215686275,facde62b7d5f266d79f748ca9309be1b4ba3fa81403b36639c7d1e9e28040a29,1s,AVG,facde62b7d5f266d79f748ca9309be1b4ba3fa81403b36639c7d1e9e28040a29,2026-09-02T19:25:26.518Z,2026-09-02T19:25:34.267Z,2026-09-02T19:25:34.267Z,3454
powertrainCombustionEngineTPS,CAN_ENGINE_TPS,LATEST_LIVE,2026-09-02T19:25:36.000Z,2026-09-02T19:25:40.124Z,2026-09-02T19:25:39.760Z,2026-09-02T19:25:40.124Z,4339,35.68627450980392,"{""value"":35.68627450980392,""timestamp"":""2026-09-02T19:25:36Z""}",,,,,,,,3459
powertrainCombustionEngineTPS,CAN_ENGINE_TPS,HF_HISTORICAL,2026-09-02T19:25:32.267Z,2026-09-02T19:25:40.331Z,2026-09-02T19:25:40.125Z,2026-09-02T19:25:40.331Z,4344,30.58823529411764,30.58823529411764,c4123975829162af1c3cf5a22eb59454be20dc47823f353cbf0e8e3ff2167c65,1s,AVG,c4123975829162af1c3cf5a22eb59454be20dc47823f353cbf0e8e3ff2167c65,2026-09-02T19:25:32.267Z,2026-09-02T19:25:40.125Z,2026-09-02T19:25:40.125Z,3464
powertrainCombustionEngineTPS,CAN_ENGINE_TPS,HF_HISTORICAL,2026-09-02T19:25:33.267Z,2026-09-02T19:25:40.331Z,2026-09-02T19:25:40.125Z,2026-09-02T19:25:40.331Z,4349,14.11764705882353,14.11764705882353,3f750afb07428029a8fa6b6ca89192a3ca56a98346fdca14fc11616b1d5c1f19,1s,AVG,3f750afb07428029a8fa6b6ca89192a3ca56a98346fdca14fc11616b1d5c1f19,2026-09-02T19:25:32.267Z,2026-09-02T19:25:40.125Z,2026-09-02T19:25:40.125Z,3469
powertrainCombustionEngineTPS,CAN_ENGINE_TPS,HF_HISTORICAL,2026-09-02T19:25:35.267Z,2026-09-02T19:25:40.331Z,2026-09-02T19:25:40.125Z,2026-09-02T19:25:40.331Z,4354,35.68627450980392,35.68627450980392,7d1b89f1d594b05d5b1b7d47498b34ccc6c0c255956f862c5c90254418977574,1s,AVG,7d1b89f1d594b05d5b1b7d47498b34ccc6c0c255956f862c5c90254418977574,2026-09-02T19:25:32.267Z,2026-09-02T19:25:40.125Z,2026-09-02T19:25:40.125Z,3474
powertrainCombustionEngineTPS,CAN_ENGINE_TPS,LATEST_LIVE,2026-09-02T19:25:42.000Z,2026-09-02T19:25:46.151Z,2026-09-02T19:25:45.889Z,2026-09-02T19:25:46.151Z,4385,27.05882352941176,"{""value"":27.05882352941176,""timestamp"":""2026-09-02T19:25:42Z""}",,,,,,,,3485
powertrainCombustionEngineTPS,CAN_ENGINE_TPS,HF_HISTORICAL,2026-09-02T19:25:39.125Z,2026-09-02T19:25:46.360Z,2026-09-02T19:25:46.152Z,2026-09-02T19:25:46.360Z,4390,25.49019607843137,25.49019607843137,b4e52adf11fc8655a0a5296290e01a545f8c87abafd9a87fcec7822a94e29d7c,1s,AVG,b4e52adf11fc8655a0a5296290e01a545f8c87abafd9a87fcec7822a94e29d7c,2026-09-02T19:25:38.125Z,2026-09-02T19:25:46.152Z,2026-09-02T19:25:46.152Z,3490
powertrainCombustionEngineTPS,CAN_ENGINE_TPS,HF_HISTORICAL,2026-09-02T19:25:41.125Z,2026-09-02T19:25:46.360Z,2026-09-02T19:25:46.152Z,2026-09-02T19:25:46.360Z,4395,27.05882352941176,27.05882352941176,cf38a067cc79096e632dd841b37bc5f348597dcef380db74366ea02eadfc1708,1s,AVG,cf38a067cc79096e632dd841b37bc5f348597dcef380db74366ea02eadfc1708,2026-09-02T19:25:38.125Z,2026-09-02T19:25:46.152Z,2026-09-02T19:25:46.152Z,3495
powertrainCombustionEngineTPS,CAN_ENGINE_TPS,LATEST_LIVE,2026-09-02T19:25:48.000Z,2026-09-02T19:25:51.893Z,2026-09-02T19:25:51.628Z,2026-09-02T19:25:51.893Z,4400,25.09803921568627,"{""value"":25.09803921568627,""timestamp"":""2026-09-02T19:25:48Z""}",,,,,,,,3500
powertrainCombustionEngineTPS,CAN_ENGINE_TPS,HF_HISTORICAL,2026-09-02T19:25:44.152Z,2026-09-02T19:25:52.308Z,2026-09-02T19:25:51.895Z,2026-09-02T19:25:52.308Z,4404,14.11764705882353,14.11764705882353,6c06f843e97dff1dbf73d6b19e26f8b70fb42fd2eaadff0153c9550113953658,1s,AVG,6c06f843e97dff1dbf73d6b19e26f8b70fb42fd2eaadff0153c9550113953658,2026-09-02T19:25:44.152Z,2026-09-02T19:25:51.895Z,2026-09-02T19:25:51.895Z,3504
powertrainCombustionEngineTPS,CAN_ENGINE_TPS,HF_HISTORICAL,2026-09-02T19:25:46.152Z,2026-09-02T19:25:52.308Z,2026-09-02T19:25:51.895Z,2026-09-02T19:25:52.308Z,4408,14.11764705882353,14.11764705882353,186c6d8b7e291248e18cd6cd5561e2a592e02e2c0ceaa5468de1b255cab39fae,1s,AVG,186c6d8b7e291248e18cd6cd5561e2a592e02e2c0ceaa5468de1b255cab39fae,2026-09-02T19:25:44.152Z,2026-09-02T19:25:51.895Z,2026-09-02T19:25:51.895Z,3508
powertrainCombustionEngineTPS,CAN_ENGINE_TPS,HF_HISTORICAL,2026-09-02T19:25:47.152Z,2026-09-02T19:25:52.308Z,2026-09-02T19:25:51.895Z,2026-09-02T19:25:52.308Z,4412,25.09803921568627,25.09803921568627,450b363c00f580e51de939a0896c8f67881567c71dd2eef521b1efb3a6b8999a,1s,AVG,450b363c00f580e51de939a0896c8f67881567c71dd2eef521b1efb3a6b8999a,2026-09-02T19:25:44.152Z,2026-09-02T19:25:51.895Z,2026-09-02T19:25:51.895Z,3512
powertrainCombustionEngineTPS,CAN_ENGINE_TPS,LATEST_LIVE,2026-09-02T19:25:54.000Z,2026-09-02T19:26:01.483Z,2026-09-02T19:25:57.561Z,2026-09-02T19:26:01.483Z,4417,14.50980392156863,"{""value"":14.50980392156863,""timestamp"":""2026-09-02T19:25:54Z""}",,,,,,,,3517
powertrainCombustionEngineTPS,CAN_ENGINE_TPS,HF_HISTORICAL,2026-09-02T19:25:50.895Z,2026-09-02T19:26:01.697Z,2026-09-02T19:26:01.492Z,2026-09-02T19:26:01.697Z,4421,14.11764705882353,14.11764705882353,089582c2236ff7e424a2779d6ef720343ba34e8a165ccf823d42339387de77c8,1s,AVG,089582c2236ff7e424a2779d6ef720343ba34e8a165ccf823d42339387de77c8,2026-09-02T19:25:49.895Z,2026-09-02T19:26:01.492Z,2026-09-02T19:26:01.492Z,3521
powertrainCombustionEngineTPS,CAN_ENGINE_TPS,HF_HISTORICAL,2026-09-02T19:25:51.895Z,2026-09-02T19:26:01.697Z,2026-09-02T19:26:01.492Z,2026-09-02T19:26:01.697Z,4425,14.50980392156863,14.50980392156863,d3c0c1b0143930c320452e904e4cb112cf7c0b58f4c9fe27434e6bd8fb987bfe,1s,AVG,d3c0c1b0143930c320452e904e4cb112cf7c0b58f4c9fe27434e6bd8fb987bfe,2026-09-02T19:25:49.895Z,2026-09-02T19:26:01.492Z,2026-09-02T19:26:01.492Z,3525
powertrainCombustionEngineTPS,CAN_ENGINE_TPS,HF_HISTORICAL,2026-09-02T19:25:53.895Z,2026-09-02T19:26:01.697Z,2026-09-02T19:26:01.492Z,2026-09-02T19:26:01.697Z,4430,14.50980392156863,14.50980392156863,8f425bdc59bad1969fa92dde08700c76e0dbea23cf48240464e413c58b024ade,1s,AVG,8f425bdc59bad1969fa92dde08700c76e0dbea23cf48240464e413c58b024ade,2026-09-02T19:25:49.895Z,2026-09-02T19:26:01.492Z,2026-09-02T19:26:01.492Z,3530
powertrainCombustionEngineTPS,CAN_ENGINE_TPS,HF_HISTORICAL,2026-09-02T19:25:54.895Z,2026-09-02T19:26:01.697Z,2026-09-02T19:26:01.492Z,2026-09-02T19:26:01.697Z,4435,30.19607843137255,30.19607843137255,8391e5a8c438e585b231a0061acf13c3b09e80479c12879ef16cd5f0ba71f3a2,1s,AVG,8391e5a8c438e585b231a0061acf13c3b09e80479c12879ef16cd5f0ba71f3a2,2026-09-02T19:25:49.895Z,2026-09-02T19:26:01.492Z,2026-09-02T19:26:01.492Z,3535
powertrainCombustionEngineTPS,CAN_ENGINE_TPS,HF_HISTORICAL,2026-09-02T19:25:56.895Z,2026-09-02T19:26:01.697Z,2026-09-02T19:26:01.492Z,2026-09-02T19:26:01.697Z,4440,40.3921568627451,40.3921568627451,2788e6ad743cff863584463e7214d2e3df9432727a5735908e7792120e8b00d0,1s,AVG,2788e6ad743cff863584463e7214d2e3df9432727a5735908e7792120e8b00d0,2026-09-02T19:25:49.895Z,2026-09-02T19:26:01.492Z,2026-09-02T19:26:01.492Z,3540
powertrainCombustionEngineTPS,CAN_ENGINE_TPS,LATEST_LIVE,2026-09-02T19:26:02.000Z,2026-09-02T19:26:07.321Z,2026-09-02T19:26:07.028Z,2026-09-02T19:26:07.321Z,4445,19.6078431372549,"{""value"":19.6078431372549,""timestamp"":""2026-09-02T19:26:02Z""}",,,,,,,,3545
powertrainCombustionEngineTPS,CAN_ENGINE_TPS,HF_HISTORICAL,2026-09-02T19:26:00.492Z,2026-09-02T19:26:07.574Z,2026-09-02T19:26:07.322Z,2026-09-02T19:26:07.574Z,4450,19.6078431372549,19.6078431372549,0828ec7dc58c348f01501f6b47653f062728f5507d559aeac5bf43d9f880a10b,1s,AVG,0828ec7dc58c348f01501f6b47653f062728f5507d559aeac5bf43d9f880a10b,2026-09-02T19:25:59.492Z,2026-09-02T19:26:07.322Z,2026-09-02T19:26:07.322Z,3550
powertrainCombustionEngineTPS,CAN_ENGINE_TPS,HF_HISTORICAL,2026-09-02T19:26:01.492Z,2026-09-02T19:26:07.574Z,2026-09-02T19:26:07.322Z,2026-09-02T19:26:07.574Z,4455,19.6078431372549,19.6078431372549,50bae35bbbf4a25c9f0a667d5da7f8f68a414c353ef03e0769dc6cf6f2cc93c0,1s,AVG,50bae35bbbf4a25c9f0a667d5da7f8f68a414c353ef03e0769dc6cf6f2cc93c0,2026-09-02T19:25:59.492Z,2026-09-02T19:26:07.322Z,2026-09-02T19:26:07.322Z,3555
powertrainCombustionEngineTPS,CAN_ENGINE_TPS,LATEST_LIVE,2026-09-02T19:26:05.000Z,2026-09-02T19:26:13.105Z,2026-09-02T19:26:12.866Z,2026-09-02T19:26:13.105Z,4460,14.11764705882353,"{""value"":14.11764705882353,""timestamp"":""2026-09-02T19:26:05Z""}",,,,,,,,3560
powertrainCombustionEngineTPS,CAN_ENGINE_TPS,LATEST_LIVE,2026-09-02T19:26:05.000Z,2026-09-02T19:26:18.979Z,2026-09-02T19:26:18.719Z,2026-09-02T19:26:18.979Z,4472,14.11764705882353,"{""value"":14.11764705882353,""timestamp"":""2026-09-02T19:26:05Z""}",,,,,,,,3572
powertrainCombustionEngineTPS,CAN_ENGINE_TPS,LATEST_LIVE,2026-09-02T19:26:05.000Z,2026-09-02T19:26:24.972Z,2026-09-02T19:26:24.754Z,2026-09-02T19:26:24.972Z,4507,14.11764705882353,"{""value"":14.11764705882353,""timestamp"":""2026-09-02T19:26:05Z""}",,,,,,,,3587
powertrainCombustionEngineTPS,CAN_ENGINE_TPS,LATEST_LIVE,2026-09-02T19:26:05.000Z,2026-09-02T19:26:30.735Z,2026-09-02T19:26:30.492Z,2026-09-02T19:26:30.735Z,4518,14.11764705882353,"{""value"":14.11764705882353,""timestamp"":""2026-09-02T19:26:05Z""}",,,,,,,,3598
powertrainCombustionEngineTPS,CAN_ENGINE_TPS,LATEST_LIVE,2026-09-02T19:26:32.000Z,2026-09-02T19:26:36.560Z,2026-09-02T19:26:36.329Z,2026-09-02T19:26:36.560Z,4531,14.11764705882353,"{""value"":14.11764705882353,""timestamp"":""2026-09-02T19:26:32Z""}",,,,,,,,3611
powertrainCombustionEngineTPS,CAN_ENGINE_TPS,HF_HISTORICAL,2026-09-02T19:26:29.737Z,2026-09-02T19:26:36.767Z,2026-09-02T19:26:36.561Z,2026-09-02T19:26:36.767Z,4534,0,0,1298cba9820f203820cca09e4df87eddbc17d04385f96a0d7cd721a0183be233,1s,AVG,1298cba9820f203820cca09e4df87eddbc17d04385f96a0d7cd721a0183be233,2026-09-02T19:26:28.737Z,2026-09-02T19:26:36.561Z,2026-09-02T19:26:36.561Z,3614
powertrainCombustionEngineTPS,CAN_ENGINE_TPS,HF_HISTORICAL,2026-09-02T19:26:30.737Z,2026-09-02T19:26:36.767Z,2026-09-02T19:26:36.561Z,2026-09-02T19:26:36.767Z,4538,14.11764705882353,14.11764705882353,afca6458b987749c794d9214e8e39b5a989fa88d2ed4ec94fda674ce658bfcc6,1s,AVG,afca6458b987749c794d9214e8e39b5a989fa88d2ed4ec94fda674ce658bfcc6,2026-09-02T19:26:28.737Z,2026-09-02T19:26:36.561Z,2026-09-02T19:26:36.561Z,3618
powertrainCombustionEngineTPS,CAN_ENGINE_TPS,HF_HISTORICAL,2026-09-02T19:26:31.737Z,2026-09-02T19:26:36.767Z,2026-09-02T19:26:36.561Z,2026-09-02T19:26:36.767Z,4543,14.11764705882353,14.11764705882353,1bf974724a4bfaba4d6cbe148386b4c91af4f84e68eebf07b99f6ca9ab9896d1,1s,AVG,1bf974724a4bfaba4d6cbe148386b4c91af4f84e68eebf07b99f6ca9ab9896d1,2026-09-02T19:26:28.737Z,2026-09-02T19:26:36.561Z,2026-09-02T19:26:36.561Z,3623
powertrainCombustionEngineTPS,CAN_ENGINE_TPS,LATEST_LIVE,2026-09-02T19:26:37.000Z,2026-09-02T19:26:42.376Z,2026-09-02T19:26:42.131Z,2026-09-02T19:26:42.376Z,4548,14.11764705882353,"{""value"":14.11764705882353,""timestamp"":""2026-09-02T19:26:37Z""}",,,,,,,,3628
powertrainCombustionEngineTPS,CAN_ENGINE_TPS,HF_HISTORICAL,2026-09-02T19:26:34.561Z,2026-09-02T19:26:42.754Z,2026-09-02T19:26:42.377Z,2026-09-02T19:26:42.754Z,4553,14.11764705882353,14.11764705882353,eb8f7e0e95fa9a6d2de7d166e082ee86d8be79d12e4b7899633e5850e9ed205e,1s,AVG,eb8f7e0e95fa9a6d2de7d166e082ee86d8be79d12e4b7899633e5850e9ed205e,2026-09-02T19:26:34.561Z,2026-09-02T19:26:42.377Z,2026-09-02T19:26:42.377Z,3633
powertrainCombustionEngineTPS,CAN_ENGINE_TPS,HF_HISTORICAL,2026-09-02T19:26:36.561Z,2026-09-02T19:26:42.754Z,2026-09-02T19:26:42.377Z,2026-09-02T19:26:42.754Z,4558,14.11764705882353,14.11764705882353,901fe1a1e1c157f34020ac5781d9097fee9940d4f619f4b5be4d4979e29da3d6,1s,AVG,901fe1a1e1c157f34020ac5781d9097fee9940d4f619f4b5be4d4979e29da3d6,2026-09-02T19:26:34.561Z,2026-09-02T19:26:42.377Z,2026-09-02T19:26:42.377Z,3638
powertrainCombustionEngineTPS,CAN_ENGINE_TPS,LATEST_LIVE,2026-09-02T19:26:41.000Z,2026-09-02T19:26:48.363Z,2026-09-02T19:26:48.001Z,2026-09-02T19:26:48.363Z,4563,14.11764705882353,"{""value"":14.11764705882353,""timestamp"":""2026-09-02T19:26:41Z""}",,,,,,,,3643
powertrainCombustionEngineTPS,CAN_ENGINE_TPS,HF_HISTORICAL,2026-09-02T19:26:40.377Z,2026-09-02T19:26:48.598Z,2026-09-02T19:26:48.365Z,2026-09-02T19:26:48.598Z,4568,14.11764705882353,14.11764705882353,d652f079ef90b9b8b61d91e734761c01239c64db80449b3a20fbf35361d9c274,1s,AVG,d652f079ef90b9b8b61d91e734761c01239c64db80449b3a20fbf35361d9c274,2026-09-02T19:26:40.377Z,2026-09-02T19:26:48.365Z,2026-09-02T19:26:48.365Z,3648
powertrainCombustionEngineTPS,CAN_ENGINE_TPS,LATEST_LIVE,2026-09-02T19:26:49.000Z,2026-09-02T19:26:54.164Z,2026-09-02T19:26:53.928Z,2026-09-02T19:26:54.164Z,4573,14.11764705882353,"{""value"":14.11764705882353,""timestamp"":""2026-09-02T19:26:49Z""}",,,,,,,,3653
powertrainCombustionEngineTPS,CAN_ENGINE_TPS,HF_HISTORICAL,2026-09-02T19:26:47.365Z,2026-09-02T19:26:54.381Z,2026-09-02T19:26:54.165Z,2026-09-02T19:26:54.381Z,4578,18.43137254901961,18.43137254901961,93dd80a8ffc7c410f385ff87610d68cd53702a269f4648771bbf9f756ae1e8a5,1s,AVG,93dd80a8ffc7c410f385ff87610d68cd53702a269f4648771bbf9f756ae1e8a5,2026-09-02T19:26:46.365Z,2026-09-02T19:26:54.165Z,2026-09-02T19:26:54.165Z,3658
powertrainCombustionEngineTPS,CAN_ENGINE_TPS,HF_HISTORICAL,2026-09-02T19:26:48.365Z,2026-09-02T19:26:54.381Z,2026-09-02T19:26:54.165Z,2026-09-02T19:26:54.381Z,4583,14.11764705882353,14.11764705882353,b7db4e068580b493814ab3c48e2be3a11ea53d42072b771c8983b19a4cf71570,1s,AVG,b7db4e068580b493814ab3c48e2be3a11ea53d42072b771c8983b19a4cf71570,2026-09-02T19:26:46.365Z,2026-09-02T19:26:54.165Z,2026-09-02T19:26:54.165Z,3663
powertrainCombustionEngineTPS,CAN_ENGINE_TPS,LATEST_LIVE,2026-09-02T19:26:56.000Z,2026-09-02T19:27:00.303Z,2026-09-02T19:26:59.868Z,2026-09-02T19:27:00.303Z,4614,31.76470588235294,"{""value"":31.76470588235294,""timestamp"":""2026-09-02T19:26:56Z""}",,,,,,,,3674
powertrainCombustionEngineTPS,CAN_ENGINE_TPS,HF_HISTORICAL,2026-09-02T19:26:53.165Z,2026-09-02T19:27:00.535Z,2026-09-02T19:27:00.304Z,2026-09-02T19:27:00.535Z,4619,26.66666666666667,26.66666666666667,e33b753941f164fde3d71818fc3cd69d53d8833ca6c5517c8b7cc98a22da23d7,1s,AVG,e33b753941f164fde3d71818fc3cd69d53d8833ca6c5517c8b7cc98a22da23d7,2026-09-02T19:26:52.165Z,2026-09-02T19:27:00.304Z,2026-09-02T19:27:00.304Z,3679
powertrainCombustionEngineTPS,CAN_ENGINE_TPS,HF_HISTORICAL,2026-09-02T19:26:55.165Z,2026-09-02T19:27:00.535Z,2026-09-02T19:27:00.304Z,2026-09-02T19:27:00.535Z,4624,31.76470588235294,31.76470588235294,7dca03ffac15ca041715566723c840e04f4d43e2b813b5d557684a9f2ac410a3,1s,AVG,7dca03ffac15ca041715566723c840e04f4d43e2b813b5d557684a9f2ac410a3,2026-09-02T19:26:52.165Z,2026-09-02T19:27:00.304Z,2026-09-02T19:27:00.304Z,3684
powertrainCombustionEngineTPS,CAN_ENGINE_TPS,LATEST_LIVE,2026-09-02T19:27:02.000Z,2026-09-02T19:27:06.248Z,2026-09-02T19:27:05.936Z,2026-09-02T19:27:06.248Z,4629,27.05882352941176,"{""value"":27.05882352941176,""timestamp"":""2026-09-02T19:27:02Z""}",,,,,,,,3689
powertrainCombustionEngineTPS,CAN_ENGINE_TPS,HF_HISTORICAL,2026-09-02T19:26:59.304Z,2026-09-02T19:27:06.516Z,2026-09-02T19:27:06.253Z,2026-09-02T19:27:06.516Z,4634,14.11764705882353,14.11764705882353,1943445c361ad8f45e01eace64738d61c32525f5d5a022b56fa57e9d623aee0f,1s,AVG,1943445c361ad8f45e01eace64738d61c32525f5d5a022b56fa57e9d623aee0f,2026-09-02T19:26:58.304Z,2026-09-02T19:27:06.253Z,2026-09-02T19:27:06.253Z,3694
powertrainCombustionEngineTPS,CAN_ENGINE_TPS,HF_HISTORICAL,2026-09-02T19:27:01.304Z,2026-09-02T19:27:06.516Z,2026-09-02T19:27:06.253Z,2026-09-02T19:27:06.516Z,4639,27.05882352941176,27.05882352941176,fe10008b91fae60487429f98e681b1482c6a25a998a21a157a4cc5662bedfd90,1s,AVG,fe10008b91fae60487429f98e681b1482c6a25a998a21a157a4cc5662bedfd90,2026-09-02T19:26:58.304Z,2026-09-02T19:27:06.253Z,2026-09-02T19:27:06.253Z,3699
powertrainCombustionEngineTPS,CAN_ENGINE_TPS,LATEST_LIVE,2026-09-02T19:27:07.000Z,2026-09-02T19:27:12.492Z,2026-09-02T19:27:11.853Z,2026-09-02T19:27:12.492Z,4644,41.1764705882353,"{""value"":41.1764705882353,""timestamp"":""2026-09-02T19:27:07Z""}",,,,,,,,3704
powertrainCombustionEngineTPS,CAN_ENGINE_TPS,HF_HISTORICAL,2026-09-02T19:27:04.253Z,2026-09-02T19:27:12.769Z,2026-09-02T19:27:12.495Z,2026-09-02T19:27:12.769Z,4649,24.70588235294118,24.70588235294118,e473f64b57d3d0c91423745bd79f79f9e88ab5a3ea7730d73f5895036cab71a3,1s,AVG,e473f64b57d3d0c91423745bd79f79f9e88ab5a3ea7730d73f5895036cab71a3,2026-09-02T19:27:04.253Z,2026-09-02T19:27:12.495Z,2026-09-02T19:27:12.495Z,3709
powertrainCombustionEngineTPS,CAN_ENGINE_TPS,HF_HISTORICAL,2026-09-02T19:27:05.253Z,2026-09-02T19:27:12.769Z,2026-09-02T19:27:12.495Z,2026-09-02T19:27:12.769Z,4654,14.50980392156863,14.50980392156863,18ab282e83aa44873518b007af7b620e47867b2954701c34f7d453a441ef94ef,1s,AVG,18ab282e83aa44873518b007af7b620e47867b2954701c34f7d453a441ef94ef,2026-09-02T19:27:04.253Z,2026-09-02T19:27:12.495Z,2026-09-02T19:27:12.495Z,3714
powertrainCombustionEngineTPS,CAN_ENGINE_TPS,HF_HISTORICAL,2026-09-02T19:27:06.253Z,2026-09-02T19:27:12.769Z,2026-09-02T19:27:12.495Z,2026-09-02T19:27:12.769Z,4659,41.1764705882353,41.1764705882353,e611255491316bf2f1ae7eed4267ae76878830cdb83da153e72ebb11fb81444a,1s,AVG,e611255491316bf2f1ae7eed4267ae76878830cdb83da153e72ebb11fb81444a,2026-09-02T19:27:04.253Z,2026-09-02T19:27:12.495Z,2026-09-02T19:27:12.495Z,3719
powertrainCombustionEngineTPS,CAN_ENGINE_TPS,LATEST_LIVE,2026-09-02T19:27:16.000Z,2026-09-02T19:27:18.335Z,2026-09-02T19:27:18.089Z,2026-09-02T19:27:18.335Z,4664,14.11764705882353,"{""value"":14.11764705882353,""timestamp"":""2026-09-02T19:27:16Z""}",,,,,,,,3724
powertrainCombustionEngineTPS,CAN_ENGINE_TPS,HF_HISTORICAL,2026-09-02T19:27:11.495Z,2026-09-02T19:27:18.590Z,2026-09-02T19:27:18.339Z,2026-09-02T19:27:18.590Z,4669,14.11764705882353,14.11764705882353,42c3fafc7bef6590a5f42b684c86aeb1252358316650b1b110d899aa939b45c4,1s,AVG,42c3fafc7bef6590a5f42b684c86aeb1252358316650b1b110d899aa939b45c4,2026-09-02T19:27:10.495Z,2026-09-02T19:27:18.338Z,2026-09-02T19:27:18.338Z,3729
powertrainCombustionEngineTPS,CAN_ENGINE_TPS,HF_HISTORICAL,2026-09-02T19:27:13.495Z,2026-09-02T19:27:18.590Z,2026-09-02T19:27:18.339Z,2026-09-02T19:27:18.590Z,4674,17.64705882352941,17.64705882352941,7bdff4f2ca2de405d8d5d62752c134a77f365d3e7004944a5290300da7a92714,1s,AVG,7bdff4f2ca2de405d8d5d62752c134a77f365d3e7004944a5290300da7a92714,2026-09-02T19:27:10.495Z,2026-09-02T19:27:18.338Z,2026-09-02T19:27:18.338Z,3734
powertrainCombustionEngineTPS,CAN_ENGINE_TPS,HF_HISTORICAL,2026-09-02T19:27:15.495Z,2026-09-02T19:27:18.590Z,2026-09-02T19:27:18.339Z,2026-09-02T19:27:18.590Z,4679,14.11764705882353,14.11764705882353,9993ecbff469d60fa05d32ad52870bd7766fe6286a757fc7e927932b7b2b4727,1s,AVG,9993ecbff469d60fa05d32ad52870bd7766fe6286a757fc7e927932b7b2b4727,2026-09-02T19:27:10.495Z,2026-09-02T19:27:18.338Z,2026-09-02T19:27:18.338Z,3739
powertrainCombustionEngineTPS,CAN_ENGINE_TPS,LATEST_LIVE,2026-09-02T19:27:21.000Z,2026-09-02T19:27:24.303Z,2026-09-02T19:27:23.920Z,2026-09-02T19:27:24.303Z,4684,14.11764705882353,"{""value"":14.11764705882353,""timestamp"":""2026-09-02T19:27:21Z""}",,,,,,,,3744
powertrainCombustionEngineTPS,CAN_ENGINE_TPS,HF_HISTORICAL,2026-09-02T19:27:16.338Z,2026-09-02T19:27:24.613Z,2026-09-02T19:27:24.306Z,2026-09-02T19:27:24.613Z,4689,14.90196078431373,14.90196078431373,19fbfc61b98891ee57f821690964e3fcdd437f80ccc2ae1e0c2d32a9b9317170,1s,AVG,19fbfc61b98891ee57f821690964e3fcdd437f80ccc2ae1e0c2d32a9b9317170,2026-09-02T19:27:16.338Z,2026-09-02T19:27:24.306Z,2026-09-02T19:27:24.306Z,3749
powertrainCombustionEngineTPS,CAN_ENGINE_TPS,HF_HISTORICAL,2026-09-02T19:27:17.338Z,2026-09-02T19:27:24.613Z,2026-09-02T19:27:24.306Z,2026-09-02T19:27:24.613Z,4694,14.11764705882353,14.11764705882353,5c43388112ed452dba8da9fb9fd83fe82b6dcf04f3b319c11588d3776647a147,1s,AVG,5c43388112ed452dba8da9fb9fd83fe82b6dcf04f3b319c11588d3776647a147,2026-09-02T19:27:16.338Z,2026-09-02T19:27:24.306Z,2026-09-02T19:27:24.306Z,3754
powertrainCombustionEngineTPS,CAN_ENGINE_TPS,HF_HISTORICAL,2026-09-02T19:27:19.338Z,2026-09-02T19:27:24.613Z,2026-09-02T19:27:24.306Z,2026-09-02T19:27:24.613Z,4699,14.11764705882353,14.11764705882353,d1bb90785b27419132831f5017b697346b7d6c42810fc6bb7f22701b3df9818d,1s,AVG,d1bb90785b27419132831f5017b697346b7d6c42810fc6bb7f22701b3df9818d,2026-09-02T19:27:16.338Z,2026-09-02T19:27:24.306Z,2026-09-02T19:27:24.306Z,3759
powertrainCombustionEngineTPS,CAN_ENGINE_TPS,HF_HISTORICAL,2026-09-02T19:27:20.338Z,2026-09-02T19:27:24.613Z,2026-09-02T19:27:24.306Z,2026-09-02T19:27:24.613Z,4704,14.11764705882353,14.11764705882353,7f980cd057c6d812ad1733159f856abccde485fc709e0a2c3fa93fc444be4672,1s,AVG,7f980cd057c6d812ad1733159f856abccde485fc709e0a2c3fa93fc444be4672,2026-09-02T19:27:16.338Z,2026-09-02T19:27:24.306Z,2026-09-02T19:27:24.306Z,3764
powertrainCombustionEngineTPS,CAN_ENGINE_TPS,LATEST_LIVE,2026-09-02T19:27:26.000Z,2026-09-02T19:27:30.184Z,2026-09-02T19:27:29.964Z,2026-09-02T19:27:30.184Z,4709,30.19607843137255,"{""value"":30.19607843137255,""timestamp"":""2026-09-02T19:27:26Z""}",,,,,,,,3769
powertrainCombustionEngineTPS,CAN_ENGINE_TPS,HF_HISTORICAL,2026-09-02T19:27:23.306Z,2026-09-02T19:27:30.395Z,2026-09-02T19:27:30.185Z,2026-09-02T19:27:30.395Z,4714,20,20,ea5b0a7d0e791be10bc87e0028da3fa1c233ccf27f07bcac19a2c4879e959873,1s,AVG,ea5b0a7d0e791be10bc87e0028da3fa1c233ccf27f07bcac19a2c4879e959873,2026-09-02T19:27:22.306Z,2026-09-02T19:27:30.185Z,2026-09-02T19:27:30.185Z,3774
powertrainCombustionEngineTPS,CAN_ENGINE_TPS,HF_HISTORICAL,2026-09-02T19:27:24.306Z,2026-09-02T19:27:30.395Z,2026-09-02T19:27:30.185Z,2026-09-02T19:27:30.395Z,4719,14.11764705882353,14.11764705882353,6ff2490f04821cb75fc7812255a22bbf09aeca5eb3de9dfc75c6a01fdee80ff9,1s,AVG,6ff2490f04821cb75fc7812255a22bbf09aeca5eb3de9dfc75c6a01fdee80ff9,2026-09-02T19:27:22.306Z,2026-09-02T19:27:30.185Z,2026-09-02T19:27:30.185Z,3779
powertrainCombustionEngineTPS,CAN_ENGINE_TPS,HF_HISTORICAL,2026-09-02T19:27:25.306Z,2026-09-02T19:27:30.395Z,2026-09-02T19:27:30.185Z,2026-09-02T19:27:30.395Z,4724,30.19607843137255,30.19607843137255,39a982494db772d02835c93839d8096021ca8ccab97bd994c6c7afa1372d8d74,1s,AVG,39a982494db772d02835c93839d8096021ca8ccab97bd994c6c7afa1372d8d74,2026-09-02T19:27:22.306Z,2026-09-02T19:27:30.185Z,2026-09-02T19:27:30.185Z,3784
powertrainCombustionEngineTPS,CAN_ENGINE_TPS,LATEST_LIVE,2026-09-02T19:27:32.000Z,2026-09-02T19:27:36.166Z,2026-09-02T19:27:35.913Z,2026-09-02T19:27:36.166Z,4755,40.3921568627451,"{""value"":40.3921568627451,""timestamp"":""2026-09-02T19:27:32Z""}",,,,,,,,3795
powertrainCombustionEngineTPS,CAN_ENGINE_TPS,HF_HISTORICAL,2026-09-02T19:27:28.185Z,2026-09-02T19:27:36.396Z,2026-09-02T19:27:36.167Z,2026-09-02T19:27:36.396Z,4760,38.8235294117647,38.8235294117647,e2309577850ba17d38f3ad34c8c689a2238e7bf84c92762e5d05745838916b84,1s,AVG,e2309577850ba17d38f3ad34c8c689a2238e7bf84c92762e5d05745838916b84,2026-09-02T19:27:28.185Z,2026-09-02T19:27:36.167Z,2026-09-02T19:27:36.167Z,3800
powertrainCombustionEngineTPS,CAN_ENGINE_TPS,HF_HISTORICAL,2026-09-02T19:27:30.185Z,2026-09-02T19:27:36.396Z,2026-09-02T19:27:36.167Z,2026-09-02T19:27:36.396Z,4765,14.11764705882353,14.11764705882353,e593bef5925d0ab144a03ba5f8305e082b99f413c0723e8757b134ff75ff13cd,1s,AVG,e593bef5925d0ab144a03ba5f8305e082b99f413c0723e8757b134ff75ff13cd,2026-09-02T19:27:28.185Z,2026-09-02T19:27:36.167Z,2026-09-02T19:27:36.167Z,3805
powertrainCombustionEngineTPS,CAN_ENGINE_TPS,HF_HISTORICAL,2026-09-02T19:27:31.185Z,2026-09-02T19:27:36.396Z,2026-09-02T19:27:36.167Z,2026-09-02T19:27:36.396Z,4770,40.3921568627451,40.3921568627451,3e44a2c8bf3582b65fac7818c7cf978706b00f62ecf5a58d84974be945fdc2c8,1s,AVG,3e44a2c8bf3582b65fac7818c7cf978706b00f62ecf5a58d84974be945fdc2c8,2026-09-02T19:27:28.185Z,2026-09-02T19:27:36.167Z,2026-09-02T19:27:36.167Z,3810
powertrainCombustionEngineTPS,CAN_ENGINE_TPS,LATEST_LIVE,2026-09-02T19:27:36.000Z,2026-09-02T19:27:42.009Z,2026-09-02T19:27:41.729Z,2026-09-02T19:27:42.009Z,4775,14.11764705882353,"{""value"":14.11764705882353,""timestamp"":""2026-09-02T19:27:36Z""}",,,,,,,,3815
powertrainCombustionEngineTPS,CAN_ENGINE_TPS,HF_HISTORICAL,2026-09-02T19:27:34.167Z,2026-09-02T19:27:42.308Z,2026-09-02T19:27:42.015Z,2026-09-02T19:27:42.308Z,4780,14.11764705882353,14.11764705882353,05d0f5af82e6e2e70801a8a0da2c151d9640e2eff474e3527c4ffb832560b9f5,1s,AVG,05d0f5af82e6e2e70801a8a0da2c151d9640e2eff474e3527c4ffb832560b9f5,2026-09-02T19:27:34.167Z,2026-09-02T19:27:42.015Z,2026-09-02T19:27:42.015Z,3820
powertrainCombustionEngineTPS,CAN_ENGINE_TPS,HF_HISTORICAL,2026-09-02T19:27:35.167Z,2026-09-02T19:27:42.308Z,2026-09-02T19:27:42.015Z,2026-09-02T19:27:42.308Z,4785,14.11764705882353,14.11764705882353,c2434424fdaf66199a46ae2c92461bcf8863ddfc1dac4100a0eb494ce9692a2f,1s,AVG,c2434424fdaf66199a46ae2c92461bcf8863ddfc1dac4100a0eb494ce9692a2f,2026-09-02T19:27:34.167Z,2026-09-02T19:27:42.015Z,2026-09-02T19:27:42.015Z,3825
powertrainCombustionEngineTPS,CAN_ENGINE_TPS,HF_HISTORICAL,2026-09-02T19:27:36.167Z,2026-09-02T19:27:42.308Z,2026-09-02T19:27:42.015Z,2026-09-02T19:27:42.308Z,4790,14.11764705882353,14.11764705882353,703a6c8621eaa718a637e66944537874ef6441685abd6ee1e7f1003f63a85ad6,1s,AVG,703a6c8621eaa718a637e66944537874ef6441685abd6ee1e7f1003f63a85ad6,2026-09-02T19:27:34.167Z,2026-09-02T19:27:42.015Z,2026-09-02T19:27:42.015Z,3830
powertrainCombustionEngineTPS,CAN_ENGINE_TPS,HF_HISTORICAL,2026-09-02T19:27:38.167Z,2026-09-02T19:27:42.308Z,2026-09-02T19:27:42.015Z,2026-09-02T19:27:42.308Z,4795,14.11764705882353,14.11764705882353,ae9979cb31bb6965fcb383c499ee46516ea92d970f0cec17ccdc8a3b699a0109,1s,AVG,ae9979cb31bb6965fcb383c499ee46516ea92d970f0cec17ccdc8a3b699a0109,2026-09-02T19:27:34.167Z,2026-09-02T19:27:42.015Z,2026-09-02T19:27:42.015Z,3835
powertrainCombustionEngineTPS,CAN_ENGINE_TPS,LATEST_LIVE,2026-09-02T19:27:45.000Z,2026-09-02T19:27:47.772Z,2026-09-02T19:27:47.567Z,2026-09-02T19:27:47.772Z,4800,38.8235294117647,"{""value"":38.8235294117647,""timestamp"":""2026-09-02T19:27:45Z""}",,,,,,,,3840
powertrainCombustionEngineTPS,CAN_ENGINE_TPS,HF_HISTORICAL,2026-09-02T19:27:41.015Z,2026-09-02T19:27:48.119Z,2026-09-02T19:27:47.777Z,2026-09-02T19:27:48.119Z,4805,14.11764705882353,14.11764705882353,0581fb0c664bc18bd61a0f864e61c51e195d31830f71d975b67e535b27d2d346,1s,AVG,0581fb0c664bc18bd61a0f864e61c51e195d31830f71d975b67e535b27d2d346,2026-09-02T19:27:40.015Z,2026-09-02T19:27:47.777Z,2026-09-02T19:27:47.777Z,3845
powertrainCombustionEngineTPS,CAN_ENGINE_TPS,HF_HISTORICAL,2026-09-02T19:27:44.015Z,2026-09-02T19:27:48.119Z,2026-09-02T19:27:47.777Z,2026-09-02T19:27:48.119Z,4810,38.8235294117647,38.8235294117647,bb6bcfcbb37471129674249219a1b6c813f25052e541e96e068961f48f38aba3,1s,AVG,bb6bcfcbb37471129674249219a1b6c813f25052e541e96e068961f48f38aba3,2026-09-02T19:27:40.015Z,2026-09-02T19:27:47.777Z,2026-09-02T19:27:47.777Z,3850
powertrainCombustionEngineTPS,CAN_ENGINE_TPS,LATEST_LIVE,2026-09-02T19:27:50.000Z,2026-09-02T19:27:53.963Z,2026-09-02T19:27:53.398Z,2026-09-02T19:27:53.963Z,4815,43.13725490196078,"{""value"":43.13725490196078,""timestamp"":""2026-09-02T19:27:50Z""}",,,,,,,,3855
powertrainCombustionEngineTPS,CAN_ENGINE_TPS,HF_HISTORICAL,2026-09-02T19:27:45.777Z,2026-09-02T19:27:54.189Z,2026-09-02T19:27:53.964Z,2026-09-02T19:27:54.189Z,4820,36.47058823529412,36.47058823529412,e498159d2a631e2d6ce369d8843a06f18b010ed4bdc65e86e47dc6899f12e0a8,1s,AVG,e498159d2a631e2d6ce369d8843a06f18b010ed4bdc65e86e47dc6899f12e0a8,2026-09-02T19:27:45.777Z,2026-09-02T19:27:53.964Z,2026-09-02T19:27:53.964Z,3860
powertrainCombustionEngineTPS,CAN_ENGINE_TPS,HF_HISTORICAL,2026-09-02T19:27:46.777Z,2026-09-02T19:27:54.189Z,2026-09-02T19:27:53.964Z,2026-09-02T19:27:54.189Z,4825,39.21568627450981,39.21568627450981,e421f8da17844d17af7a6c5ef4d20a79b8e7e56f5f0b4f52ffe1261729a56e5e,1s,AVG,e421f8da17844d17af7a6c5ef4d20a79b8e7e56f5f0b4f52ffe1261729a56e5e,2026-09-02T19:27:45.777Z,2026-09-02T19:27:53.964Z,2026-09-02T19:27:53.964Z,3865
powertrainCombustionEngineTPS,CAN_ENGINE_TPS,HF_HISTORICAL,2026-09-02T19:27:48.777Z,2026-09-02T19:27:54.189Z,2026-09-02T19:27:53.964Z,2026-09-02T19:27:54.189Z,4830,39.21568627450981,39.21568627450981,5979bc1d60e64add79280003f8402706c0cfbff6653ac3b3b92a66859df9af97,1s,AVG,5979bc1d60e64add79280003f8402706c0cfbff6653ac3b3b92a66859df9af97,2026-09-02T19:27:45.777Z,2026-09-02T19:27:53.964Z,2026-09-02T19:27:53.964Z,3870
powertrainCombustionEngineTPS,CAN_ENGINE_TPS,HF_HISTORICAL,2026-09-02T19:27:49.777Z,2026-09-02T19:27:54.189Z,2026-09-02T19:27:53.964Z,2026-09-02T19:27:54.189Z,4835,43.13725490196078,43.13725490196078,9184ce7d05f43f71ffea60b4f18cb08801676c35ceac262fd04beddf41f922b3,1s,AVG,9184ce7d05f43f71ffea60b4f18cb08801676c35ceac262fd04beddf41f922b3,2026-09-02T19:27:45.777Z,2026-09-02T19:27:53.964Z,2026-09-02T19:27:53.964Z,3875
powertrainCombustionEngineTPS,CAN_ENGINE_TPS,LATEST_LIVE,2026-09-02T19:27:55.000Z,2026-09-02T19:27:59.776Z,2026-09-02T19:27:59.545Z,2026-09-02T19:27:59.776Z,4840,14.90196078431373,"{""value"":14.90196078431373,""timestamp"":""2026-09-02T19:27:55Z""}",,,,,,,,3880
powertrainCombustionEngineTPS,CAN_ENGINE_TPS,HF_HISTORICAL,2026-09-02T19:27:52.964Z,2026-09-02T19:27:59.968Z,2026-09-02T19:27:59.777Z,2026-09-02T19:27:59.968Z,4845,25.09803921568627,25.09803921568627,cb686400bb0ebe11e088e734bbb739f3aef9a4b019eb51e3509e1a4278025944,1s,AVG,cb686400bb0ebe11e088e734bbb739f3aef9a4b019eb51e3509e1a4278025944,2026-09-02T19:27:51.964Z,2026-09-02T19:27:59.777Z,2026-09-02T19:27:59.777Z,3885
powertrainCombustionEngineTPS,CAN_ENGINE_TPS,HF_HISTORICAL,2026-09-02T19:27:53.964Z,2026-09-02T19:27:59.968Z,2026-09-02T19:27:59.777Z,2026-09-02T19:27:59.968Z,4850,42.74509803921568,42.74509803921568,9e284a0c5bb62800ec68976a7485142f13ef183ba8f08657ea89435fba747b00,1s,AVG,9e284a0c5bb62800ec68976a7485142f13ef183ba8f08657ea89435fba747b00,2026-09-02T19:27:51.964Z,2026-09-02T19:27:59.777Z,2026-09-02T19:27:59.777Z,3890
powertrainCombustionEngineTPS,CAN_ENGINE_TPS,HF_HISTORICAL,2026-09-02T19:27:54.964Z,2026-09-02T19:27:59.968Z,2026-09-02T19:27:59.777Z,2026-09-02T19:27:59.968Z,4855,14.90196078431373,14.90196078431373,721ed35bc8b242c2cf38949753df68b390da7724c0bf45cebacb1bd9cffdfd4e,1s,AVG,721ed35bc8b242c2cf38949753df68b390da7724c0bf45cebacb1bd9cffdfd4e,2026-09-02T19:27:51.964Z,2026-09-02T19:27:59.777Z,2026-09-02T19:27:59.777Z,3895
powertrainCombustionEngineTPS,CAN_ENGINE_TPS,LATEST_LIVE,2026-09-02T19:27:55.000Z,2026-09-02T19:28:05.514Z,2026-09-02T19:28:05.278Z,2026-09-02T19:28:05.514Z,4860,14.90196078431373,"{""value"":14.90196078431373,""timestamp"":""2026-09-02T19:27:55Z""}",,,,,,,,3900
powertrainCombustionEngineTPS,CAN_ENGINE_TPS,LATEST_LIVE,2026-09-02T19:28:08.000Z,2026-09-02T19:28:11.441Z,2026-09-02T19:28:11.224Z,2026-09-02T19:28:11.441Z,4891,31.37254901960784,"{""value"":31.37254901960784,""timestamp"":""2026-09-02T19:28:08Z""}",,,,,,,,3911
powertrainCombustionEngineTPS,CAN_ENGINE_TPS,HF_HISTORICAL,2026-09-02T19:28:07.516Z,2026-09-02T19:28:11.664Z,2026-09-02T19:28:11.444Z,2026-09-02T19:28:11.664Z,4896,31.37254901960784,31.37254901960784,4c5a4e87e367a2529f2f155363b87c3a7a821928fa9004796d47439db17b77e7,1s,AVG,4c5a4e87e367a2529f2f155363b87c3a7a821928fa9004796d47439db17b77e7,2026-09-02T19:28:03.516Z,2026-09-02T19:28:11.444Z,2026-09-02T19:28:11.444Z,3916
powertrainCombustionEngineTPS,CAN_ENGINE_TPS,LATEST_LIVE,2026-09-02T19:28:12.000Z,2026-09-02T19:28:17.155Z,2026-09-02T19:28:16.936Z,2026-09-02T19:28:17.155Z,4901,37.25490196078432,"{""value"":37.25490196078432,""timestamp"":""2026-09-02T19:28:12Z""}",,,,,,,,3921
powertrainCombustionEngineTPS,CAN_ENGINE_TPS,HF_HISTORICAL,2026-09-02T19:28:09.444Z,2026-09-02T19:28:17.427Z,2026-09-02T19:28:17.157Z,2026-09-02T19:28:17.427Z,4906,28.62745098039216,28.62745098039216,7b72557ea00464012b4541cfc73850535f5ce32c1475c6a9ca907548856bfe3e,1s,AVG,7b72557ea00464012b4541cfc73850535f5ce32c1475c6a9ca907548856bfe3e,2026-09-02T19:28:09.444Z,2026-09-02T19:28:17.156Z,2026-09-02T19:28:17.156Z,3926
powertrainCombustionEngineTPS,CAN_ENGINE_TPS,HF_HISTORICAL,2026-09-02T19:28:10.444Z,2026-09-02T19:28:17.427Z,2026-09-02T19:28:17.157Z,2026-09-02T19:28:17.427Z,4911,37.25490196078432,37.25490196078432,4ccfe6b6d98ee75f0ece99841b495a6fe65e45d76e95a2d001582b6572651895,1s,AVG,4ccfe6b6d98ee75f0ece99841b495a6fe65e45d76e95a2d001582b6572651895,2026-09-02T19:28:09.444Z,2026-09-02T19:28:17.156Z,2026-09-02T19:28:17.156Z,3931
powertrainCombustionEngineTPS,CAN_ENGINE_TPS,HF_HISTORICAL,2026-09-02T19:28:11.444Z,2026-09-02T19:28:17.427Z,2026-09-02T19:28:17.157Z,2026-09-02T19:28:17.427Z,4916,37.25490196078432,37.25490196078432,ddb8b6751193b08f4d7de4c3047328af56306eb2660b4135b518ce15b65df84b,1s,AVG,ddb8b6751193b08f4d7de4c3047328af56306eb2660b4135b518ce15b65df84b,2026-09-02T19:28:09.444Z,2026-09-02T19:28:17.156Z,2026-09-02T19:28:17.156Z,3936
powertrainCombustionEngineTPS,CAN_ENGINE_TPS,LATEST_LIVE,2026-09-02T19:28:18.000Z,2026-09-02T19:28:22.887Z,2026-09-02T19:28:22.679Z,2026-09-02T19:28:22.887Z,4921,25.49019607843137,"{""value"":25.49019607843137,""timestamp"":""2026-09-02T19:28:18Z""}",,,,,,,,3941
powertrainCombustionEngineTPS,CAN_ENGINE_TPS,HF_HISTORICAL,2026-09-02T19:28:16.156Z,2026-09-02T19:28:23.100Z,2026-09-02T19:28:22.888Z,2026-09-02T19:28:23.100Z,4926,29.41176470588235,29.41176470588235,8820f35eeb6cb8c5d2735ee982dceb2eb8961af16e50d7468c64a9a5875819bd,1s,AVG,8820f35eeb6cb8c5d2735ee982dceb2eb8961af16e50d7468c64a9a5875819bd,2026-09-02T19:28:15.156Z,2026-09-02T19:28:22.888Z,2026-09-02T19:28:22.888Z,3946
powertrainCombustionEngineTPS,CAN_ENGINE_TPS,HF_HISTORICAL,2026-09-02T19:28:17.156Z,2026-09-02T19:28:23.100Z,2026-09-02T19:28:22.888Z,2026-09-02T19:28:23.100Z,4931,25.49019607843137,25.49019607843137,da27f639fa9ae881adecbfd0e1e6aa9d84131cfc92b561fd480121e7880044ab,1s,AVG,da27f639fa9ae881adecbfd0e1e6aa9d84131cfc92b561fd480121e7880044ab,2026-09-02T19:28:15.156Z,2026-09-02T19:28:22.888Z,2026-09-02T19:28:22.888Z,3951
powertrainCombustionEngineTPS,CAN_ENGINE_TPS,HF_HISTORICAL,2026-09-02T19:28:18.156Z,2026-09-02T19:28:23.100Z,2026-09-02T19:28:22.888Z,2026-09-02T19:28:23.100Z,4936,30.98039215686275,30.98039215686275,8e803cae293c7b20477b2e287b2caccd8f2473e1c1f017031ed7d3313a25445d,1s,AVG,8e803cae293c7b20477b2e287b2caccd8f2473e1c1f017031ed7d3313a25445d,2026-09-02T19:28:15.156Z,2026-09-02T19:28:22.888Z,2026-09-02T19:28:22.888Z,3956
powertrainCombustionEngineTPS,CAN_ENGINE_TPS,LATEST_LIVE,2026-09-02T19:28:22.000Z,2026-09-02T19:28:28.668Z,2026-09-02T19:28:28.416Z,2026-09-02T19:28:28.668Z,4941,15.68627450980392,"{""value"":15.68627450980392,""timestamp"":""2026-09-02T19:28:22Z""}",,,,,,,,3961
powertrainCombustionEngineTPS,CAN_ENGINE_TPS,HF_HISTORICAL,2026-09-02T19:28:20.888Z,2026-09-02T19:28:28.868Z,2026-09-02T19:28:28.669Z,2026-09-02T19:28:28.868Z,4946,27.45098039215686,27.45098039215686,21792f5d59378ed3c5284bf1fc8f66c3273545489db3d7fa36cc819f94f500ac,1s,AVG,21792f5d59378ed3c5284bf1fc8f66c3273545489db3d7fa36cc819f94f500ac,2026-09-02T19:28:20.888Z,2026-09-02T19:28:28.669Z,2026-09-02T19:28:28.669Z,3966
powertrainCombustionEngineTPS,CAN_ENGINE_TPS,HF_HISTORICAL,2026-09-02T19:28:21.888Z,2026-09-02T19:28:28.868Z,2026-09-02T19:28:28.669Z,2026-09-02T19:28:28.868Z,4951,15.68627450980392,15.68627450980392,0d6282ab0890b322f5464beb09d3adafff9d05ce7b487b337a42c890804082f6,1s,AVG,0d6282ab0890b322f5464beb09d3adafff9d05ce7b487b337a42c890804082f6,2026-09-02T19:28:20.888Z,2026-09-02T19:28:28.669Z,2026-09-02T19:28:28.669Z,3971
powertrainCombustionEngineTPS,CAN_ENGINE_TPS,HF_HISTORICAL,2026-09-02T19:28:23.888Z,2026-09-02T19:28:28.868Z,2026-09-02T19:28:28.669Z,2026-09-02T19:28:28.868Z,4956,25.49019607843137,25.49019607843137,899a2dea402bdb9c580856118e4804010e8922ef017013743fb821c5cf88e344,1s,AVG,899a2dea402bdb9c580856118e4804010e8922ef017013743fb821c5cf88e344,2026-09-02T19:28:20.888Z,2026-09-02T19:28:28.669Z,2026-09-02T19:28:28.669Z,3976
powertrainCombustionEngineTPS,CAN_ENGINE_TPS,HF_HISTORICAL,2026-09-02T19:28:24.888Z,2026-09-02T19:28:28.868Z,2026-09-02T19:28:28.669Z,2026-09-02T19:28:28.868Z,4961,14.11764705882353,14.11764705882353,e066fda06457c4c42a2d087c12975913c8ffb22e6702dd59fbeeaacc4216fc09,1s,AVG,e066fda06457c4c42a2d087c12975913c8ffb22e6702dd59fbeeaacc4216fc09,2026-09-02T19:28:20.888Z,2026-09-02T19:28:28.669Z,2026-09-02T19:28:28.669Z,3981
powertrainCombustionEngineTPS,CAN_ENGINE_TPS,LATEST_LIVE,2026-09-02T19:28:28.000Z,2026-09-02T19:28:34.562Z,2026-09-02T19:28:34.349Z,2026-09-02T19:28:34.562Z,4966,34.11764705882353,"{""value"":34.11764705882353,""timestamp"":""2026-09-02T19:28:28Z""}",,,,,,,,3986
powertrainCombustionEngineTPS,CAN_ENGINE_TPS,HF_HISTORICAL,2026-09-02T19:28:27.669Z,2026-09-02T19:28:34.750Z,2026-09-02T19:28:34.564Z,2026-09-02T19:28:34.750Z,4971,34.11764705882353,34.11764705882353,83c1f3c58a43ce9fb0248c313b3fc2d2c96bdea68df885cfc0dd693a19c798f9,1s,AVG,83c1f3c58a43ce9fb0248c313b3fc2d2c96bdea68df885cfc0dd693a19c798f9,2026-09-02T19:28:26.669Z,2026-09-02T19:28:34.563Z,2026-09-02T19:28:34.563Z,3991
powertrainCombustionEngineTPS,CAN_ENGINE_TPS,LATEST_LIVE,2026-09-02T19:28:36.000Z,2026-09-02T19:28:40.339Z,2026-09-02T19:28:40.081Z,2026-09-02T19:28:40.339Z,4976,14.11764705882353,"{""value"":14.11764705882353,""timestamp"":""2026-09-02T19:28:36Z""}",,,,,,,,3996
powertrainCombustionEngineTPS,CAN_ENGINE_TPS,HF_HISTORICAL,2026-09-02T19:28:32.563Z,2026-09-02T19:28:40.567Z,2026-09-02T19:28:40.341Z,2026-09-02T19:28:40.567Z,4981,22.35294117647059,22.35294117647059,ed76a1b6b8c78a37bcc88f077cb773bf1abbcf8ba6ae03f5a3c1624b9ea7a963,1s,AVG,ed76a1b6b8c78a37bcc88f077cb773bf1abbcf8ba6ae03f5a3c1624b9ea7a963,2026-09-02T19:28:32.563Z,2026-09-02T19:28:40.341Z,2026-09-02T19:28:40.341Z,4001
powertrainCombustionEngineTPS,CAN_ENGINE_TPS,HF_HISTORICAL,2026-09-02T19:28:33.563Z,2026-09-02T19:28:40.567Z,2026-09-02T19:28:40.341Z,2026-09-02T19:28:40.567Z,4985,14.11764705882353,14.11764705882353,b595d613db33028e8aceaaf8070743d6cc2c9c54e12f062316f1ceaa935fe466,1s,AVG,b595d613db33028e8aceaaf8070743d6cc2c9c54e12f062316f1ceaa935fe466,2026-09-02T19:28:32.563Z,2026-09-02T19:28:40.341Z,2026-09-02T19:28:40.341Z,4005
powertrainCombustionEngineTPS,CAN_ENGINE_TPS,HF_HISTORICAL,2026-09-02T19:28:35.563Z,2026-09-02T19:28:40.567Z,2026-09-02T19:28:40.341Z,2026-09-02T19:28:40.567Z,4989,14.11764705882353,14.11764705882353,37d08daf9d578eb1914af32c36a38d3b2a9a90fb8ec1732e457c37df217350de,1s,AVG,37d08daf9d578eb1914af32c36a38d3b2a9a90fb8ec1732e457c37df217350de,2026-09-02T19:28:32.563Z,2026-09-02T19:28:40.341Z,2026-09-02T19:28:40.341Z,4009
powertrainCombustionEngineTPS,CAN_ENGINE_TPS,LATEST_LIVE,2026-09-02T19:28:43.000Z,2026-09-02T19:28:47.078Z,2026-09-02T19:28:46.827Z,2026-09-02T19:28:47.078Z,5020,14.11764705882353,"{""value"":14.11764705882353,""timestamp"":""2026-09-02T19:28:43Z""}",,,,,,,,4020
powertrainCombustionEngineTPS,CAN_ENGINE_TPS,HF_HISTORICAL,2026-09-02T19:28:39.341Z,2026-09-02T19:28:47.333Z,2026-09-02T19:28:47.079Z,2026-09-02T19:28:47.333Z,5025,14.11764705882353,14.11764705882353,76c24b1f4b7ca4d32f81282792f7636e9b782dc6badf13ffd69bcfcbc2d11981,1s,AVG,76c24b1f4b7ca4d32f81282792f7636e9b782dc6badf13ffd69bcfcbc2d11981,2026-09-02T19:28:38.341Z,2026-09-02T19:28:47.079Z,2026-09-02T19:28:47.079Z,4025
powertrainCombustionEngineTPS,CAN_ENGINE_TPS,HF_HISTORICAL,2026-09-02T19:28:40.341Z,2026-09-02T19:28:47.333Z,2026-09-02T19:28:47.079Z,2026-09-02T19:28:47.333Z,5030,14.11764705882353,14.11764705882353,6689f32263b9c27e64f850190a02f248d98b9ba701d4d121eb2a28a9f49559f3,1s,AVG,6689f32263b9c27e64f850190a02f248d98b9ba701d4d121eb2a28a9f49559f3,2026-09-02T19:28:38.341Z,2026-09-02T19:28:47.079Z,2026-09-02T19:28:47.079Z,4030
powertrainCombustionEngineTPS,CAN_ENGINE_TPS,HF_HISTORICAL,2026-09-02T19:28:42.341Z,2026-09-02T19:28:47.333Z,2026-09-02T19:28:47.079Z,2026-09-02T19:28:47.333Z,5035,14.11764705882353,14.11764705882353,3333bad97772bf65bb7e21091357af1d0936049f5fdc8ea58953e138b3f6009c,1s,AVG,3333bad97772bf65bb7e21091357af1d0936049f5fdc8ea58953e138b3f6009c,2026-09-02T19:28:38.341Z,2026-09-02T19:28:47.079Z,2026-09-02T19:28:47.079Z,4035
powertrainCombustionEngineTPS,CAN_ENGINE_TPS,LATEST_LIVE,2026-09-02T19:28:49.000Z,2026-09-02T19:28:52.949Z,2026-09-02T19:28:52.669Z,2026-09-02T19:28:52.949Z,5040,24.31372549019608,"{""value"":24.31372549019608,""timestamp"":""2026-09-02T19:28:49Z""}",,,,,,,,4040
powertrainCombustionEngineTPS,CAN_ENGINE_TPS,HF_HISTORICAL,2026-09-02T19:28:45.079Z,2026-09-02T19:28:53.498Z,2026-09-02T19:28:52.951Z,2026-09-02T19:28:53.498Z,5045,34.50980392156863,34.50980392156863,744cfc363d84b3264469bf6ed618253baa7060047d3aba1a85f5d3e68ba8984e,1s,AVG,744cfc363d84b3264469bf6ed618253baa7060047d3aba1a85f5d3e68ba8984e,2026-09-02T19:28:45.079Z,2026-09-02T19:28:52.951Z,2026-09-02T19:28:52.951Z,4045
powertrainCombustionEngineTPS,CAN_ENGINE_TPS,HF_HISTORICAL,2026-09-02T19:28:47.079Z,2026-09-02T19:28:53.498Z,2026-09-02T19:28:52.951Z,2026-09-02T19:28:53.498Z,5050,32.54901960784314,32.54901960784314,acf154466e80cf90919df5110eb16591633df091a40b5410e80fd8d3296aa41f,1s,AVG,acf154466e80cf90919df5110eb16591633df091a40b5410e80fd8d3296aa41f,2026-09-02T19:28:45.079Z,2026-09-02T19:28:52.951Z,2026-09-02T19:28:52.951Z,4050
powertrainCombustionEngineTPS,CAN_ENGINE_TPS,HF_HISTORICAL,2026-09-02T19:28:48.079Z,2026-09-02T19:28:53.498Z,2026-09-02T19:28:52.951Z,2026-09-02T19:28:53.498Z,5055,24.31372549019608,24.31372549019608,b10411c2937b0b16aca900892c3b04b35cc0954ea257f7986bc4d6678ba69329,1s,AVG,b10411c2937b0b16aca900892c3b04b35cc0954ea257f7986bc4d6678ba69329,2026-09-02T19:28:45.079Z,2026-09-02T19:28:52.951Z,2026-09-02T19:28:52.951Z,4055
powertrainCombustionEngineTPS,CAN_ENGINE_TPS,LATEST_LIVE,2026-09-02T19:28:55.000Z,2026-09-02T19:28:59.183Z,2026-09-02T19:28:58.905Z,2026-09-02T19:28:59.183Z,5060,14.11764705882353,"{""value"":14.11764705882353,""timestamp"":""2026-09-02T19:28:55Z""}",,,,,,,,4060
powertrainCombustionEngineTPS,CAN_ENGINE_TPS,HF_HISTORICAL,2026-09-02T19:28:50.951Z,2026-09-02T19:28:59.446Z,2026-09-02T19:28:59.185Z,2026-09-02T19:28:59.446Z,5065,14.11764705882353,14.11764705882353,05048ad38984a9f9fb4d042fff544278241b45847f149cb227a4c252fcd3923c,1s,AVG,05048ad38984a9f9fb4d042fff544278241b45847f149cb227a4c252fcd3923c,2026-09-02T19:28:50.951Z,2026-09-02T19:28:59.185Z,2026-09-02T19:28:59.185Z,4065
powertrainCombustionEngineTPS,CAN_ENGINE_TPS,HF_HISTORICAL,2026-09-02T19:28:51.951Z,2026-09-02T19:28:59.446Z,2026-09-02T19:28:59.185Z,2026-09-02T19:28:59.446Z,5070,14.11764705882353,14.11764705882353,8fc927de7198202625c7c2dff9ab2ed96af4dcefe14411802cf23370e0070190,1s,AVG,8fc927de7198202625c7c2dff9ab2ed96af4dcefe14411802cf23370e0070190,2026-09-02T19:28:50.951Z,2026-09-02T19:28:59.185Z,2026-09-02T19:28:59.185Z,4070
powertrainCombustionEngineTPS,CAN_ENGINE_TPS,HF_HISTORICAL,2026-09-02T19:28:53.951Z,2026-09-02T19:28:59.446Z,2026-09-02T19:28:59.185Z,2026-09-02T19:28:59.446Z,5075,14.11764705882353,14.11764705882353,e7b0895806dc49e5e8479ae8ee3ad39ef70c9913e44897ef59db7ae83c729fd5,1s,AVG,e7b0895806dc49e5e8479ae8ee3ad39ef70c9913e44897ef59db7ae83c729fd5,2026-09-02T19:28:50.951Z,2026-09-02T19:28:59.185Z,2026-09-02T19:28:59.185Z,4075
powertrainCombustionEngineTPS,CAN_ENGINE_TPS,HF_HISTORICAL,2026-09-02T19:28:54.951Z,2026-09-02T19:28:59.446Z,2026-09-02T19:28:59.185Z,2026-09-02T19:28:59.446Z,5080,14.11764705882353,14.11764705882353,e9e42c9a5255804d081567e8a60ecd73a8b21f46f023ddffbdeb0559d98ad721,1s,AVG,e9e42c9a5255804d081567e8a60ecd73a8b21f46f023ddffbdeb0559d98ad721,2026-09-02T19:28:50.951Z,2026-09-02T19:28:59.185Z,2026-09-02T19:28:59.185Z,4080
powertrainCombustionEngineTPS,CAN_ENGINE_TPS,LATEST_LIVE,2026-09-02T19:28:58.000Z,2026-09-02T19:29:05.106Z,2026-09-02T19:29:04.854Z,2026-09-02T19:29:05.106Z,5085,14.11764705882353,"{""value"":14.11764705882353,""timestamp"":""2026-09-02T19:28:58Z""}",,,,,,,,4085
powertrainCombustionEngineTPS,CAN_ENGINE_TPS,HF_HISTORICAL,2026-09-02T19:28:57.185Z,2026-09-02T19:29:05.334Z,2026-09-02T19:29:05.110Z,2026-09-02T19:29:05.334Z,5090,14.11764705882353,14.11764705882353,6875c6cca5ae8a790eff925c9ed3a337a0a362a78059d0bf4c4ac24da3d60aab,1s,AVG,6875c6cca5ae8a790eff925c9ed3a337a0a362a78059d0bf4c4ac24da3d60aab,2026-09-02T19:28:57.185Z,2026-09-02T19:29:05.110Z,2026-09-02T19:29:05.110Z,4090
powertrainCombustionEngineTPS,CAN_ENGINE_TPS,LATEST_LIVE,2026-09-02T19:29:07.000Z,2026-09-02T19:29:10.971Z,2026-09-02T19:29:10.701Z,2026-09-02T19:29:10.971Z,5098,26.27450980392157,"{""value"":26.27450980392157,""timestamp"":""2026-09-02T19:29:07Z""}",,,,,,,,4098
powertrainCombustionEngineTPS,CAN_ENGINE_TPS,HF_HISTORICAL,2026-09-02T19:29:03.110Z,2026-09-02T19:29:11.224Z,2026-09-02T19:29:10.972Z,2026-09-02T19:29:11.224Z,5102,0,0,63f3f200d48564cb2a75445a8782604ce2e971927fc9529a289c6f0eae3f67d1,1s,AVG,63f3f200d48564cb2a75445a8782604ce2e971927fc9529a289c6f0eae3f67d1,2026-09-02T19:29:03.110Z,2026-09-02T19:29:10.972Z,2026-09-02T19:29:10.972Z,4102
powertrainCombustionEngineTPS,CAN_ENGINE_TPS,HF_HISTORICAL,2026-09-02T19:29:04.110Z,2026-09-02T19:29:11.224Z,2026-09-02T19:29:10.972Z,2026-09-02T19:29:11.224Z,5107,14.11764705882353,14.11764705882353,2b98d478c0f7718735718f505af5b3e4f8d36fb4a5ddcea3ebedf36c2b7aad85,1s,AVG,2b98d478c0f7718735718f505af5b3e4f8d36fb4a5ddcea3ebedf36c2b7aad85,2026-09-02T19:29:03.110Z,2026-09-02T19:29:10.972Z,2026-09-02T19:29:10.972Z,4107
powertrainCombustionEngineTPS,CAN_ENGINE_TPS,HF_HISTORICAL,2026-09-02T19:29:06.110Z,2026-09-02T19:29:11.224Z,2026-09-02T19:29:10.972Z,2026-09-02T19:29:11.224Z,5112,26.27450980392157,26.27450980392157,7d73b5e26954e306583ee07dc87996164b9a1b11a788754531cd2b6318f7908f,1s,AVG,7d73b5e26954e306583ee07dc87996164b9a1b11a788754531cd2b6318f7908f,2026-09-02T19:29:03.110Z,2026-09-02T19:29:10.972Z,2026-09-02T19:29:10.972Z,4112
powertrainCombustionEngineTPS,CAN_ENGINE_TPS,LATEST_LIVE,2026-09-02T19:29:13.000Z,2026-09-02T19:29:16.964Z,2026-09-02T19:29:16.522Z,2026-09-02T19:29:16.964Z,5117,14.11764705882353,"{""value"":14.11764705882353,""timestamp"":""2026-09-02T19:29:13Z""}",,,,,,,,4117
powertrainCombustionEngineTPS,CAN_ENGINE_TPS,HF_HISTORICAL,2026-09-02T19:29:08.972Z,2026-09-02T19:29:17.176Z,2026-09-02T19:29:16.965Z,2026-09-02T19:29:17.176Z,5122,22.35294117647059,22.35294117647059,b2d0d54c18800c7fe58ac9f3727f7915074e4cd2fa1b378dd776a10732779784,1s,AVG,b2d0d54c18800c7fe58ac9f3727f7915074e4cd2fa1b378dd776a10732779784,2026-09-02T19:29:08.972Z,2026-09-02T19:29:16.965Z,2026-09-02T19:29:16.965Z,4122
powertrainCombustionEngineTPS,CAN_ENGINE_TPS,HF_HISTORICAL,2026-09-02T19:29:09.972Z,2026-09-02T19:29:17.176Z,2026-09-02T19:29:16.965Z,2026-09-02T19:29:17.176Z,5127,14.11764705882353,14.11764705882353,5d79405779861a1747cd75300e386651123dc85af9b92ca540537edd71ebda57,1s,AVG,5d79405779861a1747cd75300e386651123dc85af9b92ca540537edd71ebda57,2026-09-02T19:29:08.972Z,2026-09-02T19:29:16.965Z,2026-09-02T19:29:16.965Z,4127
powertrainCombustionEngineTPS,CAN_ENGINE_TPS,HF_HISTORICAL,2026-09-02T19:29:11.972Z,2026-09-02T19:29:17.176Z,2026-09-02T19:29:16.965Z,2026-09-02T19:29:17.176Z,5132,14.11764705882353,14.11764705882353,bbbe9be5f3be6b33ee786331a552a145313975aaacc199146bd216839b113f90,1s,AVG,bbbe9be5f3be6b33ee786331a552a145313975aaacc199146bd216839b113f90,2026-09-02T19:29:08.972Z,2026-09-02T19:29:16.965Z,2026-09-02T19:29:16.965Z,4132
powertrainCombustionEngineTPS,CAN_ENGINE_TPS,HF_HISTORICAL,2026-09-02T19:29:12.972Z,2026-09-02T19:29:17.176Z,2026-09-02T19:29:16.965Z,2026-09-02T19:29:17.176Z,5137,14.11764705882353,14.11764705882353,37aa9003f9fc3a167732105a840516ea829abe0acd16f9e0e53fb8881400d287,1s,AVG,37aa9003f9fc3a167732105a840516ea829abe0acd16f9e0e53fb8881400d287,2026-09-02T19:29:08.972Z,2026-09-02T19:29:16.965Z,2026-09-02T19:29:16.965Z,4137
powertrainCombustionEngineTPS,CAN_ENGINE_TPS,LATEST_LIVE,2026-09-02T19:29:20.000Z,2026-09-02T19:29:23.096Z,2026-09-02T19:29:22.866Z,2026-09-02T19:29:23.096Z,5168,29.01960784313725,"{""value"":29.01960784313725,""timestamp"":""2026-09-02T19:29:20Z""}",,,,,,,,4148
powertrainCombustionEngineTPS,CAN_ENGINE_TPS,HF_HISTORICAL,2026-09-02T19:29:15.965Z,2026-09-02T19:29:23.312Z,2026-09-02T19:29:23.098Z,2026-09-02T19:29:23.312Z,5173,14.11764705882353,14.11764705882353,823b57f594d048a9433f93208579f44b6eaab8257036a450bd962e183a1af25a,1s,AVG,823b57f594d048a9433f93208579f44b6eaab8257036a450bd962e183a1af25a,2026-09-02T19:29:14.965Z,2026-09-02T19:29:23.097Z,2026-09-02T19:29:23.097Z,4153
powertrainCombustionEngineTPS,CAN_ENGINE_TPS,HF_HISTORICAL,2026-09-02T19:29:16.965Z,2026-09-02T19:29:23.312Z,2026-09-02T19:29:23.098Z,2026-09-02T19:29:23.312Z,5178,14.11764705882353,14.11764705882353,ef49b61fa5b4c57bc7f3661a92e50bf038fecdf83b19d3d5d9791b004944e834,1s,AVG,ef49b61fa5b4c57bc7f3661a92e50bf038fecdf83b19d3d5d9791b004944e834,2026-09-02T19:29:14.965Z,2026-09-02T19:29:23.097Z,2026-09-02T19:29:23.097Z,4158
powertrainCombustionEngineTPS,CAN_ENGINE_TPS,HF_HISTORICAL,2026-09-02T19:29:18.965Z,2026-09-02T19:29:23.312Z,2026-09-02T19:29:23.098Z,2026-09-02T19:29:23.312Z,5183,29.80392156862745,29.80392156862745,dc46ced4dac833eaa2fa834d877568483ff21f787a12958ae761faf9a18455bb,1s,AVG,dc46ced4dac833eaa2fa834d877568483ff21f787a12958ae761faf9a18455bb,2026-09-02T19:29:14.965Z,2026-09-02T19:29:23.097Z,2026-09-02T19:29:23.097Z,4163
powertrainCombustionEngineTPS,CAN_ENGINE_TPS,HF_HISTORICAL,2026-09-02T19:29:19.965Z,2026-09-02T19:29:23.312Z,2026-09-02T19:29:23.098Z,2026-09-02T19:29:23.312Z,5188,29.01960784313725,29.01960784313725,eb8eebd4396460e3edf0582fa9aa73e83c192184b5dc3b00efbdbd19a346a40f,1s,AVG,eb8eebd4396460e3edf0582fa9aa73e83c192184b5dc3b00efbdbd19a346a40f,2026-09-02T19:29:14.965Z,2026-09-02T19:29:23.097Z,2026-09-02T19:29:23.097Z,4168
powertrainCombustionEngineTPS,CAN_ENGINE_TPS,LATEST_LIVE,2026-09-02T19:29:23.000Z,2026-09-02T19:29:28.928Z,2026-09-02T19:29:28.690Z,2026-09-02T19:29:28.928Z,5193,40,"{""value"":40,""timestamp"":""2026-09-02T19:29:23Z""}",,,,,,,,4173
powertrainCombustionEngineTPS,CAN_ENGINE_TPS,HF_HISTORICAL,2026-09-02T19:29:21.097Z,2026-09-02T19:29:29.383Z,2026-09-02T19:29:28.929Z,2026-09-02T19:29:29.383Z,5198,14.11764705882353,14.11764705882353,c4220252149e62e98b846a3fdbece9471d9df90fda73fc00dba6a48f8887af68,1s,AVG,c4220252149e62e98b846a3fdbece9471d9df90fda73fc00dba6a48f8887af68,2026-09-02T19:29:21.097Z,2026-09-02T19:29:28.929Z,2026-09-02T19:29:28.929Z,4178
powertrainCombustionEngineTPS,CAN_ENGINE_TPS,HF_HISTORICAL,2026-09-02T19:29:22.097Z,2026-09-02T19:29:29.383Z,2026-09-02T19:29:28.929Z,2026-09-02T19:29:29.383Z,5203,40,40,c1af2c9c20b06536cbf261c82a84612b4f21fabce1b000cd869dcae385b9e231,1s,AVG,c1af2c9c20b06536cbf261c82a84612b4f21fabce1b000cd869dcae385b9e231,2026-09-02T19:29:21.097Z,2026-09-02T19:29:28.929Z,2026-09-02T19:29:28.929Z,4183
powertrainCombustionEngineTPS,CAN_ENGINE_TPS,HF_HISTORICAL,2026-09-02T19:29:24.097Z,2026-09-02T19:29:29.383Z,2026-09-02T19:29:28.929Z,2026-09-02T19:29:29.383Z,5208,14.50980392156863,14.50980392156863,66c007c7864c82e4ff01c4efab46f135e622e9e18953c14a98917343a4c04286,1s,AVG,66c007c7864c82e4ff01c4efab46f135e622e9e18953c14a98917343a4c04286,2026-09-02T19:29:21.097Z,2026-09-02T19:29:28.929Z,2026-09-02T19:29:28.929Z,4188
powertrainCombustionEngineTPS,CAN_ENGINE_TPS,LATEST_LIVE,2026-09-02T19:29:28.000Z,2026-09-02T19:29:35.096Z,2026-09-02T19:29:34.828Z,2026-09-02T19:29:35.096Z,5213,14.11764705882353,"{""value"":14.11764705882353,""timestamp"":""2026-09-02T19:29:28Z""}",,,,,,,,4193
powertrainCombustionEngineTPS,CAN_ENGINE_TPS,HF_HISTORICAL,2026-09-02T19:29:26.929Z,2026-09-02T19:29:35.299Z,2026-09-02T19:29:35.097Z,2026-09-02T19:29:35.299Z,5218,14.11764705882353,14.11764705882353,87e0cda962a8c41365644bce4424ebb9dc00cab2010e3ddac237307474b99bc6,1s,AVG,87e0cda962a8c41365644bce4424ebb9dc00cab2010e3ddac237307474b99bc6,2026-09-02T19:29:26.929Z,2026-09-02T19:29:35.097Z,2026-09-02T19:29:35.097Z,4198
powertrainCombustionEngineTPS,CAN_ENGINE_TPS,HF_HISTORICAL,2026-09-02T19:29:27.929Z,2026-09-02T19:29:35.299Z,2026-09-02T19:29:35.097Z,2026-09-02T19:29:35.299Z,5223,14.11764705882353,14.11764705882353,89070d1a40ec643f2d3c5a3178b909d32de850945469bc7b2f423aa9599f1b64,1s,AVG,89070d1a40ec643f2d3c5a3178b909d32de850945469bc7b2f423aa9599f1b64,2026-09-02T19:29:26.929Z,2026-09-02T19:29:35.097Z,2026-09-02T19:29:35.097Z,4203
powertrainCombustionEngineTPS,CAN_ENGINE_TPS,LATEST_LIVE,2026-09-02T19:29:39.000Z,2026-09-02T19:29:40.962Z,2026-09-02T19:29:40.669Z,2026-09-02T19:29:40.962Z,5228,14.11764705882353,"{""value"":14.11764705882353,""timestamp"":""2026-09-02T19:29:39Z""}",,,,,,,,4208
powertrainCombustionEngineTPS,CAN_ENGINE_TPS,HF_HISTORICAL,2026-09-02T19:29:34.097Z,2026-09-02T19:29:41.197Z,2026-09-02T19:29:40.963Z,2026-09-02T19:29:41.197Z,5233,14.11764705882353,14.11764705882353,d70862c101f3545530704b1055718ed108ebcca422356b477366d16647585d7f,1s,AVG,d70862c101f3545530704b1055718ed108ebcca422356b477366d16647585d7f,2026-09-02T19:29:33.097Z,2026-09-02T19:29:40.963Z,2026-09-02T19:29:40.963Z,4213
powertrainCombustionEngineTPS,CAN_ENGINE_TPS,HF_HISTORICAL,2026-09-02T19:29:35.097Z,2026-09-02T19:29:41.197Z,2026-09-02T19:29:40.963Z,2026-09-02T19:29:41.197Z,5238,14.50980392156863,14.50980392156863,ea15ab042ef23eb3f764cbd94dd866cdb35e26c65c137f82da93d54712cedc13,1s,AVG,ea15ab042ef23eb3f764cbd94dd866cdb35e26c65c137f82da93d54712cedc13,2026-09-02T19:29:33.097Z,2026-09-02T19:29:40.963Z,2026-09-02T19:29:40.963Z,4218
powertrainCombustionEngineTPS,CAN_ENGINE_TPS,HF_HISTORICAL,2026-09-02T19:29:36.097Z,2026-09-02T19:29:41.197Z,2026-09-02T19:29:40.963Z,2026-09-02T19:29:41.197Z,5243,14.11764705882353,14.11764705882353,39be2bee967db5fd55de0b534c1507830276916035fe948716c53dae89b796a5,1s,AVG,39be2bee967db5fd55de0b534c1507830276916035fe948716c53dae89b796a5,2026-09-02T19:29:33.097Z,2026-09-02T19:29:40.963Z,2026-09-02T19:29:40.963Z,4223
powertrainCombustionEngineTPS,CAN_ENGINE_TPS,HF_HISTORICAL,2026-09-02T19:29:38.097Z,2026-09-02T19:29:41.197Z,2026-09-02T19:29:40.963Z,2026-09-02T19:29:41.197Z,5248,14.11764705882353,14.11764705882353,dd4fd7b5f221b4ebfea2eb73695e0d5312e092a59ff743352e56e68022469589,1s,AVG,dd4fd7b5f221b4ebfea2eb73695e0d5312e092a59ff743352e56e68022469589,2026-09-02T19:29:33.097Z,2026-09-02T19:29:40.963Z,2026-09-02T19:29:40.963Z,4228
powertrainCombustionEngineTPS,CAN_ENGINE_TPS,LATEST_LIVE,2026-09-02T19:29:42.000Z,2026-09-02T19:29:46.870Z,2026-09-02T19:29:46.495Z,2026-09-02T19:29:46.870Z,5253,19.2156862745098,"{""value"":19.2156862745098,""timestamp"":""2026-09-02T19:29:42Z""}",,,,,,,,4233
powertrainCombustionEngineTPS,CAN_ENGINE_TPS,HF_HISTORICAL,2026-09-02T19:29:38.963Z,2026-09-02T19:29:47.094Z,2026-09-02T19:29:46.871Z,2026-09-02T19:29:47.094Z,5258,14.11764705882353,14.11764705882353,c1531ac2c9d73bc9f7e9ac902bf61609031c9bd64882e46ce88fe9e01813950e,1s,AVG,c1531ac2c9d73bc9f7e9ac902bf61609031c9bd64882e46ce88fe9e01813950e,2026-09-02T19:29:38.963Z,2026-09-02T19:29:46.871Z,2026-09-02T19:29:46.871Z,4238
powertrainCombustionEngineTPS,CAN_ENGINE_TPS,HF_HISTORICAL,2026-09-02T19:29:39.963Z,2026-09-02T19:29:47.094Z,2026-09-02T19:29:46.871Z,2026-09-02T19:29:47.094Z,5263,35.68627450980392,35.68627450980392,a20f45d4670a7c3dc78b035299a965369e6593aab57eec9fe7281508b016c932,1s,AVG,a20f45d4670a7c3dc78b035299a965369e6593aab57eec9fe7281508b016c932,2026-09-02T19:29:38.963Z,2026-09-02T19:29:46.871Z,2026-09-02T19:29:46.871Z,4243
powertrainCombustionEngineTPS,CAN_ENGINE_TPS,HF_HISTORICAL,2026-09-02T19:29:40.963Z,2026-09-02T19:29:47.094Z,2026-09-02T19:29:46.871Z,2026-09-02T19:29:47.094Z,5268,42.35294117647059,42.35294117647059,74420b29bf2cca0ff27fecbeaded0affa92d02c8c0944426ef3ae47d28b08696,1s,AVG,74420b29bf2cca0ff27fecbeaded0affa92d02c8c0944426ef3ae47d28b08696,2026-09-02T19:29:38.963Z,2026-09-02T19:29:46.871Z,2026-09-02T19:29:46.871Z,4248
powertrainCombustionEngineTPS,CAN_ENGINE_TPS,HF_HISTORICAL,2026-09-02T19:29:41.963Z,2026-09-02T19:29:47.094Z,2026-09-02T19:29:46.871Z,2026-09-02T19:29:47.094Z,5273,19.2156862745098,19.2156862745098,7bb1bd52cf25bd2823639e47ab67234552716fb507718e22577b338bbcb1d572,1s,AVG,7bb1bd52cf25bd2823639e47ab67234552716fb507718e22577b338bbcb1d572,2026-09-02T19:29:38.963Z,2026-09-02T19:29:46.871Z,2026-09-02T19:29:46.871Z,4253
powertrainCombustionEngineTPS,CAN_ENGINE_TPS,LATEST_LIVE,2026-09-02T19:29:49.000Z,2026-09-02T19:29:52.958Z,2026-09-02T19:29:52.428Z,2026-09-02T19:29:52.958Z,5278,14.11764705882353,"{""value"":14.11764705882353,""timestamp"":""2026-09-02T19:29:49Z""}",,,,,,,,4258
powertrainCombustionEngineTPS,CAN_ENGINE_TPS,HF_HISTORICAL,2026-09-02T19:29:45.871Z,2026-09-02T19:29:53.213Z,2026-09-02T19:29:52.959Z,2026-09-02T19:29:53.213Z,5283,29.80392156862745,29.80392156862745,3321a9bf96705588b3dd4a009c3a611c0974f27cfadff5d56b32e3cb81ff192c,1s,AVG,3321a9bf96705588b3dd4a009c3a611c0974f27cfadff5d56b32e3cb81ff192c,2026-09-02T19:29:44.871Z,2026-09-02T19:29:52.959Z,2026-09-02T19:29:52.959Z,4263
powertrainCombustionEngineTPS,CAN_ENGINE_TPS,HF_HISTORICAL,2026-09-02T19:29:47.871Z,2026-09-02T19:29:53.213Z,2026-09-02T19:29:52.959Z,2026-09-02T19:29:53.213Z,5288,32.94117647058823,32.94117647058823,ce58eeeb530d512eadde510fd7ebc5b3165fbda0d2bf202a52c439853af7c191,1s,AVG,ce58eeeb530d512eadde510fd7ebc5b3165fbda0d2bf202a52c439853af7c191,2026-09-02T19:29:44.871Z,2026-09-02T19:29:52.959Z,2026-09-02T19:29:52.959Z,4268
powertrainCombustionEngineTPS,CAN_ENGINE_TPS,HF_HISTORICAL,2026-09-02T19:29:48.871Z,2026-09-02T19:29:53.213Z,2026-09-02T19:29:52.959Z,2026-09-02T19:29:53.213Z,5293,14.11764705882353,14.11764705882353,2e8ac91261460565d3256f40c63b7c7fa6ae0a527cc4c22056ab8ce7cdc72c34,1s,AVG,2e8ac91261460565d3256f40c63b7c7fa6ae0a527cc4c22056ab8ce7cdc72c34,2026-09-02T19:29:44.871Z,2026-09-02T19:29:52.959Z,2026-09-02T19:29:52.959Z,4273
powertrainCombustionEngineTPS,CAN_ENGINE_TPS,LATEST_LIVE,2026-09-02T19:29:55.000Z,2026-09-02T19:29:59.158Z,2026-09-02T19:29:58.877Z,2026-09-02T19:29:59.158Z,5324,29.01960784313725,"{""value"":29.01960784313725,""timestamp"":""2026-09-02T19:29:55Z""}",,,,,,,,4284
powertrainCombustionEngineTPS,CAN_ENGINE_TPS,HF_HISTORICAL,2026-09-02T19:29:50.959Z,2026-09-02T19:29:59.385Z,2026-09-02T19:29:59.159Z,2026-09-02T19:29:59.385Z,5329,14.11764705882353,14.11764705882353,c90f80afb9fd36422c846a6075953eee4123a9fee097c2cabe5276400937aa4e,1s,AVG,c90f80afb9fd36422c846a6075953eee4123a9fee097c2cabe5276400937aa4e,2026-09-02T19:29:50.959Z,2026-09-02T19:29:59.159Z,2026-09-02T19:29:59.159Z,4289
powertrainCombustionEngineTPS,CAN_ENGINE_TPS,HF_HISTORICAL,2026-09-02T19:29:52.959Z,2026-09-02T19:29:59.385Z,2026-09-02T19:29:59.159Z,2026-09-02T19:29:59.385Z,5334,14.11764705882353,14.11764705882353,6e4f4d53ce447b91d99a8ccc75268c4851f74c9901e8a31a11a5e046b3ed1c5a,1s,AVG,6e4f4d53ce447b91d99a8ccc75268c4851f74c9901e8a31a11a5e046b3ed1c5a,2026-09-02T19:29:50.959Z,2026-09-02T19:29:59.159Z,2026-09-02T19:29:59.159Z,4294
powertrainCombustionEngineTPS,CAN_ENGINE_TPS,HF_HISTORICAL,2026-09-02T19:29:53.959Z,2026-09-02T19:29:59.385Z,2026-09-02T19:29:59.159Z,2026-09-02T19:29:59.385Z,5339,14.11764705882353,14.11764705882353,7ccdf798a8dec0c8f40c63a715de1e910076f5705111b76e22b34f135e991c12,1s,AVG,7ccdf798a8dec0c8f40c63a715de1e910076f5705111b76e22b34f135e991c12,2026-09-02T19:29:50.959Z,2026-09-02T19:29:59.159Z,2026-09-02T19:29:59.159Z,4299
powertrainCombustionEngineTPS,CAN_ENGINE_TPS,HF_HISTORICAL,2026-09-02T19:29:54.959Z,2026-09-02T19:29:59.385Z,2026-09-02T19:29:59.159Z,2026-09-02T19:29:59.385Z,5344,29.01960784313725,29.01960784313725,ed8d61772d8aa030133c14ab8b595d7bcf6e065a053b1c413dd4a52c2cbd340a,1s,AVG,ed8d61772d8aa030133c14ab8b595d7bcf6e065a053b1c413dd4a52c2cbd340a,2026-09-02T19:29:50.959Z,2026-09-02T19:29:59.159Z,2026-09-02T19:29:59.159Z,4304
powertrainCombustionEngineTPS,CAN_ENGINE_TPS,LATEST_LIVE,2026-09-02T19:29:59.000Z,2026-09-02T19:30:05.011Z,2026-09-02T19:30:04.765Z,2026-09-02T19:30:05.011Z,5349,14.11764705882353,"{""value"":14.11764705882353,""timestamp"":""2026-09-02T19:29:59Z""}",,,,,,,,4309
powertrainCombustionEngineTPS,CAN_ENGINE_TPS,HF_HISTORICAL,2026-09-02T19:29:57.159Z,2026-09-02T19:30:05.213Z,2026-09-02T19:30:05.016Z,2026-09-02T19:30:05.213Z,5354,14.11764705882353,14.11764705882353,8f1de91289619f01b1861fbb9553f3994597a1221d5fbcad97454dc0b3a29c1a,1s,AVG,8f1de91289619f01b1861fbb9553f3994597a1221d5fbcad97454dc0b3a29c1a,2026-09-02T19:29:57.159Z,2026-09-02T19:30:05.016Z,2026-09-02T19:30:05.016Z,4314
powertrainCombustionEngineTPS,CAN_ENGINE_TPS,HF_HISTORICAL,2026-09-02T19:29:58.159Z,2026-09-02T19:30:05.213Z,2026-09-02T19:30:05.016Z,2026-09-02T19:30:05.213Z,5359,14.11764705882353,14.11764705882353,b51be578eb4d077d1e7408e02da88b88e4afe20c37612741952a7fa0348cbd03,1s,AVG,b51be578eb4d077d1e7408e02da88b88e4afe20c37612741952a7fa0348cbd03,2026-09-02T19:29:57.159Z,2026-09-02T19:30:05.016Z,2026-09-02T19:30:05.016Z,4319
powertrainCombustionEngineTPS,CAN_ENGINE_TPS,LATEST_LIVE,2026-09-02T19:30:07.000Z,2026-09-02T19:30:10.742Z,2026-09-02T19:30:10.500Z,2026-09-02T19:30:10.742Z,5364,14.11764705882353,"{""value"":14.11764705882353,""timestamp"":""2026-09-02T19:30:07Z""}",,,,,,,,4324
powertrainCombustionEngineTPS,CAN_ENGINE_TPS,HF_HISTORICAL,2026-09-02T19:30:03.016Z,2026-09-02T19:30:10.951Z,2026-09-02T19:30:10.745Z,2026-09-02T19:30:10.951Z,5369,36.86274509803921,36.86274509803921,bb5802ac460e8fca4dfb5a547904a9a26d67c0cf7d39866570c65ebc7f497a1c,1s,AVG,bb5802ac460e8fca4dfb5a547904a9a26d67c0cf7d39866570c65ebc7f497a1c,2026-09-02T19:30:03.016Z,2026-09-02T19:30:10.745Z,2026-09-02T19:30:10.745Z,4329
powertrainCombustionEngineTPS,CAN_ENGINE_TPS,HF_HISTORICAL,2026-09-02T19:30:04.016Z,2026-09-02T19:30:10.951Z,2026-09-02T19:30:10.745Z,2026-09-02T19:30:10.951Z,5374,14.11764705882353,14.11764705882353,8be6012d5243c06787eb020957ab0b736fe3ee041de39d07425deaf123dcb2a5,1s,AVG,8be6012d5243c06787eb020957ab0b736fe3ee041de39d07425deaf123dcb2a5,2026-09-02T19:30:03.016Z,2026-09-02T19:30:10.745Z,2026-09-02T19:30:10.745Z,4334
powertrainCombustionEngineTPS,CAN_ENGINE_TPS,HF_HISTORICAL,2026-09-02T19:30:06.016Z,2026-09-02T19:30:10.951Z,2026-09-02T19:30:10.745Z,2026-09-02T19:30:10.951Z,5379,14.11764705882353,14.11764705882353,928573f3d7913a652e6b04b4afb5469e125fbc0b1dddb97fe186ba47d04afdf5,1s,AVG,928573f3d7913a652e6b04b4afb5469e125fbc0b1dddb97fe186ba47d04afdf5,2026-09-02T19:30:03.016Z,2026-09-02T19:30:10.745Z,2026-09-02T19:30:10.745Z,4339
powertrainCombustionEngineTPS,CAN_ENGINE_TPS,LATEST_LIVE,2026-09-02T19:30:13.000Z,2026-09-02T19:30:16.485Z,2026-09-02T19:30:16.229Z,2026-09-02T19:30:16.485Z,5384,24.70588235294118,"{""value"":24.70588235294118,""timestamp"":""2026-09-02T19:30:13Z""}",,,,,,,,4344
powertrainCombustionEngineTPS,CAN_ENGINE_TPS,HF_HISTORICAL,2026-09-02T19:30:08.745Z,2026-09-02T19:30:16.711Z,2026-09-02T19:30:16.486Z,2026-09-02T19:30:16.711Z,5389,16.86274509803922,16.86274509803922,4ae823a9a6bb43b625d6ec34cc14392c8ec8da028155dbb445b20c106c19f8e4,1s,AVG,4ae823a9a6bb43b625d6ec34cc14392c8ec8da028155dbb445b20c106c19f8e4,2026-09-02T19:30:08.745Z,2026-09-02T19:30:16.486Z,2026-09-02T19:30:16.486Z,4349
powertrainCombustionEngineTPS,CAN_ENGINE_TPS,HF_HISTORICAL,2026-09-02T19:30:10.745Z,2026-09-02T19:30:16.711Z,2026-09-02T19:30:16.486Z,2026-09-02T19:30:16.711Z,5394,14.11764705882353,14.11764705882353,d6b69dfefe64332f5fd171733390b0e35aa8d5f609cc52c36ec3422047d248a0,1s,AVG,d6b69dfefe64332f5fd171733390b0e35aa8d5f609cc52c36ec3422047d248a0,2026-09-02T19:30:08.745Z,2026-09-02T19:30:16.486Z,2026-09-02T19:30:16.486Z,4354
powertrainCombustionEngineTPS,CAN_ENGINE_TPS,HF_HISTORICAL,2026-09-02T19:30:12.745Z,2026-09-02T19:30:16.711Z,2026-09-02T19:30:16.486Z,2026-09-02T19:30:16.711Z,5399,24.70588235294118,24.70588235294118,4640a6a23545d716c1c9a54ef36a267acf21cabfdc00b833b04043143fc51102,1s,AVG,4640a6a23545d716c1c9a54ef36a267acf21cabfdc00b833b04043143fc51102,2026-09-02T19:30:08.745Z,2026-09-02T19:30:16.486Z,2026-09-02T19:30:16.486Z,4359
powertrainCombustionEngineTPS,CAN_ENGINE_TPS,LATEST_LIVE,2026-09-02T19:30:18.000Z,2026-09-02T19:30:22.299Z,2026-09-02T19:30:22.069Z,2026-09-02T19:30:22.299Z,5404,14.11764705882353,"{""value"":14.11764705882353,""timestamp"":""2026-09-02T19:30:18Z""}",,,,,,,,4364
powertrainCombustionEngineTPS,CAN_ENGINE_TPS,HF_HISTORICAL,2026-09-02T19:30:16.486Z,2026-09-02T19:30:22.509Z,2026-09-02T19:30:22.300Z,2026-09-02T19:30:22.509Z,5409,14.11764705882353,14.11764705882353,bbf5685577f7ad269f33e3c1ca50289924592b14af2de70376293ce909a1bb12,1s,AVG,bbf5685577f7ad269f33e3c1ca50289924592b14af2de70376293ce909a1bb12,2026-09-02T19:30:14.486Z,2026-09-02T19:30:22.300Z,2026-09-02T19:30:22.300Z,4369
powertrainCombustionEngineTPS,CAN_ENGINE_TPS,HF_HISTORICAL,2026-09-02T19:30:17.486Z,2026-09-02T19:30:22.509Z,2026-09-02T19:30:22.300Z,2026-09-02T19:30:22.509Z,5414,14.11764705882353,14.11764705882353,ff53336d37fabfb5a66d5c54ce0fadba6908578d26f556162019bfb74e131549,1s,AVG,ff53336d37fabfb5a66d5c54ce0fadba6908578d26f556162019bfb74e131549,2026-09-02T19:30:14.486Z,2026-09-02T19:30:22.300Z,2026-09-02T19:30:22.300Z,4374
powertrainCombustionEngineTPS,CAN_ENGINE_TPS,LATEST_LIVE,2026-09-02T19:30:23.000Z,2026-09-02T19:30:28.207Z,2026-09-02T19:30:27.811Z,2026-09-02T19:30:28.207Z,5419,14.11764705882353,"{""value"":14.11764705882353,""timestamp"":""2026-09-02T19:30:23Z""}",,,,,,,,4379
powertrainCombustionEngineTPS,CAN_ENGINE_TPS,HF_HISTORICAL,2026-09-02T19:30:20.300Z,2026-09-02T19:30:28.457Z,2026-09-02T19:30:28.209Z,2026-09-02T19:30:28.457Z,5424,14.11764705882353,14.11764705882353,a19e107a36b9afcee073f6faddfd7a0a64b281372a006c1ad6af73437d018801,1s,AVG,a19e107a36b9afcee073f6faddfd7a0a64b281372a006c1ad6af73437d018801,2026-09-02T19:30:20.300Z,2026-09-02T19:30:28.209Z,2026-09-02T19:30:28.209Z,4384
powertrainCombustionEngineTPS,CAN_ENGINE_TPS,HF_HISTORICAL,2026-09-02T19:30:22.300Z,2026-09-02T19:30:28.457Z,2026-09-02T19:30:28.209Z,2026-09-02T19:30:28.457Z,5429,14.11764705882353,14.11764705882353,f066a81dc89aed2fa9c6d36514700499ad14737ca725fe16e5db2482099e8fce,1s,AVG,f066a81dc89aed2fa9c6d36514700499ad14737ca725fe16e5db2482099e8fce,2026-09-02T19:30:20.300Z,2026-09-02T19:30:28.209Z,2026-09-02T19:30:28.209Z,4389
powertrainCombustionEngineTPS,CAN_ENGINE_TPS,LATEST_LIVE,2026-09-02T19:30:29.000Z,2026-09-02T19:30:34.865Z,2026-09-02T19:30:34.528Z,2026-09-02T19:30:34.865Z,5460,14.11764705882353,"{""value"":14.11764705882353,""timestamp"":""2026-09-02T19:30:29Z""}",,,,,,,,4400
powertrainCombustionEngineTPS,CAN_ENGINE_TPS,HF_HISTORICAL,2026-09-02T19:30:26.209Z,2026-09-02T19:30:35.066Z,2026-09-02T19:30:34.866Z,2026-09-02T19:30:35.066Z,5465,14.11764705882353,14.11764705882353,219eba1c75bbe1ffb863badc57c0584163645f972dcc09f4a89c4a13eafae7dc,1s,AVG,219eba1c75bbe1ffb863badc57c0584163645f972dcc09f4a89c4a13eafae7dc,2026-09-02T19:30:26.209Z,2026-09-02T19:30:34.866Z,2026-09-02T19:30:34.866Z,4405
powertrainCombustionEngineTPS,CAN_ENGINE_TPS,HF_HISTORICAL,2026-09-02T19:30:28.209Z,2026-09-02T19:30:35.066Z,2026-09-02T19:30:34.866Z,2026-09-02T19:30:35.066Z,5470,14.11764705882353,14.11764705882353,98d15fc6bf892246cf09d5935bff2fb95c183705e283b75f299e162f67b2dac7,1s,AVG,98d15fc6bf892246cf09d5935bff2fb95c183705e283b75f299e162f67b2dac7,2026-09-02T19:30:26.209Z,2026-09-02T19:30:34.866Z,2026-09-02T19:30:34.866Z,4410
powertrainCombustionEngineTPS,CAN_ENGINE_TPS,LATEST_LIVE,2026-09-02T19:30:37.000Z,2026-09-02T19:30:40.662Z,2026-09-02T19:30:40.380Z,2026-09-02T19:30:40.662Z,5475,39.6078431372549,"{""value"":39.6078431372549,""timestamp"":""2026-09-02T19:30:37Z""}",,,,,,,,4415
powertrainCombustionEngineTPS,CAN_ENGINE_TPS,HF_HISTORICAL,2026-09-02T19:30:32.866Z,2026-09-02T19:30:40.870Z,2026-09-02T19:30:40.663Z,2026-09-02T19:30:40.870Z,5480,14.11764705882353,14.11764705882353,323c4f0df7e69b8f6cea5d954f2160b9835f0bfd01461da5186ee036bdc461f0,1s,AVG,323c4f0df7e69b8f6cea5d954f2160b9835f0bfd01461da5186ee036bdc461f0,2026-09-02T19:30:32.866Z,2026-09-02T19:30:40.663Z,2026-09-02T19:30:40.663Z,4420
powertrainCombustionEngineTPS,CAN_ENGINE_TPS,HF_HISTORICAL,2026-09-02T19:30:33.866Z,2026-09-02T19:30:40.870Z,2026-09-02T19:30:40.663Z,2026-09-02T19:30:40.870Z,5485,20.3921568627451,20.3921568627451,abcf41a40a171e075d202767d84095caeabca0e7174c3ae012030ce862859604,1s,AVG,abcf41a40a171e075d202767d84095caeabca0e7174c3ae012030ce862859604,2026-09-02T19:30:32.866Z,2026-09-02T19:30:40.663Z,2026-09-02T19:30:40.663Z,4425
powertrainCombustionEngineTPS,CAN_ENGINE_TPS,HF_HISTORICAL,2026-09-02T19:30:35.866Z,2026-09-02T19:30:40.870Z,2026-09-02T19:30:40.663Z,2026-09-02T19:30:40.870Z,5490,27.45098039215686,27.45098039215686,c7e1bce0f501e8132bea23be0f5d8ed9ddb68a4f26a2db69b6f2466915d42efa,1s,AVG,c7e1bce0f501e8132bea23be0f5d8ed9ddb68a4f26a2db69b6f2466915d42efa,2026-09-02T19:30:32.866Z,2026-09-02T19:30:40.663Z,2026-09-02T19:30:40.663Z,4430
powertrainCombustionEngineTPS,CAN_ENGINE_TPS,HF_HISTORICAL,2026-09-02T19:30:36.866Z,2026-09-02T19:30:40.870Z,2026-09-02T19:30:40.663Z,2026-09-02T19:30:40.870Z,5495,39.6078431372549,39.6078431372549,6a9101744d2428403c20848cad7626e6c8295a4164455f1a0732369fa25929e3,1s,AVG,6a9101744d2428403c20848cad7626e6c8295a4164455f1a0732369fa25929e3,2026-09-02T19:30:32.866Z,2026-09-02T19:30:40.663Z,2026-09-02T19:30:40.663Z,4435
powertrainCombustionEngineTPS,CAN_ENGINE_TPS,LATEST_LIVE,2026-09-02T19:30:41.000Z,2026-09-02T19:30:46.504Z,2026-09-02T19:30:46.220Z,2026-09-02T19:30:46.504Z,5500,14.11764705882353,"{""value"":14.11764705882353,""timestamp"":""2026-09-02T19:30:41Z""}",,,,,,,,4440
powertrainCombustionEngineTPS,CAN_ENGINE_TPS,HF_HISTORICAL,2026-09-02T19:30:38.663Z,2026-09-02T19:30:46.839Z,2026-09-02T19:30:46.506Z,2026-09-02T19:30:46.839Z,5505,14.11764705882353,14.11764705882353,fb9d686c6531620017d033900b76bb996363e7b9822164dda0c28ca02d92e80c,1s,AVG,fb9d686c6531620017d033900b76bb996363e7b9822164dda0c28ca02d92e80c,2026-09-02T19:30:38.663Z,2026-09-02T19:30:46.506Z,2026-09-02T19:30:46.506Z,4445
powertrainCombustionEngineTPS,CAN_ENGINE_TPS,HF_HISTORICAL,2026-09-02T19:30:40.663Z,2026-09-02T19:30:46.839Z,2026-09-02T19:30:46.506Z,2026-09-02T19:30:46.839Z,5510,14.11764705882353,14.11764705882353,937df09cc7505660a113c0120e11208cd129ecd18f8ed5af47296b97ca281732,1s,AVG,937df09cc7505660a113c0120e11208cd129ecd18f8ed5af47296b97ca281732,2026-09-02T19:30:38.663Z,2026-09-02T19:30:46.506Z,2026-09-02T19:30:46.506Z,4450
powertrainCombustionEngineTPS,CAN_ENGINE_TPS,LATEST_LIVE,2026-09-02T19:30:41.000Z,2026-09-02T19:30:52.448Z,2026-09-02T19:30:52.249Z,2026-09-02T19:30:52.448Z,5515,14.11764705882353,"{""value"":14.11764705882353,""timestamp"":""2026-09-02T19:30:41Z""}",,,,,,,,4455
powertrainCombustionEngineTPS,CAN_ENGINE_TPS,LATEST_LIVE,2026-09-02T19:30:41.000Z,2026-09-02T19:30:58.227Z,2026-09-02T19:30:57.985Z,2026-09-02T19:30:58.227Z,5520,14.11764705882353,"{""value"":14.11764705882353,""timestamp"":""2026-09-02T19:30:41Z""}",,,,,,,,4460
powertrainCombustionEngineTPS,CAN_ENGINE_TPS,LATEST_LIVE,2026-09-02T19:30:41.000Z,2026-09-02T19:31:03.970Z,2026-09-02T19:31:03.732Z,2026-09-02T19:31:03.970Z,5525,14.11764705882353,"{""value"":14.11764705882353,""timestamp"":""2026-09-02T19:30:41Z""}",,,,,,,,4465
powertrainCombustionEngineTPS,CAN_ENGINE_TPS,HF_HISTORICAL,2026-09-02T19:31:00.228Z,2026-09-02T19:31:04.175Z,2026-09-02T19:31:03.972Z,2026-09-02T19:31:04.175Z,5530,37.25490196078432,37.25490196078432,7ff2b5337464f44e4b93aa0382019d924003e79819b644097911aaeb1df1c872,1s,AVG,7ff2b5337464f44e4b93aa0382019d924003e79819b644097911aaeb1df1c872,2026-09-02T19:30:56.228Z,2026-09-02T19:31:03.971Z,2026-09-02T19:31:03.971Z,4470
powertrainCombustionEngineTPS,CAN_ENGINE_TPS,LATEST_LIVE,2026-09-02T19:31:04.000Z,2026-09-02T19:31:10.023Z,2026-09-02T19:31:09.777Z,2026-09-02T19:31:10.023Z,5561,23.92156862745098,"{""value"":23.92156862745098,""timestamp"":""2026-09-02T19:31:04Z""}",,,,,,,,4481
powertrainCombustionEngineTPS,CAN_ENGINE_TPS,HF_HISTORICAL,2026-09-02T19:31:01.971Z,2026-09-02T19:31:10.236Z,2026-09-02T19:31:10.025Z,2026-09-02T19:31:10.236Z,5566,16.47058823529412,16.47058823529412,4fc7673304745ebea7bf1971e9763f09ae71af5c1e6f3df0483c5b7732801343,1s,AVG,4fc7673304745ebea7bf1971e9763f09ae71af5c1e6f3df0483c5b7732801343,2026-09-02T19:31:01.971Z,2026-09-02T19:31:10.025Z,2026-09-02T19:31:10.025Z,4486
powertrainCombustionEngineTPS,CAN_ENGINE_TPS,HF_HISTORICAL,2026-09-02T19:31:02.971Z,2026-09-02T19:31:10.236Z,2026-09-02T19:31:10.025Z,2026-09-02T19:31:10.236Z,5571,16.47058823529412,16.47058823529412,ecce0cbbd63ad4dc2a68903e20eb691efdca33586e6321ffafab554b7658e8fc,1s,AVG,ecce0cbbd63ad4dc2a68903e20eb691efdca33586e6321ffafab554b7658e8fc,2026-09-02T19:31:01.971Z,2026-09-02T19:31:10.025Z,2026-09-02T19:31:10.025Z,4491
powertrainCombustionEngineTPS,CAN_ENGINE_TPS,HF_HISTORICAL,2026-09-02T19:31:03.971Z,2026-09-02T19:31:10.236Z,2026-09-02T19:31:10.025Z,2026-09-02T19:31:10.236Z,5576,23.92156862745098,23.92156862745098,127dd8a914cd273af38596fcc138ebabfd32ab7fc22c06c731eba11a3a41b8bd,1s,AVG,127dd8a914cd273af38596fcc138ebabfd32ab7fc22c06c731eba11a3a41b8bd,2026-09-02T19:31:01.971Z,2026-09-02T19:31:10.025Z,2026-09-02T19:31:10.025Z,4496
powertrainCombustionEngineTPS,CAN_ENGINE_TPS,HF_HISTORICAL,2026-09-02T19:31:05.971Z,2026-09-02T19:31:10.236Z,2026-09-02T19:31:10.025Z,2026-09-02T19:31:10.236Z,5581,23.92156862745098,23.92156862745098,1946382c9aee9f2df13ddf87ae9e983c09cb9ff48949055a833b9918b43897bb,1s,AVG,1946382c9aee9f2df13ddf87ae9e983c09cb9ff48949055a833b9918b43897bb,2026-09-02T19:31:01.971Z,2026-09-02T19:31:10.025Z,2026-09-02T19:31:10.025Z,4501
powertrainCombustionEngineTPS,CAN_ENGINE_TPS,HF_HISTORICAL,2026-09-02T19:31:06.971Z,2026-09-02T19:31:10.236Z,2026-09-02T19:31:10.025Z,2026-09-02T19:31:10.236Z,5586,23.92156862745098,23.92156862745098,c14495904dc3c880cab6cd24fe61b26be204ff82bb00992889cd1e24291b5ff6,1s,AVG,c14495904dc3c880cab6cd24fe61b26be204ff82bb00992889cd1e24291b5ff6,2026-09-02T19:31:01.971Z,2026-09-02T19:31:10.025Z,2026-09-02T19:31:10.025Z,4506
powertrainCombustionEngineTPS,CAN_ENGINE_TPS,LATEST_LIVE,2026-09-02T19:31:12.000Z,2026-09-02T19:31:15.766Z,2026-09-02T19:31:15.506Z,2026-09-02T19:31:15.766Z,5591,36.86274509803921,"{""value"":36.86274509803921,""timestamp"":""2026-09-02T19:31:12Z""}",,,,,,,,4511
powertrainCombustionEngineTPS,CAN_ENGINE_TPS,HF_HISTORICAL,2026-09-02T19:31:08.025Z,2026-09-02T19:31:16.193Z,2026-09-02T19:31:15.767Z,2026-09-02T19:31:16.193Z,5596,14.50980392156863,14.50980392156863,4790feb275e8e2979746f4de84f12d9e834e1fe12a6cd316d80a202817cc1884,1s,AVG,4790feb275e8e2979746f4de84f12d9e834e1fe12a6cd316d80a202817cc1884,2026-09-02T19:31:08.025Z,2026-09-02T19:31:15.767Z,2026-09-02T19:31:15.767Z,4516
powertrainCombustionEngineTPS,CAN_ENGINE_TPS,HF_HISTORICAL,2026-09-02T19:31:09.025Z,2026-09-02T19:31:16.193Z,2026-09-02T19:31:15.767Z,2026-09-02T19:31:16.193Z,5601,14.90196078431373,14.90196078431373,abb085b18f50f56574b85fbb159d7c66a6c63cc1db0bf68e372a761298c0111a,1s,AVG,abb085b18f50f56574b85fbb159d7c66a6c63cc1db0bf68e372a761298c0111a,2026-09-02T19:31:08.025Z,2026-09-02T19:31:15.767Z,2026-09-02T19:31:15.767Z,4521
powertrainCombustionEngineTPS,CAN_ENGINE_TPS,HF_HISTORICAL,2026-09-02T19:31:11.025Z,2026-09-02T19:31:16.193Z,2026-09-02T19:31:15.767Z,2026-09-02T19:31:16.193Z,5606,36.86274509803921,36.86274509803921,978dd7bd7ca10178e5f616be8d1e8c371c1f191cca7d7111533d3af5c6f75102,1s,AVG,978dd7bd7ca10178e5f616be8d1e8c371c1f191cca7d7111533d3af5c6f75102,2026-09-02T19:31:08.025Z,2026-09-02T19:31:15.767Z,2026-09-02T19:31:15.767Z,4526
powertrainCombustionEngineTPS,CAN_ENGINE_TPS,LATEST_LIVE,2026-09-02T19:31:18.000Z,2026-09-02T19:31:21.748Z,2026-09-02T19:31:21.548Z,2026-09-02T19:31:21.748Z,5611,41.96078431372549,"{""value"":41.96078431372549,""timestamp"":""2026-09-02T19:31:18Z""}",,,,,,,,4531
powertrainCombustionEngineTPS,CAN_ENGINE_TPS,HF_HISTORICAL,2026-09-02T19:31:14.767Z,2026-09-02T19:31:21.968Z,2026-09-02T19:31:21.749Z,2026-09-02T19:31:21.968Z,5616,41.96078431372549,41.96078431372549,748d819261baa002ee2362a885fa075e3949bd99d130a7c23e34b4d37ef163b5,1s,AVG,748d819261baa002ee2362a885fa075e3949bd99d130a7c23e34b4d37ef163b5,2026-09-02T19:31:13.767Z,2026-09-02T19:31:21.749Z,2026-09-02T19:31:21.749Z,4536
powertrainCombustionEngineTPS,CAN_ENGINE_TPS,HF_HISTORICAL,2026-09-02T19:31:17.767Z,2026-09-02T19:31:21.968Z,2026-09-02T19:31:21.749Z,2026-09-02T19:31:21.968Z,5621,41.96078431372549,41.96078431372549,93efc2ddfa104ed0b84f3c09560acf46f5dd4dae6fecd0bbfa453746af16588a,1s,AVG,93efc2ddfa104ed0b84f3c09560acf46f5dd4dae6fecd0bbfa453746af16588a,2026-09-02T19:31:13.767Z,2026-09-02T19:31:21.749Z,2026-09-02T19:31:21.749Z,4541
powertrainCombustionEngineTPS,CAN_ENGINE_TPS,LATEST_LIVE,2026-09-02T19:31:24.000Z,2026-09-02T19:31:27.539Z,2026-09-02T19:31:27.284Z,2026-09-02T19:31:27.539Z,5626,14.11764705882353,"{""value"":14.11764705882353,""timestamp"":""2026-09-02T19:31:24Z""}",,,,,,,,4546
powertrainCombustionEngineTPS,CAN_ENGINE_TPS,HF_HISTORICAL,2026-09-02T19:31:19.749Z,2026-09-02T19:31:27.782Z,2026-09-02T19:31:27.541Z,2026-09-02T19:31:27.782Z,5631,14.90196078431373,14.90196078431373,ec1252420224d996c07c8f58b1b4e766bd55e8cdd4d79ccbd9de4d668493ce6e,1s,AVG,ec1252420224d996c07c8f58b1b4e766bd55e8cdd4d79ccbd9de4d668493ce6e,2026-09-02T19:31:19.749Z,2026-09-02T19:31:27.540Z,2026-09-02T19:31:27.540Z,4551
powertrainCombustionEngineTPS,CAN_ENGINE_TPS,HF_HISTORICAL,2026-09-02T19:31:20.749Z,2026-09-02T19:31:27.782Z,2026-09-02T19:31:27.541Z,2026-09-02T19:31:27.782Z,5636,14.11764705882353,14.11764705882353,f82a3228f7c4984a9c6af75f73462ddece48e749aa310ad6bbeed0ff32c5660b,1s,AVG,f82a3228f7c4984a9c6af75f73462ddece48e749aa310ad6bbeed0ff32c5660b,2026-09-02T19:31:19.749Z,2026-09-02T19:31:27.540Z,2026-09-02T19:31:27.540Z,4556
powertrainCombustionEngineTPS,CAN_ENGINE_TPS,HF_HISTORICAL,2026-09-02T19:31:22.749Z,2026-09-02T19:31:27.782Z,2026-09-02T19:31:27.541Z,2026-09-02T19:31:27.782Z,5641,29.41176470588235,29.41176470588235,a309588793290061086815aa40e66db7c5f683911abb1ada0a2fdfe159adda61,1s,AVG,a309588793290061086815aa40e66db7c5f683911abb1ada0a2fdfe159adda61,2026-09-02T19:31:19.749Z,2026-09-02T19:31:27.540Z,2026-09-02T19:31:27.540Z,4561
powertrainCombustionEngineTPS,CAN_ENGINE_TPS,HF_HISTORICAL,2026-09-02T19:31:23.749Z,2026-09-02T19:31:27.782Z,2026-09-02T19:31:27.541Z,2026-09-02T19:31:27.782Z,5646,14.11764705882353,14.11764705882353,346f7ecabf433387c7ee3b72435c14ed8b6c18254218e321e4476b27e0d2a8d2,1s,AVG,346f7ecabf433387c7ee3b72435c14ed8b6c18254218e321e4476b27e0d2a8d2,2026-09-02T19:31:19.749Z,2026-09-02T19:31:27.540Z,2026-09-02T19:31:27.540Z,4566
powertrainCombustionEngineTPS,CAN_ENGINE_TPS,LATEST_LIVE,2026-09-02T19:31:29.000Z,2026-09-02T19:31:33.333Z,2026-09-02T19:31:33.111Z,2026-09-02T19:31:33.333Z,5651,24.70588235294118,"{""value"":24.70588235294118,""timestamp"":""2026-09-02T19:31:29Z""}",,,,,,,,4571
powertrainCombustionEngineTPS,CAN_ENGINE_TPS,HF_HISTORICAL,2026-09-02T19:31:25.540Z,2026-09-02T19:31:33.562Z,2026-09-02T19:31:33.334Z,2026-09-02T19:31:33.562Z,5656,25.09803921568627,25.09803921568627,171a8f4fe7a65d0eab405e83e40cb088cdcc467017773e215b9ae291303e9db9,1s,AVG,171a8f4fe7a65d0eab405e83e40cb088cdcc467017773e215b9ae291303e9db9,2026-09-02T19:31:25.540Z,2026-09-02T19:31:33.334Z,2026-09-02T19:31:33.334Z,4576
powertrainCombustionEngineTPS,CAN_ENGINE_TPS,HF_HISTORICAL,2026-09-02T19:31:26.540Z,2026-09-02T19:31:33.562Z,2026-09-02T19:31:33.334Z,2026-09-02T19:31:33.562Z,5661,27.45098039215686,27.45098039215686,fa2a2e8e309dd725f282244a39db7526d3f9252de57980d9a73246d2086c67d6,1s,AVG,fa2a2e8e309dd725f282244a39db7526d3f9252de57980d9a73246d2086c67d6,2026-09-02T19:31:25.540Z,2026-09-02T19:31:33.334Z,2026-09-02T19:31:33.334Z,4581
powertrainCombustionEngineTPS,CAN_ENGINE_TPS,HF_HISTORICAL,2026-09-02T19:31:27.540Z,2026-09-02T19:31:33.562Z,2026-09-02T19:31:33.334Z,2026-09-02T19:31:33.562Z,5666,25.09803921568627,25.09803921568627,b3165e7963414aa756b577530504dbbd531ab8aa7dbd6fa71fa284f2a3cb281d,1s,AVG,b3165e7963414aa756b577530504dbbd531ab8aa7dbd6fa71fa284f2a3cb281d,2026-09-02T19:31:25.540Z,2026-09-02T19:31:33.334Z,2026-09-02T19:31:33.334Z,4586
powertrainCombustionEngineTPS,CAN_ENGINE_TPS,HF_HISTORICAL,2026-09-02T19:31:28.540Z,2026-09-02T19:31:33.562Z,2026-09-02T19:31:33.334Z,2026-09-02T19:31:33.562Z,5671,24.70588235294118,24.70588235294118,52de4ff6e1b4d35ba76220ca7a368b67c399267aa7319dae2a60712d0da74e8f,1s,AVG,52de4ff6e1b4d35ba76220ca7a368b67c399267aa7319dae2a60712d0da74e8f,2026-09-02T19:31:25.540Z,2026-09-02T19:31:33.334Z,2026-09-02T19:31:33.334Z,4591
powertrainCombustionEngineTPS,CAN_ENGINE_TPS,LATEST_LIVE,2026-09-02T19:31:34.000Z,2026-09-02T19:31:39.359Z,2026-09-02T19:31:38.857Z,2026-09-02T19:31:39.359Z,5676,25.09803921568627,"{""value"":25.09803921568627,""timestamp"":""2026-09-02T19:31:34Z""}",,,,,,,,4596
powertrainCombustionEngineTPS,CAN_ENGINE_TPS,HF_HISTORICAL,2026-09-02T19:31:31.334Z,2026-09-02T19:31:39.740Z,2026-09-02T19:31:39.360Z,2026-09-02T19:31:39.740Z,5681,14.11764705882353,14.11764705882353,a1ee017d278cd66c2e6cfa338dc2d4d903ce044a4e214f83776ac55ec8710ff9,1s,AVG,a1ee017d278cd66c2e6cfa338dc2d4d903ce044a4e214f83776ac55ec8710ff9,2026-09-02T19:31:31.334Z,2026-09-02T19:31:39.360Z,2026-09-02T19:31:39.360Z,4601
powertrainCombustionEngineTPS,CAN_ENGINE_TPS,HF_HISTORICAL,2026-09-02T19:31:32.334Z,2026-09-02T19:31:39.740Z,2026-09-02T19:31:39.360Z,2026-09-02T19:31:39.740Z,5686,24.70588235294118,24.70588235294118,97cf1065838024841d6e42bc3de9d19393cf70f032b59a8022f2912676d53e82,1s,AVG,97cf1065838024841d6e42bc3de9d19393cf70f032b59a8022f2912676d53e82,2026-09-02T19:31:31.334Z,2026-09-02T19:31:39.360Z,2026-09-02T19:31:39.360Z,4606
powertrainCombustionEngineTPS,CAN_ENGINE_TPS,HF_HISTORICAL,2026-09-02T19:31:33.334Z,2026-09-02T19:31:39.740Z,2026-09-02T19:31:39.360Z,2026-09-02T19:31:39.740Z,5691,25.09803921568627,25.09803921568627,69c7e6f05ce95ed960848c49c55e8a0603c543d6c5f81a7a8d412a3ef5947c30,1s,AVG,69c7e6f05ce95ed960848c49c55e8a0603c543d6c5f81a7a8d412a3ef5947c30,2026-09-02T19:31:31.334Z,2026-09-02T19:31:39.360Z,2026-09-02T19:31:39.360Z,4611
powertrainCombustionEngineTPS,CAN_ENGINE_TPS,LATEST_LIVE,2026-09-02T19:31:43.000Z,2026-09-02T19:31:46.330Z,2026-09-02T19:31:45.892Z,2026-09-02T19:31:46.330Z,5722,14.11764705882353,"{""value"":14.11764705882353,""timestamp"":""2026-09-02T19:31:43Z""}",,,,,,,,4622
powertrainCombustionEngineTPS,CAN_ENGINE_TPS,HF_HISTORICAL,2026-09-02T19:31:39.360Z,2026-09-02T19:31:48.422Z,2026-09-02T19:31:46.331Z,2026-09-02T19:31:48.422Z,5727,22.74509803921569,22.74509803921569,5b877f23e6b67dd6542e47bbb35edf873693c5ddbbf880b64aa56f1c42961143,1s,AVG,5b877f23e6b67dd6542e47bbb35edf873693c5ddbbf880b64aa56f1c42961143,2026-09-02T19:31:37.360Z,2026-09-02T19:31:46.331Z,2026-09-02T19:31:46.331Z,4627
powertrainCombustionEngineTPS,CAN_ENGINE_TPS,HF_HISTORICAL,2026-09-02T19:31:41.360Z,2026-09-02T19:31:48.422Z,2026-09-02T19:31:46.331Z,2026-09-02T19:31:48.422Z,5732,22.74509803921569,22.74509803921569,9b87af1dde4d25433443e62661ccf0193dfe1b87da4d1fedc4054080111b2447,1s,AVG,9b87af1dde4d25433443e62661ccf0193dfe1b87da4d1fedc4054080111b2447,2026-09-02T19:31:37.360Z,2026-09-02T19:31:46.331Z,2026-09-02T19:31:46.331Z,4632
powertrainCombustionEngineTPS,CAN_ENGINE_TPS,HF_HISTORICAL,2026-09-02T19:31:42.360Z,2026-09-02T19:31:48.422Z,2026-09-02T19:31:46.331Z,2026-09-02T19:31:48.422Z,5737,14.11764705882353,14.11764705882353,83220a370eba8eb57182f63048ed3b6c284c10654b62c897970c331186cfc011,1s,AVG,83220a370eba8eb57182f63048ed3b6c284c10654b62c897970c331186cfc011,2026-09-02T19:31:37.360Z,2026-09-02T19:31:46.331Z,2026-09-02T19:31:46.331Z,4637
powertrainCombustionEngineTPS,CAN_ENGINE_TPS,LATEST_LIVE,2026-09-02T19:31:45.000Z,2026-09-02T19:31:54.085Z,2026-09-02T19:31:53.833Z,2026-09-02T19:31:54.085Z,5742,14.11764705882353,"{""value"":14.11764705882353,""timestamp"":""2026-09-02T19:31:45Z""}",,,,,,,,4642
powertrainCombustionEngineTPS,CAN_ENGINE_TPS,HF_HISTORICAL,2026-09-02T19:31:44.331Z,2026-09-02T19:31:54.298Z,2026-09-02T19:31:54.086Z,2026-09-02T19:31:54.298Z,5747,14.11764705882353,14.11764705882353,127b3565b9a5a9950dbcecd087ff1ca45397eab4ec367de553011e858a654c48,1s,AVG,127b3565b9a5a9950dbcecd087ff1ca45397eab4ec367de553011e858a654c48,2026-09-02T19:31:44.331Z,2026-09-02T19:31:54.086Z,2026-09-02T19:31:54.086Z,4647
powertrainCombustionEngineTPS,CAN_ENGINE_TPS,LATEST_LIVE,2026-09-02T19:31:55.000Z,2026-09-02T19:32:00.013Z,2026-09-02T19:31:59.560Z,2026-09-02T19:32:00.013Z,5752,14.11764705882353,"{""value"":14.11764705882353,""timestamp"":""2026-09-02T19:31:55Z""}",,,,,,,,4652
powertrainCombustionEngineTPS,CAN_ENGINE_TPS,HF_HISTORICAL,2026-09-02T19:31:52.086Z,2026-09-02T19:32:00.424Z,2026-09-02T19:32:00.014Z,2026-09-02T19:32:00.424Z,5757,14.11764705882353,14.11764705882353,4c62caeecd527fa7ca26963050e2385d5fa63cc23bc8de178080393bf42429e5,1s,AVG,4c62caeecd527fa7ca26963050e2385d5fa63cc23bc8de178080393bf42429e5,2026-09-02T19:31:52.086Z,2026-09-02T19:32:00.013Z,2026-09-02T19:32:00.013Z,4657
powertrainCombustionEngineTPS,CAN_ENGINE_TPS,HF_HISTORICAL,2026-09-02T19:31:53.086Z,2026-09-02T19:32:00.424Z,2026-09-02T19:32:00.014Z,2026-09-02T19:32:00.424Z,5762,14.11764705882353,14.11764705882353,8ad73f266cd4d63595c28c03f6c634ce9178a14f3b82080e525184bbd0d302f1,1s,AVG,8ad73f266cd4d63595c28c03f6c634ce9178a14f3b82080e525184bbd0d302f1,2026-09-02T19:31:52.086Z,2026-09-02T19:32:00.013Z,2026-09-02T19:32:00.013Z,4662
powertrainCombustionEngineTPS,CAN_ENGINE_TPS,HF_HISTORICAL,2026-09-02T19:31:54.086Z,2026-09-02T19:32:00.424Z,2026-09-02T19:32:00.014Z,2026-09-02T19:32:00.424Z,5767,14.11764705882353,14.11764705882353,1f4e5b50e66d9f290e745b333864bc190fddf787f8b427c7715d739d57b2cddf,1s,AVG,1f4e5b50e66d9f290e745b333864bc190fddf787f8b427c7715d739d57b2cddf,2026-09-02T19:31:52.086Z,2026-09-02T19:32:00.013Z,2026-09-02T19:32:00.013Z,4667
powertrainCombustionEngineTPS,CAN_ENGINE_TPS,LATEST_LIVE,2026-09-02T19:32:00.000Z,2026-09-02T19:32:06.431Z,2026-09-02T19:32:06.147Z,2026-09-02T19:32:06.431Z,5772,14.11764705882353,"{""value"":14.11764705882353,""timestamp"":""2026-09-02T19:32:00Z""}",,,,,,,,4672
powertrainCombustionEngineTPS,CAN_ENGINE_TPS,HF_HISTORICAL,2026-09-02T19:31:59.013Z,2026-09-02T19:32:06.631Z,2026-09-02T19:32:06.433Z,2026-09-02T19:32:06.631Z,5777,14.11764705882353,14.11764705882353,ebb944a13e3f1f7b154e3c1dbe4ea745225bdf1e98ec2f7d463e9df75798ecb4,1s,AVG,ebb944a13e3f1f7b154e3c1dbe4ea745225bdf1e98ec2f7d463e9df75798ecb4,2026-09-02T19:31:58.013Z,2026-09-02T19:32:06.433Z,2026-09-02T19:32:06.433Z,4677
powertrainCombustionEngineTPS,CAN_ENGINE_TPS,LATEST_LIVE,2026-09-02T19:32:08.000Z,2026-09-02T19:32:12.166Z,2026-09-02T19:32:11.964Z,2026-09-02T19:32:12.166Z,5782,14.11764705882353,"{""value"":14.11764705882353,""timestamp"":""2026-09-02T19:32:08Z""}",,,,,,,,4682
powertrainCombustionEngineTPS,CAN_ENGINE_TPS,HF_HISTORICAL,2026-09-02T19:32:05.433Z,2026-09-02T19:32:12.377Z,2026-09-02T19:32:12.167Z,2026-09-02T19:32:12.377Z,5785,0,0,fb4ba5e4876de42f160b354ad1acde711316768958237a3dc9d27238ff2ec7eb,1s,AVG,fb4ba5e4876de42f160b354ad1acde711316768958237a3dc9d27238ff2ec7eb,2026-09-02T19:32:04.433Z,2026-09-02T19:32:12.167Z,2026-09-02T19:32:12.167Z,4685
powertrainCombustionEngineTPS,CAN_ENGINE_TPS,HF_HISTORICAL,2026-09-02T19:32:06.433Z,2026-09-02T19:32:12.377Z,2026-09-02T19:32:12.167Z,2026-09-02T19:32:12.377Z,5788,0,0,525895133b5998f2eb50f13edae0efb33c9a5e4eb045742efac28170ffccf112,1s,AVG,525895133b5998f2eb50f13edae0efb33c9a5e4eb045742efac28170ffccf112,2026-09-02T19:32:04.433Z,2026-09-02T19:32:12.167Z,2026-09-02T19:32:12.167Z,4688
powertrainCombustionEngineTPS,CAN_ENGINE_TPS,HF_HISTORICAL,2026-09-02T19:32:07.433Z,2026-09-02T19:32:12.377Z,2026-09-02T19:32:12.167Z,2026-09-02T19:32:12.377Z,5792,14.11764705882353,14.11764705882353,b3489a27a26f4ea0ac9b9e71acd4a5eb07c9851ef2faba2a3170af04be759b84,1s,AVG,b3489a27a26f4ea0ac9b9e71acd4a5eb07c9851ef2faba2a3170af04be759b84,2026-09-02T19:32:04.433Z,2026-09-02T19:32:12.167Z,2026-09-02T19:32:12.167Z,4692
powertrainCombustionEngineTPS,CAN_ENGINE_TPS,LATEST_LIVE,2026-09-02T19:32:13.000Z,2026-09-02T19:32:17.930Z,2026-09-02T19:32:17.690Z,2026-09-02T19:32:17.930Z,5797,14.11764705882353,"{""value"":14.11764705882353,""timestamp"":""2026-09-02T19:32:13Z""}",,,,,,,,4697
powertrainCombustionEngineTPS,CAN_ENGINE_TPS,HF_HISTORICAL,2026-09-02T19:32:12.167Z,2026-09-02T19:32:18.387Z,2026-09-02T19:32:17.931Z,2026-09-02T19:32:18.387Z,5802,14.11764705882353,14.11764705882353,dc55c79d5ce9f3eb1c05a4430a17fb77a2603b6b13757a57a7d54458a566b782,1s,AVG,dc55c79d5ce9f3eb1c05a4430a17fb77a2603b6b13757a57a7d54458a566b782,2026-09-02T19:32:10.167Z,2026-09-02T19:32:17.931Z,2026-09-02T19:32:17.931Z,4702
powertrainCombustionEngineTPS,CAN_ENGINE_TPS,HF_HISTORICAL,2026-09-02T19:32:14.167Z,2026-09-02T19:32:18.387Z,2026-09-02T19:32:17.931Z,2026-09-02T19:32:18.387Z,5807,14.11764705882353,14.11764705882353,5e71eb39d98571366a04aeffea99b394341fcf3cb66f2ec71916f9c50e21b34f,1s,AVG,5e71eb39d98571366a04aeffea99b394341fcf3cb66f2ec71916f9c50e21b34f,2026-09-02T19:32:10.167Z,2026-09-02T19:32:17.931Z,2026-09-02T19:32:17.931Z,4707
powertrainCombustionEngineTPS,CAN_ENGINE_TPS,LATEST_LIVE,2026-09-02T19:32:15.000Z,2026-09-02T19:32:24.192Z,2026-09-02T19:32:23.933Z,2026-09-02T19:32:24.192Z,5838,14.11764705882353,"{""value"":14.11764705882353,""timestamp"":""2026-09-02T19:32:15Z""}",,,,,,,,4718
powertrainCombustionEngineTPS,CAN_ENGINE_TPS,LATEST_LIVE,2026-09-02T19:32:15.000Z,2026-09-02T19:32:29.907Z,2026-09-02T19:32:29.665Z,2026-09-02T19:32:29.907Z,5843,14.11764705882353,"{""value"":14.11764705882353,""timestamp"":""2026-09-02T19:32:15Z""}",,,,,,,,4723
powertrainCombustionEngineTPS,CAN_ENGINE_TPS,LATEST_LIVE,2026-09-02T19:32:15.000Z,2026-09-02T19:32:35.724Z,2026-09-02T19:32:35.501Z,2026-09-02T19:32:35.724Z,5848,14.11764705882353,"{""value"":14.11764705882353,""timestamp"":""2026-09-02T19:32:15Z""}",,,,,,,,4728
powertrainCombustionEngineTPS,CAN_ENGINE_TPS,LATEST_LIVE,2026-09-02T19:32:15.000Z,2026-09-02T19:32:41.457Z,2026-09-02T19:32:41.233Z,2026-09-02T19:32:41.457Z,5853,14.11764705882353,"{""value"":14.11764705882353,""timestamp"":""2026-09-02T19:32:15Z""}",,,,,,,,4733
powertrainCombustionEngineTPS,CAN_ENGINE_TPS,LATEST_LIVE,2026-09-02T19:32:15.000Z,2026-09-02T19:32:47.309Z,2026-09-02T19:32:46.961Z,2026-09-02T19:32:47.309Z,5858,14.11764705882353,"{""value"":14.11764705882353,""timestamp"":""2026-09-02T19:32:15Z""}",,,,,,,,4738
powertrainCombustionEngineTPS,CAN_ENGINE_TPS,LATEST_LIVE,2026-09-02T19:32:15.000Z,2026-09-02T19:32:53.131Z,2026-09-02T19:32:52.906Z,2026-09-02T19:32:53.131Z,5863,14.11764705882353,"{""value"":14.11764705882353,""timestamp"":""2026-09-02T19:32:15Z""}",,,,,,,,4743
powertrainCombustionEngineTPS,CAN_ENGINE_TPS,LATEST_LIVE,2026-09-02T19:32:15.000Z,2026-09-02T19:32:59.081Z,2026-09-02T19:32:58.828Z,2026-09-02T19:32:59.081Z,5894,14.11764705882353,"{""value"":14.11764705882353,""timestamp"":""2026-09-02T19:32:15Z""}",,,,,,,,4754
powertrainCombustionEngineTPS,CAN_ENGINE_TPS,LATEST_LIVE,2026-09-02T19:32:15.000Z,2026-09-02T19:33:04.809Z,2026-09-02T19:33:04.590Z,2026-09-02T19:33:04.809Z,5899,14.11764705882353,"{""value"":14.11764705882353,""timestamp"":""2026-09-02T19:32:15Z""}",,,,,,,,4759
powertrainCombustionEngineTPS,CAN_ENGINE_TPS,LATEST_LIVE,2026-09-02T19:32:15.000Z,2026-09-02T19:33:10.636Z,2026-09-02T19:33:10.426Z,2026-09-02T19:33:10.636Z,5904,14.11764705882353,"{""value"":14.11764705882353,""timestamp"":""2026-09-02T19:32:15Z""}",,,,,,,,4764
powertrainCombustionEngineTPS,CAN_ENGINE_TPS,LATEST_LIVE,2026-09-02T19:32:15.000Z,2026-09-02T19:33:16.422Z,2026-09-02T19:33:16.166Z,2026-09-02T19:33:16.422Z,5909,14.11764705882353,"{""value"":14.11764705882353,""timestamp"":""2026-09-02T19:32:15Z""}",,,,,,,,4769
powertrainCombustionEngineTPS,CAN_ENGINE_TPS,LATEST_LIVE,2026-09-02T19:32:15.000Z,2026-09-02T19:33:22.210Z,2026-09-02T19:33:21.992Z,2026-09-02T19:33:22.210Z,5914,14.11764705882353,"{""value"":14.11764705882353,""timestamp"":""2026-09-02T19:32:15Z""}",,,,,,,,4774
powertrainCombustionEngineTPS,CAN_ENGINE_TPS,LATEST_LIVE,2026-09-02T19:32:15.000Z,2026-09-02T19:33:28.008Z,2026-09-02T19:33:27.729Z,2026-09-02T19:33:28.008Z,5919,14.11764705882353,"{""value"":14.11764705882353,""timestamp"":""2026-09-02T19:32:15Z""}",,,,,,,,4779
powertrainCombustionEngineTPS,CAN_ENGINE_TPS,LATEST_LIVE,2026-09-02T19:32:15.000Z,2026-09-02T19:33:34.209Z,2026-09-02T19:33:33.871Z,2026-09-02T19:33:34.209Z,5950,14.11764705882353,"{""value"":14.11764705882353,""timestamp"":""2026-09-02T19:32:15Z""}",,,,,,,,4790
powertrainCombustionEngineTPS,CAN_ENGINE_TPS,LATEST_LIVE,2026-09-02T19:32:15.000Z,2026-09-02T19:33:40.104Z,2026-09-02T19:33:39.815Z,2026-09-02T19:33:40.104Z,5955,14.11764705882353,"{""value"":14.11764705882353,""timestamp"":""2026-09-02T19:32:15Z""}",,,,,,,,4795
powertrainCombustionEngineTPS,CAN_ENGINE_TPS,LATEST_LIVE,2026-09-02T19:32:15.000Z,2026-09-02T19:33:45.959Z,2026-09-02T19:33:45.730Z,2026-09-02T19:33:45.959Z,5960,14.11764705882353,"{""value"":14.11764705882353,""timestamp"":""2026-09-02T19:32:15Z""}",,,,,,,,4800
powertrainCombustionEngineTPS,CAN_ENGINE_TPS,LATEST_LIVE,2026-09-02T19:32:15.000Z,2026-09-02T19:33:51.770Z,2026-09-02T19:33:51.567Z,2026-09-02T19:33:51.770Z,5965,14.11764705882353,"{""value"":14.11764705882353,""timestamp"":""2026-09-02T19:32:15Z""}",,,,,,,,4805
powertrainCombustionEngineTPS,CAN_ENGINE_TPS,LATEST_LIVE,2026-09-02T19:32:15.000Z,2026-09-02T19:33:57.708Z,2026-09-02T19:33:57.299Z,2026-09-02T19:33:57.708Z,5970,14.11764705882353,"{""value"":14.11764705882353,""timestamp"":""2026-09-02T19:32:15Z""}",,,,,,,,4810
powertrainCombustionEngineTPS,CAN_ENGINE_TPS,LATEST_LIVE,2026-09-02T19:32:15.000Z,2026-09-02T19:34:03.532Z,2026-09-02T19:34:03.246Z,2026-09-02T19:34:03.532Z,5975,14.11764705882353,"{""value"":14.11764705882353,""timestamp"":""2026-09-02T19:32:15Z""}",,,,,,,,4815
powertrainCombustionEngineTPS,CAN_ENGINE_TPS,LATEST_LIVE,2026-09-02T19:32:15.000Z,2026-09-02T19:34:09.715Z,2026-09-02T19:34:09.374Z,2026-09-02T19:34:09.715Z,6006,14.11764705882353,"{""value"":14.11764705882353,""timestamp"":""2026-09-02T19:32:15Z""}",,,,,,,,4826
powertrainCombustionEngineTPS,CAN_ENGINE_TPS,LATEST_LIVE,2026-09-02T19:32:15.000Z,2026-09-02T19:34:15.825Z,2026-09-02T19:34:15.513Z,2026-09-02T19:34:15.825Z,6011,14.11764705882353,"{""value"":14.11764705882353,""timestamp"":""2026-09-02T19:32:15Z""}",,,,,,,,4831
powertrainCombustionEngineTPS,CAN_ENGINE_TPS,LATEST_LIVE,2026-09-02T19:32:15.000Z,2026-09-02T19:34:21.706Z,2026-09-02T19:34:21.371Z,2026-09-02T19:34:21.706Z,6016,14.11764705882353,"{""value"":14.11764705882353,""timestamp"":""2026-09-02T19:32:15Z""}",,,,,,,,4836
powertrainCombustionEngineTPS,CAN_ENGINE_TPS,LATEST_LIVE,2026-09-02T19:34:20.000Z,2026-09-02T19:34:27.499Z,2026-09-02T19:34:27.280Z,2026-09-02T19:34:27.499Z,6021,14.11764705882353,"{""value"":14.11764705882353,""timestamp"":""2026-09-02T19:34:20Z""}",,,,,,,,4841
powertrainCombustionEngineTPS,CAN_ENGINE_TPS,HF_HISTORICAL,2026-09-02T19:34:19.707Z,2026-09-02T19:34:27.886Z,2026-09-02T19:34:27.500Z,2026-09-02T19:34:27.886Z,6026,14.11764705882353,14.11764705882353,ac9c2ca93ff32d0929c9a22dc10fd88f04235958154d7b125bce1cb87113e8e9,1s,AVG,ac9c2ca93ff32d0929c9a22dc10fd88f04235958154d7b125bce1cb87113e8e9,2026-09-02T19:34:19.707Z,2026-09-02T19:34:27.500Z,2026-09-02T19:34:27.500Z,4846
powertrainCombustionEngineTPS,CAN_ENGINE_TPS,LATEST_LIVE,2026-09-02T19:34:20.000Z,2026-09-02T19:34:33.433Z,2026-09-02T19:34:33.232Z,2026-09-02T19:34:33.433Z,6031,14.11764705882353,"{""value"":14.11764705882353,""timestamp"":""2026-09-02T19:34:20Z""}",,,,,,,,4851
powertrainCombustionEngineTPS,CAN_ENGINE_TPS,LATEST_LIVE,2026-09-02T19:34:20.000Z,2026-09-02T19:34:39.372Z,2026-09-02T19:34:39.060Z,2026-09-02T19:34:39.372Z,6036,14.11764705882353,"{""value"":14.11764705882353,""timestamp"":""2026-09-02T19:34:20Z""}",,,,,,,,4856
powertrainCombustionEngineTPS,CAN_ENGINE_TPS,LATEST_LIVE,2026-09-02T19:34:20.000Z,2026-09-02T19:34:45.525Z,2026-09-02T19:34:45.304Z,2026-09-02T19:34:45.525Z,6067,14.11764705882353,"{""value"":14.11764705882353,""timestamp"":""2026-09-02T19:34:20Z""}",,,,,,,,4867
powertrainCombustionEngineTPS,CAN_ENGINE_TPS,LATEST_LIVE,2026-09-02T19:34:20.000Z,2026-09-02T19:34:51.289Z,2026-09-02T19:34:51.040Z,2026-09-02T19:34:51.289Z,6072,14.11764705882353,"{""value"":14.11764705882353,""timestamp"":""2026-09-02T19:34:20Z""}",,,,,,,,4872
powertrainCombustionEngineTPS,CAN_ENGINE_TPS,LATEST_LIVE,2026-09-02T19:34:20.000Z,2026-09-02T19:34:57.276Z,2026-09-02T19:34:56.969Z,2026-09-02T19:34:57.276Z,6077,14.11764705882353,"{""value"":14.11764705882353,""timestamp"":""2026-09-02T19:34:20Z""}",,,,,,,,4877
powertrainCombustionEngineTPS,CAN_ENGINE_TPS,LATEST_LIVE,2026-09-02T19:34:20.000Z,2026-09-02T19:35:03.291Z,2026-09-02T19:35:02.903Z,2026-09-02T19:35:03.291Z,6082,14.11764705882353,"{""value"":14.11764705882353,""timestamp"":""2026-09-02T19:34:20Z""}",,,,,,,,4882
powertrainCombustionEngineTPS,CAN_ENGINE_TPS,LATEST_LIVE,2026-09-02T19:34:20.000Z,2026-09-02T19:35:09.269Z,2026-09-02T19:35:08.968Z,2026-09-02T19:35:09.269Z,6087,14.11764705882353,"{""value"":14.11764705882353,""timestamp"":""2026-09-02T19:34:20Z""}",,,,,,,,4887
powertrainCombustionEngineTPS,CAN_ENGINE_TPS,LATEST_LIVE,2026-09-02T19:34:20.000Z,2026-09-02T19:35:15.375Z,2026-09-02T19:35:15.102Z,2026-09-02T19:35:15.375Z,6092,14.11764705882353,"{""value"":14.11764705882353,""timestamp"":""2026-09-02T19:34:20Z""}",,,,,,,,4892
powertrainCombustionEngineTPS,CAN_ENGINE_TPS,LATEST_LIVE,2026-09-02T19:34:20.000Z,2026-09-02T19:35:21.637Z,2026-09-02T19:35:21.141Z,2026-09-02T19:35:21.637Z,6123,14.11764705882353,"{""value"":14.11764705882353,""timestamp"":""2026-09-02T19:34:20Z""}",,,,,,,,4903
powertrainCombustionEngineTPS,CAN_ENGINE_TPS,LATEST_LIVE,2026-09-02T19:34:20.000Z,2026-09-02T19:35:27.389Z,2026-09-02T19:35:27.163Z,2026-09-02T19:35:27.389Z,6128,14.11764705882353,"{""value"":14.11764705882353,""timestamp"":""2026-09-02T19:34:20Z""}",,,,,,,,4908
powertrainCombustionEngineTPS,CAN_ENGINE_TPS,LATEST_LIVE,2026-09-02T19:34:20.000Z,2026-09-02T19:35:33.117Z,2026-09-02T19:35:32.895Z,2026-09-02T19:35:33.117Z,6133,14.11764705882353,"{""value"":14.11764705882353,""timestamp"":""2026-09-02T19:34:20Z""}",,,,,,,,4913
powertrainCombustionEngineTPS,CAN_ENGINE_TPS,LATEST_LIVE,2026-09-02T19:34:20.000Z,2026-09-02T19:35:38.911Z,2026-09-02T19:35:38.629Z,2026-09-02T19:35:38.911Z,6138,14.11764705882353,"{""value"":14.11764705882353,""timestamp"":""2026-09-02T19:34:20Z""}",,,,,,,,4918
powertrainCombustionEngineTPS,CAN_ENGINE_TPS,LATEST_LIVE,2026-09-02T19:34:20.000Z,2026-09-02T19:35:45.599Z,2026-09-02T19:35:45.366Z,2026-09-02T19:35:45.599Z,6143,14.11764705882353,"{""value"":14.11764705882353,""timestamp"":""2026-09-02T19:34:20Z""}",,,,,,,,4923
powertrainCombustionEngineTPS,CAN_ENGINE_TPS,LATEST_LIVE,2026-09-02T19:35:47.000Z,2026-09-02T19:35:51.886Z,2026-09-02T19:35:51.388Z,2026-09-02T19:35:51.886Z,6148,28.23529411764706,"{""value"":28.23529411764706,""timestamp"":""2026-09-02T19:35:47Z""}",,,,,,,,4928
powertrainCombustionEngineTPS,CAN_ENGINE_TPS,HF_HISTORICAL,2026-09-02T19:35:46.601Z,2026-09-02T19:35:52.087Z,2026-09-02T19:35:51.887Z,2026-09-02T19:35:52.087Z,6153,28.23529411764706,28.23529411764706,1b624402aee8c9e2435a077b20c5b4de657a53e34e3703059b5b50070762d998,1s,AVG,1b624402aee8c9e2435a077b20c5b4de657a53e34e3703059b5b50070762d998,2026-09-02T19:35:43.601Z,2026-09-02T19:35:51.887Z,2026-09-02T19:35:51.887Z,4933
powertrainCombustionEngineTPS,CAN_ENGINE_TPS,LATEST_LIVE,2026-09-02T19:35:52.000Z,2026-09-02T19:35:57.956Z,2026-09-02T19:35:57.738Z,2026-09-02T19:35:57.956Z,6184,28.23529411764706,"{""value"":28.23529411764706,""timestamp"":""2026-09-02T19:35:52Z""}",,,,,,,,4944
powertrainCombustionEngineTPS,CAN_ENGINE_TPS,HF_HISTORICAL,2026-09-02T19:35:51.887Z,2026-09-02T19:35:58.164Z,2026-09-02T19:35:57.957Z,2026-09-02T19:35:58.164Z,6189,28.23529411764706,28.23529411764706,cd98d8507c97afa9a11988c29a7acec7f199ae73dbbe69f75298acfd7037df2a,1s,AVG,cd98d8507c97afa9a11988c29a7acec7f199ae73dbbe69f75298acfd7037df2a,2026-09-02T19:35:49.887Z,2026-09-02T19:35:57.957Z,2026-09-02T19:35:57.957Z,4949
powertrainCombustionEngineTPS,CAN_ENGINE_TPS,LATEST_LIVE,2026-09-02T19:35:58.000Z,2026-09-02T19:36:03.740Z,2026-09-02T19:36:03.494Z,2026-09-02T19:36:03.740Z,6194,30.98039215686275,"{""value"":30.98039215686275,""timestamp"":""2026-09-02T19:35:58Z""}",,,,,,,,4954
powertrainCombustionEngineTPS,CAN_ENGINE_TPS,HF_HISTORICAL,2026-09-02T19:35:56.957Z,2026-09-02T19:36:03.960Z,2026-09-02T19:36:03.749Z,2026-09-02T19:36:03.960Z,6199,30.98039215686275,30.98039215686275,56b66414c4a89399e67d2b8dafb3414fddacd173dcd6c91746fea11c607eca1f,1s,AVG,56b66414c4a89399e67d2b8dafb3414fddacd173dcd6c91746fea11c607eca1f,2026-09-02T19:35:55.957Z,2026-09-02T19:36:03.749Z,2026-09-02T19:36:03.749Z,4959
powertrainCombustionEngineTPS,CAN_ENGINE_TPS,HF_HISTORICAL,2026-09-02T19:35:57.957Z,2026-09-02T19:36:03.960Z,2026-09-02T19:36:03.749Z,2026-09-02T19:36:03.960Z,6204,30.98039215686275,30.98039215686275,358df084eea81a1115d83b6bfdb3d2299871e6bc50cdf386d73c25200efb621e,1s,AVG,358df084eea81a1115d83b6bfdb3d2299871e6bc50cdf386d73c25200efb621e,2026-09-02T19:35:55.957Z,2026-09-02T19:36:03.749Z,2026-09-02T19:36:03.749Z,4964
powertrainCombustionEngineTPS,CAN_ENGINE_TPS,LATEST_LIVE,2026-09-02T19:36:06.000Z,2026-09-02T19:36:09.445Z,2026-09-02T19:36:09.214Z,2026-09-02T19:36:09.445Z,6209,14.11764705882353,"{""value"":14.11764705882353,""timestamp"":""2026-09-02T19:36:06Z""}",,,,,,,,4969
powertrainCombustionEngineTPS,CAN_ENGINE_TPS,HF_HISTORICAL,2026-09-02T19:36:01.749Z,2026-09-02T19:36:09.742Z,2026-09-02T19:36:09.446Z,2026-09-02T19:36:09.743Z,6214,14.11764705882353,14.11764705882353,996fe6cd3b48226e037ec424544d08d08ab2f72c4fb7a9f87e804de82077084c,1s,AVG,996fe6cd3b48226e037ec424544d08d08ab2f72c4fb7a9f87e804de82077084c,2026-09-02T19:36:01.749Z,2026-09-02T19:36:09.446Z,2026-09-02T19:36:09.446Z,4974
powertrainCombustionEngineTPS,CAN_ENGINE_TPS,HF_HISTORICAL,2026-09-02T19:36:05.749Z,2026-09-02T19:36:09.742Z,2026-09-02T19:36:09.446Z,2026-09-02T19:36:09.743Z,6219,14.11764705882353,14.11764705882353,2f7a670b799f3dcd82597a99b806bd4ff67578d75b96459cb06ebafbf42b4028,1s,AVG,2f7a670b799f3dcd82597a99b806bd4ff67578d75b96459cb06ebafbf42b4028,2026-09-02T19:36:01.749Z,2026-09-02T19:36:09.446Z,2026-09-02T19:36:09.446Z,4979
powertrainCombustionEngineTPS,CAN_ENGINE_TPS,LATEST_LIVE,2026-09-02T19:36:12.000Z,2026-09-02T19:36:15.469Z,2026-09-02T19:36:15.163Z,2026-09-02T19:36:15.469Z,6224,14.11764705882353,"{""value"":14.11764705882353,""timestamp"":""2026-09-02T19:36:12Z""}",,,,,,,,4984
powertrainCombustionEngineTPS,CAN_ENGINE_TPS,HF_HISTORICAL,2026-09-02T19:36:09.446Z,2026-09-02T19:36:15.748Z,2026-09-02T19:36:15.470Z,2026-09-02T19:36:15.748Z,6229,14.11764705882353,14.11764705882353,cd9ee9f60f7c20a3259b2627f507d9352073a23fdba81c077676404ded9d65ae,1s,AVG,cd9ee9f60f7c20a3259b2627f507d9352073a23fdba81c077676404ded9d65ae,2026-09-02T19:36:07.446Z,2026-09-02T19:36:15.470Z,2026-09-02T19:36:15.470Z,4989
powertrainCombustionEngineTPS,CAN_ENGINE_TPS,HF_HISTORICAL,2026-09-02T19:36:11.446Z,2026-09-02T19:36:15.748Z,2026-09-02T19:36:15.470Z,2026-09-02T19:36:15.748Z,6234,14.11764705882353,14.11764705882353,7820628c3262a2d490b6c42abf000e6d076626f8b79389d2f23c00782aefb550,1s,AVG,7820628c3262a2d490b6c42abf000e6d076626f8b79389d2f23c00782aefb550,2026-09-02T19:36:07.446Z,2026-09-02T19:36:15.470Z,2026-09-02T19:36:15.470Z,4994
powertrainCombustionEngineTPS,CAN_ENGINE_TPS,LATEST_LIVE,2026-09-02T19:36:17.000Z,2026-09-02T19:36:21.557Z,2026-09-02T19:36:21.312Z,2026-09-02T19:36:21.557Z,6239,14.11764705882353,"{""value"":14.11764705882353,""timestamp"":""2026-09-02T19:36:17Z""}",,,,,,,,4999
powertrainCombustionEngineTPS,CAN_ENGINE_TPS,HF_HISTORICAL,2026-09-02T19:36:14.470Z,2026-09-02T19:36:21.769Z,2026-09-02T19:36:21.560Z,2026-09-02T19:36:21.769Z,6244,21.56862745098039,21.56862745098039,326721cd51d70c71b1793190358c963bd823029a3e13c0533e2a24cfdbc4d13d,1s,AVG,326721cd51d70c71b1793190358c963bd823029a3e13c0533e2a24cfdbc4d13d,2026-09-02T19:36:13.470Z,2026-09-02T19:36:21.560Z,2026-09-02T19:36:21.560Z,5004
powertrainCombustionEngineTPS,CAN_ENGINE_TPS,HF_HISTORICAL,2026-09-02T19:36:16.470Z,2026-09-02T19:36:21.769Z,2026-09-02T19:36:21.560Z,2026-09-02T19:36:21.769Z,6249,14.11764705882353,14.11764705882353,1a09988b018ada90e185f4a5c6a28d980997f25b7c87a81cebb93804de139bbf,1s,AVG,1a09988b018ada90e185f4a5c6a28d980997f25b7c87a81cebb93804de139bbf,2026-09-02T19:36:13.470Z,2026-09-02T19:36:21.560Z,2026-09-02T19:36:21.560Z,5009
