providerField,canonicalKey,acquisitionSurface,providerTimestamp,synqReceivedAt,requestStartedAt,requestCompletedAt,sequenceNumber,numericValue,rawValueJson,physicalSampleFingerprint,requestedInterval,requestedAggregation,aggregateBucketIdentity,hfWindowFrom,hfWindowTo,hfActualQueryTo,acquisitionOrdinal
obdThrottlePosition,CAN_ENGINE_THROTTLE_POSITION,LATEST_LIVE,2026-09-02T17:48:54.000Z,2026-09-02T18:59:15.949Z,2026-09-02T18:59:15.730Z,2026-09-02T18:59:15.949Z,2,10.58823529411765,"{""value"":10.58823529411765,""timestamp"":""2026-09-02T17:48:54Z""}",,,,,,,,2
obdThrottlePosition,CAN_ENGINE_THROTTLE_POSITION,LATEST_LIVE,2026-09-02T17:48:54.000Z,2026-09-02T18:59:22.101Z,2026-09-02T18:59:21.772Z,2026-09-02T18:59:22.101Z,33,10.58823529411765,"{""value"":10.58823529411765,""timestamp"":""2026-09-02T17:48:54Z""}",,,,,,,,13
obdThrottlePosition,CAN_ENGINE_THROTTLE_POSITION,LATEST_LIVE,2026-09-02T17:48:54.000Z,2026-09-02T18:59:28.041Z,2026-09-02T18:59:27.805Z,2026-09-02T18:59:28.041Z,38,10.58823529411765,"{""value"":10.58823529411765,""timestamp"":""2026-09-02T17:48:54Z""}",,,,,,,,18
obdThrottlePosition,CAN_ENGINE_THROTTLE_POSITION,LATEST_LIVE,2026-09-02T17:48:54.000Z,2026-09-02T18:59:34.101Z,2026-09-02T18:59:33.640Z,2026-09-02T18:59:34.101Z,43,10.58823529411765,"{""value"":10.58823529411765,""timestamp"":""2026-09-02T17:48:54Z""}",,,,,,,,23
obdThrottlePosition,CAN_ENGINE_THROTTLE_POSITION,LATEST_LIVE,2026-09-02T17:48:54.000Z,2026-09-02T18:59:39.958Z,2026-09-02T18:59:39.672Z,2026-09-02T18:59:39.958Z,48,10.58823529411765,"{""value"":10.58823529411765,""timestamp"":""2026-09-02T17:48:54Z""}",,,,,,,,28
obdThrottlePosition,CAN_ENGINE_THROTTLE_POSITION,LATEST_LIVE,2026-09-02T17:48:54.000Z,2026-09-02T18:59:45.643Z,2026-09-02T18:59:45.415Z,2026-09-02T18:59:45.643Z,53,10.58823529411765,"{""value"":10.58823529411765,""timestamp"":""2026-09-02T17:48:54Z""}",,,,,,,,33
obdThrottlePosition,CAN_ENGINE_THROTTLE_POSITION,LATEST_LIVE,2026-09-02T18:59:47.000Z,2026-09-02T18:59:51.860Z,2026-09-02T18:59:51.544Z,2026-09-02T18:59:51.860Z,84,12.15686274509804,"{""value"":12.15686274509804,""timestamp"":""2026-09-02T18:59:47Z""}",,,,,,,,44
obdThrottlePosition,CAN_ENGINE_THROTTLE_POSITION,HF_HISTORICAL,2026-09-02T18:59:45.646Z,2026-09-02T18:59:52.125Z,2026-09-02T18:59:51.863Z,2026-09-02T18:59:52.125Z,89,16.07843137254902,16.07843137254902,3909bf2239e58bf4c2341925f7976e76cfe547da4ada1309b02e460f58164107,1s,AVG,3909bf2239e58bf4c2341925f7976e76cfe547da4ada1309b02e460f58164107,2026-09-02T18:59:43.646Z,2026-09-02T18:59:51.863Z,2026-09-02T18:59:51.863Z,49
obdThrottlePosition,CAN_ENGINE_THROTTLE_POSITION,HF_HISTORICAL,2026-09-02T18:59:46.646Z,2026-09-02T18:59:52.125Z,2026-09-02T18:59:51.863Z,2026-09-02T18:59:52.125Z,94,12.15686274509804,12.15686274509804,1569da3e7328da078b42a632603b3640841a6f4d6774de829980e30700a470b0,1s,AVG,1569da3e7328da078b42a632603b3640841a6f4d6774de829980e30700a470b0,2026-09-02T18:59:43.646Z,2026-09-02T18:59:51.863Z,2026-09-02T18:59:51.863Z,54
obdThrottlePosition,CAN_ENGINE_THROTTLE_POSITION,LATEST_LIVE,2026-09-02T18:59:53.000Z,2026-09-02T18:59:57.781Z,2026-09-02T18:59:57.480Z,2026-09-02T18:59:57.781Z,99,11.76470588235294,"{""value"":11.76470588235294,""timestamp"":""2026-09-02T18:59:53Z""}",,,,,,,,59
obdThrottlePosition,CAN_ENGINE_THROTTLE_POSITION,HF_HISTORICAL,2026-09-02T18:59:49.863Z,2026-09-02T18:59:58.032Z,2026-09-02T18:59:57.784Z,2026-09-02T18:59:58.032Z,104,11.76470588235294,11.76470588235294,b9b41bdec26bf6621772f7905ebc5e7502d92e76505a3d9e77d4802da93eb199,1s,AVG,b9b41bdec26bf6621772f7905ebc5e7502d92e76505a3d9e77d4802da93eb199,2026-09-02T18:59:49.863Z,2026-09-02T18:59:57.784Z,2026-09-02T18:59:57.784Z,64
obdThrottlePosition,CAN_ENGINE_THROTTLE_POSITION,HF_HISTORICAL,2026-09-02T18:59:50.863Z,2026-09-02T18:59:58.032Z,2026-09-02T18:59:57.784Z,2026-09-02T18:59:58.032Z,109,11.76470588235294,11.76470588235294,baa0974a8e495f74673cbae9b9727ec6a0a43a41877df2f46f5ce4d2eaa09612,1s,AVG,baa0974a8e495f74673cbae9b9727ec6a0a43a41877df2f46f5ce4d2eaa09612,2026-09-02T18:59:49.863Z,2026-09-02T18:59:57.784Z,2026-09-02T18:59:57.784Z,69
obdThrottlePosition,CAN_ENGINE_THROTTLE_POSITION,HF_HISTORICAL,2026-09-02T18:59:52.863Z,2026-09-02T18:59:58.032Z,2026-09-02T18:59:57.784Z,2026-09-02T18:59:58.032Z,114,11.76470588235294,11.76470588235294,fbee0a9def1dc5b38cc13ff73dac4b373d0c0f8d6ebd42464dfc209378937c97,1s,AVG,fbee0a9def1dc5b38cc13ff73dac4b373d0c0f8d6ebd42464dfc209378937c97,2026-09-02T18:59:49.863Z,2026-09-02T18:59:57.784Z,2026-09-02T18:59:57.784Z,74
obdThrottlePosition,CAN_ENGINE_THROTTLE_POSITION,LATEST_LIVE,2026-09-02T18:59:57.000Z,2026-09-02T19:00:03.829Z,2026-09-02T19:00:03.423Z,2026-09-02T19:00:03.829Z,119,11.76470588235294,"{""value"":11.76470588235294,""timestamp"":""2026-09-02T18:59:57Z""}",,,,,,,,79
obdThrottlePosition,CAN_ENGINE_THROTTLE_POSITION,HF_HISTORICAL,2026-09-02T18:59:56.784Z,2026-09-02T19:00:04.205Z,2026-09-02T19:00:03.835Z,2026-09-02T19:00:04.205Z,124,11.76470588235294,11.76470588235294,9db6e49ea8f79662b7fa64269735b1e4614c1a9eccb1e6ad103f4884f0defb0f,1s,AVG,9db6e49ea8f79662b7fa64269735b1e4614c1a9eccb1e6ad103f4884f0defb0f,2026-09-02T18:59:55.784Z,2026-09-02T19:00:03.835Z,2026-09-02T19:00:03.835Z,84
obdThrottlePosition,CAN_ENGINE_THROTTLE_POSITION,LATEST_LIVE,2026-09-02T18:59:59.000Z,2026-09-02T19:00:10.422Z,2026-09-02T19:00:10.054Z,2026-09-02T19:00:10.422Z,129,11.76470588235294,"{""value"":11.76470588235294,""timestamp"":""2026-09-02T18:59:59Z""}",,,,,,,,89
obdThrottlePosition,CAN_ENGINE_THROTTLE_POSITION,LATEST_LIVE,2026-09-02T18:59:59.000Z,2026-09-02T19:00:16.365Z,2026-09-02T19:00:16.117Z,2026-09-02T19:00:16.365Z,134,11.76470588235294,"{""value"":11.76470588235294,""timestamp"":""2026-09-02T18:59:59Z""}",,,,,,,,94
obdThrottlePosition,CAN_ENGINE_THROTTLE_POSITION,LATEST_LIVE,2026-09-02T18:59:59.000Z,2026-09-02T19:00:22.201Z,2026-09-02T19:00:21.969Z,2026-09-02T19:00:22.201Z,139,11.76470588235294,"{""value"":11.76470588235294,""timestamp"":""2026-09-02T18:59:59Z""}",,,,,,,,99
obdThrottlePosition,CAN_ENGINE_THROTTLE_POSITION,LATEST_LIVE,2026-09-02T19:00:18.000Z,2026-09-02T19:00:28.267Z,2026-09-02T19:00:27.998Z,2026-09-02T19:00:28.267Z,170,11.76470588235294,"{""value"":11.76470588235294,""timestamp"":""2026-09-02T19:00:18Z""}",,,,,,,,110
obdThrottlePosition,CAN_ENGINE_THROTTLE_POSITION,LATEST_LIVE,2026-09-02T19:00:18.000Z,2026-09-02T19:00:34.036Z,2026-09-02T19:00:33.754Z,2026-09-02T19:00:34.036Z,175,11.76470588235294,"{""value"":11.76470588235294,""timestamp"":""2026-09-02T19:00:18Z""}",,,,,,,,115
obdThrottlePosition,CAN_ENGINE_THROTTLE_POSITION,LATEST_LIVE,2026-09-02T19:00:18.000Z,2026-09-02T19:00:39.888Z,2026-09-02T19:00:39.577Z,2026-09-02T19:00:39.888Z,180,11.76470588235294,"{""value"":11.76470588235294,""timestamp"":""2026-09-02T19:00:18Z""}",,,,,,,,120
obdThrottlePosition,CAN_ENGINE_THROTTLE_POSITION,LATEST_LIVE,2026-09-02T19:00:18.000Z,2026-09-02T19:00:45.903Z,2026-09-02T19:00:45.637Z,2026-09-02T19:00:45.903Z,185,11.76470588235294,"{""value"":11.76470588235294,""timestamp"":""2026-09-02T19:00:18Z""}",,,,,,,,125
obdThrottlePosition,CAN_ENGINE_THROTTLE_POSITION,LATEST_LIVE,2026-09-02T19:00:18.000Z,2026-09-02T19:00:51.651Z,2026-09-02T19:00:51.457Z,2026-09-02T19:00:51.651Z,190,11.76470588235294,"{""value"":11.76470588235294,""timestamp"":""2026-09-02T19:00:18Z""}",,,,,,,,130
obdThrottlePosition,CAN_ENGINE_THROTTLE_POSITION,LATEST_LIVE,2026-09-02T19:00:18.000Z,2026-09-02T19:00:57.427Z,2026-09-02T19:00:57.200Z,2026-09-02T19:00:57.427Z,195,11.76470588235294,"{""value"":11.76470588235294,""timestamp"":""2026-09-02T19:00:18Z""}",,,,,,,,135
obdThrottlePosition,CAN_ENGINE_THROTTLE_POSITION,LATEST_LIVE,2026-09-02T19:00:18.000Z,2026-09-02T19:01:04.063Z,2026-09-02T19:01:03.474Z,2026-09-02T19:01:04.063Z,226,11.76470588235294,"{""value"":11.76470588235294,""timestamp"":""2026-09-02T19:00:18Z""}",,,,,,,,146
obdThrottlePosition,CAN_ENGINE_THROTTLE_POSITION,LATEST_LIVE,2026-09-02T19:00:18.000Z,2026-09-02T19:01:10.175Z,2026-09-02T19:01:09.888Z,2026-09-02T19:01:10.175Z,231,11.76470588235294,"{""value"":11.76470588235294,""timestamp"":""2026-09-02T19:00:18Z""}",,,,,,,,151
obdThrottlePosition,CAN_ENGINE_THROTTLE_POSITION,LATEST_LIVE,2026-09-02T19:00:18.000Z,2026-09-02T19:01:16.049Z,2026-09-02T19:01:15.704Z,2026-09-02T19:01:16.049Z,236,11.76470588235294,"{""value"":11.76470588235294,""timestamp"":""2026-09-02T19:00:18Z""}",,,,,,,,156
obdThrottlePosition,CAN_ENGINE_THROTTLE_POSITION,LATEST_LIVE,2026-09-02T19:00:18.000Z,2026-09-02T19:01:21.877Z,2026-09-02T19:01:21.651Z,2026-09-02T19:01:21.877Z,241,11.76470588235294,"{""value"":11.76470588235294,""timestamp"":""2026-09-02T19:00:18Z""}",,,,,,,,161
obdThrottlePosition,CAN_ENGINE_THROTTLE_POSITION,LATEST_LIVE,2026-09-02T19:00:18.000Z,2026-09-02T19:01:27.688Z,2026-09-02T19:01:27.383Z,2026-09-02T19:01:27.688Z,246,11.76470588235294,"{""value"":11.76470588235294,""timestamp"":""2026-09-02T19:00:18Z""}",,,,,,,,166
obdThrottlePosition,CAN_ENGINE_THROTTLE_POSITION,LATEST_LIVE,2026-09-02T19:00:18.000Z,2026-09-02T19:01:33.671Z,2026-09-02T19:01:33.425Z,2026-09-02T19:01:33.671Z,251,11.76470588235294,"{""value"":11.76470588235294,""timestamp"":""2026-09-02T19:00:18Z""}",,,,,,,,171
obdThrottlePosition,CAN_ENGINE_THROTTLE_POSITION,LATEST_LIVE,2026-09-02T19:00:18.000Z,2026-09-02T19:01:39.674Z,2026-09-02T19:01:39.454Z,2026-09-02T19:01:39.674Z,282,11.76470588235294,"{""value"":11.76470588235294,""timestamp"":""2026-09-02T19:00:18Z""}",,,,,,,,182
obdThrottlePosition,CAN_ENGINE_THROTTLE_POSITION,LATEST_LIVE,2026-09-02T19:00:18.000Z,2026-09-02T19:01:45.526Z,2026-09-02T19:01:45.290Z,2026-09-02T19:01:45.526Z,287,11.76470588235294,"{""value"":11.76470588235294,""timestamp"":""2026-09-02T19:00:18Z""}",,,,,,,,187
obdThrottlePosition,CAN_ENGINE_THROTTLE_POSITION,LATEST_LIVE,2026-09-02T19:00:18.000Z,2026-09-02T19:01:51.285Z,2026-09-02T19:01:50.993Z,2026-09-02T19:01:51.285Z,292,11.76470588235294,"{""value"":11.76470588235294,""timestamp"":""2026-09-02T19:00:18Z""}",,,,,,,,192
obdThrottlePosition,CAN_ENGINE_THROTTLE_POSITION,LATEST_LIVE,2026-09-02T19:00:18.000Z,2026-09-02T19:01:57.205Z,2026-09-02T19:01:56.972Z,2026-09-02T19:01:57.205Z,297,11.76470588235294,"{""value"":11.76470588235294,""timestamp"":""2026-09-02T19:00:18Z""}",,,,,,,,197
obdThrottlePosition,CAN_ENGINE_THROTTLE_POSITION,LATEST_LIVE,2026-09-02T19:00:18.000Z,2026-09-02T19:02:03.161Z,2026-09-02T19:02:02.764Z,2026-09-02T19:02:03.161Z,302,11.76470588235294,"{""value"":11.76470588235294,""timestamp"":""2026-09-02T19:00:18Z""}",,,,,,,,202
obdThrottlePosition,CAN_ENGINE_THROTTLE_POSITION,LATEST_LIVE,2026-09-02T19:00:18.000Z,2026-09-02T19:02:08.905Z,2026-09-02T19:02:08.660Z,2026-09-02T19:02:08.905Z,307,11.76470588235294,"{""value"":11.76470588235294,""timestamp"":""2026-09-02T19:00:18Z""}",,,,,,,,207
obdThrottlePosition,CAN_ENGINE_THROTTLE_POSITION,LATEST_LIVE,2026-09-02T19:00:18.000Z,2026-09-02T19:02:14.934Z,2026-09-02T19:02:14.629Z,2026-09-02T19:02:14.934Z,338,11.76470588235294,"{""value"":11.76470588235294,""timestamp"":""2026-09-02T19:00:18Z""}",,,,,,,,218
obdThrottlePosition,CAN_ENGINE_THROTTLE_POSITION,LATEST_LIVE,2026-09-02T19:00:18.000Z,2026-09-02T19:02:20.752Z,2026-09-02T19:02:20.483Z,2026-09-02T19:02:20.752Z,343,11.76470588235294,"{""value"":11.76470588235294,""timestamp"":""2026-09-02T19:00:18Z""}",,,,,,,,223
obdThrottlePosition,CAN_ENGINE_THROTTLE_POSITION,LATEST_LIVE,2026-09-02T19:00:18.000Z,2026-09-02T19:02:26.617Z,2026-09-02T19:02:26.398Z,2026-09-02T19:02:26.617Z,348,11.76470588235294,"{""value"":11.76470588235294,""timestamp"":""2026-09-02T19:00:18Z""}",,,,,,,,228
obdThrottlePosition,CAN_ENGINE_THROTTLE_POSITION,LATEST_LIVE,2026-09-02T19:00:18.000Z,2026-09-02T19:02:32.648Z,2026-09-02T19:02:32.227Z,2026-09-02T19:02:32.648Z,353,11.76470588235294,"{""value"":11.76470588235294,""timestamp"":""2026-09-02T19:00:18Z""}",,,,,,,,233
obdThrottlePosition,CAN_ENGINE_THROTTLE_POSITION,LATEST_LIVE,2026-09-02T19:00:18.000Z,2026-09-02T19:02:38.941Z,2026-09-02T19:02:38.653Z,2026-09-02T19:02:38.941Z,358,11.76470588235294,"{""value"":11.76470588235294,""timestamp"":""2026-09-02T19:00:18Z""}",,,,,,,,238
obdThrottlePosition,CAN_ENGINE_THROTTLE_POSITION,LATEST_LIVE,2026-09-02T19:00:18.000Z,2026-09-02T19:02:44.730Z,2026-09-02T19:02:44.485Z,2026-09-02T19:02:44.730Z,363,11.76470588235294,"{""value"":11.76470588235294,""timestamp"":""2026-09-02T19:00:18Z""}",,,,,,,,243
obdThrottlePosition,CAN_ENGINE_THROTTLE_POSITION,LATEST_LIVE,2026-09-02T19:00:18.000Z,2026-09-02T19:02:50.829Z,2026-09-02T19:02:50.543Z,2026-09-02T19:02:50.829Z,394,11.76470588235294,"{""value"":11.76470588235294,""timestamp"":""2026-09-02T19:00:18Z""}",,,,,,,,254
obdThrottlePosition,CAN_ENGINE_THROTTLE_POSITION,LATEST_LIVE,2026-09-02T19:00:18.000Z,2026-09-02T19:02:56.638Z,2026-09-02T19:02:56.365Z,2026-09-02T19:02:56.638Z,399,11.76470588235294,"{""value"":11.76470588235294,""timestamp"":""2026-09-02T19:00:18Z""}",,,,,,,,259
obdThrottlePosition,CAN_ENGINE_THROTTLE_POSITION,LATEST_LIVE,2026-09-02T19:00:18.000Z,2026-09-02T19:03:02.397Z,2026-09-02T19:03:02.121Z,2026-09-02T19:03:02.397Z,404,11.76470588235294,"{""value"":11.76470588235294,""timestamp"":""2026-09-02T19:00:18Z""}",,,,,,,,264
obdThrottlePosition,CAN_ENGINE_THROTTLE_POSITION,LATEST_LIVE,2026-09-02T19:00:18.000Z,2026-09-02T19:03:08.475Z,2026-09-02T19:03:07.953Z,2026-09-02T19:03:08.475Z,409,11.76470588235294,"{""value"":11.76470588235294,""timestamp"":""2026-09-02T19:00:18Z""}",,,,,,,,269
obdThrottlePosition,CAN_ENGINE_THROTTLE_POSITION,LATEST_LIVE,2026-09-02T19:00:18.000Z,2026-09-02T19:03:14.327Z,2026-09-02T19:03:14.077Z,2026-09-02T19:03:14.327Z,414,11.76470588235294,"{""value"":11.76470588235294,""timestamp"":""2026-09-02T19:00:18Z""}",,,,,,,,274
obdThrottlePosition,CAN_ENGINE_THROTTLE_POSITION,LATEST_LIVE,2026-09-02T19:00:18.000Z,2026-09-02T19:03:20.417Z,2026-09-02T19:03:20.133Z,2026-09-02T19:03:20.417Z,419,11.76470588235294,"{""value"":11.76470588235294,""timestamp"":""2026-09-02T19:00:18Z""}",,,,,,,,279
obdThrottlePosition,CAN_ENGINE_THROTTLE_POSITION,LATEST_LIVE,2026-09-02T19:00:18.000Z,2026-09-02T19:03:26.994Z,2026-09-02T19:03:26.754Z,2026-09-02T19:03:26.994Z,450,11.76470588235294,"{""value"":11.76470588235294,""timestamp"":""2026-09-02T19:00:18Z""}",,,,,,,,290
obdThrottlePosition,CAN_ENGINE_THROTTLE_POSITION,LATEST_LIVE,2026-09-02T19:03:24.000Z,2026-09-02T19:03:33.385Z,2026-09-02T19:03:32.510Z,2026-09-02T19:03:33.385Z,455,19.6078431372549,"{""value"":19.6078431372549,""timestamp"":""2026-09-02T19:03:24Z""}",,,,,,,,295
obdThrottlePosition,CAN_ENGINE_THROTTLE_POSITION,LATEST_LIVE,2026-09-02T19:03:24.000Z,2026-09-02T19:03:39.521Z,2026-09-02T19:03:39.031Z,2026-09-02T19:03:39.521Z,460,19.6078431372549,"{""value"":19.6078431372549,""timestamp"":""2026-09-02T19:03:24Z""}",,,,,,,,300
obdThrottlePosition,CAN_ENGINE_THROTTLE_POSITION,LATEST_LIVE,2026-09-02T19:03:41.000Z,2026-09-02T19:03:45.421Z,2026-09-02T19:03:45.176Z,2026-09-02T19:03:45.421Z,465,15.29411764705882,"{""value"":15.29411764705882,""timestamp"":""2026-09-02T19:03:41Z""}",,,,,,,,305
obdThrottlePosition,CAN_ENGINE_THROTTLE_POSITION,HF_HISTORICAL,2026-09-02T19:03:39.522Z,2026-09-02T19:03:45.616Z,2026-09-02T19:03:45.423Z,2026-09-02T19:03:45.616Z,470,14.50980392156863,14.50980392156863,040e92102a1122371126521b222bb2b0075e8d7f93c922c96ad94e67f9a75435,1s,AVG,040e92102a1122371126521b222bb2b0075e8d7f93c922c96ad94e67f9a75435,2026-09-02T19:03:37.522Z,2026-09-02T19:03:45.423Z,2026-09-02T19:03:45.423Z,310
obdThrottlePosition,CAN_ENGINE_THROTTLE_POSITION,HF_HISTORICAL,2026-09-02T19:03:40.522Z,2026-09-02T19:03:45.616Z,2026-09-02T19:03:45.423Z,2026-09-02T19:03:45.616Z,475,15.29411764705882,15.29411764705882,d09e8fbc39f2a5ea610e9ca86df71fba8f4d64d720d9540620ea3649a2ae88ea,1s,AVG,d09e8fbc39f2a5ea610e9ca86df71fba8f4d64d720d9540620ea3649a2ae88ea,2026-09-02T19:03:37.522Z,2026-09-02T19:03:45.423Z,2026-09-02T19:03:45.423Z,315
obdThrottlePosition,CAN_ENGINE_THROTTLE_POSITION,LATEST_LIVE,2026-09-02T19:03:46.000Z,2026-09-02T19:03:51.189Z,2026-09-02T19:03:50.897Z,2026-09-02T19:03:51.189Z,480,27.45098039215686,"{""value"":27.45098039215686,""timestamp"":""2026-09-02T19:03:46Z""}",,,,,,,,320
obdThrottlePosition,CAN_ENGINE_THROTTLE_POSITION,HF_HISTORICAL,2026-09-02T19:03:44.423Z,2026-09-02T19:03:51.378Z,2026-09-02T19:03:51.190Z,2026-09-02T19:03:51.378Z,485,10.58823529411765,10.58823529411765,61682dbab69743caaf588b15b296d42265bccfcc88391f96fa1a9422f8a1a056,1s,AVG,61682dbab69743caaf588b15b296d42265bccfcc88391f96fa1a9422f8a1a056,2026-09-02T19:03:43.423Z,2026-09-02T19:03:51.190Z,2026-09-02T19:03:51.190Z,325
obdThrottlePosition,CAN_ENGINE_THROTTLE_POSITION,HF_HISTORICAL,2026-09-02T19:03:45.423Z,2026-09-02T19:03:51.378Z,2026-09-02T19:03:51.190Z,2026-09-02T19:03:51.378Z,490,27.45098039215686,27.45098039215686,db4f8a86af0cca488c6d2604872cc89fc02d70aa85f2a9bdae7b498f41beb1a7,1s,AVG,db4f8a86af0cca488c6d2604872cc89fc02d70aa85f2a9bdae7b498f41beb1a7,2026-09-02T19:03:43.423Z,2026-09-02T19:03:51.190Z,2026-09-02T19:03:51.190Z,330
obdThrottlePosition,CAN_ENGINE_THROTTLE_POSITION,LATEST_LIVE,2026-09-02T19:03:53.000Z,2026-09-02T19:03:56.904Z,2026-09-02T19:03:56.660Z,2026-09-02T19:03:56.904Z,495,23.13725490196078,"{""value"":23.13725490196078,""timestamp"":""2026-09-02T19:03:53Z""}",,,,,,,,335
obdThrottlePosition,CAN_ENGINE_THROTTLE_POSITION,HF_HISTORICAL,2026-09-02T19:03:49.190Z,2026-09-02T19:03:57.120Z,2026-09-02T19:03:56.905Z,2026-09-02T19:03:57.120Z,500,19.6078431372549,19.6078431372549,fd371ed9c402b708b0f131616b14300bd13b0c2935e8b68a16d321bc4c5bb9f1,1s,AVG,fd371ed9c402b708b0f131616b14300bd13b0c2935e8b68a16d321bc4c5bb9f1,2026-09-02T19:03:49.190Z,2026-09-02T19:03:56.905Z,2026-09-02T19:03:56.905Z,340
obdThrottlePosition,CAN_ENGINE_THROTTLE_POSITION,HF_HISTORICAL,2026-09-02T19:03:52.190Z,2026-09-02T19:03:57.120Z,2026-09-02T19:03:56.905Z,2026-09-02T19:03:57.120Z,505,23.13725490196078,23.13725490196078,d7d73249f6670953e57a243d175f24cf263cc34b1929aafe2326eb305d7d1823,1s,AVG,d7d73249f6670953e57a243d175f24cf263cc34b1929aafe2326eb305d7d1823,2026-09-02T19:03:49.190Z,2026-09-02T19:03:56.905Z,2026-09-02T19:03:56.905Z,345
obdThrottlePosition,CAN_ENGINE_THROTTLE_POSITION,LATEST_LIVE,2026-09-02T19:03:57.000Z,2026-09-02T19:04:02.951Z,2026-09-02T19:04:02.688Z,2026-09-02T19:04:02.951Z,536,11.76470588235294,"{""value"":11.76470588235294,""timestamp"":""2026-09-02T19:03:57Z""}",,,,,,,,356
obdThrottlePosition,CAN_ENGINE_THROTTLE_POSITION,HF_HISTORICAL,2026-09-02T19:03:56.905Z,2026-09-02T19:04:03.167Z,2026-09-02T19:04:02.952Z,2026-09-02T19:04:03.167Z,541,11.76470588235294,11.76470588235294,d8b77ab7aabc1e1e2c3e1abe554d0c5695fd8256ae96769478ba77f430bda96c,1s,AVG,d8b77ab7aabc1e1e2c3e1abe554d0c5695fd8256ae96769478ba77f430bda96c,2026-09-02T19:03:54.905Z,2026-09-02T19:04:02.952Z,2026-09-02T19:04:02.952Z,361
obdThrottlePosition,CAN_ENGINE_THROTTLE_POSITION,LATEST_LIVE,2026-09-02T19:04:04.000Z,2026-09-02T19:04:08.756Z,2026-09-02T19:04:08.514Z,2026-09-02T19:04:08.756Z,545,16.47058823529412,"{""value"":16.47058823529412,""timestamp"":""2026-09-02T19:04:04Z""}",,,,,,,,365
obdThrottlePosition,CAN_ENGINE_THROTTLE_POSITION,HF_HISTORICAL,2026-09-02T19:04:03.952Z,2026-09-02T19:04:09.005Z,2026-09-02T19:04:08.760Z,2026-09-02T19:04:09.005Z,550,16.47058823529412,16.47058823529412,dd0a6b2caefcabfed7bb41079d6f93c469c291296a16609adac58bcc32f0bbb0,1s,AVG,dd0a6b2caefcabfed7bb41079d6f93c469c291296a16609adac58bcc32f0bbb0,2026-09-02T19:04:00.952Z,2026-09-02T19:04:08.760Z,2026-09-02T19:04:08.760Z,370
obdThrottlePosition,CAN_ENGINE_THROTTLE_POSITION,LATEST_LIVE,2026-09-02T19:04:10.000Z,2026-09-02T19:04:14.643Z,2026-09-02T19:04:14.347Z,2026-09-02T19:04:14.643Z,555,11.76470588235294,"{""value"":11.76470588235294,""timestamp"":""2026-09-02T19:04:10Z""}",,,,,,,,375
obdThrottlePosition,CAN_ENGINE_THROTTLE_POSITION,HF_HISTORICAL,2026-09-02T19:04:07.760Z,2026-09-02T19:04:14.991Z,2026-09-02T19:04:14.644Z,2026-09-02T19:04:14.991Z,560,11.76470588235294,11.76470588235294,9b0832e012097012213d4421bfb6057a69e2750e57240146cf399f634a988d3f,1s,AVG,9b0832e012097012213d4421bfb6057a69e2750e57240146cf399f634a988d3f,2026-09-02T19:04:06.760Z,2026-09-02T19:04:14.644Z,2026-09-02T19:04:14.644Z,380
obdThrottlePosition,CAN_ENGINE_THROTTLE_POSITION,HF_HISTORICAL,2026-09-02T19:04:09.760Z,2026-09-02T19:04:14.991Z,2026-09-02T19:04:14.644Z,2026-09-02T19:04:14.991Z,565,11.76470588235294,11.76470588235294,883ab50cde35c4e26377d4a8b699cd370bfe244c77d1dd4876ea13cced0aff91,1s,AVG,883ab50cde35c4e26377d4a8b699cd370bfe244c77d1dd4876ea13cced0aff91,2026-09-02T19:04:06.760Z,2026-09-02T19:04:14.644Z,2026-09-02T19:04:14.644Z,385
obdThrottlePosition,CAN_ENGINE_THROTTLE_POSITION,LATEST_LIVE,2026-09-02T19:04:16.000Z,2026-09-02T19:04:20.522Z,2026-09-02T19:04:20.291Z,2026-09-02T19:04:20.522Z,570,10.98039215686275,"{""value"":10.98039215686275,""timestamp"":""2026-09-02T19:04:16Z""}",,,,,,,,390
obdThrottlePosition,CAN_ENGINE_THROTTLE_POSITION,HF_HISTORICAL,2026-09-02T19:04:15.644Z,2026-09-02T19:04:20.732Z,2026-09-02T19:04:20.523Z,2026-09-02T19:04:20.732Z,575,10.98039215686275,10.98039215686275,3e4e8705a988c945d60a760794c7b1892eda4d3af5fee115312b2f160d44fce2,1s,AVG,3e4e8705a988c945d60a760794c7b1892eda4d3af5fee115312b2f160d44fce2,2026-09-02T19:04:12.644Z,2026-09-02T19:04:20.523Z,2026-09-02T19:04:20.523Z,395
obdThrottlePosition,CAN_ENGINE_THROTTLE_POSITION,LATEST_LIVE,2026-09-02T19:04:20.000Z,2026-09-02T19:04:26.342Z,2026-09-02T19:04:26.124Z,2026-09-02T19:04:26.342Z,580,10.98039215686275,"{""value"":10.98039215686275,""timestamp"":""2026-09-02T19:04:20Z""}",,,,,,,,400
obdThrottlePosition,CAN_ENGINE_THROTTLE_POSITION,HF_HISTORICAL,2026-09-02T19:04:19.523Z,2026-09-02T19:04:26.548Z,2026-09-02T19:04:26.344Z,2026-09-02T19:04:26.548Z,585,10.98039215686275,10.98039215686275,c586ea704aaba91d8b511add61352bc0feaa0a16b483698cf949e7da243bd937,1s,AVG,c586ea704aaba91d8b511add61352bc0feaa0a16b483698cf949e7da243bd937,2026-09-02T19:04:18.523Z,2026-09-02T19:04:26.344Z,2026-09-02T19:04:26.344Z,405
obdThrottlePosition,CAN_ENGINE_THROTTLE_POSITION,HF_HISTORICAL,2026-09-02T19:04:22.523Z,2026-09-02T19:04:26.548Z,2026-09-02T19:04:26.344Z,2026-09-02T19:04:26.548Z,590,63.52941176470588,63.52941176470588,a5efe7f364c6cc16122dfed90f09d735a3fb34bafdc87b6e6d3938ddedb43f35,1s,AVG,a5efe7f364c6cc16122dfed90f09d735a3fb34bafdc87b6e6d3938ddedb43f35,2026-09-02T19:04:18.523Z,2026-09-02T19:04:26.344Z,2026-09-02T19:04:26.344Z,410
obdThrottlePosition,CAN_ENGINE_THROTTLE_POSITION,LATEST_LIVE,2026-09-02T19:04:23.000Z,2026-09-02T19:04:32.120Z,2026-09-02T19:04:31.857Z,2026-09-02T19:04:32.120Z,595,63.52941176470588,"{""value"":63.52941176470588,""timestamp"":""2026-09-02T19:04:23Z""}",,,,,,,,415
obdThrottlePosition,CAN_ENGINE_THROTTLE_POSITION,LATEST_LIVE,2026-09-02T19:04:23.000Z,2026-09-02T19:04:38.281Z,2026-09-02T19:04:37.907Z,2026-09-02T19:04:38.281Z,626,63.52941176470588,"{""value"":63.52941176470588,""timestamp"":""2026-09-02T19:04:23Z""}",,,,,,,,426
obdThrottlePosition,CAN_ENGINE_THROTTLE_POSITION,LATEST_LIVE,2026-09-02T19:04:23.000Z,2026-09-02T19:04:43.976Z,2026-09-02T19:04:43.761Z,2026-09-02T19:04:43.976Z,631,63.52941176470588,"{""value"":63.52941176470588,""timestamp"":""2026-09-02T19:04:23Z""}",,,,,,,,431
obdThrottlePosition,CAN_ENGINE_THROTTLE_POSITION,LATEST_LIVE,2026-09-02T19:04:46.000Z,2026-09-02T19:04:49.842Z,2026-09-02T19:04:49.478Z,2026-09-02T19:04:49.842Z,636,65.09803921568627,"{""value"":65.09803921568627,""timestamp"":""2026-09-02T19:04:46Z""}",,,,,,,,436
obdThrottlePosition,CAN_ENGINE_THROTTLE_POSITION,HF_HISTORICAL,2026-09-02T19:04:41.977Z,2026-09-02T19:04:50.130Z,2026-09-02T19:04:49.844Z,2026-09-02T19:04:50.130Z,641,63.52941176470588,63.52941176470588,65c26cffda21dd31ccd9ec30e686707ab6717aee1f0a4d816652a13cf3765c39,1s,AVG,65c26cffda21dd31ccd9ec30e686707ab6717aee1f0a4d816652a13cf3765c39,2026-09-02T19:04:41.977Z,2026-09-02T19:04:49.844Z,2026-09-02T19:04:49.844Z,441
obdThrottlePosition,CAN_ENGINE_THROTTLE_POSITION,HF_HISTORICAL,2026-09-02T19:04:43.977Z,2026-09-02T19:04:50.130Z,2026-09-02T19:04:49.844Z,2026-09-02T19:04:50.130Z,646,32.54901960784314,32.54901960784314,77410de7edbf1826d44396c30fb3d5ca0712f9fcd57f8e0d69c5955883136332,1s,AVG,77410de7edbf1826d44396c30fb3d5ca0712f9fcd57f8e0d69c5955883136332,2026-09-02T19:04:41.977Z,2026-09-02T19:04:49.844Z,2026-09-02T19:04:49.844Z,446
obdThrottlePosition,CAN_ENGINE_THROTTLE_POSITION,HF_HISTORICAL,2026-09-02T19:04:45.977Z,2026-09-02T19:04:50.130Z,2026-09-02T19:04:49.844Z,2026-09-02T19:04:50.130Z,651,65.09803921568627,65.09803921568627,1b95bbe054609ba3b6b2bc3c8a523a845a438de87dd7497a8d15e40ac472b12b,1s,AVG,1b95bbe054609ba3b6b2bc3c8a523a845a438de87dd7497a8d15e40ac472b12b,2026-09-02T19:04:41.977Z,2026-09-02T19:04:49.844Z,2026-09-02T19:04:49.844Z,451
obdThrottlePosition,CAN_ENGINE_THROTTLE_POSITION,LATEST_LIVE,2026-09-02T19:04:50.000Z,2026-09-02T19:04:55.644Z,2026-09-02T19:04:55.414Z,2026-09-02T19:04:55.644Z,655,23.13725490196078,"{""value"":23.13725490196078,""timestamp"":""2026-09-02T19:04:50Z""}",,,,,,,,455
obdThrottlePosition,CAN_ENGINE_THROTTLE_POSITION,HF_HISTORICAL,2026-09-02T19:04:48.844Z,2026-09-02T19:04:55.854Z,2026-09-02T19:04:55.648Z,2026-09-02T19:04:55.854Z,660,20.3921568627451,20.3921568627451,2d42f3e53a11f460aad2e59e4d0fb3d9b7674d04a4513067b1ff914c92f3a916,1s,AVG,2d42f3e53a11f460aad2e59e4d0fb3d9b7674d04a4513067b1ff914c92f3a916,2026-09-02T19:04:47.844Z,2026-09-02T19:04:55.648Z,2026-09-02T19:04:55.648Z,460
obdThrottlePosition,CAN_ENGINE_THROTTLE_POSITION,HF_HISTORICAL,2026-09-02T19:04:49.844Z,2026-09-02T19:04:55.854Z,2026-09-02T19:04:55.648Z,2026-09-02T19:04:55.854Z,665,23.13725490196078,23.13725490196078,1572ba6b39c53f97505a3609229442fce2596b5b557f78c0cd148d45b29d93c4,1s,AVG,1572ba6b39c53f97505a3609229442fce2596b5b557f78c0cd148d45b29d93c4,2026-09-02T19:04:47.844Z,2026-09-02T19:04:55.648Z,2026-09-02T19:04:55.648Z,465
obdThrottlePosition,CAN_ENGINE_THROTTLE_POSITION,LATEST_LIVE,2026-09-02T19:04:50.000Z,2026-09-02T19:05:01.853Z,2026-09-02T19:05:01.430Z,2026-09-02T19:05:01.853Z,670,23.13725490196078,"{""value"":23.13725490196078,""timestamp"":""2026-09-02T19:04:50Z""}",,,,,,,,470
obdThrottlePosition,CAN_ENGINE_THROTTLE_POSITION,LATEST_LIVE,2026-09-02T19:04:54.000Z,2026-09-02T19:05:08.118Z,2026-09-02T19:05:07.876Z,2026-09-02T19:05:08.118Z,675,24.70588235294118,"{""value"":24.70588235294118,""timestamp"":""2026-09-02T19:04:54Z""}",,,,,,,,475
obdThrottlePosition,CAN_ENGINE_THROTTLE_POSITION,LATEST_LIVE,2026-09-02T19:05:07.000Z,2026-09-02T19:05:14.269Z,2026-09-02T19:05:13.980Z,2026-09-02T19:05:14.269Z,706,24.70588235294118,"{""value"":24.70588235294118,""timestamp"":""2026-09-02T19:05:07Z""}",,,,,,,,486
obdThrottlePosition,CAN_ENGINE_THROTTLE_POSITION,HF_HISTORICAL,2026-09-02T19:05:06.123Z,2026-09-02T19:05:14.506Z,2026-09-02T19:05:14.273Z,2026-09-02T19:05:14.506Z,711,24.70588235294118,24.70588235294118,33271d5f1af8068a54d00dfc21b99969386d8040e7a967991a1083e7bea973c2,1s,AVG,33271d5f1af8068a54d00dfc21b99969386d8040e7a967991a1083e7bea973c2,2026-09-02T19:05:06.123Z,2026-09-02T19:05:14.272Z,2026-09-02T19:05:14.272Z,491
obdThrottlePosition,CAN_ENGINE_THROTTLE_POSITION,LATEST_LIVE,2026-09-02T19:05:07.000Z,2026-09-02T19:05:20.314Z,2026-09-02T19:05:19.945Z,2026-09-02T19:05:20.314Z,722,24.70588235294118,"{""value"":24.70588235294118,""timestamp"":""2026-09-02T19:05:07Z""}",,,,,,,,502
obdThrottlePosition,CAN_ENGINE_THROTTLE_POSITION,LATEST_LIVE,2026-09-02T19:05:07.000Z,2026-09-02T19:05:26.205Z,2026-09-02T19:05:25.954Z,2026-09-02T19:05:26.205Z,735,24.70588235294118,"{""value"":24.70588235294118,""timestamp"":""2026-09-02T19:05:07Z""}",,,,,,,,515
obdThrottlePosition,CAN_ENGINE_THROTTLE_POSITION,LATEST_LIVE,2026-09-02T19:05:07.000Z,2026-09-02T19:05:31.889Z,2026-09-02T19:05:31.682Z,2026-09-02T19:05:31.889Z,746,24.70588235294118,"{""value"":24.70588235294118,""timestamp"":""2026-09-02T19:05:07Z""}",,,,,,,,526
obdThrottlePosition,CAN_ENGINE_THROTTLE_POSITION,LATEST_LIVE,2026-09-02T19:05:34.000Z,2026-09-02T19:05:37.655Z,2026-09-02T19:05:37.417Z,2026-09-02T19:05:37.655Z,755,12.94117647058824,"{""value"":12.94117647058824,""timestamp"":""2026-09-02T19:05:34Z""}",,,,,,,,535
obdThrottlePosition,CAN_ENGINE_THROTTLE_POSITION,HF_HISTORICAL,2026-09-02T19:05:30.891Z,2026-09-02T19:05:37.895Z,2026-09-02T19:05:37.656Z,2026-09-02T19:05:37.895Z,764,17.64705882352941,17.64705882352941,4777e5b0b291eeb7235ca52c0529c097ea3db6b0432cfafa8045b86238a5eb92,1s,AVG,4777e5b0b291eeb7235ca52c0529c097ea3db6b0432cfafa8045b86238a5eb92,2026-09-02T19:05:29.891Z,2026-09-02T19:05:37.656Z,2026-09-02T19:05:37.656Z,544
obdThrottlePosition,CAN_ENGINE_THROTTLE_POSITION,HF_HISTORICAL,2026-09-02T19:05:32.891Z,2026-09-02T19:05:37.895Z,2026-09-02T19:05:37.656Z,2026-09-02T19:05:37.895Z,769,13.33333333333333,13.33333333333333,0995705e68f220cc560f0a16d9d9473578569e251d0f5d0335c5b3ac7c9b49ee,1s,AVG,0995705e68f220cc560f0a16d9d9473578569e251d0f5d0335c5b3ac7c9b49ee,2026-09-02T19:05:29.891Z,2026-09-02T19:05:37.656Z,2026-09-02T19:05:37.656Z,549
obdThrottlePosition,CAN_ENGINE_THROTTLE_POSITION,HF_HISTORICAL,2026-09-02T19:05:33.891Z,2026-09-02T19:05:37.895Z,2026-09-02T19:05:37.656Z,2026-09-02T19:05:37.895Z,774,12.94117647058824,12.94117647058824,92089825a6d52301302252fa94382c4b1c811e96eadcdcc048318d4a8a8b1b01,1s,AVG,92089825a6d52301302252fa94382c4b1c811e96eadcdcc048318d4a8a8b1b01,2026-09-02T19:05:29.891Z,2026-09-02T19:05:37.656Z,2026-09-02T19:05:37.656Z,554
obdThrottlePosition,CAN_ENGINE_THROTTLE_POSITION,LATEST_LIVE,2026-09-02T19:05:40.000Z,2026-09-02T19:05:43.572Z,2026-09-02T19:05:43.263Z,2026-09-02T19:05:43.572Z,779,17.25490196078431,"{""value"":17.25490196078431,""timestamp"":""2026-09-02T19:05:40Z""}",,,,,,,,559
obdThrottlePosition,CAN_ENGINE_THROTTLE_POSITION,HF_HISTORICAL,2026-09-02T19:05:36.656Z,2026-09-02T19:05:43.895Z,2026-09-02T19:05:43.574Z,2026-09-02T19:05:43.895Z,784,12.94117647058824,12.94117647058824,1862f06ba8f8f484067bf96fa5ac634ac42027ac62a225b890dbeba5a67475e6,1s,AVG,1862f06ba8f8f484067bf96fa5ac634ac42027ac62a225b890dbeba5a67475e6,2026-09-02T19:05:35.656Z,2026-09-02T19:05:43.574Z,2026-09-02T19:05:43.574Z,564
obdThrottlePosition,CAN_ENGINE_THROTTLE_POSITION,HF_HISTORICAL,2026-09-02T19:05:39.656Z,2026-09-02T19:05:43.895Z,2026-09-02T19:05:43.574Z,2026-09-02T19:05:43.895Z,789,17.25490196078431,17.25490196078431,9875b6015b3da5221df6394b6f9d24f3634a4cf71822bf846430f350fe998bf4,1s,AVG,9875b6015b3da5221df6394b6f9d24f3634a4cf71822bf846430f350fe998bf4,2026-09-02T19:05:35.656Z,2026-09-02T19:05:43.574Z,2026-09-02T19:05:43.574Z,569
obdThrottlePosition,CAN_ENGINE_THROTTLE_POSITION,LATEST_LIVE,2026-09-02T19:05:46.000Z,2026-09-02T19:05:50.560Z,2026-09-02T19:05:49.504Z,2026-09-02T19:05:50.560Z,820,10.58823529411765,"{""value"":10.58823529411765,""timestamp"":""2026-09-02T19:05:46Z""}",,,,,,,,580
obdThrottlePosition,CAN_ENGINE_THROTTLE_POSITION,HF_HISTORICAL,2026-09-02T19:05:42.574Z,2026-09-02T19:05:50.895Z,2026-09-02T19:05:50.561Z,2026-09-02T19:05:50.895Z,825,10.98039215686275,10.98039215686275,c222843c5920b53d71ee102d66de90d4a5d2c5b7441317ff2aaa7073e2fdb4c7,1s,AVG,c222843c5920b53d71ee102d66de90d4a5d2c5b7441317ff2aaa7073e2fdb4c7,2026-09-02T19:05:41.574Z,2026-09-02T19:05:50.561Z,2026-09-02T19:05:50.561Z,585
obdThrottlePosition,CAN_ENGINE_THROTTLE_POSITION,HF_HISTORICAL,2026-09-02T19:05:43.574Z,2026-09-02T19:05:50.895Z,2026-09-02T19:05:50.561Z,2026-09-02T19:05:50.895Z,830,15.29411764705882,15.29411764705882,81d4e86c3794acfc83eb4ecf6559d36a67c5e7acd678319f86688eaedaec1015,1s,AVG,81d4e86c3794acfc83eb4ecf6559d36a67c5e7acd678319f86688eaedaec1015,2026-09-02T19:05:41.574Z,2026-09-02T19:05:50.561Z,2026-09-02T19:05:50.561Z,590
obdThrottlePosition,CAN_ENGINE_THROTTLE_POSITION,HF_HISTORICAL,2026-09-02T19:05:44.574Z,2026-09-02T19:05:50.895Z,2026-09-02T19:05:50.561Z,2026-09-02T19:05:50.895Z,835,23.52941176470588,23.52941176470588,31e771d7d4a8869d643e8e0c95b152ddf419396d9b19b35bc1449622f9c9f539,1s,AVG,31e771d7d4a8869d643e8e0c95b152ddf419396d9b19b35bc1449622f9c9f539,2026-09-02T19:05:41.574Z,2026-09-02T19:05:50.561Z,2026-09-02T19:05:50.561Z,595
obdThrottlePosition,CAN_ENGINE_THROTTLE_POSITION,HF_HISTORICAL,2026-09-02T19:05:45.574Z,2026-09-02T19:05:50.895Z,2026-09-02T19:05:50.561Z,2026-09-02T19:05:50.895Z,839,10.58823529411765,10.58823529411765,4563e3d6768e52d5e0a2eeecd591120ab33e27153b84266361876f204dfd63f3,1s,AVG,4563e3d6768e52d5e0a2eeecd591120ab33e27153b84266361876f204dfd63f3,2026-09-02T19:05:41.574Z,2026-09-02T19:05:50.561Z,2026-09-02T19:05:50.561Z,599
obdThrottlePosition,CAN_ENGINE_THROTTLE_POSITION,LATEST_LIVE,2026-09-02T19:05:52.000Z,2026-09-02T19:05:56.479Z,2026-09-02T19:05:56.231Z,2026-09-02T19:05:56.479Z,843,29.01960784313725,"{""value"":29.01960784313725,""timestamp"":""2026-09-02T19:05:52Z""}",,,,,,,,603
obdThrottlePosition,CAN_ENGINE_THROTTLE_POSITION,HF_HISTORICAL,2026-09-02T19:05:48.561Z,2026-09-02T19:05:56.707Z,2026-09-02T19:05:56.482Z,2026-09-02T19:05:56.707Z,848,19.2156862745098,19.2156862745098,10a3157f1accc3cc9a2bf7d86485fe7519a9e083ba9df5f1022eebd13c180bd7,1s,AVG,10a3157f1accc3cc9a2bf7d86485fe7519a9e083ba9df5f1022eebd13c180bd7,2026-09-02T19:05:48.561Z,2026-09-02T19:05:56.481Z,2026-09-02T19:05:56.481Z,608
obdThrottlePosition,CAN_ENGINE_THROTTLE_POSITION,HF_HISTORICAL,2026-09-02T19:05:49.561Z,2026-09-02T19:05:56.707Z,2026-09-02T19:05:56.482Z,2026-09-02T19:05:56.707Z,852,10.58823529411765,10.58823529411765,4bc67b81ccde28c695a614ebf8a933476c5f3a9a712372074ef7f15e2c3c89fc,1s,AVG,4bc67b81ccde28c695a614ebf8a933476c5f3a9a712372074ef7f15e2c3c89fc,2026-09-02T19:05:48.561Z,2026-09-02T19:05:56.481Z,2026-09-02T19:05:56.481Z,612
obdThrottlePosition,CAN_ENGINE_THROTTLE_POSITION,HF_HISTORICAL,2026-09-02T19:05:50.561Z,2026-09-02T19:05:56.707Z,2026-09-02T19:05:56.482Z,2026-09-02T19:05:56.707Z,856,10.58823529411765,10.58823529411765,09a4df23b633a2914ef243e919b00c58151c0f3499bb15ba456089a64bf14d05,1s,AVG,09a4df23b633a2914ef243e919b00c58151c0f3499bb15ba456089a64bf14d05,2026-09-02T19:05:48.561Z,2026-09-02T19:05:56.481Z,2026-09-02T19:05:56.481Z,616
obdThrottlePosition,CAN_ENGINE_THROTTLE_POSITION,HF_HISTORICAL,2026-09-02T19:05:51.561Z,2026-09-02T19:05:56.707Z,2026-09-02T19:05:56.482Z,2026-09-02T19:05:56.707Z,861,29.01960784313725,29.01960784313725,192e017b4ed2639734b7b5196039b1cf5f5278761a199645b0ca50e3e0634930,1s,AVG,192e017b4ed2639734b7b5196039b1cf5f5278761a199645b0ca50e3e0634930,2026-09-02T19:05:48.561Z,2026-09-02T19:05:56.481Z,2026-09-02T19:05:56.481Z,621
obdThrottlePosition,CAN_ENGINE_THROTTLE_POSITION,LATEST_LIVE,2026-09-02T19:05:58.000Z,2026-09-02T19:06:02.472Z,2026-09-02T19:06:02.186Z,2026-09-02T19:06:02.472Z,866,10.19607843137255,"{""value"":10.19607843137255,""timestamp"":""2026-09-02T19:05:58Z""}",,,,,,,,626
obdThrottlePosition,CAN_ENGINE_THROTTLE_POSITION,HF_HISTORICAL,2026-09-02T19:05:54.481Z,2026-09-02T19:06:02.727Z,2026-09-02T19:06:02.479Z,2026-09-02T19:06:02.727Z,871,18.82352941176471,18.82352941176471,23376b2111811c788929d3f5bb01703a740cb7388b6b061ca514bdade14d36e7,1s,AVG,23376b2111811c788929d3f5bb01703a740cb7388b6b061ca514bdade14d36e7,2026-09-02T19:05:54.481Z,2026-09-02T19:06:02.478Z,2026-09-02T19:06:02.478Z,631
obdThrottlePosition,CAN_ENGINE_THROTTLE_POSITION,HF_HISTORICAL,2026-09-02T19:05:55.481Z,2026-09-02T19:06:02.727Z,2026-09-02T19:06:02.479Z,2026-09-02T19:06:02.727Z,876,85.09803921568627,85.09803921568627,34f39705bfa8b1a9138a619ff917f60b4983cc0bf4c79fd171668ec543c6cbec,1s,AVG,34f39705bfa8b1a9138a619ff917f60b4983cc0bf4c79fd171668ec543c6cbec,2026-09-02T19:05:54.481Z,2026-09-02T19:06:02.478Z,2026-09-02T19:06:02.478Z,636
obdThrottlePosition,CAN_ENGINE_THROTTLE_POSITION,HF_HISTORICAL,2026-09-02T19:05:57.481Z,2026-09-02T19:06:02.727Z,2026-09-02T19:06:02.479Z,2026-09-02T19:06:02.727Z,880,10.19607843137255,10.19607843137255,a1b2075678a1a11e7f89d584869f28842d258f4f85d43d83e8779bf21983bc72,1s,AVG,a1b2075678a1a11e7f89d584869f28842d258f4f85d43d83e8779bf21983bc72,2026-09-02T19:05:54.481Z,2026-09-02T19:06:02.478Z,2026-09-02T19:06:02.478Z,640
obdThrottlePosition,CAN_ENGINE_THROTTLE_POSITION,LATEST_LIVE,2026-09-02T19:06:04.000Z,2026-09-02T19:06:08.425Z,2026-09-02T19:06:08.133Z,2026-09-02T19:06:08.425Z,884,15.68627450980392,"{""value"":15.68627450980392,""timestamp"":""2026-09-02T19:06:04Z""}",,,,,,,,644
obdThrottlePosition,CAN_ENGINE_THROTTLE_POSITION,HF_HISTORICAL,2026-09-02T19:06:00.478Z,2026-09-02T19:06:08.650Z,2026-09-02T19:06:08.428Z,2026-09-02T19:06:08.650Z,889,13.33333333333333,13.33333333333333,2419f609bb1a356ab6835439cc056abd6f57a099bb273354121833364deacaeb,1s,AVG,2419f609bb1a356ab6835439cc056abd6f57a099bb273354121833364deacaeb,2026-09-02T19:06:00.478Z,2026-09-02T19:06:08.428Z,2026-09-02T19:06:08.428Z,649
obdThrottlePosition,CAN_ENGINE_THROTTLE_POSITION,HF_HISTORICAL,2026-09-02T19:06:01.478Z,2026-09-02T19:06:08.650Z,2026-09-02T19:06:08.428Z,2026-09-02T19:06:08.650Z,894,13.33333333333333,13.33333333333333,e39eff5c648026eb688cdefb74b03e8e1021659f9080a06d6cf1e2c81c1ee1bb,1s,AVG,e39eff5c648026eb688cdefb74b03e8e1021659f9080a06d6cf1e2c81c1ee1bb,2026-09-02T19:06:00.478Z,2026-09-02T19:06:08.428Z,2026-09-02T19:06:08.428Z,654
obdThrottlePosition,CAN_ENGINE_THROTTLE_POSITION,HF_HISTORICAL,2026-09-02T19:06:03.478Z,2026-09-02T19:06:08.650Z,2026-09-02T19:06:08.428Z,2026-09-02T19:06:08.650Z,899,15.68627450980392,15.68627450980392,6370cc4a378f16c139ee7ba950b49763807ada41ea6931edb8da64d4ce5a8bf1,1s,AVG,6370cc4a378f16c139ee7ba950b49763807ada41ea6931edb8da64d4ce5a8bf1,2026-09-02T19:06:00.478Z,2026-09-02T19:06:08.428Z,2026-09-02T19:06:08.428Z,659
obdThrottlePosition,CAN_ENGINE_THROTTLE_POSITION,LATEST_LIVE,2026-09-02T19:06:06.000Z,2026-09-02T19:06:14.289Z,2026-09-02T19:06:13.969Z,2026-09-02T19:06:14.289Z,904,14.90196078431373,"{""value"":14.90196078431373,""timestamp"":""2026-09-02T19:06:06Z""}",,,,,,,,664
obdThrottlePosition,CAN_ENGINE_THROTTLE_POSITION,LATEST_LIVE,2026-09-02T19:06:06.000Z,2026-09-02T19:06:20.192Z,2026-09-02T19:06:19.806Z,2026-09-02T19:06:20.192Z,909,14.90196078431373,"{""value"":14.90196078431373,""timestamp"":""2026-09-02T19:06:06Z""}",,,,,,,,669
obdThrottlePosition,CAN_ENGINE_THROTTLE_POSITION,LATEST_LIVE,2026-09-02T19:06:20.000Z,2026-09-02T19:06:26.257Z,2026-09-02T19:06:25.936Z,2026-09-02T19:06:26.257Z,940,30.19607843137255,"{""value"":30.19607843137255,""timestamp"":""2026-09-02T19:06:20Z""}",,,,,,,,680
obdThrottlePosition,CAN_ENGINE_THROTTLE_POSITION,HF_HISTORICAL,2026-09-02T19:06:19.194Z,2026-09-02T19:06:26.448Z,2026-09-02T19:06:26.259Z,2026-09-02T19:06:26.448Z,945,30.19607843137255,30.19607843137255,d91b369fdd69a778fae9ebd272968e831d2324be49ce5aa4d5af88b77cbbad4b,1s,AVG,d91b369fdd69a778fae9ebd272968e831d2324be49ce5aa4d5af88b77cbbad4b,2026-09-02T19:06:18.194Z,2026-09-02T19:06:26.259Z,2026-09-02T19:06:26.259Z,685
obdThrottlePosition,CAN_ENGINE_THROTTLE_POSITION,HF_HISTORICAL,2026-09-02T19:06:21.194Z,2026-09-02T19:06:26.448Z,2026-09-02T19:06:26.259Z,2026-09-02T19:06:26.448Z,950,14.11764705882353,14.11764705882353,eb262ef715078071487a4ba80423663e53272d5ccd13c335390f8c2a45857a0e,1s,AVG,eb262ef715078071487a4ba80423663e53272d5ccd13c335390f8c2a45857a0e,2026-09-02T19:06:18.194Z,2026-09-02T19:06:26.259Z,2026-09-02T19:06:26.259Z,690
obdThrottlePosition,CAN_ENGINE_THROTTLE_POSITION,LATEST_LIVE,2026-09-02T19:06:26.000Z,2026-09-02T19:06:32.117Z,2026-09-02T19:06:31.762Z,2026-09-02T19:06:32.117Z,955,18.03921568627451,"{""value"":18.03921568627451,""timestamp"":""2026-09-02T19:06:26Z""}",,,,,,,,695
obdThrottlePosition,CAN_ENGINE_THROTTLE_POSITION,HF_HISTORICAL,2026-09-02T19:06:24.259Z,2026-09-02T19:06:33.430Z,2026-09-02T19:06:32.120Z,2026-09-02T19:06:33.430Z,960,18.03921568627451,18.03921568627451,f9dd2cdafecb59214f655a8ae19a0ac2604229b71c88145af99de0943a52099a,1s,AVG,f9dd2cdafecb59214f655a8ae19a0ac2604229b71c88145af99de0943a52099a,2026-09-02T19:06:24.259Z,2026-09-02T19:06:32.120Z,2026-09-02T19:06:32.120Z,700
obdThrottlePosition,CAN_ENGINE_THROTTLE_POSITION,HF_HISTORICAL,2026-09-02T19:06:25.259Z,2026-09-02T19:06:33.430Z,2026-09-02T19:06:32.120Z,2026-09-02T19:06:33.430Z,965,18.03921568627451,18.03921568627451,b431537187c92fab837995221626da84dcaf640e42e0efd3fe9020022082bdcb,1s,AVG,b431537187c92fab837995221626da84dcaf640e42e0efd3fe9020022082bdcb,2026-09-02T19:06:24.259Z,2026-09-02T19:06:32.120Z,2026-09-02T19:06:32.120Z,705
obdThrottlePosition,CAN_ENGINE_THROTTLE_POSITION,LATEST_LIVE,2026-09-02T19:06:28.000Z,2026-09-02T19:06:39.538Z,2026-09-02T19:06:39.201Z,2026-09-02T19:06:39.538Z,970,15.29411764705882,"{""value"":15.29411764705882,""timestamp"":""2026-09-02T19:06:28Z""}",,,,,,,,710
obdThrottlePosition,CAN_ENGINE_THROTTLE_POSITION,LATEST_LIVE,2026-09-02T19:06:42.000Z,2026-09-02T19:06:45.399Z,2026-09-02T19:06:45.135Z,2026-09-02T19:06:45.399Z,975,84.70588235294117,"{""value"":84.70588235294117,""timestamp"":""2026-09-02T19:06:42Z""}",,,,,,,,715
obdThrottlePosition,CAN_ENGINE_THROTTLE_POSITION,HF_HISTORICAL,2026-09-02T19:06:39.539Z,2026-09-02T19:06:45.606Z,2026-09-02T19:06:45.401Z,2026-09-02T19:06:45.606Z,980,15.29411764705882,15.29411764705882,3115f611f1a48ad14994b4cbf858e8134448571adfdd92cf0106266b5f15a0d1,1s,AVG,3115f611f1a48ad14994b4cbf858e8134448571adfdd92cf0106266b5f15a0d1,2026-09-02T19:06:37.539Z,2026-09-02T19:06:45.400Z,2026-09-02T19:06:45.400Z,720
obdThrottlePosition,CAN_ENGINE_THROTTLE_POSITION,HF_HISTORICAL,2026-09-02T19:06:41.539Z,2026-09-02T19:06:45.606Z,2026-09-02T19:06:45.401Z,2026-09-02T19:06:45.606Z,985,84.70588235294117,84.70588235294117,d844ff6aa8c983513da63ffe5635615982576116cfb9c85e46baf97559ba6fbc,1s,AVG,d844ff6aa8c983513da63ffe5635615982576116cfb9c85e46baf97559ba6fbc,2026-09-02T19:06:37.539Z,2026-09-02T19:06:45.400Z,2026-09-02T19:06:45.400Z,725
obdThrottlePosition,CAN_ENGINE_THROTTLE_POSITION,LATEST_LIVE,2026-09-02T19:06:44.000Z,2026-09-02T19:06:51.417Z,2026-09-02T19:06:51.046Z,2026-09-02T19:06:51.417Z,990,14.90196078431373,"{""value"":14.90196078431373,""timestamp"":""2026-09-02T19:06:44Z""}",,,,,,,,730
obdThrottlePosition,CAN_ENGINE_THROTTLE_POSITION,HF_HISTORICAL,2026-09-02T19:06:43.400Z,2026-09-02T19:06:51.719Z,2026-09-02T19:06:51.418Z,2026-09-02T19:06:51.719Z,995,14.90196078431373,14.90196078431373,6073dee00e9b5116ee99289322537bf38ced9b362a2d0a0b7f3f815696dd7f1d,1s,AVG,6073dee00e9b5116ee99289322537bf38ced9b362a2d0a0b7f3f815696dd7f1d,2026-09-02T19:06:43.400Z,2026-09-02T19:06:51.418Z,2026-09-02T19:06:51.418Z,735
obdThrottlePosition,CAN_ENGINE_THROTTLE_POSITION,LATEST_LIVE,2026-09-02T19:06:52.000Z,2026-09-02T19:06:57.355Z,2026-09-02T19:06:57.114Z,2026-09-02T19:06:57.355Z,1000,13.33333333333333,"{""value"":13.33333333333333,""timestamp"":""2026-09-02T19:06:52Z""}",,,,,,,,740
obdThrottlePosition,CAN_ENGINE_THROTTLE_POSITION,HF_HISTORICAL,2026-09-02T19:06:49.418Z,2026-09-02T19:06:57.579Z,2026-09-02T19:06:57.356Z,2026-09-02T19:06:57.579Z,1005,17.64705882352941,17.64705882352941,0ebfb11d153bf96d0d1b75410f210386b77e438b24899f8a308e1acedbf2b92c,1s,AVG,0ebfb11d153bf96d0d1b75410f210386b77e438b24899f8a308e1acedbf2b92c,2026-09-02T19:06:49.418Z,2026-09-02T19:06:57.356Z,2026-09-02T19:06:57.356Z,745
obdThrottlePosition,CAN_ENGINE_THROTTLE_POSITION,HF_HISTORICAL,2026-09-02T19:06:51.418Z,2026-09-02T19:06:57.579Z,2026-09-02T19:06:57.356Z,2026-09-02T19:06:57.579Z,1010,13.33333333333333,13.33333333333333,74dd0cd182d7a2c664407bd76badb5818148b734a927faee992e0e3f76462c53,1s,AVG,74dd0cd182d7a2c664407bd76badb5818148b734a927faee992e0e3f76462c53,2026-09-02T19:06:49.418Z,2026-09-02T19:06:57.356Z,2026-09-02T19:06:57.356Z,750
obdThrottlePosition,CAN_ENGINE_THROTTLE_POSITION,LATEST_LIVE,2026-09-02T19:06:58.000Z,2026-09-02T19:07:03.402Z,2026-09-02T19:07:03.177Z,2026-09-02T19:07:03.402Z,1041,12.15686274509804,"{""value"":12.15686274509804,""timestamp"":""2026-09-02T19:06:58Z""}",,,,,,,,761
obdThrottlePosition,CAN_ENGINE_THROTTLE_POSITION,HF_HISTORICAL,2026-09-02T19:06:55.356Z,2026-09-02T19:07:03.612Z,2026-09-02T19:07:03.405Z,2026-09-02T19:07:03.612Z,1046,37.64705882352941,37.64705882352941,7f7d7ebc2cbe66b1565a6531261f170d4c7f490e02ef2426f0898306b8aef84a,1s,AVG,7f7d7ebc2cbe66b1565a6531261f170d4c7f490e02ef2426f0898306b8aef84a,2026-09-02T19:06:55.356Z,2026-09-02T19:07:03.405Z,2026-09-02T19:07:03.405Z,766
obdThrottlePosition,CAN_ENGINE_THROTTLE_POSITION,HF_HISTORICAL,2026-09-02T19:06:57.356Z,2026-09-02T19:07:03.612Z,2026-09-02T19:07:03.405Z,2026-09-02T19:07:03.612Z,1051,12.15686274509804,12.15686274509804,afca1fa64d091ca5d4356b11d299dbf4a7e6e7bfbcbcb64aea3c58fd5133d2c5,1s,AVG,afca1fa64d091ca5d4356b11d299dbf4a7e6e7bfbcbcb64aea3c58fd5133d2c5,2026-09-02T19:06:55.356Z,2026-09-02T19:07:03.405Z,2026-09-02T19:07:03.405Z,771
obdThrottlePosition,CAN_ENGINE_THROTTLE_POSITION,HF_HISTORICAL,2026-09-02T19:06:58.356Z,2026-09-02T19:07:03.612Z,2026-09-02T19:07:03.405Z,2026-09-02T19:07:03.612Z,1056,11.37254901960784,11.37254901960784,f22c601441ff8ee6ab31c48800de3aee70c4519b642014a99a71b5b20b6f7fe2,1s,AVG,f22c601441ff8ee6ab31c48800de3aee70c4519b642014a99a71b5b20b6f7fe2,2026-09-02T19:06:55.356Z,2026-09-02T19:07:03.405Z,2026-09-02T19:07:03.405Z,776
obdThrottlePosition,CAN_ENGINE_THROTTLE_POSITION,HF_HISTORICAL,2026-09-02T19:06:59.356Z,2026-09-02T19:07:03.612Z,2026-09-02T19:07:03.405Z,2026-09-02T19:07:03.612Z,1061,14.90196078431373,14.90196078431373,79c4543c3e833a3cbb0afbfe09f760762b4dd4f2aef678d2b115dbb5c6de2dff,1s,AVG,79c4543c3e833a3cbb0afbfe09f760762b4dd4f2aef678d2b115dbb5c6de2dff,2026-09-02T19:06:55.356Z,2026-09-02T19:07:03.405Z,2026-09-02T19:07:03.405Z,781
obdThrottlePosition,CAN_ENGINE_THROTTLE_POSITION,LATEST_LIVE,2026-09-02T19:07:04.000Z,2026-09-02T19:07:09.135Z,2026-09-02T19:07:08.888Z,2026-09-02T19:07:09.135Z,1066,11.76470588235294,"{""value"":11.76470588235294,""timestamp"":""2026-09-02T19:07:04Z""}",,,,,,,,786
obdThrottlePosition,CAN_ENGINE_THROTTLE_POSITION,HF_HISTORICAL,2026-09-02T19:07:01.405Z,2026-09-02T19:07:09.362Z,2026-09-02T19:07:09.138Z,2026-09-02T19:07:09.362Z,1071,12.54901960784314,12.54901960784314,3806e2a52d45d7cb1c8264c916a8a6834f18e255e68a94c39213f3eba587df68,1s,AVG,3806e2a52d45d7cb1c8264c916a8a6834f18e255e68a94c39213f3eba587df68,2026-09-02T19:07:01.405Z,2026-09-02T19:07:09.138Z,2026-09-02T19:07:09.138Z,791
obdThrottlePosition,CAN_ENGINE_THROTTLE_POSITION,HF_HISTORICAL,2026-09-02T19:07:02.405Z,2026-09-02T19:07:09.362Z,2026-09-02T19:07:09.138Z,2026-09-02T19:07:09.362Z,1076,12.15686274509804,12.15686274509804,aa4c348e01407d5fdbcab7690a1f5edfe428148b68ee74c49cecfe17d24f6208,1s,AVG,aa4c348e01407d5fdbcab7690a1f5edfe428148b68ee74c49cecfe17d24f6208,2026-09-02T19:07:01.405Z,2026-09-02T19:07:09.138Z,2026-09-02T19:07:09.138Z,796
obdThrottlePosition,CAN_ENGINE_THROTTLE_POSITION,HF_HISTORICAL,2026-09-02T19:07:03.405Z,2026-09-02T19:07:09.362Z,2026-09-02T19:07:09.138Z,2026-09-02T19:07:09.362Z,1081,11.76470588235294,11.76470588235294,574fad85d6816230e29e63819bc1cc86c892bbb46970fb001a39350098a6d492,1s,AVG,574fad85d6816230e29e63819bc1cc86c892bbb46970fb001a39350098a6d492,2026-09-02T19:07:01.405Z,2026-09-02T19:07:09.138Z,2026-09-02T19:07:09.138Z,801
obdThrottlePosition,CAN_ENGINE_THROTTLE_POSITION,LATEST_LIVE,2026-09-02T19:07:11.000Z,2026-09-02T19:07:15.116Z,2026-09-02T19:07:14.915Z,2026-09-02T19:07:15.116Z,1086,14.11764705882353,"{""value"":14.11764705882353,""timestamp"":""2026-09-02T19:07:11Z""}",,,,,,,,806
obdThrottlePosition,CAN_ENGINE_THROTTLE_POSITION,HF_HISTORICAL,2026-09-02T19:07:07.138Z,2026-09-02T19:07:15.316Z,2026-09-02T19:07:15.117Z,2026-09-02T19:07:15.316Z,1091,14.11764705882353,14.11764705882353,36adc3208319ae52b732042161f0deb6f523dd2503d6c5930bdb7ae64b2d2ba1,1s,AVG,36adc3208319ae52b732042161f0deb6f523dd2503d6c5930bdb7ae64b2d2ba1,2026-09-02T19:07:07.138Z,2026-09-02T19:07:15.117Z,2026-09-02T19:07:15.117Z,811
obdThrottlePosition,CAN_ENGINE_THROTTLE_POSITION,HF_HISTORICAL,2026-09-02T19:07:10.138Z,2026-09-02T19:07:15.316Z,2026-09-02T19:07:15.117Z,2026-09-02T19:07:15.316Z,1096,14.11764705882353,14.11764705882353,68021e2bc5c6513bc7e9bfd287f2fa1c66b998ccceb1c05d8a3db796fe5e4498,1s,AVG,68021e2bc5c6513bc7e9bfd287f2fa1c66b998ccceb1c05d8a3db796fe5e4498,2026-09-02T19:07:07.138Z,2026-09-02T19:07:15.117Z,2026-09-02T19:07:15.117Z,816
obdThrottlePosition,CAN_ENGINE_THROTTLE_POSITION,LATEST_LIVE,2026-09-02T19:07:16.000Z,2026-09-02T19:07:20.959Z,2026-09-02T19:07:20.596Z,2026-09-02T19:07:20.959Z,1101,22.74509803921569,"{""value"":22.74509803921569,""timestamp"":""2026-09-02T19:07:16Z""}",,,,,,,,821
obdThrottlePosition,CAN_ENGINE_THROTTLE_POSITION,HF_HISTORICAL,2026-09-02T19:07:14.117Z,2026-09-02T19:07:21.230Z,2026-09-02T19:07:20.960Z,2026-09-02T19:07:21.230Z,1106,20,20,cfc5c15202578a4e097470f847faa9e1d76aeed49fc1eb3a2fea5d07f4c0d3dc,1s,AVG,cfc5c15202578a4e097470f847faa9e1d76aeed49fc1eb3a2fea5d07f4c0d3dc,2026-09-02T19:07:13.117Z,2026-09-02T19:07:20.960Z,2026-09-02T19:07:20.960Z,826
obdThrottlePosition,CAN_ENGINE_THROTTLE_POSITION,HF_HISTORICAL,2026-09-02T19:07:15.117Z,2026-09-02T19:07:21.230Z,2026-09-02T19:07:20.960Z,2026-09-02T19:07:21.230Z,1111,22.74509803921569,22.74509803921569,418d6765882a02e71fb3bd8f7a0b558d1061f095885c4b168e4b49a18addfd48,1s,AVG,418d6765882a02e71fb3bd8f7a0b558d1061f095885c4b168e4b49a18addfd48,2026-09-02T19:07:13.117Z,2026-09-02T19:07:20.960Z,2026-09-02T19:07:20.960Z,831
obdThrottlePosition,CAN_ENGINE_THROTTLE_POSITION,LATEST_LIVE,2026-09-02T19:07:22.000Z,2026-09-02T19:07:26.835Z,2026-09-02T19:07:26.591Z,2026-09-02T19:07:26.835Z,1116,13.72549019607843,"{""value"":13.72549019607843,""timestamp"":""2026-09-02T19:07:22Z""}",,,,,,,,836
obdThrottlePosition,CAN_ENGINE_THROTTLE_POSITION,HF_HISTORICAL,2026-09-02T19:07:19.960Z,2026-09-02T19:07:27.069Z,2026-09-02T19:07:26.837Z,2026-09-02T19:07:27.069Z,1121,12.54901960784314,12.54901960784314,b2323ed1a22792c0dd162153f45980b46cd86bf54591a451875fb5aa704905df,1s,AVG,b2323ed1a22792c0dd162153f45980b46cd86bf54591a451875fb5aa704905df,2026-09-02T19:07:18.960Z,2026-09-02T19:07:26.837Z,2026-09-02T19:07:26.837Z,841
obdThrottlePosition,CAN_ENGINE_THROTTLE_POSITION,HF_HISTORICAL,2026-09-02T19:07:20.960Z,2026-09-02T19:07:27.069Z,2026-09-02T19:07:26.837Z,2026-09-02T19:07:27.069Z,1126,12.54901960784314,12.54901960784314,eb3ef29ac122e79f461f78bd63672f81fccbdd919ce34aac6923d0b6744499be,1s,AVG,eb3ef29ac122e79f461f78bd63672f81fccbdd919ce34aac6923d0b6744499be,2026-09-02T19:07:18.960Z,2026-09-02T19:07:26.837Z,2026-09-02T19:07:26.837Z,846
obdThrottlePosition,CAN_ENGINE_THROTTLE_POSITION,HF_HISTORICAL,2026-09-02T19:07:21.960Z,2026-09-02T19:07:27.069Z,2026-09-02T19:07:26.837Z,2026-09-02T19:07:27.069Z,1131,13.72549019607843,13.72549019607843,70f90b2337068eca35fe591c6bca61aa325a1f3e1a65e259b9908bc102bc596a,1s,AVG,70f90b2337068eca35fe591c6bca61aa325a1f3e1a65e259b9908bc102bc596a,2026-09-02T19:07:18.960Z,2026-09-02T19:07:26.837Z,2026-09-02T19:07:26.837Z,851
obdThrottlePosition,CAN_ENGINE_THROTTLE_POSITION,LATEST_LIVE,2026-09-02T19:07:29.000Z,2026-09-02T19:07:32.707Z,2026-09-02T19:07:32.425Z,2026-09-02T19:07:32.707Z,1136,12.15686274509804,"{""value"":12.15686274509804,""timestamp"":""2026-09-02T19:07:29Z""}",,,,,,,,856
obdThrottlePosition,CAN_ENGINE_THROTTLE_POSITION,HF_HISTORICAL,2026-09-02T19:07:24.837Z,2026-09-02T19:07:32.931Z,2026-09-02T19:07:32.708Z,2026-09-02T19:07:32.931Z,1141,14.50980392156863,14.50980392156863,710f512598072242f62932d20ee44ce868639523889f84790983334f0a269c3b,1s,AVG,710f512598072242f62932d20ee44ce868639523889f84790983334f0a269c3b,2026-09-02T19:07:24.837Z,2026-09-02T19:07:32.708Z,2026-09-02T19:07:32.708Z,861
obdThrottlePosition,CAN_ENGINE_THROTTLE_POSITION,HF_HISTORICAL,2026-09-02T19:07:25.837Z,2026-09-02T19:07:32.931Z,2026-09-02T19:07:32.708Z,2026-09-02T19:07:32.931Z,1146,14.50980392156863,14.50980392156863,acb3c5789081f8ac4ac6613e280f4689dfd18f8b5501733e157759c75933263c,1s,AVG,acb3c5789081f8ac4ac6613e280f4689dfd18f8b5501733e157759c75933263c,2026-09-02T19:07:24.837Z,2026-09-02T19:07:32.708Z,2026-09-02T19:07:32.708Z,866
obdThrottlePosition,CAN_ENGINE_THROTTLE_POSITION,HF_HISTORICAL,2026-09-02T19:07:27.837Z,2026-09-02T19:07:32.931Z,2026-09-02T19:07:32.708Z,2026-09-02T19:07:32.931Z,1151,11.76470588235294,11.76470588235294,4ae82f77b51d34309ee05457ec7c2f2eb1318f93a9d552dc486a56c03dc19b1d,1s,AVG,4ae82f77b51d34309ee05457ec7c2f2eb1318f93a9d552dc486a56c03dc19b1d,2026-09-02T19:07:24.837Z,2026-09-02T19:07:32.708Z,2026-09-02T19:07:32.708Z,871
obdThrottlePosition,CAN_ENGINE_THROTTLE_POSITION,HF_HISTORICAL,2026-09-02T19:07:28.837Z,2026-09-02T19:07:32.931Z,2026-09-02T19:07:32.708Z,2026-09-02T19:07:32.931Z,1156,12.15686274509804,12.15686274509804,a479b300f03a3ee788d3b5812a9199008c074616f484ceb2546e0e2c53fb2abb,1s,AVG,a479b300f03a3ee788d3b5812a9199008c074616f484ceb2546e0e2c53fb2abb,2026-09-02T19:07:24.837Z,2026-09-02T19:07:32.708Z,2026-09-02T19:07:32.708Z,876
obdThrottlePosition,CAN_ENGINE_THROTTLE_POSITION,LATEST_LIVE,2026-09-02T19:07:35.000Z,2026-09-02T19:07:38.924Z,2026-09-02T19:07:38.659Z,2026-09-02T19:07:38.924Z,1187,12.15686274509804,"{""value"":12.15686274509804,""timestamp"":""2026-09-02T19:07:35Z""}",,,,,,,,887
obdThrottlePosition,CAN_ENGINE_THROTTLE_POSITION,HF_HISTORICAL,2026-09-02T19:07:30.708Z,2026-09-02T19:07:39.223Z,2026-09-02T19:07:38.926Z,2026-09-02T19:07:39.223Z,1192,25.49019607843137,25.49019607843137,127e2ade1aace3b61f8601624c6094256d1b74402c99d0061f7ba487f65cf616,1s,AVG,127e2ade1aace3b61f8601624c6094256d1b74402c99d0061f7ba487f65cf616,2026-09-02T19:07:30.708Z,2026-09-02T19:07:38.926Z,2026-09-02T19:07:38.926Z,892
obdThrottlePosition,CAN_ENGINE_THROTTLE_POSITION,HF_HISTORICAL,2026-09-02T19:07:32.708Z,2026-09-02T19:07:39.223Z,2026-09-02T19:07:38.926Z,2026-09-02T19:07:39.223Z,1197,19.6078431372549,19.6078431372549,adf78f3064515c9644dbfd125681d0d79dcbd4767de2a2c579f2bf1babe146c0,1s,AVG,adf78f3064515c9644dbfd125681d0d79dcbd4767de2a2c579f2bf1babe146c0,2026-09-02T19:07:30.708Z,2026-09-02T19:07:38.926Z,2026-09-02T19:07:38.926Z,897
obdThrottlePosition,CAN_ENGINE_THROTTLE_POSITION,HF_HISTORICAL,2026-09-02T19:07:33.708Z,2026-09-02T19:07:39.223Z,2026-09-02T19:07:38.926Z,2026-09-02T19:07:39.223Z,1202,16.86274509803922,16.86274509803922,7d3129b8400a833cb4365d75bf79bc3b6e1d09f2b9365ba7824aa0dc913bec54,1s,AVG,7d3129b8400a833cb4365d75bf79bc3b6e1d09f2b9365ba7824aa0dc913bec54,2026-09-02T19:07:30.708Z,2026-09-02T19:07:38.926Z,2026-09-02T19:07:38.926Z,902
obdThrottlePosition,CAN_ENGINE_THROTTLE_POSITION,HF_HISTORICAL,2026-09-02T19:07:34.708Z,2026-09-02T19:07:39.223Z,2026-09-02T19:07:38.926Z,2026-09-02T19:07:39.223Z,1207,12.15686274509804,12.15686274509804,62d692e57897d790de65f90bdc7bc6c6756a68f40f5d97aca9b2aeb0d4abcd27,1s,AVG,62d692e57897d790de65f90bdc7bc6c6756a68f40f5d97aca9b2aeb0d4abcd27,2026-09-02T19:07:30.708Z,2026-09-02T19:07:38.926Z,2026-09-02T19:07:38.926Z,907
obdThrottlePosition,CAN_ENGINE_THROTTLE_POSITION,LATEST_LIVE,2026-09-02T19:07:41.000Z,2026-09-02T19:07:45.066Z,2026-09-02T19:07:44.800Z,2026-09-02T19:07:45.066Z,1212,11.76470588235294,"{""value"":11.76470588235294,""timestamp"":""2026-09-02T19:07:41Z""}",,,,,,,,912
obdThrottlePosition,CAN_ENGINE_THROTTLE_POSITION,HF_HISTORICAL,2026-09-02T19:07:36.926Z,2026-09-02T19:07:45.384Z,2026-09-02T19:07:45.067Z,2026-09-02T19:07:45.384Z,1217,14.90196078431373,14.90196078431373,da1ef5f5e611a81da7ef95b5101cee3f6fe502927b1cbc7da6eee10725f43c22,1s,AVG,da1ef5f5e611a81da7ef95b5101cee3f6fe502927b1cbc7da6eee10725f43c22,2026-09-02T19:07:36.926Z,2026-09-02T19:07:45.067Z,2026-09-02T19:07:45.067Z,917
obdThrottlePosition,CAN_ENGINE_THROTTLE_POSITION,HF_HISTORICAL,2026-09-02T19:07:37.926Z,2026-09-02T19:07:45.384Z,2026-09-02T19:07:45.067Z,2026-09-02T19:07:45.384Z,1222,13.33333333333333,13.33333333333333,b4e808e8ef4fe9b44d5cf4c9f30e2c335c2b939b87b9e6d50f8f4b30c96b0a0d,1s,AVG,b4e808e8ef4fe9b44d5cf4c9f30e2c335c2b939b87b9e6d50f8f4b30c96b0a0d,2026-09-02T19:07:36.926Z,2026-09-02T19:07:45.067Z,2026-09-02T19:07:45.067Z,922
obdThrottlePosition,CAN_ENGINE_THROTTLE_POSITION,HF_HISTORICAL,2026-09-02T19:07:40.926Z,2026-09-02T19:07:45.384Z,2026-09-02T19:07:45.067Z,2026-09-02T19:07:45.384Z,1227,11.76470588235294,11.76470588235294,057a784518a5e98d5793ce5d05bf04088c8781ee42b64a210f1f2c9edb90c8f1,1s,AVG,057a784518a5e98d5793ce5d05bf04088c8781ee42b64a210f1f2c9edb90c8f1,2026-09-02T19:07:36.926Z,2026-09-02T19:07:45.067Z,2026-09-02T19:07:45.067Z,927
obdThrottlePosition,CAN_ENGINE_THROTTLE_POSITION,LATEST_LIVE,2026-09-02T19:07:47.000Z,2026-09-02T19:07:51.001Z,2026-09-02T19:07:50.742Z,2026-09-02T19:07:51.001Z,1232,40.3921568627451,"{""value"":40.3921568627451,""timestamp"":""2026-09-02T19:07:47Z""}",,,,,,,,932
obdThrottlePosition,CAN_ENGINE_THROTTLE_POSITION,HF_HISTORICAL,2026-09-02T19:07:44.067Z,2026-09-02T19:07:51.247Z,2026-09-02T19:07:51.003Z,2026-09-02T19:07:51.247Z,1237,12.15686274509804,12.15686274509804,07a7d1d9d76d96787043c4e6537d2650be3ee1a7a599cc40e9c35ca70bf44218,1s,AVG,07a7d1d9d76d96787043c4e6537d2650be3ee1a7a599cc40e9c35ca70bf44218,2026-09-02T19:07:43.067Z,2026-09-02T19:07:51.003Z,2026-09-02T19:07:51.003Z,937
obdThrottlePosition,CAN_ENGINE_THROTTLE_POSITION,HF_HISTORICAL,2026-09-02T19:07:45.067Z,2026-09-02T19:07:51.247Z,2026-09-02T19:07:51.003Z,2026-09-02T19:07:51.247Z,1242,12.54901960784314,12.54901960784314,dd429247fd317b6d5bd701418960565562977f0ac6955278661d2631402c1a04,1s,AVG,dd429247fd317b6d5bd701418960565562977f0ac6955278661d2631402c1a04,2026-09-02T19:07:43.067Z,2026-09-02T19:07:51.003Z,2026-09-02T19:07:51.003Z,942
obdThrottlePosition,CAN_ENGINE_THROTTLE_POSITION,HF_HISTORICAL,2026-09-02T19:07:46.067Z,2026-09-02T19:07:51.247Z,2026-09-02T19:07:51.003Z,2026-09-02T19:07:51.247Z,1247,40.3921568627451,40.3921568627451,783d219dbf42dd63c507d2807aa61cb12ac8002f10d6a725bcf87a22cd26b259,1s,AVG,783d219dbf42dd63c507d2807aa61cb12ac8002f10d6a725bcf87a22cd26b259,2026-09-02T19:07:43.067Z,2026-09-02T19:07:51.003Z,2026-09-02T19:07:51.003Z,947
obdThrottlePosition,CAN_ENGINE_THROTTLE_POSITION,LATEST_LIVE,2026-09-02T19:07:53.000Z,2026-09-02T19:07:56.798Z,2026-09-02T19:07:56.570Z,2026-09-02T19:07:56.798Z,1252,12.15686274509804,"{""value"":12.15686274509804,""timestamp"":""2026-09-02T19:07:53Z""}",,,,,,,,952
obdThrottlePosition,CAN_ENGINE_THROTTLE_POSITION,HF_HISTORICAL,2026-09-02T19:07:49.003Z,2026-09-02T19:07:56.996Z,2026-09-02T19:07:56.799Z,2026-09-02T19:07:56.996Z,1257,11.76470588235294,11.76470588235294,dca4ef7da3ab9d5d2616617be9e17fa3aeccefe43ef56061027c6210514ff665,1s,AVG,dca4ef7da3ab9d5d2616617be9e17fa3aeccefe43ef56061027c6210514ff665,2026-09-02T19:07:49.003Z,2026-09-02T19:07:56.799Z,2026-09-02T19:07:56.799Z,957
obdThrottlePosition,CAN_ENGINE_THROTTLE_POSITION,HF_HISTORICAL,2026-09-02T19:07:50.003Z,2026-09-02T19:07:56.996Z,2026-09-02T19:07:56.799Z,2026-09-02T19:07:56.996Z,1262,15.68627450980392,15.68627450980392,01695a41c97e37cc01563d10288da7bb05d2e23e6b904faeb5f13754bf5d9755,1s,AVG,01695a41c97e37cc01563d10288da7bb05d2e23e6b904faeb5f13754bf5d9755,2026-09-02T19:07:49.003Z,2026-09-02T19:07:56.799Z,2026-09-02T19:07:56.799Z,962
obdThrottlePosition,CAN_ENGINE_THROTTLE_POSITION,HF_HISTORICAL,2026-09-02T19:07:52.003Z,2026-09-02T19:07:56.996Z,2026-09-02T19:07:56.799Z,2026-09-02T19:07:56.996Z,1267,12.15686274509804,12.15686274509804,78d9e11cf11f1c6bf8cd273ed231cf2148bca4cbb4293192d135b64d8d41cae5,1s,AVG,78d9e11cf11f1c6bf8cd273ed231cf2148bca4cbb4293192d135b64d8d41cae5,2026-09-02T19:07:49.003Z,2026-09-02T19:07:56.799Z,2026-09-02T19:07:56.799Z,967
obdThrottlePosition,CAN_ENGINE_THROTTLE_POSITION,LATEST_LIVE,2026-09-02T19:07:59.000Z,2026-09-02T19:08:02.791Z,2026-09-02T19:08:02.527Z,2026-09-02T19:08:02.791Z,1272,12.54901960784314,"{""value"":12.54901960784314,""timestamp"":""2026-09-02T19:07:59Z""}",,,,,,,,972
obdThrottlePosition,CAN_ENGINE_THROTTLE_POSITION,HF_HISTORICAL,2026-09-02T19:07:56.799Z,2026-09-02T19:08:03.001Z,2026-09-02T19:08:02.792Z,2026-09-02T19:08:03.001Z,1277,20.3921568627451,20.3921568627451,d5b9473d561ae278c2b2c813a4f8493150404d18ac088231c9ba360d4cdb0d39,1s,AVG,d5b9473d561ae278c2b2c813a4f8493150404d18ac088231c9ba360d4cdb0d39,2026-09-02T19:07:54.799Z,2026-09-02T19:08:02.792Z,2026-09-02T19:08:02.792Z,977
obdThrottlePosition,CAN_ENGINE_THROTTLE_POSITION,HF_HISTORICAL,2026-09-02T19:07:57.799Z,2026-09-02T19:08:03.001Z,2026-09-02T19:08:02.792Z,2026-09-02T19:08:03.001Z,1282,12.15686274509804,12.15686274509804,3280e2d7ba061736f53499ad7b6f96c33130f088e3acd4f170449fd9f8424ec9,1s,AVG,3280e2d7ba061736f53499ad7b6f96c33130f088e3acd4f170449fd9f8424ec9,2026-09-02T19:07:54.799Z,2026-09-02T19:08:02.792Z,2026-09-02T19:08:02.792Z,982
obdThrottlePosition,CAN_ENGINE_THROTTLE_POSITION,HF_HISTORICAL,2026-09-02T19:07:58.799Z,2026-09-02T19:08:03.001Z,2026-09-02T19:08:02.792Z,2026-09-02T19:08:03.001Z,1287,12.54901960784314,12.54901960784314,3fac1bdd6c26dabfac0d767da8b00fd95c51b154fc71b0687fced3fe88895dba,1s,AVG,3fac1bdd6c26dabfac0d767da8b00fd95c51b154fc71b0687fced3fe88895dba,2026-09-02T19:07:54.799Z,2026-09-02T19:08:02.792Z,2026-09-02T19:08:02.792Z,987
obdThrottlePosition,CAN_ENGINE_THROTTLE_POSITION,LATEST_LIVE,2026-09-02T19:08:04.000Z,2026-09-02T19:08:08.800Z,2026-09-02T19:08:08.466Z,2026-09-02T19:08:08.800Z,1292,10.58823529411765,"{""value"":10.58823529411765,""timestamp"":""2026-09-02T19:08:04Z""}",,,,,,,,992
obdThrottlePosition,CAN_ENGINE_THROTTLE_POSITION,HF_HISTORICAL,2026-09-02T19:08:00.792Z,2026-09-02T19:08:09.015Z,2026-09-02T19:08:08.802Z,2026-09-02T19:08:09.015Z,1297,12.54901960784314,12.54901960784314,9d0172996c20f7d5d8049bf28e543a50a15d0fab9100e039450bf7268f08e2c8,1s,AVG,9d0172996c20f7d5d8049bf28e543a50a15d0fab9100e039450bf7268f08e2c8,2026-09-02T19:08:00.792Z,2026-09-02T19:08:08.802Z,2026-09-02T19:08:08.802Z,997
obdThrottlePosition,CAN_ENGINE_THROTTLE_POSITION,HF_HISTORICAL,2026-09-02T19:08:01.792Z,2026-09-02T19:08:09.015Z,2026-09-02T19:08:08.802Z,2026-09-02T19:08:09.015Z,1302,25.49019607843137,25.49019607843137,6573692e3c77f62f1b77fa3c1125340ac7f0406d9149cc76835a76172eb20b3c,1s,AVG,6573692e3c77f62f1b77fa3c1125340ac7f0406d9149cc76835a76172eb20b3c,2026-09-02T19:08:00.792Z,2026-09-02T19:08:08.802Z,2026-09-02T19:08:08.802Z,1002
obdThrottlePosition,CAN_ENGINE_THROTTLE_POSITION,HF_HISTORICAL,2026-09-02T19:08:03.792Z,2026-09-02T19:08:09.015Z,2026-09-02T19:08:08.802Z,2026-09-02T19:08:09.015Z,1307,10.58823529411765,10.58823529411765,6460f2d8c37b0699fc471bf6bf6f5d0c14a8e860c3d7e1d2f308ad370928a99d,1s,AVG,6460f2d8c37b0699fc471bf6bf6f5d0c14a8e860c3d7e1d2f308ad370928a99d,2026-09-02T19:08:00.792Z,2026-09-02T19:08:08.802Z,2026-09-02T19:08:08.802Z,1007
obdThrottlePosition,CAN_ENGINE_THROTTLE_POSITION,LATEST_LIVE,2026-09-02T19:08:08.000Z,2026-09-02T19:08:14.955Z,2026-09-02T19:08:14.698Z,2026-09-02T19:08:14.955Z,1338,13.72549019607843,"{""value"":13.72549019607843,""timestamp"":""2026-09-02T19:08:08Z""}",,,,,,,,1018
obdThrottlePosition,CAN_ENGINE_THROTTLE_POSITION,HF_HISTORICAL,2026-09-02T19:08:06.802Z,2026-09-02T19:08:15.258Z,2026-09-02T19:08:14.957Z,2026-09-02T19:08:15.258Z,1343,11.76470588235294,11.76470588235294,dd8c5933d0c4d7e30eb43b7291d9c65ecd308c33d2a5c70c1b54177c0bf11f36,1s,AVG,dd8c5933d0c4d7e30eb43b7291d9c65ecd308c33d2a5c70c1b54177c0bf11f36,2026-09-02T19:08:06.802Z,2026-09-02T19:08:14.956Z,2026-09-02T19:08:14.956Z,1023
obdThrottlePosition,CAN_ENGINE_THROTTLE_POSITION,HF_HISTORICAL,2026-09-02T19:08:07.802Z,2026-09-02T19:08:15.258Z,2026-09-02T19:08:14.957Z,2026-09-02T19:08:15.258Z,1348,13.72549019607843,13.72549019607843,a9bfa0eabe89030a872061c62e6f9153accb9279f13ee5687e3f1f71d8ea46d6,1s,AVG,a9bfa0eabe89030a872061c62e6f9153accb9279f13ee5687e3f1f71d8ea46d6,2026-09-02T19:08:06.802Z,2026-09-02T19:08:14.956Z,2026-09-02T19:08:14.956Z,1028
obdThrottlePosition,CAN_ENGINE_THROTTLE_POSITION,LATEST_LIVE,2026-09-02T19:08:16.000Z,2026-09-02T19:08:20.737Z,2026-09-02T19:08:20.539Z,2026-09-02T19:08:20.737Z,1353,12.54901960784314,"{""value"":12.54901960784314,""timestamp"":""2026-09-02T19:08:16Z""}",,,,,,,,1033
obdThrottlePosition,CAN_ENGINE_THROTTLE_POSITION,HF_HISTORICAL,2026-09-02T19:08:12.956Z,2026-09-02T19:08:20.941Z,2026-09-02T19:08:20.738Z,2026-09-02T19:08:20.941Z,1358,21.96078431372549,21.96078431372549,76887a9c36d00cf31c4a4b995a7c3933e428dd474aefe1a204bebc70740e8fd9,1s,AVG,76887a9c36d00cf31c4a4b995a7c3933e428dd474aefe1a204bebc70740e8fd9,2026-09-02T19:08:12.956Z,2026-09-02T19:08:20.738Z,2026-09-02T19:08:20.738Z,1038
obdThrottlePosition,CAN_ENGINE_THROTTLE_POSITION,HF_HISTORICAL,2026-09-02T19:08:14.956Z,2026-09-02T19:08:20.941Z,2026-09-02T19:08:20.738Z,2026-09-02T19:08:20.941Z,1363,15.68627450980392,15.68627450980392,de2b5ac464ea626032afb85fdfdab380c53a52c5e762b2f14cb08d1eeed52908,1s,AVG,de2b5ac464ea626032afb85fdfdab380c53a52c5e762b2f14cb08d1eeed52908,2026-09-02T19:08:12.956Z,2026-09-02T19:08:20.738Z,2026-09-02T19:08:20.738Z,1043
obdThrottlePosition,CAN_ENGINE_THROTTLE_POSITION,HF_HISTORICAL,2026-09-02T19:08:15.956Z,2026-09-02T19:08:20.941Z,2026-09-02T19:08:20.738Z,2026-09-02T19:08:20.941Z,1368,12.54901960784314,12.54901960784314,b4e191d8e6996ae400c613ff8d51c2f55dbc5700d422daffa65e5b247ab3c091,1s,AVG,b4e191d8e6996ae400c613ff8d51c2f55dbc5700d422daffa65e5b247ab3c091,2026-09-02T19:08:12.956Z,2026-09-02T19:08:20.738Z,2026-09-02T19:08:20.738Z,1048
obdThrottlePosition,CAN_ENGINE_THROTTLE_POSITION,LATEST_LIVE,2026-09-02T19:08:22.000Z,2026-09-02T19:08:26.505Z,2026-09-02T19:08:26.269Z,2026-09-02T19:08:26.505Z,1373,84.70588235294117,"{""value"":84.70588235294117,""timestamp"":""2026-09-02T19:08:22Z""}",,,,,,,,1053
obdThrottlePosition,CAN_ENGINE_THROTTLE_POSITION,HF_HISTORICAL,2026-09-02T19:08:19.738Z,2026-09-02T19:08:26.701Z,2026-09-02T19:08:26.508Z,2026-09-02T19:08:26.701Z,1378,21.56862745098039,21.56862745098039,75edfe0c98401df8d2216ec47e3dd6788f9f4fb3eaf68593a3e6d741784382ad,1s,AVG,75edfe0c98401df8d2216ec47e3dd6788f9f4fb3eaf68593a3e6d741784382ad,2026-09-02T19:08:18.738Z,2026-09-02T19:08:26.508Z,2026-09-02T19:08:26.508Z,1058
obdThrottlePosition,CAN_ENGINE_THROTTLE_POSITION,HF_HISTORICAL,2026-09-02T19:08:21.738Z,2026-09-02T19:08:26.701Z,2026-09-02T19:08:26.508Z,2026-09-02T19:08:26.701Z,1383,84.70588235294117,84.70588235294117,d56df1f15d271e0e176fcf9c18fca822dd54c4ba9be15529bbe93ac15ae0e8d0,1s,AVG,d56df1f15d271e0e176fcf9c18fca822dd54c4ba9be15529bbe93ac15ae0e8d0,2026-09-02T19:08:18.738Z,2026-09-02T19:08:26.508Z,2026-09-02T19:08:26.508Z,1063
obdThrottlePosition,CAN_ENGINE_THROTTLE_POSITION,LATEST_LIVE,2026-09-02T19:08:24.000Z,2026-09-02T19:08:32.293Z,2026-09-02T19:08:32.008Z,2026-09-02T19:08:32.293Z,1388,23.92156862745098,"{""value"":23.92156862745098,""timestamp"":""2026-09-02T19:08:24Z""}",,,,,,,,1068
obdThrottlePosition,CAN_ENGINE_THROTTLE_POSITION,LATEST_LIVE,2026-09-02T19:08:33.000Z,2026-09-02T19:08:38.535Z,2026-09-02T19:08:38.032Z,2026-09-02T19:08:38.535Z,1393,12.94117647058824,"{""value"":12.94117647058824,""timestamp"":""2026-09-02T19:08:33Z""}",,,,,,,,1073
obdThrottlePosition,CAN_ENGINE_THROTTLE_POSITION,HF_HISTORICAL,2026-09-02T19:08:32.294Z,2026-09-02T19:08:39.030Z,2026-09-02T19:08:38.536Z,2026-09-02T19:08:39.030Z,1398,12.94117647058824,12.94117647058824,c0838d6bff0542845b066e1f6c7bc474f50b177d135bda42f2de6f03de4dfbcf,1s,AVG,c0838d6bff0542845b066e1f6c7bc474f50b177d135bda42f2de6f03de4dfbcf,2026-09-02T19:08:30.294Z,2026-09-02T19:08:38.536Z,2026-09-02T19:08:38.536Z,1078
obdThrottlePosition,CAN_ENGINE_THROTTLE_POSITION,LATEST_LIVE,2026-09-02T19:08:39.000Z,2026-09-02T19:08:45.453Z,2026-09-02T19:08:44.776Z,2026-09-02T19:08:45.453Z,1403,10.58823529411765,"{""value"":10.58823529411765,""timestamp"":""2026-09-02T19:08:39Z""}",,,,,,,,1083
obdThrottlePosition,CAN_ENGINE_THROTTLE_POSITION,HF_HISTORICAL,2026-09-02T19:08:38.536Z,2026-09-02T19:08:46.394Z,2026-09-02T19:08:45.455Z,2026-09-02T19:08:46.394Z,1408,10.58823529411765,10.58823529411765,d4b1f2e53716a4051982580b926f444d4cd277052d844f2a554b5feb6f120477,1s,AVG,d4b1f2e53716a4051982580b926f444d4cd277052d844f2a554b5feb6f120477,2026-09-02T19:08:36.536Z,2026-09-02T19:08:45.455Z,2026-09-02T19:08:45.455Z,1088
obdThrottlePosition,CAN_ENGINE_THROTTLE_POSITION,LATEST_LIVE,2026-09-02T19:08:39.000Z,2026-09-02T19:09:02.556Z,2026-09-02T19:08:52.220Z,2026-09-02T19:09:02.556Z,1439,10.58823529411765,"{""value"":10.58823529411765,""timestamp"":""2026-09-02T19:08:39Z""}",,,,,,,,1099
obdThrottlePosition,CAN_ENGINE_THROTTLE_POSITION,LATEST_LIVE,2026-09-02T19:08:39.000Z,2026-09-02T19:09:08.408Z,2026-09-02T19:09:08.151Z,2026-09-02T19:09:08.408Z,1444,10.58823529411765,"{""value"":10.58823529411765,""timestamp"":""2026-09-02T19:08:39Z""}",,,,,,,,1104
obdThrottlePosition,CAN_ENGINE_THROTTLE_POSITION,LATEST_LIVE,2026-09-02T19:08:39.000Z,2026-09-02T19:09:14.127Z,2026-09-02T19:09:13.875Z,2026-09-02T19:09:14.127Z,1449,10.58823529411765,"{""value"":10.58823529411765,""timestamp"":""2026-09-02T19:08:39Z""}",,,,,,,,1109
obdThrottlePosition,CAN_ENGINE_THROTTLE_POSITION,LATEST_LIVE,2026-09-02T19:08:39.000Z,2026-09-02T19:09:19.883Z,2026-09-02T19:09:19.615Z,2026-09-02T19:09:19.883Z,1454,10.58823529411765,"{""value"":10.58823529411765,""timestamp"":""2026-09-02T19:08:39Z""}",,,,,,,,1114
obdThrottlePosition,CAN_ENGINE_THROTTLE_POSITION,LATEST_LIVE,2026-09-02T19:08:39.000Z,2026-09-02T19:09:25.689Z,2026-09-02T19:09:25.447Z,2026-09-02T19:09:25.689Z,1459,10.58823529411765,"{""value"":10.58823529411765,""timestamp"":""2026-09-02T19:08:39Z""}",,,,,,,,1119
obdThrottlePosition,CAN_ENGINE_THROTTLE_POSITION,LATEST_LIVE,2026-09-02T19:08:39.000Z,2026-09-02T19:09:31.431Z,2026-09-02T19:09:31.179Z,2026-09-02T19:09:31.431Z,1464,10.58823529411765,"{""value"":10.58823529411765,""timestamp"":""2026-09-02T19:08:39Z""}",,,,,,,,1124
obdThrottlePosition,CAN_ENGINE_THROTTLE_POSITION,LATEST_LIVE,2026-09-02T19:08:39.000Z,2026-09-02T19:09:37.601Z,2026-09-02T19:09:37.311Z,2026-09-02T19:09:37.601Z,1495,10.58823529411765,"{""value"":10.58823529411765,""timestamp"":""2026-09-02T19:08:39Z""}",,,,,,,,1135
obdThrottlePosition,CAN_ENGINE_THROTTLE_POSITION,LATEST_LIVE,2026-09-02T19:08:39.000Z,2026-09-02T19:09:43.371Z,2026-09-02T19:09:43.152Z,2026-09-02T19:09:43.371Z,1500,10.58823529411765,"{""value"":10.58823529411765,""timestamp"":""2026-09-02T19:08:39Z""}",,,,,,,,1140
obdThrottlePosition,CAN_ENGINE_THROTTLE_POSITION,LATEST_LIVE,2026-09-02T19:08:39.000Z,2026-09-02T19:09:49.469Z,2026-09-02T19:09:48.981Z,2026-09-02T19:09:49.469Z,1505,10.58823529411765,"{""value"":10.58823529411765,""timestamp"":""2026-09-02T19:08:39Z""}",,,,,,,,1145
obdThrottlePosition,CAN_ENGINE_THROTTLE_POSITION,LATEST_LIVE,2026-09-02T19:08:39.000Z,2026-09-02T19:09:55.562Z,2026-09-02T19:09:55.306Z,2026-09-02T19:09:55.562Z,1510,10.58823529411765,"{""value"":10.58823529411765,""timestamp"":""2026-09-02T19:08:39Z""}",,,,,,,,1150
obdThrottlePosition,CAN_ENGINE_THROTTLE_POSITION,LATEST_LIVE,2026-09-02T19:09:57.000Z,2026-09-02T19:10:01.429Z,2026-09-02T19:10:01.180Z,2026-09-02T19:10:01.429Z,1515,10.58823529411765,"{""value"":10.58823529411765,""timestamp"":""2026-09-02T19:09:57Z""}",,,,,,,,1155
obdThrottlePosition,CAN_ENGINE_THROTTLE_POSITION,HF_HISTORICAL,2026-09-02T19:09:56.564Z,2026-09-02T19:10:01.739Z,2026-09-02T19:10:01.433Z,2026-09-02T19:10:01.739Z,1520,10.58823529411765,10.58823529411765,bdfe4d48ac1f506a287f81ae6a1d40d908be00ef3509f59527e73e6617df2253,1s,AVG,bdfe4d48ac1f506a287f81ae6a1d40d908be00ef3509f59527e73e6617df2253,2026-09-02T19:09:53.564Z,2026-09-02T19:10:01.433Z,2026-09-02T19:10:01.433Z,1160
obdThrottlePosition,CAN_ENGINE_THROTTLE_POSITION,LATEST_LIVE,2026-09-02T19:10:04.000Z,2026-09-02T19:10:07.436Z,2026-09-02T19:10:07.212Z,2026-09-02T19:10:07.436Z,1525,10.58823529411765,"{""value"":10.58823529411765,""timestamp"":""2026-09-02T19:10:04Z""}",,,,,,,,1165
obdThrottlePosition,CAN_ENGINE_THROTTLE_POSITION,HF_HISTORICAL,2026-09-02T19:10:00.433Z,2026-09-02T19:10:07.730Z,2026-09-02T19:10:07.439Z,2026-09-02T19:10:07.730Z,1530,31.76470588235294,31.76470588235294,a01abcfccd52ce9bb5ff5f6c004425032c843d689bcb5d2279819af29ddaab3b,1s,AVG,a01abcfccd52ce9bb5ff5f6c004425032c843d689bcb5d2279819af29ddaab3b,2026-09-02T19:09:59.433Z,2026-09-02T19:10:07.439Z,2026-09-02T19:10:07.439Z,1170
obdThrottlePosition,CAN_ENGINE_THROTTLE_POSITION,HF_HISTORICAL,2026-09-02T19:10:03.433Z,2026-09-02T19:10:07.730Z,2026-09-02T19:10:07.439Z,2026-09-02T19:10:07.730Z,1535,10.58823529411765,10.58823529411765,2844f2ccdc46037956be459c65b8605978e2f00fd135f308830f73d5f7eeb49f,1s,AVG,2844f2ccdc46037956be459c65b8605978e2f00fd135f308830f73d5f7eeb49f,2026-09-02T19:09:59.433Z,2026-09-02T19:10:07.439Z,2026-09-02T19:10:07.439Z,1175
obdThrottlePosition,CAN_ENGINE_THROTTLE_POSITION,LATEST_LIVE,2026-09-02T19:10:09.000Z,2026-09-02T19:10:13.520Z,2026-09-02T19:10:13.302Z,2026-09-02T19:10:13.520Z,1566,84.70588235294117,"{""value"":84.70588235294117,""timestamp"":""2026-09-02T19:10:09Z""}",,,,,,,,1186
obdThrottlePosition,CAN_ENGINE_THROTTLE_POSITION,HF_HISTORICAL,2026-09-02T19:10:07.439Z,2026-09-02T19:10:13.715Z,2026-09-02T19:10:13.522Z,2026-09-02T19:10:13.715Z,1571,38.8235294117647,38.8235294117647,bd3d4638ba005112ca6ff8e8509f8ec52f7558ed81e0b53ca378340acacbf917,1s,AVG,bd3d4638ba005112ca6ff8e8509f8ec52f7558ed81e0b53ca378340acacbf917,2026-09-02T19:10:05.439Z,2026-09-02T19:10:13.521Z,2026-09-02T19:10:13.521Z,1191
obdThrottlePosition,CAN_ENGINE_THROTTLE_POSITION,HF_HISTORICAL,2026-09-02T19:10:08.439Z,2026-09-02T19:10:13.715Z,2026-09-02T19:10:13.522Z,2026-09-02T19:10:13.715Z,1576,84.70588235294117,84.70588235294117,b5ab1850d0ffedd08835370860dcc04d33204b51818ac09fd2077db6ca9e9c9c,1s,AVG,b5ab1850d0ffedd08835370860dcc04d33204b51818ac09fd2077db6ca9e9c9c,2026-09-02T19:10:05.439Z,2026-09-02T19:10:13.521Z,2026-09-02T19:10:13.521Z,1196
obdThrottlePosition,CAN_ENGINE_THROTTLE_POSITION,LATEST_LIVE,2026-09-02T19:10:16.000Z,2026-09-02T19:10:19.337Z,2026-09-02T19:10:19.067Z,2026-09-02T19:10:19.337Z,1581,12.94117647058824,"{""value"":12.94117647058824,""timestamp"":""2026-09-02T19:10:16Z""}",,,,,,,,1201
obdThrottlePosition,CAN_ENGINE_THROTTLE_POSITION,HF_HISTORICAL,2026-09-02T19:10:11.521Z,2026-09-02T19:10:19.546Z,2026-09-02T19:10:19.340Z,2026-09-02T19:10:19.546Z,1586,25.49019607843137,25.49019607843137,f0d7d5c8b6d71cf02aefacea0d01a93a4ada6ac9edeaacf6ba584dc46661b017,1s,AVG,f0d7d5c8b6d71cf02aefacea0d01a93a4ada6ac9edeaacf6ba584dc46661b017,2026-09-02T19:10:11.521Z,2026-09-02T19:10:19.340Z,2026-09-02T19:10:19.340Z,1206
obdThrottlePosition,CAN_ENGINE_THROTTLE_POSITION,HF_HISTORICAL,2026-09-02T19:10:12.521Z,2026-09-02T19:10:19.546Z,2026-09-02T19:10:19.340Z,2026-09-02T19:10:19.546Z,1591,12.94117647058824,12.94117647058824,274954758e94ac887825214ed8e943fdd61abbe7c170984a0211ba4898df00f1,1s,AVG,274954758e94ac887825214ed8e943fdd61abbe7c170984a0211ba4898df00f1,2026-09-02T19:10:11.521Z,2026-09-02T19:10:19.340Z,2026-09-02T19:10:19.340Z,1211
obdThrottlePosition,CAN_ENGINE_THROTTLE_POSITION,HF_HISTORICAL,2026-09-02T19:10:15.521Z,2026-09-02T19:10:19.546Z,2026-09-02T19:10:19.340Z,2026-09-02T19:10:19.546Z,1596,12.94117647058824,12.94117647058824,4f4a5b64bc4ad843c749ad15fd2f83b180265d238470f134caa95db63a3ec0b8,1s,AVG,4f4a5b64bc4ad843c749ad15fd2f83b180265d238470f134caa95db63a3ec0b8,2026-09-02T19:10:11.521Z,2026-09-02T19:10:19.340Z,2026-09-02T19:10:19.340Z,1216
obdThrottlePosition,CAN_ENGINE_THROTTLE_POSITION,LATEST_LIVE,2026-09-02T19:10:20.000Z,2026-09-02T19:10:25.100Z,2026-09-02T19:10:24.898Z,2026-09-02T19:10:25.100Z,1601,25.88235294117647,"{""value"":25.88235294117647,""timestamp"":""2026-09-02T19:10:20Z""}",,,,,,,,1221
obdThrottlePosition,CAN_ENGINE_THROTTLE_POSITION,HF_HISTORICAL,2026-09-02T19:10:19.340Z,2026-09-02T19:10:25.321Z,2026-09-02T19:10:25.102Z,2026-09-02T19:10:25.321Z,1606,25.88235294117647,25.88235294117647,c731d8bb91043356de7fe2979e551f446cb53b4c60e78bed5997a0e1c9bf9764,1s,AVG,c731d8bb91043356de7fe2979e551f446cb53b4c60e78bed5997a0e1c9bf9764,2026-09-02T19:10:17.340Z,2026-09-02T19:10:25.102Z,2026-09-02T19:10:25.102Z,1226
obdThrottlePosition,CAN_ENGINE_THROTTLE_POSITION,LATEST_LIVE,2026-09-02T19:10:27.000Z,2026-09-02T19:10:30.981Z,2026-09-02T19:10:30.640Z,2026-09-02T19:10:30.981Z,1611,14.90196078431373,"{""value"":14.90196078431373,""timestamp"":""2026-09-02T19:10:27Z""}",,,,,,,,1231
obdThrottlePosition,CAN_ENGINE_THROTTLE_POSITION,HF_HISTORICAL,2026-09-02T19:10:23.102Z,2026-09-02T19:10:31.191Z,2026-09-02T19:10:30.982Z,2026-09-02T19:10:31.191Z,1616,84.70588235294117,84.70588235294117,ff614c209ec2eb045fd2ec8a722e4b93de5c9722b27d02926cd3e805e1ffb983,1s,AVG,ff614c209ec2eb045fd2ec8a722e4b93de5c9722b27d02926cd3e805e1ffb983,2026-09-02T19:10:23.102Z,2026-09-02T19:10:30.982Z,2026-09-02T19:10:30.982Z,1236
obdThrottlePosition,CAN_ENGINE_THROTTLE_POSITION,HF_HISTORICAL,2026-09-02T19:10:25.102Z,2026-09-02T19:10:31.191Z,2026-09-02T19:10:30.982Z,2026-09-02T19:10:31.191Z,1621,11.76470588235294,11.76470588235294,9099dcfcf4994618bb66313e9157fd97ccdf9526a21033204b0745e633092601,1s,AVG,9099dcfcf4994618bb66313e9157fd97ccdf9526a21033204b0745e633092601,2026-09-02T19:10:23.102Z,2026-09-02T19:10:30.982Z,2026-09-02T19:10:30.982Z,1241
obdThrottlePosition,CAN_ENGINE_THROTTLE_POSITION,HF_HISTORICAL,2026-09-02T19:10:26.102Z,2026-09-02T19:10:31.191Z,2026-09-02T19:10:30.982Z,2026-09-02T19:10:31.191Z,1626,14.90196078431373,14.90196078431373,774c14715377a6126c25a53415c3fcff7db1a527f9dc63735e525d0030de4556,1s,AVG,774c14715377a6126c25a53415c3fcff7db1a527f9dc63735e525d0030de4556,2026-09-02T19:10:23.102Z,2026-09-02T19:10:30.982Z,2026-09-02T19:10:30.982Z,1246
obdThrottlePosition,CAN_ENGINE_THROTTLE_POSITION,LATEST_LIVE,2026-09-02T19:10:31.000Z,2026-09-02T19:10:36.835Z,2026-09-02T19:10:36.590Z,2026-09-02T19:10:36.835Z,1631,14.50980392156863,"{""value"":14.50980392156863,""timestamp"":""2026-09-02T19:10:31Z""}",,,,,,,,1251
obdThrottlePosition,CAN_ENGINE_THROTTLE_POSITION,HF_HISTORICAL,2026-09-02T19:10:29.982Z,2026-09-02T19:10:37.050Z,2026-09-02T19:10:36.842Z,2026-09-02T19:10:37.050Z,1636,14.50980392156863,14.50980392156863,1ca3d44ff2cddb0a013624300f7fdd55c90a4959f9d7fd20d3330483cf5938d8,1s,AVG,1ca3d44ff2cddb0a013624300f7fdd55c90a4959f9d7fd20d3330483cf5938d8,2026-09-02T19:10:28.982Z,2026-09-02T19:10:36.841Z,2026-09-02T19:10:36.841Z,1256
obdThrottlePosition,CAN_ENGINE_THROTTLE_POSITION,HF_HISTORICAL,2026-09-02T19:10:30.982Z,2026-09-02T19:10:37.050Z,2026-09-02T19:10:36.842Z,2026-09-02T19:10:37.050Z,1641,14.50980392156863,14.50980392156863,b1d4f657b66ae7064ab6364b92326b7e3ca3223fc7a7c6d51f47250c42a68931,1s,AVG,b1d4f657b66ae7064ab6364b92326b7e3ca3223fc7a7c6d51f47250c42a68931,2026-09-02T19:10:28.982Z,2026-09-02T19:10:36.841Z,2026-09-02T19:10:36.841Z,1261
obdThrottlePosition,CAN_ENGINE_THROTTLE_POSITION,LATEST_LIVE,2026-09-02T19:10:39.000Z,2026-09-02T19:10:42.717Z,2026-09-02T19:10:42.416Z,2026-09-02T19:10:42.717Z,1646,23.52941176470588,"{""value"":23.52941176470588,""timestamp"":""2026-09-02T19:10:39Z""}",,,,,,,,1266
obdThrottlePosition,CAN_ENGINE_THROTTLE_POSITION,HF_HISTORICAL,2026-09-02T19:10:35.841Z,2026-09-02T19:10:42.954Z,2026-09-02T19:10:42.720Z,2026-09-02T19:10:42.954Z,1651,14.50980392156863,14.50980392156863,357c8c7fa3b4d0c2790b5a316ab0c633958661ad69e3989e5198d5ecb2365040,1s,AVG,357c8c7fa3b4d0c2790b5a316ab0c633958661ad69e3989e5198d5ecb2365040,2026-09-02T19:10:34.841Z,2026-09-02T19:10:42.720Z,2026-09-02T19:10:42.720Z,1271
obdThrottlePosition,CAN_ENGINE_THROTTLE_POSITION,HF_HISTORICAL,2026-09-02T19:10:36.841Z,2026-09-02T19:10:42.954Z,2026-09-02T19:10:42.720Z,2026-09-02T19:10:42.954Z,1656,14.50980392156863,14.50980392156863,7bbf8b46015b860ed740f7c85843f493efd4012c65d457fafb75710ed8b531e0,1s,AVG,7bbf8b46015b860ed740f7c85843f493efd4012c65d457fafb75710ed8b531e0,2026-09-02T19:10:34.841Z,2026-09-02T19:10:42.720Z,2026-09-02T19:10:42.720Z,1276
obdThrottlePosition,CAN_ENGINE_THROTTLE_POSITION,HF_HISTORICAL,2026-09-02T19:10:37.841Z,2026-09-02T19:10:42.954Z,2026-09-02T19:10:42.720Z,2026-09-02T19:10:42.954Z,1661,14.50980392156863,14.50980392156863,57f12cb2298506bf7e7826996c5a4eab6fc43d8abd2d3488c475385b562ec108,1s,AVG,57f12cb2298506bf7e7826996c5a4eab6fc43d8abd2d3488c475385b562ec108,2026-09-02T19:10:34.841Z,2026-09-02T19:10:42.720Z,2026-09-02T19:10:42.720Z,1281
obdThrottlePosition,CAN_ENGINE_THROTTLE_POSITION,HF_HISTORICAL,2026-09-02T19:10:38.841Z,2026-09-02T19:10:42.954Z,2026-09-02T19:10:42.720Z,2026-09-02T19:10:42.954Z,1666,23.52941176470588,23.52941176470588,e37e31de9be5ae800f19193f65c0ad3f666e511dead459d2af2d383f07b3e8e0,1s,AVG,e37e31de9be5ae800f19193f65c0ad3f666e511dead459d2af2d383f07b3e8e0,2026-09-02T19:10:34.841Z,2026-09-02T19:10:42.720Z,2026-09-02T19:10:42.720Z,1286
obdThrottlePosition,CAN_ENGINE_THROTTLE_POSITION,LATEST_LIVE,2026-09-02T19:10:44.000Z,2026-09-02T19:10:49.107Z,2026-09-02T19:10:48.854Z,2026-09-02T19:10:49.107Z,1697,18.03921568627451,"{""value"":18.03921568627451,""timestamp"":""2026-09-02T19:10:44Z""}",,,,,,,,1297
obdThrottlePosition,CAN_ENGINE_THROTTLE_POSITION,HF_HISTORICAL,2026-09-02T19:10:40.720Z,2026-09-02T19:10:49.333Z,2026-09-02T19:10:49.109Z,2026-09-02T19:10:49.333Z,1702,23.52941176470588,23.52941176470588,86be0dbdffa7cfb63840ce0ab736c84b22efb1df47e8a0fda7fd64178dd32975,1s,AVG,86be0dbdffa7cfb63840ce0ab736c84b22efb1df47e8a0fda7fd64178dd32975,2026-09-02T19:10:40.720Z,2026-09-02T19:10:49.109Z,2026-09-02T19:10:49.109Z,1302
obdThrottlePosition,CAN_ENGINE_THROTTLE_POSITION,HF_HISTORICAL,2026-09-02T19:10:41.720Z,2026-09-02T19:10:49.333Z,2026-09-02T19:10:49.109Z,2026-09-02T19:10:49.333Z,1707,19.6078431372549,19.6078431372549,5bba77f6baa0d9f32db8054b0011efb97583787d7759fceb3fcc263295e35260,1s,AVG,5bba77f6baa0d9f32db8054b0011efb97583787d7759fceb3fcc263295e35260,2026-09-02T19:10:40.720Z,2026-09-02T19:10:49.109Z,2026-09-02T19:10:49.109Z,1307
obdThrottlePosition,CAN_ENGINE_THROTTLE_POSITION,HF_HISTORICAL,2026-09-02T19:10:42.720Z,2026-09-02T19:10:49.333Z,2026-09-02T19:10:49.109Z,2026-09-02T19:10:49.333Z,1712,12.94117647058824,12.94117647058824,f9eda72459149137b7f4b51b124a7b18028a74a64893d92e1afd31419110e516,1s,AVG,f9eda72459149137b7f4b51b124a7b18028a74a64893d92e1afd31419110e516,2026-09-02T19:10:40.720Z,2026-09-02T19:10:49.109Z,2026-09-02T19:10:49.109Z,1312
obdThrottlePosition,CAN_ENGINE_THROTTLE_POSITION,HF_HISTORICAL,2026-09-02T19:10:43.720Z,2026-09-02T19:10:49.333Z,2026-09-02T19:10:49.109Z,2026-09-02T19:10:49.333Z,1717,18.03921568627451,18.03921568627451,209ace2633a2f910031a67bdd112149b9c1855cdc641c74f6dca3ebe94ae2378,1s,AVG,209ace2633a2f910031a67bdd112149b9c1855cdc641c74f6dca3ebe94ae2378,2026-09-02T19:10:40.720Z,2026-09-02T19:10:49.109Z,2026-09-02T19:10:49.109Z,1317
obdThrottlePosition,CAN_ENGINE_THROTTLE_POSITION,LATEST_LIVE,2026-09-02T19:10:51.000Z,2026-09-02T19:10:54.962Z,2026-09-02T19:10:54.703Z,2026-09-02T19:10:54.962Z,1722,14.50980392156863,"{""value"":14.50980392156863,""timestamp"":""2026-09-02T19:10:51Z""}",,,,,,,,1322
obdThrottlePosition,CAN_ENGINE_THROTTLE_POSITION,HF_HISTORICAL,2026-09-02T19:10:47.109Z,2026-09-02T19:10:55.166Z,2026-09-02T19:10:54.964Z,2026-09-02T19:10:55.166Z,1727,12.15686274509804,12.15686274509804,ff25401a479c8553cc7659d9a26d9055c6634479d20f3c52c488de23ba9d6a9f,1s,AVG,ff25401a479c8553cc7659d9a26d9055c6634479d20f3c52c488de23ba9d6a9f,2026-09-02T19:10:47.109Z,2026-09-02T19:10:54.964Z,2026-09-02T19:10:54.964Z,1327
obdThrottlePosition,CAN_ENGINE_THROTTLE_POSITION,HF_HISTORICAL,2026-09-02T19:10:49.109Z,2026-09-02T19:10:55.166Z,2026-09-02T19:10:54.964Z,2026-09-02T19:10:55.166Z,1732,10.98039215686275,10.98039215686275,2aa637514c1294cce8b931018e66b23bc377a8d036038ec1a2f3232562f8ee96,1s,AVG,2aa637514c1294cce8b931018e66b23bc377a8d036038ec1a2f3232562f8ee96,2026-09-02T19:10:47.109Z,2026-09-02T19:10:54.964Z,2026-09-02T19:10:54.964Z,1332
obdThrottlePosition,CAN_ENGINE_THROTTLE_POSITION,HF_HISTORICAL,2026-09-02T19:10:50.109Z,2026-09-02T19:10:55.166Z,2026-09-02T19:10:54.964Z,2026-09-02T19:10:55.166Z,1737,14.50980392156863,14.50980392156863,dcd331ec7e70456060c09ce9769277bb25ddd577dbe85ac696c22814c2423c0c,1s,AVG,dcd331ec7e70456060c09ce9769277bb25ddd577dbe85ac696c22814c2423c0c,2026-09-02T19:10:47.109Z,2026-09-02T19:10:54.964Z,2026-09-02T19:10:54.964Z,1337
obdThrottlePosition,CAN_ENGINE_THROTTLE_POSITION,LATEST_LIVE,2026-09-02T19:10:56.000Z,2026-09-02T19:11:00.708Z,2026-09-02T19:11:00.435Z,2026-09-02T19:11:00.708Z,1742,12.15686274509804,"{""value"":12.15686274509804,""timestamp"":""2026-09-02T19:10:56Z""}",,,,,,,,1342
obdThrottlePosition,CAN_ENGINE_THROTTLE_POSITION,HF_HISTORICAL,2026-09-02T19:10:53.964Z,2026-09-02T19:11:01.021Z,2026-09-02T19:11:00.712Z,2026-09-02T19:11:01.021Z,1747,20.3921568627451,20.3921568627451,4dd1c5eccbd98712d79b6f974d7e05c464d46d56c032873f1509b89fe36948ac,1s,AVG,4dd1c5eccbd98712d79b6f974d7e05c464d46d56c032873f1509b89fe36948ac,2026-09-02T19:10:52.964Z,2026-09-02T19:11:00.712Z,2026-09-02T19:11:00.712Z,1347
obdThrottlePosition,CAN_ENGINE_THROTTLE_POSITION,HF_HISTORICAL,2026-09-02T19:10:54.964Z,2026-09-02T19:11:01.021Z,2026-09-02T19:11:00.712Z,2026-09-02T19:11:01.021Z,1752,17.25490196078431,17.25490196078431,6276874a373facaaefff8c7a22d9b325c987062827a25232de635a95d40b9ed9,1s,AVG,6276874a373facaaefff8c7a22d9b325c987062827a25232de635a95d40b9ed9,2026-09-02T19:10:52.964Z,2026-09-02T19:11:00.712Z,2026-09-02T19:11:00.712Z,1352
obdThrottlePosition,CAN_ENGINE_THROTTLE_POSITION,HF_HISTORICAL,2026-09-02T19:10:55.964Z,2026-09-02T19:11:01.021Z,2026-09-02T19:11:00.712Z,2026-09-02T19:11:01.021Z,1757,12.15686274509804,12.15686274509804,7e9970092a00947deb48435cad519937c1c1e728237c21bc0b19292595c19037,1s,AVG,7e9970092a00947deb48435cad519937c1c1e728237c21bc0b19292595c19037,2026-09-02T19:10:52.964Z,2026-09-02T19:11:00.712Z,2026-09-02T19:11:00.712Z,1357
obdThrottlePosition,CAN_ENGINE_THROTTLE_POSITION,LATEST_LIVE,2026-09-02T19:11:03.000Z,2026-09-02T19:11:06.650Z,2026-09-02T19:11:06.387Z,2026-09-02T19:11:06.650Z,1762,12.15686274509804,"{""value"":12.15686274509804,""timestamp"":""2026-09-02T19:11:03Z""}",,,,,,,,1362
obdThrottlePosition,CAN_ENGINE_THROTTLE_POSITION,HF_HISTORICAL,2026-09-02T19:10:58.712Z,2026-09-02T19:11:06.856Z,2026-09-02T19:11:06.654Z,2026-09-02T19:11:06.856Z,1767,12.94117647058824,12.94117647058824,1654f07a5a4ae3f73caef225d5ae25195ef3aaf0cb0a2425ad427cf41fb6c17b,1s,AVG,1654f07a5a4ae3f73caef225d5ae25195ef3aaf0cb0a2425ad427cf41fb6c17b,2026-09-02T19:10:58.712Z,2026-09-02T19:11:06.654Z,2026-09-02T19:11:06.654Z,1367
obdThrottlePosition,CAN_ENGINE_THROTTLE_POSITION,HF_HISTORICAL,2026-09-02T19:10:59.712Z,2026-09-02T19:11:06.856Z,2026-09-02T19:11:06.654Z,2026-09-02T19:11:06.856Z,1772,12.54901960784314,12.54901960784314,e7bed5cc86d904beb84372b160f78c4a00c6c428e77e28baa8ad24eac6370a3b,1s,AVG,e7bed5cc86d904beb84372b160f78c4a00c6c428e77e28baa8ad24eac6370a3b,2026-09-02T19:10:58.712Z,2026-09-02T19:11:06.654Z,2026-09-02T19:11:06.654Z,1372
obdThrottlePosition,CAN_ENGINE_THROTTLE_POSITION,HF_HISTORICAL,2026-09-02T19:11:02.712Z,2026-09-02T19:11:06.856Z,2026-09-02T19:11:06.654Z,2026-09-02T19:11:06.856Z,1777,12.15686274509804,12.15686274509804,fec8bfdbacc92e2b70f6e2fd3a62188a097239c5077f7b48887550d73d11e162,1s,AVG,fec8bfdbacc92e2b70f6e2fd3a62188a097239c5077f7b48887550d73d11e162,2026-09-02T19:10:58.712Z,2026-09-02T19:11:06.654Z,2026-09-02T19:11:06.654Z,1377
obdThrottlePosition,CAN_ENGINE_THROTTLE_POSITION,LATEST_LIVE,2026-09-02T19:11:08.000Z,2026-09-02T19:11:12.532Z,2026-09-02T19:11:12.263Z,2026-09-02T19:11:12.532Z,1782,12.94117647058824,"{""value"":12.94117647058824,""timestamp"":""2026-09-02T19:11:08Z""}",,,,,,,,1382
obdThrottlePosition,CAN_ENGINE_THROTTLE_POSITION,HF_HISTORICAL,2026-09-02T19:11:05.654Z,2026-09-02T19:11:12.723Z,2026-09-02T19:11:12.533Z,2026-09-02T19:11:12.723Z,1787,17.25490196078431,17.25490196078431,6b184aa5ffe24bd67057627d6c64dd40712c3539e255bd4951d696e5db7a0be8,1s,AVG,6b184aa5ffe24bd67057627d6c64dd40712c3539e255bd4951d696e5db7a0be8,2026-09-02T19:11:04.654Z,2026-09-02T19:11:12.533Z,2026-09-02T19:11:12.533Z,1387
obdThrottlePosition,CAN_ENGINE_THROTTLE_POSITION,HF_HISTORICAL,2026-09-02T19:11:07.654Z,2026-09-02T19:11:12.723Z,2026-09-02T19:11:12.533Z,2026-09-02T19:11:12.723Z,1792,12.94117647058824,12.94117647058824,1bbb38f94c1c6d9380ed3f213419a11446f4a0bb4545018357d77438d69e15fc,1s,AVG,1bbb38f94c1c6d9380ed3f213419a11446f4a0bb4545018357d77438d69e15fc,2026-09-02T19:11:04.654Z,2026-09-02T19:11:12.533Z,2026-09-02T19:11:12.533Z,1392
obdThrottlePosition,CAN_ENGINE_THROTTLE_POSITION,LATEST_LIVE,2026-09-02T19:11:14.000Z,2026-09-02T19:11:18.324Z,2026-09-02T19:11:18.055Z,2026-09-02T19:11:18.324Z,1798,17.64705882352941,"{""value"":17.64705882352941,""timestamp"":""2026-09-02T19:11:14Z""}",,,,,,,,1398
obdThrottlePosition,CAN_ENGINE_THROTTLE_POSITION,HF_HISTORICAL,2026-09-02T19:11:11.533Z,2026-09-02T19:11:18.631Z,2026-09-02T19:11:18.327Z,2026-09-02T19:11:18.631Z,1807,13.72549019607843,13.72549019607843,a739a38a92d8f6cd5ca5438691a44cc8bcf6b021b3dd4b479b89ac9c83709608,1s,AVG,a739a38a92d8f6cd5ca5438691a44cc8bcf6b021b3dd4b479b89ac9c83709608,2026-09-02T19:11:10.533Z,2026-09-02T19:11:18.327Z,2026-09-02T19:11:18.327Z,1407
obdThrottlePosition,CAN_ENGINE_THROTTLE_POSITION,HF_HISTORICAL,2026-09-02T19:11:13.533Z,2026-09-02T19:11:18.631Z,2026-09-02T19:11:18.327Z,2026-09-02T19:11:18.631Z,1812,17.64705882352941,17.64705882352941,376de65e6f549383f846a6a44334172d8c6661dc87197a762fde6f42adac57dc,1s,AVG,376de65e6f549383f846a6a44334172d8c6661dc87197a762fde6f42adac57dc,2026-09-02T19:11:10.533Z,2026-09-02T19:11:18.327Z,2026-09-02T19:11:18.327Z,1412
obdThrottlePosition,CAN_ENGINE_THROTTLE_POSITION,HF_HISTORICAL,2026-09-02T19:11:14.533Z,2026-09-02T19:11:18.631Z,2026-09-02T19:11:18.327Z,2026-09-02T19:11:18.631Z,1817,19.2156862745098,19.2156862745098,077dcdbc0923724431360adeb8a3c4a9d16125945bdb643aca92e3c5dad5755c,1s,AVG,077dcdbc0923724431360adeb8a3c4a9d16125945bdb643aca92e3c5dad5755c,2026-09-02T19:11:10.533Z,2026-09-02T19:11:18.327Z,2026-09-02T19:11:18.327Z,1417
obdThrottlePosition,CAN_ENGINE_THROTTLE_POSITION,LATEST_LIVE,2026-09-02T19:11:19.000Z,2026-09-02T19:11:24.492Z,2026-09-02T19:11:24.303Z,2026-09-02T19:11:24.492Z,1848,13.33333333333333,"{""value"":13.33333333333333,""timestamp"":""2026-09-02T19:11:19Z""}",,,,,,,,1428
obdThrottlePosition,CAN_ENGINE_THROTTLE_POSITION,HF_HISTORICAL,2026-09-02T19:11:18.327Z,2026-09-02T19:11:24.681Z,2026-09-02T19:11:24.493Z,2026-09-02T19:11:24.681Z,1853,13.33333333333333,13.33333333333333,80c00b995822f9a868fbb3204b0227ddd452c6fba1096455db5708175f9837e9,1s,AVG,80c00b995822f9a868fbb3204b0227ddd452c6fba1096455db5708175f9837e9,2026-09-02T19:11:16.327Z,2026-09-02T19:11:24.493Z,2026-09-02T19:11:24.493Z,1433
obdThrottlePosition,CAN_ENGINE_THROTTLE_POSITION,HF_HISTORICAL,2026-09-02T19:11:20.327Z,2026-09-02T19:11:24.681Z,2026-09-02T19:11:24.493Z,2026-09-02T19:11:24.681Z,1858,12.94117647058824,12.94117647058824,42a8e3ca0cde5e39476468326d0e37c4a98bdaf60faf145a3e4dce4318904fe7,1s,AVG,42a8e3ca0cde5e39476468326d0e37c4a98bdaf60faf145a3e4dce4318904fe7,2026-09-02T19:11:16.327Z,2026-09-02T19:11:24.493Z,2026-09-02T19:11:24.493Z,1438
obdThrottlePosition,CAN_ENGINE_THROTTLE_POSITION,LATEST_LIVE,2026-09-02T19:11:25.000Z,2026-09-02T19:11:30.319Z,2026-09-02T19:11:30.026Z,2026-09-02T19:11:30.319Z,1863,12.54901960784314,"{""value"":12.54901960784314,""timestamp"":""2026-09-02T19:11:25Z""}",,,,,,,,1443
obdThrottlePosition,CAN_ENGINE_THROTTLE_POSITION,HF_HISTORICAL,2026-09-02T19:11:23.493Z,2026-09-02T19:11:30.778Z,2026-09-02T19:11:30.320Z,2026-09-02T19:11:30.778Z,1868,12.54901960784314,12.54901960784314,31fcc3f3a46b8d083f3bdde711784fef88122f2fced8a2b6273e2a5f2c314335,1s,AVG,31fcc3f3a46b8d083f3bdde711784fef88122f2fced8a2b6273e2a5f2c314335,2026-09-02T19:11:22.493Z,2026-09-02T19:11:30.320Z,2026-09-02T19:11:30.320Z,1448
obdThrottlePosition,CAN_ENGINE_THROTTLE_POSITION,HF_HISTORICAL,2026-09-02T19:11:24.493Z,2026-09-02T19:11:30.778Z,2026-09-02T19:11:30.320Z,2026-09-02T19:11:30.778Z,1873,12.54901960784314,12.54901960784314,a15598f72cac92ad06a9738d018e9421f99e0fde0a5fab625abf78eb6eb6a505,1s,AVG,a15598f72cac92ad06a9738d018e9421f99e0fde0a5fab625abf78eb6eb6a505,2026-09-02T19:11:22.493Z,2026-09-02T19:11:30.320Z,2026-09-02T19:11:30.320Z,1453
obdThrottlePosition,CAN_ENGINE_THROTTLE_POSITION,HF_HISTORICAL,2026-09-02T19:11:26.493Z,2026-09-02T19:11:30.778Z,2026-09-02T19:11:30.320Z,2026-09-02T19:11:30.778Z,1878,12.94117647058824,12.94117647058824,e0e0a9d82188aae0836bc5635da6bdadf53584d3443d5e28f801fbd6dd74ccd6,1s,AVG,e0e0a9d82188aae0836bc5635da6bdadf53584d3443d5e28f801fbd6dd74ccd6,2026-09-02T19:11:22.493Z,2026-09-02T19:11:30.320Z,2026-09-02T19:11:30.320Z,1458
obdThrottlePosition,CAN_ENGINE_THROTTLE_POSITION,LATEST_LIVE,2026-09-02T19:11:31.000Z,2026-09-02T19:11:36.484Z,2026-09-02T19:11:36.098Z,2026-09-02T19:11:36.484Z,1883,14.11764705882353,"{""value"":14.11764705882353,""timestamp"":""2026-09-02T19:11:31Z""}",,,,,,,,1463
obdThrottlePosition,CAN_ENGINE_THROTTLE_POSITION,HF_HISTORICAL,2026-09-02T19:11:29.320Z,2026-09-02T19:11:36.802Z,2026-09-02T19:11:36.486Z,2026-09-02T19:11:36.802Z,1888,12.54901960784314,12.54901960784314,5e6497b6164d450fdc28a12d67bcef9b8eabb163314614a3abe3abb03d4c4384,1s,AVG,5e6497b6164d450fdc28a12d67bcef9b8eabb163314614a3abe3abb03d4c4384,2026-09-02T19:11:28.320Z,2026-09-02T19:11:36.486Z,2026-09-02T19:11:36.486Z,1468
obdThrottlePosition,CAN_ENGINE_THROTTLE_POSITION,HF_HISTORICAL,2026-09-02T19:11:30.320Z,2026-09-02T19:11:36.802Z,2026-09-02T19:11:36.486Z,2026-09-02T19:11:36.802Z,1893,14.11764705882353,14.11764705882353,7365373273d6a7fdc2d199b8d2bc8d415db0f466cc58f1471dbd0752050d76cb,1s,AVG,7365373273d6a7fdc2d199b8d2bc8d415db0f466cc58f1471dbd0752050d76cb,2026-09-02T19:11:28.320Z,2026-09-02T19:11:36.486Z,2026-09-02T19:11:36.486Z,1473
obdThrottlePosition,CAN_ENGINE_THROTTLE_POSITION,HF_HISTORICAL,2026-09-02T19:11:33.320Z,2026-09-02T19:11:36.802Z,2026-09-02T19:11:36.486Z,2026-09-02T19:11:36.802Z,1898,21.17647058823529,21.17647058823529,97a54e6ea6ad74fab72533be2ee37d6e37df270b91e94e205162c930a0b35c78,1s,AVG,97a54e6ea6ad74fab72533be2ee37d6e37df270b91e94e205162c930a0b35c78,2026-09-02T19:11:28.320Z,2026-09-02T19:11:36.486Z,2026-09-02T19:11:36.486Z,1478
obdThrottlePosition,CAN_ENGINE_THROTTLE_POSITION,LATEST_LIVE,2026-09-02T19:11:35.000Z,2026-09-02T19:11:42.446Z,2026-09-02T19:11:42.206Z,2026-09-02T19:11:42.446Z,1903,21.96078431372549,"{""value"":21.96078431372549,""timestamp"":""2026-09-02T19:11:35Z""}",,,,,,,,1483
obdThrottlePosition,CAN_ENGINE_THROTTLE_POSITION,HF_HISTORICAL,2026-09-02T19:11:34.486Z,2026-09-02T19:11:42.666Z,2026-09-02T19:11:42.450Z,2026-09-02T19:11:42.666Z,1908,21.96078431372549,21.96078431372549,18d20801ae148e19ca963a66d0446c3d4139cbda14ca6d6578ec98a89aca58f1,1s,AVG,18d20801ae148e19ca963a66d0446c3d4139cbda14ca6d6578ec98a89aca58f1,2026-09-02T19:11:34.486Z,2026-09-02T19:11:42.450Z,2026-09-02T19:11:42.450Z,1488
obdThrottlePosition,CAN_ENGINE_THROTTLE_POSITION,LATEST_LIVE,2026-09-02T19:11:45.000Z,2026-09-02T19:11:48.284Z,2026-09-02T19:11:48.036Z,2026-09-02T19:11:48.284Z,1913,12.94117647058824,"{""value"":12.94117647058824,""timestamp"":""2026-09-02T19:11:45Z""}",,,,,,,,1493
obdThrottlePosition,CAN_ENGINE_THROTTLE_POSITION,HF_HISTORICAL,2026-09-02T19:11:41.450Z,2026-09-02T19:11:48.502Z,2026-09-02T19:11:48.292Z,2026-09-02T19:11:48.502Z,1918,12.94117647058824,12.94117647058824,4340ab5b8a16624891c8caabf270e1674b730e5f4691bb76329317797554583f,1s,AVG,4340ab5b8a16624891c8caabf270e1674b730e5f4691bb76329317797554583f,2026-09-02T19:11:40.450Z,2026-09-02T19:11:48.292Z,2026-09-02T19:11:48.292Z,1498
obdThrottlePosition,CAN_ENGINE_THROTTLE_POSITION,HF_HISTORICAL,2026-09-02T19:11:43.450Z,2026-09-02T19:11:48.502Z,2026-09-02T19:11:48.292Z,2026-09-02T19:11:48.502Z,1923,12.94117647058824,12.94117647058824,3243bcb2d27c33c1a9c50eb41dac6103d4b4515e80a0bb3e304abc96253f9ddd,1s,AVG,3243bcb2d27c33c1a9c50eb41dac6103d4b4515e80a0bb3e304abc96253f9ddd,2026-09-02T19:11:40.450Z,2026-09-02T19:11:48.292Z,2026-09-02T19:11:48.292Z,1503
obdThrottlePosition,CAN_ENGINE_THROTTLE_POSITION,HF_HISTORICAL,2026-09-02T19:11:44.450Z,2026-09-02T19:11:48.502Z,2026-09-02T19:11:48.292Z,2026-09-02T19:11:48.502Z,1928,12.94117647058824,12.94117647058824,7d2c3bd58fa2ffacc4b2f009b98143f35e730379a2236ffddc7c3ff33fbda163,1s,AVG,7d2c3bd58fa2ffacc4b2f009b98143f35e730379a2236ffddc7c3ff33fbda163,2026-09-02T19:11:40.450Z,2026-09-02T19:11:48.292Z,2026-09-02T19:11:48.292Z,1508
obdThrottlePosition,CAN_ENGINE_THROTTLE_POSITION,LATEST_LIVE,2026-09-02T19:11:51.000Z,2026-09-02T19:11:54.318Z,2026-09-02T19:11:53.902Z,2026-09-02T19:11:54.318Z,1933,11.76470588235294,"{""value"":11.76470588235294,""timestamp"":""2026-09-02T19:11:51Z""}",,,,,,,,1513
obdThrottlePosition,CAN_ENGINE_THROTTLE_POSITION,HF_HISTORICAL,2026-09-02T19:11:48.292Z,2026-09-02T19:11:54.563Z,2026-09-02T19:11:54.321Z,2026-09-02T19:11:54.563Z,1938,12.94117647058824,12.94117647058824,f76f95104045e379412490b0a32e7ec65b9e59f2d035cbe27e2eb36b469ecb4d,1s,AVG,f76f95104045e379412490b0a32e7ec65b9e59f2d035cbe27e2eb36b469ecb4d,2026-09-02T19:11:46.292Z,2026-09-02T19:11:54.321Z,2026-09-02T19:11:54.321Z,1518
obdThrottlePosition,CAN_ENGINE_THROTTLE_POSITION,HF_HISTORICAL,2026-09-02T19:11:49.292Z,2026-09-02T19:11:54.563Z,2026-09-02T19:11:54.321Z,2026-09-02T19:11:54.563Z,1943,12.94117647058824,12.94117647058824,22660409f92e14c387fc00b16952f4c842e62731df99c65402e713934529ad27,1s,AVG,22660409f92e14c387fc00b16952f4c842e62731df99c65402e713934529ad27,2026-09-02T19:11:46.292Z,2026-09-02T19:11:54.321Z,2026-09-02T19:11:54.321Z,1523
obdThrottlePosition,CAN_ENGINE_THROTTLE_POSITION,HF_HISTORICAL,2026-09-02T19:11:50.292Z,2026-09-02T19:11:54.563Z,2026-09-02T19:11:54.321Z,2026-09-02T19:11:54.563Z,1948,11.76470588235294,11.76470588235294,a16c73f5ea80dc16535badccebf2d437f8156e11d821a2c5c8ed2ceebbd73298,1s,AVG,a16c73f5ea80dc16535badccebf2d437f8156e11d821a2c5c8ed2ceebbd73298,2026-09-02T19:11:46.292Z,2026-09-02T19:11:54.321Z,2026-09-02T19:11:54.321Z,1528
obdThrottlePosition,CAN_ENGINE_THROTTLE_POSITION,LATEST_LIVE,2026-09-02T19:11:55.000Z,2026-09-02T19:12:00.571Z,2026-09-02T19:12:00.267Z,2026-09-02T19:12:00.571Z,1979,21.17647058823529,"{""value"":21.17647058823529,""timestamp"":""2026-09-02T19:11:55Z""}",,,,,,,,1539
obdThrottlePosition,CAN_ENGINE_THROTTLE_POSITION,HF_HISTORICAL,2026-09-02T19:11:53.321Z,2026-09-02T19:12:00.893Z,2026-09-02T19:12:00.575Z,2026-09-02T19:12:00.893Z,1984,12.94117647058824,12.94117647058824,a602ae5751c0248987438c48a0ba8146c240bccde54b4f786e75a9c463881ca7,1s,AVG,a602ae5751c0248987438c48a0ba8146c240bccde54b4f786e75a9c463881ca7,2026-09-02T19:11:52.321Z,2026-09-02T19:12:00.575Z,2026-09-02T19:12:00.575Z,1544
obdThrottlePosition,CAN_ENGINE_THROTTLE_POSITION,HF_HISTORICAL,2026-09-02T19:11:54.321Z,2026-09-02T19:12:00.893Z,2026-09-02T19:12:00.575Z,2026-09-02T19:12:00.893Z,1989,21.17647058823529,21.17647058823529,41e6b01480b9d7835f813377530ca1bc8f66c0e4ce8cb1f5bc98d02f71969f76,1s,AVG,41e6b01480b9d7835f813377530ca1bc8f66c0e4ce8cb1f5bc98d02f71969f76,2026-09-02T19:11:52.321Z,2026-09-02T19:12:00.575Z,2026-09-02T19:12:00.575Z,1549
obdThrottlePosition,CAN_ENGINE_THROTTLE_POSITION,HF_HISTORICAL,2026-09-02T19:11:55.321Z,2026-09-02T19:12:00.893Z,2026-09-02T19:12:00.575Z,2026-09-02T19:12:00.893Z,1994,12.94117647058824,12.94117647058824,eab6b9967bb44841b349988722942123f9ffefa7e5faf71a0b63e21c0f245e98,1s,AVG,eab6b9967bb44841b349988722942123f9ffefa7e5faf71a0b63e21c0f245e98,2026-09-02T19:11:52.321Z,2026-09-02T19:12:00.575Z,2026-09-02T19:12:00.575Z,1554
obdThrottlePosition,CAN_ENGINE_THROTTLE_POSITION,HF_HISTORICAL,2026-09-02T19:11:56.321Z,2026-09-02T19:12:00.893Z,2026-09-02T19:12:00.575Z,2026-09-02T19:12:00.893Z,1999,12.94117647058824,12.94117647058824,304a45ec3b5fad4ea9f3378d0b5c669f5fb06cd2784e0c02e599d5dbc1409de2,1s,AVG,304a45ec3b5fad4ea9f3378d0b5c669f5fb06cd2784e0c02e599d5dbc1409de2,2026-09-02T19:11:52.321Z,2026-09-02T19:12:00.575Z,2026-09-02T19:12:00.575Z,1559
obdThrottlePosition,CAN_ENGINE_THROTTLE_POSITION,LATEST_LIVE,2026-09-02T19:12:00.000Z,2026-09-02T19:12:06.595Z,2026-09-02T19:12:06.282Z,2026-09-02T19:12:06.595Z,2004,12.15686274509804,"{""value"":12.15686274509804,""timestamp"":""2026-09-02T19:12:00Z""}",,,,,,,,1564
obdThrottlePosition,CAN_ENGINE_THROTTLE_POSITION,HF_HISTORICAL,2026-09-02T19:11:58.575Z,2026-09-02T19:12:06.819Z,2026-09-02T19:12:06.598Z,2026-09-02T19:12:06.819Z,2009,12.54901960784314,12.54901960784314,44fbd8209cd09981d0be0e48a56b73d77ab47953c398453e25b4f942c74bbc43,1s,AVG,44fbd8209cd09981d0be0e48a56b73d77ab47953c398453e25b4f942c74bbc43,2026-09-02T19:11:58.575Z,2026-09-02T19:12:06.598Z,2026-09-02T19:12:06.598Z,1569
obdThrottlePosition,CAN_ENGINE_THROTTLE_POSITION,HF_HISTORICAL,2026-09-02T19:11:59.575Z,2026-09-02T19:12:06.819Z,2026-09-02T19:12:06.598Z,2026-09-02T19:12:06.819Z,2014,12.15686274509804,12.15686274509804,23d2715e6982b1cc4a5cee105fb99b0338f665149b97b47f51468efa6e943ad0,1s,AVG,23d2715e6982b1cc4a5cee105fb99b0338f665149b97b47f51468efa6e943ad0,2026-09-02T19:11:58.575Z,2026-09-02T19:12:06.598Z,2026-09-02T19:12:06.598Z,1574
obdThrottlePosition,CAN_ENGINE_THROTTLE_POSITION,LATEST_LIVE,2026-09-02T19:12:00.000Z,2026-09-02T19:12:12.411Z,2026-09-02T19:12:12.144Z,2026-09-02T19:12:12.411Z,2019,12.15686274509804,"{""value"":12.15686274509804,""timestamp"":""2026-09-02T19:12:00Z""}",,,,,,,,1579
obdThrottlePosition,CAN_ENGINE_THROTTLE_POSITION,LATEST_LIVE,2026-09-02T19:12:00.000Z,2026-09-02T19:12:18.224Z,2026-09-02T19:12:17.948Z,2026-09-02T19:12:18.224Z,2024,12.15686274509804,"{""value"":12.15686274509804,""timestamp"":""2026-09-02T19:12:00Z""}",,,,,,,,1584
obdThrottlePosition,CAN_ENGINE_THROTTLE_POSITION,LATEST_LIVE,2026-09-02T19:12:00.000Z,2026-09-02T19:12:24.179Z,2026-09-02T19:12:23.884Z,2026-09-02T19:12:24.179Z,2029,12.15686274509804,"{""value"":12.15686274509804,""timestamp"":""2026-09-02T19:12:00Z""}",,,,,,,,1589
obdThrottlePosition,CAN_ENGINE_THROTTLE_POSITION,LATEST_LIVE,2026-09-02T19:12:26.000Z,2026-09-02T19:12:30.416Z,2026-09-02T19:12:30.174Z,2026-09-02T19:12:30.416Z,2034,10.58823529411765,"{""value"":10.58823529411765,""timestamp"":""2026-09-02T19:12:26Z""}",,,,,,,,1594
obdThrottlePosition,CAN_ENGINE_THROTTLE_POSITION,HF_HISTORICAL,2026-09-02T19:12:22.180Z,2026-09-02T19:12:30.663Z,2026-09-02T19:12:30.418Z,2026-09-02T19:12:30.663Z,2039,13.72549019607843,13.72549019607843,e77d74dce7d12407ce21d215e055ed7588a949aa400e714880fea520784cb4c1,1s,AVG,e77d74dce7d12407ce21d215e055ed7588a949aa400e714880fea520784cb4c1,2026-09-02T19:12:22.180Z,2026-09-02T19:12:30.418Z,2026-09-02T19:12:30.418Z,1599
obdThrottlePosition,CAN_ENGINE_THROTTLE_POSITION,HF_HISTORICAL,2026-09-02T19:12:23.180Z,2026-09-02T19:12:30.663Z,2026-09-02T19:12:30.418Z,2026-09-02T19:12:30.663Z,2044,83.92156862745098,83.92156862745098,38d002506dd4cd19748f3a8f983ee345b3304d3687cd7da8313d4c536f0ab3ea,1s,AVG,38d002506dd4cd19748f3a8f983ee345b3304d3687cd7da8313d4c536f0ab3ea,2026-09-02T19:12:22.180Z,2026-09-02T19:12:30.418Z,2026-09-02T19:12:30.418Z,1604
obdThrottlePosition,CAN_ENGINE_THROTTLE_POSITION,HF_HISTORICAL,2026-09-02T19:12:25.180Z,2026-09-02T19:12:30.663Z,2026-09-02T19:12:30.418Z,2026-09-02T19:12:30.663Z,2049,10.58823529411765,10.58823529411765,fb5ed26fa719722fc1f41244acd96f02a8de473bc546d52577dcfa6abe15ba81,1s,AVG,fb5ed26fa719722fc1f41244acd96f02a8de473bc546d52577dcfa6abe15ba81,2026-09-02T19:12:22.180Z,2026-09-02T19:12:30.418Z,2026-09-02T19:12:30.418Z,1609
obdThrottlePosition,CAN_ENGINE_THROTTLE_POSITION,HF_HISTORICAL,2026-09-02T19:12:26.180Z,2026-09-02T19:12:30.663Z,2026-09-02T19:12:30.418Z,2026-09-02T19:12:30.663Z,2054,18.82352941176471,18.82352941176471,bf701be29bcfb8e5fcb097c118150f8f0b88f92f789a00e3e3a0a4ae4e329be7,1s,AVG,bf701be29bcfb8e5fcb097c118150f8f0b88f92f789a00e3e3a0a4ae4e329be7,2026-09-02T19:12:22.180Z,2026-09-02T19:12:30.418Z,2026-09-02T19:12:30.418Z,1614
obdThrottlePosition,CAN_ENGINE_THROTTLE_POSITION,HF_HISTORICAL,2026-09-02T19:12:27.180Z,2026-09-02T19:12:30.663Z,2026-09-02T19:12:30.418Z,2026-09-02T19:12:30.663Z,2059,27.05882352941176,27.05882352941176,9e6f1e759d286867af91dab6aaae7d86a5b112101940e69eed512a1a6ea5ef60,1s,AVG,9e6f1e759d286867af91dab6aaae7d86a5b112101940e69eed512a1a6ea5ef60,2026-09-02T19:12:22.180Z,2026-09-02T19:12:30.418Z,2026-09-02T19:12:30.418Z,1619
obdThrottlePosition,CAN_ENGINE_THROTTLE_POSITION,LATEST_LIVE,2026-09-02T19:12:32.000Z,2026-09-02T19:12:37.008Z,2026-09-02T19:12:36.565Z,2026-09-02T19:12:37.008Z,2090,18.43137254901961,"{""value"":18.43137254901961,""timestamp"":""2026-09-02T19:12:32Z""}",,,,,,,,1630
obdThrottlePosition,CAN_ENGINE_THROTTLE_POSITION,HF_HISTORICAL,2026-09-02T19:12:28.418Z,2026-09-02T19:12:37.225Z,2026-09-02T19:12:37.010Z,2026-09-02T19:12:37.225Z,2095,15.68627450980392,15.68627450980392,d3645e2bb376a805f4bfdf45c32885533ad3cdcbf657a57ae7980a11e440c93c,1s,AVG,d3645e2bb376a805f4bfdf45c32885533ad3cdcbf657a57ae7980a11e440c93c,2026-09-02T19:12:28.418Z,2026-09-02T19:12:37.010Z,2026-09-02T19:12:37.010Z,1635
obdThrottlePosition,CAN_ENGINE_THROTTLE_POSITION,HF_HISTORICAL,2026-09-02T19:12:29.418Z,2026-09-02T19:12:37.225Z,2026-09-02T19:12:37.010Z,2026-09-02T19:12:37.225Z,2100,12.94117647058824,12.94117647058824,93e1f750eb6a81b35ac7747d851d9f3624cd2237910dfa7f10568413edf5a8c2,1s,AVG,93e1f750eb6a81b35ac7747d851d9f3624cd2237910dfa7f10568413edf5a8c2,2026-09-02T19:12:28.418Z,2026-09-02T19:12:37.010Z,2026-09-02T19:12:37.010Z,1640
obdThrottlePosition,CAN_ENGINE_THROTTLE_POSITION,HF_HISTORICAL,2026-09-02T19:12:31.418Z,2026-09-02T19:12:37.225Z,2026-09-02T19:12:37.010Z,2026-09-02T19:12:37.225Z,2105,18.43137254901961,18.43137254901961,2b9ed3102673c24d4a5de90e0bc140e586f4565337117cfa673b702b7574dcaa,1s,AVG,2b9ed3102673c24d4a5de90e0bc140e586f4565337117cfa673b702b7574dcaa,2026-09-02T19:12:28.418Z,2026-09-02T19:12:37.010Z,2026-09-02T19:12:37.010Z,1645
obdThrottlePosition,CAN_ENGINE_THROTTLE_POSITION,LATEST_LIVE,2026-09-02T19:12:35.000Z,2026-09-02T19:12:42.765Z,2026-09-02T19:12:42.506Z,2026-09-02T19:12:42.765Z,2110,17.25490196078431,"{""value"":17.25490196078431,""timestamp"":""2026-09-02T19:12:35Z""}",,,,,,,,1650
obdThrottlePosition,CAN_ENGINE_THROTTLE_POSITION,LATEST_LIVE,2026-09-02T19:12:43.000Z,2026-09-02T19:12:48.444Z,2026-09-02T19:12:48.238Z,2026-09-02T19:12:48.444Z,2115,14.50980392156863,"{""value"":14.50980392156863,""timestamp"":""2026-09-02T19:12:43Z""}",,,,,,,,1655
obdThrottlePosition,CAN_ENGINE_THROTTLE_POSITION,HF_HISTORICAL,2026-09-02T19:12:41.768Z,2026-09-02T19:12:48.740Z,2026-09-02T19:12:48.446Z,2026-09-02T19:12:48.740Z,2120,12.15686274509804,12.15686274509804,d2cc738ca1723e7aaea316ab52f3a2717d645d02c06f258514f32d86303c9c2f,1s,AVG,d2cc738ca1723e7aaea316ab52f3a2717d645d02c06f258514f32d86303c9c2f,2026-09-02T19:12:40.768Z,2026-09-02T19:12:48.446Z,2026-09-02T19:12:48.446Z,1660
obdThrottlePosition,CAN_ENGINE_THROTTLE_POSITION,HF_HISTORICAL,2026-09-02T19:12:42.768Z,2026-09-02T19:12:48.740Z,2026-09-02T19:12:48.446Z,2026-09-02T19:12:48.740Z,2125,14.50980392156863,14.50980392156863,3fc6703bae0a21404d52579f91b4a06ce35fcc169ddaa57c842e411b080ba40b,1s,AVG,3fc6703bae0a21404d52579f91b4a06ce35fcc169ddaa57c842e411b080ba40b,2026-09-02T19:12:40.768Z,2026-09-02T19:12:48.446Z,2026-09-02T19:12:48.446Z,1665
obdThrottlePosition,CAN_ENGINE_THROTTLE_POSITION,LATEST_LIVE,2026-09-02T19:12:50.000Z,2026-09-02T19:12:54.346Z,2026-09-02T19:12:54.084Z,2026-09-02T19:12:54.346Z,2130,14.50980392156863,"{""value"":14.50980392156863,""timestamp"":""2026-09-02T19:12:50Z""}",,,,,,,,1670
obdThrottlePosition,CAN_ENGINE_THROTTLE_POSITION,HF_HISTORICAL,2026-09-02T19:12:46.446Z,2026-09-02T19:12:54.550Z,2026-09-02T19:12:54.348Z,2026-09-02T19:12:54.550Z,2135,12.15686274509804,12.15686274509804,1b28b0e57e5293a79b4e56034613f24dd6e8cf6edb14e17a4b1c0d215adf4857,1s,AVG,1b28b0e57e5293a79b4e56034613f24dd6e8cf6edb14e17a4b1c0d215adf4857,2026-09-02T19:12:46.446Z,2026-09-02T19:12:54.348Z,2026-09-02T19:12:54.348Z,1675
obdThrottlePosition,CAN_ENGINE_THROTTLE_POSITION,HF_HISTORICAL,2026-09-02T19:12:49.446Z,2026-09-02T19:12:54.550Z,2026-09-02T19:12:54.348Z,2026-09-02T19:12:54.550Z,2140,14.50980392156863,14.50980392156863,a218be200faf46277ec2777c156e18b70a4b0ba99707a931ca2e53db955e32f2,1s,AVG,a218be200faf46277ec2777c156e18b70a4b0ba99707a931ca2e53db955e32f2,2026-09-02T19:12:46.446Z,2026-09-02T19:12:54.348Z,2026-09-02T19:12:54.348Z,1680
obdThrottlePosition,CAN_ENGINE_THROTTLE_POSITION,LATEST_LIVE,2026-09-02T19:12:56.000Z,2026-09-02T19:13:00.151Z,2026-09-02T19:12:59.910Z,2026-09-02T19:13:00.151Z,2145,13.72549019607843,"{""value"":13.72549019607843,""timestamp"":""2026-09-02T19:12:56Z""}",,,,,,,,1685
obdThrottlePosition,CAN_ENGINE_THROTTLE_POSITION,HF_HISTORICAL,2026-09-02T19:12:53.348Z,2026-09-02T19:13:00.387Z,2026-09-02T19:13:00.153Z,2026-09-02T19:13:00.387Z,2150,14.11764705882353,14.11764705882353,9c8ad08ed0f5d02b9b9c531cd36029bc4b0ddcf267893a0e1efb1ce03ce9ed5e,1s,AVG,9c8ad08ed0f5d02b9b9c531cd36029bc4b0ddcf267893a0e1efb1ce03ce9ed5e,2026-09-02T19:12:52.348Z,2026-09-02T19:13:00.152Z,2026-09-02T19:13:00.152Z,1690
obdThrottlePosition,CAN_ENGINE_THROTTLE_POSITION,HF_HISTORICAL,2026-09-02T19:12:55.348Z,2026-09-02T19:13:00.387Z,2026-09-02T19:13:00.153Z,2026-09-02T19:13:00.387Z,2155,13.72549019607843,13.72549019607843,20a9b19a282ca2d2bf48a6702b7ce94a3aecf5701a54b81b31f0e2e21eb8cfd6,1s,AVG,20a9b19a282ca2d2bf48a6702b7ce94a3aecf5701a54b81b31f0e2e21eb8cfd6,2026-09-02T19:12:52.348Z,2026-09-02T19:13:00.152Z,2026-09-02T19:13:00.152Z,1695
obdThrottlePosition,CAN_ENGINE_THROTTLE_POSITION,LATEST_LIVE,2026-09-02T19:13:02.000Z,2026-09-02T19:13:05.929Z,2026-09-02T19:13:05.664Z,2026-09-02T19:13:05.929Z,2160,14.90196078431373,"{""value"":14.90196078431373,""timestamp"":""2026-09-02T19:13:02Z""}",,,,,,,,1700
obdThrottlePosition,CAN_ENGINE_THROTTLE_POSITION,HF_HISTORICAL,2026-09-02T19:12:59.152Z,2026-09-02T19:13:06.137Z,2026-09-02T19:13:05.930Z,2026-09-02T19:13:06.137Z,2165,13.72549019607843,13.72549019607843,77292511242ff9be848a973eb83f3cd96c17649ae02a0a477fe03082218d87f4,1s,AVG,77292511242ff9be848a973eb83f3cd96c17649ae02a0a477fe03082218d87f4,2026-09-02T19:12:58.152Z,2026-09-02T19:13:05.930Z,2026-09-02T19:13:05.930Z,1705
obdThrottlePosition,CAN_ENGINE_THROTTLE_POSITION,HF_HISTORICAL,2026-09-02T19:13:01.152Z,2026-09-02T19:13:06.137Z,2026-09-02T19:13:05.930Z,2026-09-02T19:13:06.137Z,2170,14.90196078431373,14.90196078431373,d566b85d03fe583a341f81d834d340fd8a13cf2919b3198bcaf6fc4e933c5cb4,1s,AVG,d566b85d03fe583a341f81d834d340fd8a13cf2919b3198bcaf6fc4e933c5cb4,2026-09-02T19:12:58.152Z,2026-09-02T19:13:05.930Z,2026-09-02T19:13:05.930Z,1710
obdThrottlePosition,CAN_ENGINE_THROTTLE_POSITION,LATEST_LIVE,2026-09-02T19:13:05.000Z,2026-09-02T19:13:12.030Z,2026-09-02T19:13:11.800Z,2026-09-02T19:13:12.030Z,2201,13.33333333333333,"{""value"":13.33333333333333,""timestamp"":""2026-09-02T19:13:05Z""}",,,,,,,,1721
obdThrottlePosition,CAN_ENGINE_THROTTLE_POSITION,HF_HISTORICAL,2026-09-02T19:13:04.930Z,2026-09-02T19:13:12.226Z,2026-09-02T19:13:12.031Z,2026-09-02T19:13:12.226Z,2206,13.33333333333333,13.33333333333333,09ba6e5178ae40fbe78b85715ed8b4233a033d8060971964b0d61bda6b5697e5,1s,AVG,09ba6e5178ae40fbe78b85715ed8b4233a033d8060971964b0d61bda6b5697e5,2026-09-02T19:13:03.930Z,2026-09-02T19:13:12.031Z,2026-09-02T19:13:12.031Z,1726
obdThrottlePosition,CAN_ENGINE_THROTTLE_POSITION,LATEST_LIVE,2026-09-02T19:13:07.000Z,2026-09-02T19:13:17.757Z,2026-09-02T19:13:17.531Z,2026-09-02T19:13:17.757Z,2211,14.50980392156863,"{""value"":14.50980392156863,""timestamp"":""2026-09-02T19:13:07Z""}",,,,,,,,1731
obdThrottlePosition,CAN_ENGINE_THROTTLE_POSITION,LATEST_LIVE,2026-09-02T19:13:07.000Z,2026-09-02T19:13:23.505Z,2026-09-02T19:13:23.272Z,2026-09-02T19:13:23.505Z,2216,14.50980392156863,"{""value"":14.50980392156863,""timestamp"":""2026-09-02T19:13:07Z""}",,,,,,,,1736
obdThrottlePosition,CAN_ENGINE_THROTTLE_POSITION,LATEST_LIVE,2026-09-02T19:13:07.000Z,2026-09-02T19:13:29.501Z,2026-09-02T19:13:29.097Z,2026-09-02T19:13:29.501Z,2221,14.50980392156863,"{""value"":14.50980392156863,""timestamp"":""2026-09-02T19:13:07Z""}",,,,,,,,1741
obdThrottlePosition,CAN_ENGINE_THROTTLE_POSITION,LATEST_LIVE,2026-09-02T19:13:31.000Z,2026-09-02T19:13:35.345Z,2026-09-02T19:13:35.034Z,2026-09-02T19:13:35.345Z,2226,21.17647058823529,"{""value"":21.17647058823529,""timestamp"":""2026-09-02T19:13:31Z""}",,,,,,,,1746
obdThrottlePosition,CAN_ENGINE_THROTTLE_POSITION,HF_HISTORICAL,2026-09-02T19:13:27.504Z,2026-09-02T19:13:35.574Z,2026-09-02T19:13:35.347Z,2026-09-02T19:13:35.574Z,2231,13.72549019607843,13.72549019607843,1753435be6f51b0ba7458fed705f4a3179c1c3285fbaf34e886597f7cbd33e97,1s,AVG,1753435be6f51b0ba7458fed705f4a3179c1c3285fbaf34e886597f7cbd33e97,2026-09-02T19:13:27.504Z,2026-09-02T19:13:35.347Z,2026-09-02T19:13:35.347Z,1751
obdThrottlePosition,CAN_ENGINE_THROTTLE_POSITION,HF_HISTORICAL,2026-09-02T19:13:28.504Z,2026-09-02T19:13:35.574Z,2026-09-02T19:13:35.347Z,2026-09-02T19:13:35.574Z,2236,20,20,fffd5f348fcfebcd0c9ae61ea7c48fb6935bc4d07eb61735eba2768cb4b8e94f,1s,AVG,fffd5f348fcfebcd0c9ae61ea7c48fb6935bc4d07eb61735eba2768cb4b8e94f,2026-09-02T19:13:27.504Z,2026-09-02T19:13:35.347Z,2026-09-02T19:13:35.347Z,1756
obdThrottlePosition,CAN_ENGINE_THROTTLE_POSITION,HF_HISTORICAL,2026-09-02T19:13:30.504Z,2026-09-02T19:13:35.574Z,2026-09-02T19:13:35.347Z,2026-09-02T19:13:35.574Z,2241,21.17647058823529,21.17647058823529,465d99d9a7ad22b7373dfde331569e0b4db8435daa6ad0ccffe2c34d4067d2a8,1s,AVG,465d99d9a7ad22b7373dfde331569e0b4db8435daa6ad0ccffe2c34d4067d2a8,2026-09-02T19:13:27.504Z,2026-09-02T19:13:35.347Z,2026-09-02T19:13:35.347Z,1761
obdThrottlePosition,CAN_ENGINE_THROTTLE_POSITION,LATEST_LIVE,2026-09-02T19:13:37.000Z,2026-09-02T19:13:41.122Z,2026-09-02T19:13:40.883Z,2026-09-02T19:13:41.122Z,2246,23.52941176470588,"{""value"":23.52941176470588,""timestamp"":""2026-09-02T19:13:37Z""}",,,,,,,,1766
obdThrottlePosition,CAN_ENGINE_THROTTLE_POSITION,HF_HISTORICAL,2026-09-02T19:13:36.347Z,2026-09-02T19:13:41.527Z,2026-09-02T19:13:41.124Z,2026-09-02T19:13:41.527Z,2251,23.52941176470588,23.52941176470588,2bd426612605334179f1e123c2734c3a2547ec11435f34995cd9380acb47a9f2,1s,AVG,2bd426612605334179f1e123c2734c3a2547ec11435f34995cd9380acb47a9f2,2026-09-02T19:13:33.347Z,2026-09-02T19:13:41.124Z,2026-09-02T19:13:41.124Z,1771
obdThrottlePosition,CAN_ENGINE_THROTTLE_POSITION,LATEST_LIVE,2026-09-02T19:13:42.000Z,2026-09-02T19:13:47.420Z,2026-09-02T19:13:47.118Z,2026-09-02T19:13:47.420Z,2282,11.37254901960784,"{""value"":11.37254901960784,""timestamp"":""2026-09-02T19:13:42Z""}",,,,,,,,1782
obdThrottlePosition,CAN_ENGINE_THROTTLE_POSITION,HF_HISTORICAL,2026-09-02T19:13:41.124Z,2026-09-02T19:13:47.759Z,2026-09-02T19:13:47.422Z,2026-09-02T19:13:47.759Z,2287,11.37254901960784,11.37254901960784,a71b253edae53cbbfd0b5689e9d0d20fd61dd9e2d3b4e04d1d6c627fe6e73c81,1s,AVG,a71b253edae53cbbfd0b5689e9d0d20fd61dd9e2d3b4e04d1d6c627fe6e73c81,2026-09-02T19:13:39.124Z,2026-09-02T19:13:47.422Z,2026-09-02T19:13:47.422Z,1787
obdThrottlePosition,CAN_ENGINE_THROTTLE_POSITION,LATEST_LIVE,2026-09-02T19:13:49.000Z,2026-09-02T19:13:53.429Z,2026-09-02T19:13:53.161Z,2026-09-02T19:13:53.429Z,2292,27.84313725490196,"{""value"":27.84313725490196,""timestamp"":""2026-09-02T19:13:49Z""}",,,,,,,,1792
obdThrottlePosition,CAN_ENGINE_THROTTLE_POSITION,HF_HISTORICAL,2026-09-02T19:13:45.422Z,2026-09-02T19:13:53.661Z,2026-09-02T19:13:53.431Z,2026-09-02T19:13:53.661Z,2297,21.56862745098039,21.56862745098039,fcc95f60de45fc54f2c4c1221ce87ce85807f8102dde5250194b81b0525fad50,1s,AVG,fcc95f60de45fc54f2c4c1221ce87ce85807f8102dde5250194b81b0525fad50,2026-09-02T19:13:45.422Z,2026-09-02T19:13:53.431Z,2026-09-02T19:13:53.431Z,1797
obdThrottlePosition,CAN_ENGINE_THROTTLE_POSITION,HF_HISTORICAL,2026-09-02T19:13:46.422Z,2026-09-02T19:13:53.661Z,2026-09-02T19:13:53.431Z,2026-09-02T19:13:53.661Z,2302,27.84313725490196,27.84313725490196,000770e736bee83b0d76539bd92f7c9f93fd11e1091990a84141a59b03aff9e5,1s,AVG,000770e736bee83b0d76539bd92f7c9f93fd11e1091990a84141a59b03aff9e5,2026-09-02T19:13:45.422Z,2026-09-02T19:13:53.431Z,2026-09-02T19:13:53.431Z,1802
obdThrottlePosition,CAN_ENGINE_THROTTLE_POSITION,HF_HISTORICAL,2026-09-02T19:13:48.422Z,2026-09-02T19:13:53.661Z,2026-09-02T19:13:53.431Z,2026-09-02T19:13:53.661Z,2307,27.84313725490196,27.84313725490196,24d5d323a72575b118e21b2ee95c9318e57b2de1cc3f0e4fdaa16c9da6c26fe2,1s,AVG,24d5d323a72575b118e21b2ee95c9318e57b2de1cc3f0e4fdaa16c9da6c26fe2,2026-09-02T19:13:45.422Z,2026-09-02T19:13:53.431Z,2026-09-02T19:13:53.431Z,1807
obdThrottlePosition,CAN_ENGINE_THROTTLE_POSITION,LATEST_LIVE,2026-09-02T19:13:56.000Z,2026-09-02T19:13:59.237Z,2026-09-02T19:13:59.011Z,2026-09-02T19:13:59.237Z,2312,14.11764705882353,"{""value"":14.11764705882353,""timestamp"":""2026-09-02T19:13:56Z""}",,,,,,,,1812
obdThrottlePosition,CAN_ENGINE_THROTTLE_POSITION,HF_HISTORICAL,2026-09-02T19:13:53.431Z,2026-09-02T19:13:59.466Z,2026-09-02T19:13:59.241Z,2026-09-02T19:13:59.466Z,2317,11.37254901960784,11.37254901960784,aeba1e50a7ffb09d6686fb4156986fd304f6135d267e0c245337b08118fd429b,1s,AVG,aeba1e50a7ffb09d6686fb4156986fd304f6135d267e0c245337b08118fd429b,2026-09-02T19:13:51.431Z,2026-09-02T19:13:59.240Z,2026-09-02T19:13:59.240Z,1817
obdThrottlePosition,CAN_ENGINE_THROTTLE_POSITION,HF_HISTORICAL,2026-09-02T19:13:55.431Z,2026-09-02T19:13:59.466Z,2026-09-02T19:13:59.241Z,2026-09-02T19:13:59.466Z,2322,14.11764705882353,14.11764705882353,8719b613b78b7bb7a8fb615794c12e58827228df54d71aa85ee463354a0244ba,1s,AVG,8719b613b78b7bb7a8fb615794c12e58827228df54d71aa85ee463354a0244ba,2026-09-02T19:13:51.431Z,2026-09-02T19:13:59.240Z,2026-09-02T19:13:59.240Z,1822
obdThrottlePosition,CAN_ENGINE_THROTTLE_POSITION,LATEST_LIVE,2026-09-02T19:14:00.000Z,2026-09-02T19:14:05.913Z,2026-09-02T19:14:04.866Z,2026-09-02T19:14:05.913Z,2327,10.98039215686275,"{""value"":10.98039215686275,""timestamp"":""2026-09-02T19:14:00Z""}",,,,,,,,1827
obdThrottlePosition,CAN_ENGINE_THROTTLE_POSITION,HF_HISTORICAL,2026-09-02T19:13:59.240Z,2026-09-02T19:14:06.099Z,2026-09-02T19:14:05.915Z,2026-09-02T19:14:06.099Z,2332,10.98039215686275,10.98039215686275,f5e604f5a7f6cb7eb542d965ecba3c7d11da353d6a3375075d3d9609357f5196,1s,AVG,f5e604f5a7f6cb7eb542d965ecba3c7d11da353d6a3375075d3d9609357f5196,2026-09-02T19:13:57.240Z,2026-09-02T19:14:05.915Z,2026-09-02T19:14:05.915Z,1832
obdThrottlePosition,CAN_ENGINE_THROTTLE_POSITION,LATEST_LIVE,2026-09-02T19:14:05.000Z,2026-09-02T19:14:13.363Z,2026-09-02T19:14:12.701Z,2026-09-02T19:14:13.363Z,2337,13.72549019607843,"{""value"":13.72549019607843,""timestamp"":""2026-09-02T19:14:05Z""}",,,,,,,,1837
obdThrottlePosition,CAN_ENGINE_THROTTLE_POSITION,HF_HISTORICAL,2026-09-02T19:14:03.915Z,2026-09-02T19:14:13.585Z,2026-09-02T19:14:13.365Z,2026-09-02T19:14:13.585Z,2342,14.50980392156863,14.50980392156863,d52b8d499b73f172e81174cf06454e7bd43dba6087599d8f2ff2ed387b83971e,1s,AVG,d52b8d499b73f172e81174cf06454e7bd43dba6087599d8f2ff2ed387b83971e,2026-09-02T19:14:03.915Z,2026-09-02T19:14:13.365Z,2026-09-02T19:14:13.365Z,1842
obdThrottlePosition,CAN_ENGINE_THROTTLE_POSITION,HF_HISTORICAL,2026-09-02T19:14:04.915Z,2026-09-02T19:14:13.585Z,2026-09-02T19:14:13.365Z,2026-09-02T19:14:13.585Z,2347,13.72549019607843,13.72549019607843,7116412c3afb3ccd61968b305605d935c661b6655ecb3b4b3bea0e25927064ba,1s,AVG,7116412c3afb3ccd61968b305605d935c661b6655ecb3b4b3bea0e25927064ba,2026-09-02T19:14:03.915Z,2026-09-02T19:14:13.365Z,2026-09-02T19:14:13.365Z,1847
obdThrottlePosition,CAN_ENGINE_THROTTLE_POSITION,LATEST_LIVE,2026-09-02T19:14:12.000Z,2026-09-02T19:14:19.324Z,2026-09-02T19:14:18.951Z,2026-09-02T19:14:19.324Z,2352,12.54901960784314,"{""value"":12.54901960784314,""timestamp"":""2026-09-02T19:14:12Z""}",,,,,,,,1852
obdThrottlePosition,CAN_ENGINE_THROTTLE_POSITION,HF_HISTORICAL,2026-09-02T19:14:11.365Z,2026-09-02T19:14:20.079Z,2026-09-02T19:14:19.334Z,2026-09-02T19:14:20.079Z,2357,12.54901960784314,12.54901960784314,f049445ed258cf987178c566df5ed6f1776a46418b3819fb5afdc8c001fac238,1s,AVG,f049445ed258cf987178c566df5ed6f1776a46418b3819fb5afdc8c001fac238,2026-09-02T19:14:11.365Z,2026-09-02T19:14:19.334Z,2026-09-02T19:14:19.334Z,1857
obdThrottlePosition,CAN_ENGINE_THROTTLE_POSITION,LATEST_LIVE,2026-09-02T19:14:12.000Z,2026-09-02T19:14:25.991Z,2026-09-02T19:14:25.682Z,2026-09-02T19:14:25.991Z,2388,12.54901960784314,"{""value"":12.54901960784314,""timestamp"":""2026-09-02T19:14:12Z""}",,,,,,,,1868
obdThrottlePosition,CAN_ENGINE_THROTTLE_POSITION,LATEST_LIVE,2026-09-02T19:14:12.000Z,2026-09-02T19:14:31.725Z,2026-09-02T19:14:31.514Z,2026-09-02T19:14:31.725Z,2395,12.54901960784314,"{""value"":12.54901960784314,""timestamp"":""2026-09-02T19:14:12Z""}",,,,,,,,1875
obdThrottlePosition,CAN_ENGINE_THROTTLE_POSITION,LATEST_LIVE,2026-09-02T19:14:12.000Z,2026-09-02T19:14:37.513Z,2026-09-02T19:14:37.249Z,2026-09-02T19:14:37.513Z,2400,12.54901960784314,"{""value"":12.54901960784314,""timestamp"":""2026-09-02T19:14:12Z""}",,,,,,,,1880
obdThrottlePosition,CAN_ENGINE_THROTTLE_POSITION,LATEST_LIVE,2026-09-02T19:14:12.000Z,2026-09-02T19:14:43.288Z,2026-09-02T19:14:43.081Z,2026-09-02T19:14:43.288Z,2405,12.54901960784314,"{""value"":12.54901960784314,""timestamp"":""2026-09-02T19:14:12Z""}",,,,,,,,1885
obdThrottlePosition,CAN_ENGINE_THROTTLE_POSITION,LATEST_LIVE,2026-09-02T19:14:12.000Z,2026-09-02T19:14:49.014Z,2026-09-02T19:14:48.746Z,2026-09-02T19:14:49.014Z,2410,12.54901960784314,"{""value"":12.54901960784314,""timestamp"":""2026-09-02T19:14:12Z""}",,,,,,,,1890
obdThrottlePosition,CAN_ENGINE_THROTTLE_POSITION,LATEST_LIVE,2026-09-02T19:14:12.000Z,2026-09-02T19:14:54.893Z,2026-09-02T19:14:54.658Z,2026-09-02T19:14:54.893Z,2415,12.54901960784314,"{""value"":12.54901960784314,""timestamp"":""2026-09-02T19:14:12Z""}",,,,,,,,1895
obdThrottlePosition,CAN_ENGINE_THROTTLE_POSITION,LATEST_LIVE,2026-09-02T19:14:12.000Z,2026-09-02T19:15:00.983Z,2026-09-02T19:15:00.729Z,2026-09-02T19:15:00.983Z,2446,12.54901960784314,"{""value"":12.54901960784314,""timestamp"":""2026-09-02T19:14:12Z""}",,,,,,,,1906
obdThrottlePosition,CAN_ENGINE_THROTTLE_POSITION,LATEST_LIVE,2026-09-02T19:14:12.000Z,2026-09-02T19:15:06.901Z,2026-09-02T19:15:06.655Z,2026-09-02T19:15:06.901Z,2451,12.54901960784314,"{""value"":12.54901960784314,""timestamp"":""2026-09-02T19:14:12Z""}",,,,,,,,1911
obdThrottlePosition,CAN_ENGINE_THROTTLE_POSITION,LATEST_LIVE,2026-09-02T19:14:12.000Z,2026-09-02T19:15:12.876Z,2026-09-02T19:15:12.406Z,2026-09-02T19:15:12.876Z,2456,12.54901960784314,"{""value"":12.54901960784314,""timestamp"":""2026-09-02T19:14:12Z""}",,,,,,,,1916
obdThrottlePosition,CAN_ENGINE_THROTTLE_POSITION,LATEST_LIVE,2026-09-02T19:14:12.000Z,2026-09-02T19:15:18.630Z,2026-09-02T19:15:18.345Z,2026-09-02T19:15:18.630Z,2461,12.54901960784314,"{""value"":12.54901960784314,""timestamp"":""2026-09-02T19:14:12Z""}",,,,,,,,1921
obdThrottlePosition,CAN_ENGINE_THROTTLE_POSITION,LATEST_LIVE,2026-09-02T19:14:12.000Z,2026-09-02T19:15:24.752Z,2026-09-02T19:15:24.501Z,2026-09-02T19:15:24.752Z,2466,12.54901960784314,"{""value"":12.54901960784314,""timestamp"":""2026-09-02T19:14:12Z""}",,,,,,,,1926
obdThrottlePosition,CAN_ENGINE_THROTTLE_POSITION,LATEST_LIVE,2026-09-02T19:14:12.000Z,2026-09-02T19:15:30.579Z,2026-09-02T19:15:30.246Z,2026-09-02T19:15:30.579Z,2471,12.54901960784314,"{""value"":12.54901960784314,""timestamp"":""2026-09-02T19:14:12Z""}",,,,,,,,1931
obdThrottlePosition,CAN_ENGINE_THROTTLE_POSITION,LATEST_LIVE,2026-09-02T19:14:12.000Z,2026-09-02T19:15:36.832Z,2026-09-02T19:15:36.598Z,2026-09-02T19:15:36.832Z,2502,12.54901960784314,"{""value"":12.54901960784314,""timestamp"":""2026-09-02T19:14:12Z""}",,,,,,,,1942
obdThrottlePosition,CAN_ENGINE_THROTTLE_POSITION,LATEST_LIVE,2026-09-02T19:14:12.000Z,2026-09-02T19:15:42.534Z,2026-09-02T19:15:42.320Z,2026-09-02T19:15:42.534Z,2507,12.54901960784314,"{""value"":12.54901960784314,""timestamp"":""2026-09-02T19:14:12Z""}",,,,,,,,1947
obdThrottlePosition,CAN_ENGINE_THROTTLE_POSITION,LATEST_LIVE,2026-09-02T19:14:12.000Z,2026-09-02T19:15:48.278Z,2026-09-02T19:15:48.051Z,2026-09-02T19:15:48.278Z,2512,12.54901960784314,"{""value"":12.54901960784314,""timestamp"":""2026-09-02T19:14:12Z""}",,,,,,,,1952
obdThrottlePosition,CAN_ENGINE_THROTTLE_POSITION,LATEST_LIVE,2026-09-02T19:14:12.000Z,2026-09-02T19:15:54.314Z,2026-09-02T19:15:53.900Z,2026-09-02T19:15:54.314Z,2517,12.54901960784314,"{""value"":12.54901960784314,""timestamp"":""2026-09-02T19:14:12Z""}",,,,,,,,1957
obdThrottlePosition,CAN_ENGINE_THROTTLE_POSITION,LATEST_LIVE,2026-09-02T19:14:12.000Z,2026-09-02T19:16:00.171Z,2026-09-02T19:15:59.825Z,2026-09-02T19:16:00.171Z,2522,12.54901960784314,"{""value"":12.54901960784314,""timestamp"":""2026-09-02T19:14:12Z""}",,,,,,,,1962
obdThrottlePosition,CAN_ENGINE_THROTTLE_POSITION,LATEST_LIVE,2026-09-02T19:15:58.000Z,2026-09-02T19:16:06.063Z,2026-09-02T19:16:05.783Z,2026-09-02T19:16:06.063Z,2531,14.90196078431373,"{""value"":14.90196078431373,""timestamp"":""2026-09-02T19:15:58Z""}",,,,,,,,1971
obdThrottlePosition,CAN_ENGINE_THROTTLE_POSITION,LATEST_LIVE,2026-09-02T19:16:06.000Z,2026-09-02T19:16:12.098Z,2026-09-02T19:16:11.829Z,2026-09-02T19:16:12.098Z,2567,16.47058823529412,"{""value"":16.47058823529412,""timestamp"":""2026-09-02T19:16:06Z""}",,,,,,,,1987
obdThrottlePosition,CAN_ENGINE_THROTTLE_POSITION,HF_HISTORICAL,2026-09-02T19:16:05.065Z,2026-09-02T19:16:12.306Z,2026-09-02T19:16:12.100Z,2026-09-02T19:16:12.306Z,2576,16.47058823529412,16.47058823529412,fb226a7a08fbef854b3c9acee2758571cca484f7a89052d7b8fe3deba290e13a,1s,AVG,fb226a7a08fbef854b3c9acee2758571cca484f7a89052d7b8fe3deba290e13a,2026-09-02T19:16:04.065Z,2026-09-02T19:16:12.100Z,2026-09-02T19:16:12.100Z,1996
obdThrottlePosition,CAN_ENGINE_THROTTLE_POSITION,LATEST_LIVE,2026-09-02T19:16:13.000Z,2026-09-02T19:16:17.913Z,2026-09-02T19:16:17.674Z,2026-09-02T19:16:17.913Z,2581,15.68627450980392,"{""value"":15.68627450980392,""timestamp"":""2026-09-02T19:16:13Z""}",,,,,,,,2001
obdThrottlePosition,CAN_ENGINE_THROTTLE_POSITION,HF_HISTORICAL,2026-09-02T19:16:10.100Z,2026-09-02T19:16:18.197Z,2026-09-02T19:16:17.915Z,2026-09-02T19:16:18.197Z,2586,17.25490196078431,17.25490196078431,012349e1acd223b0b917c990489de39bd7e14eff7bc5db022e8a5fa71dfdf199,1s,AVG,012349e1acd223b0b917c990489de39bd7e14eff7bc5db022e8a5fa71dfdf199,2026-09-02T19:16:10.100Z,2026-09-02T19:16:17.915Z,2026-09-02T19:16:17.915Z,2006
obdThrottlePosition,CAN_ENGINE_THROTTLE_POSITION,HF_HISTORICAL,2026-09-02T19:16:12.100Z,2026-09-02T19:16:18.197Z,2026-09-02T19:16:17.915Z,2026-09-02T19:16:18.197Z,2591,15.68627450980392,15.68627450980392,7a3298253105ad35d85f830b5a64067c1d88621ac1c78c1ac9f60f184620a1d0,1s,AVG,7a3298253105ad35d85f830b5a64067c1d88621ac1c78c1ac9f60f184620a1d0,2026-09-02T19:16:10.100Z,2026-09-02T19:16:17.915Z,2026-09-02T19:16:17.915Z,2011
obdThrottlePosition,CAN_ENGINE_THROTTLE_POSITION,LATEST_LIVE,2026-09-02T19:16:18.000Z,2026-09-02T19:16:23.789Z,2026-09-02T19:16:23.526Z,2026-09-02T19:16:23.789Z,2596,15.29411764705882,"{""value"":15.29411764705882,""timestamp"":""2026-09-02T19:16:18Z""}",,,,,,,,2016
obdThrottlePosition,CAN_ENGINE_THROTTLE_POSITION,HF_HISTORICAL,2026-09-02T19:16:16.915Z,2026-09-02T19:16:24.041Z,2026-09-02T19:16:23.793Z,2026-09-02T19:16:24.041Z,2601,23.13725490196078,23.13725490196078,ddad06a261ed252006a38eb528026c871a6b6e0ae7cc9aee0da031ff06e5dbf2,1s,AVG,ddad06a261ed252006a38eb528026c871a6b6e0ae7cc9aee0da031ff06e5dbf2,2026-09-02T19:16:15.915Z,2026-09-02T19:16:23.793Z,2026-09-02T19:16:23.793Z,2021
obdThrottlePosition,CAN_ENGINE_THROTTLE_POSITION,HF_HISTORICAL,2026-09-02T19:16:17.915Z,2026-09-02T19:16:24.041Z,2026-09-02T19:16:23.793Z,2026-09-02T19:16:24.041Z,2606,15.29411764705882,15.29411764705882,c29e76a06b6ae3e423d3157b634a5dad39d854799f9cca3944ecafa23f9d41aa,1s,AVG,c29e76a06b6ae3e423d3157b634a5dad39d854799f9cca3944ecafa23f9d41aa,2026-09-02T19:16:15.915Z,2026-09-02T19:16:23.793Z,2026-09-02T19:16:23.793Z,2026
obdThrottlePosition,CAN_ENGINE_THROTTLE_POSITION,LATEST_LIVE,2026-09-02T19:16:25.000Z,2026-09-02T19:16:29.688Z,2026-09-02T19:16:29.438Z,2026-09-02T19:16:29.688Z,2611,84.70588235294117,"{""value"":84.70588235294117,""timestamp"":""2026-09-02T19:16:25Z""}",,,,,,,,2031
obdThrottlePosition,CAN_ENGINE_THROTTLE_POSITION,HF_HISTORICAL,2026-09-02T19:16:21.793Z,2026-09-02T19:16:29.961Z,2026-09-02T19:16:29.689Z,2026-09-02T19:16:29.961Z,2616,24.31372549019608,24.31372549019608,649a4034ec260183537d28c04394078e1d0a7d76869208b47a85bec54955c299,1s,AVG,649a4034ec260183537d28c04394078e1d0a7d76869208b47a85bec54955c299,2026-09-02T19:16:21.793Z,2026-09-02T19:16:29.689Z,2026-09-02T19:16:29.689Z,2036
obdThrottlePosition,CAN_ENGINE_THROTTLE_POSITION,HF_HISTORICAL,2026-09-02T19:16:22.793Z,2026-09-02T19:16:29.961Z,2026-09-02T19:16:29.689Z,2026-09-02T19:16:29.961Z,2621,16.86274509803922,16.86274509803922,769af7d2a63ac9183de1197e7cc4a7ddceceec4905e8f7cb9a61892b28ab0d45,1s,AVG,769af7d2a63ac9183de1197e7cc4a7ddceceec4905e8f7cb9a61892b28ab0d45,2026-09-02T19:16:21.793Z,2026-09-02T19:16:29.689Z,2026-09-02T19:16:29.689Z,2041
obdThrottlePosition,CAN_ENGINE_THROTTLE_POSITION,HF_HISTORICAL,2026-09-02T19:16:24.793Z,2026-09-02T19:16:29.961Z,2026-09-02T19:16:29.689Z,2026-09-02T19:16:29.961Z,2626,84.70588235294117,84.70588235294117,6f1b576a2ae60e5f4b2c1efc9b6dd45f814d73996ab1077c8f5046ecad4ef33a,1s,AVG,6f1b576a2ae60e5f4b2c1efc9b6dd45f814d73996ab1077c8f5046ecad4ef33a,2026-09-02T19:16:21.793Z,2026-09-02T19:16:29.689Z,2026-09-02T19:16:29.689Z,2046
obdThrottlePosition,CAN_ENGINE_THROTTLE_POSITION,LATEST_LIVE,2026-09-02T19:16:25.000Z,2026-09-02T19:16:35.747Z,2026-09-02T19:16:35.400Z,2026-09-02T19:16:35.747Z,2631,84.70588235294117,"{""value"":84.70588235294117,""timestamp"":""2026-09-02T19:16:25Z""}",,,,,,,,2051
obdThrottlePosition,CAN_ENGINE_THROTTLE_POSITION,LATEST_LIVE,2026-09-02T19:16:37.000Z,2026-09-02T19:16:41.778Z,2026-09-02T19:16:41.532Z,2026-09-02T19:16:41.778Z,2636,24.31372549019608,"{""value"":24.31372549019608,""timestamp"":""2026-09-02T19:16:37Z""}",,,,,,,,2056
obdThrottlePosition,CAN_ENGINE_THROTTLE_POSITION,HF_HISTORICAL,2026-09-02T19:16:35.750Z,2026-09-02T19:16:41.981Z,2026-09-02T19:16:41.779Z,2026-09-02T19:16:41.981Z,2641,84.70588235294117,84.70588235294117,40ffc99fd1d03f0deff895fdd2af55884f98793a0e4f8350a761a9810ee53acd,1s,AVG,40ffc99fd1d03f0deff895fdd2af55884f98793a0e4f8350a761a9810ee53acd,2026-09-02T19:16:33.750Z,2026-09-02T19:16:41.779Z,2026-09-02T19:16:41.779Z,2061
obdThrottlePosition,CAN_ENGINE_THROTTLE_POSITION,HF_HISTORICAL,2026-09-02T19:16:36.750Z,2026-09-02T19:16:41.981Z,2026-09-02T19:16:41.779Z,2026-09-02T19:16:41.981Z,2646,24.31372549019608,24.31372549019608,0e725b58150bd93ddf961a3bd65160265574a402b360f8f937eebb56db67d903,1s,AVG,0e725b58150bd93ddf961a3bd65160265574a402b360f8f937eebb56db67d903,2026-09-02T19:16:33.750Z,2026-09-02T19:16:41.779Z,2026-09-02T19:16:41.779Z,2066
obdThrottlePosition,CAN_ENGINE_THROTTLE_POSITION,LATEST_LIVE,2026-09-02T19:16:42.000Z,2026-09-02T19:16:47.938Z,2026-09-02T19:16:47.574Z,2026-09-02T19:16:47.938Z,2677,16.07843137254902,"{""value"":16.07843137254902,""timestamp"":""2026-09-02T19:16:42Z""}",,,,,,,,2077
obdThrottlePosition,CAN_ENGINE_THROTTLE_POSITION,HF_HISTORICAL,2026-09-02T19:16:40.779Z,2026-09-02T19:16:48.305Z,2026-09-02T19:16:47.939Z,2026-09-02T19:16:48.306Z,2682,11.76470588235294,11.76470588235294,bc4cd0b92b3fbdfcf1b11ce885d238efd3bf2410ee00e6fca4fed4eefb6fa5fb,1s,AVG,bc4cd0b92b3fbdfcf1b11ce885d238efd3bf2410ee00e6fca4fed4eefb6fa5fb,2026-09-02T19:16:39.779Z,2026-09-02T19:16:47.939Z,2026-09-02T19:16:47.939Z,2082
obdThrottlePosition,CAN_ENGINE_THROTTLE_POSITION,HF_HISTORICAL,2026-09-02T19:16:41.779Z,2026-09-02T19:16:48.305Z,2026-09-02T19:16:47.939Z,2026-09-02T19:16:48.306Z,2687,16.07843137254902,16.07843137254902,0732dcae0674221e9ceb7e4edf1ac2b95c1710d75bda16b49a53eeb5f3a5009a,1s,AVG,0732dcae0674221e9ceb7e4edf1ac2b95c1710d75bda16b49a53eeb5f3a5009a,2026-09-02T19:16:39.779Z,2026-09-02T19:16:47.939Z,2026-09-02T19:16:47.939Z,2087
obdThrottlePosition,CAN_ENGINE_THROTTLE_POSITION,LATEST_LIVE,2026-09-02T19:16:49.000Z,2026-09-02T19:16:54.228Z,2026-09-02T19:16:53.718Z,2026-09-02T19:16:54.228Z,2692,12.54901960784314,"{""value"":12.54901960784314,""timestamp"":""2026-09-02T19:16:49Z""}",,,,,,,,2092
obdThrottlePosition,CAN_ENGINE_THROTTLE_POSITION,HF_HISTORICAL,2026-09-02T19:16:46.939Z,2026-09-02T19:16:54.461Z,2026-09-02T19:16:54.229Z,2026-09-02T19:16:54.461Z,2697,84.70588235294117,84.70588235294117,ffdfa9c20dcc1281d65cfdc87d691c90de31110f81b54bd3daa408e35e41ab14,1s,AVG,ffdfa9c20dcc1281d65cfdc87d691c90de31110f81b54bd3daa408e35e41ab14,2026-09-02T19:16:45.939Z,2026-09-02T19:16:54.229Z,2026-09-02T19:16:54.229Z,2097
obdThrottlePosition,CAN_ENGINE_THROTTLE_POSITION,HF_HISTORICAL,2026-09-02T19:16:48.939Z,2026-09-02T19:16:54.461Z,2026-09-02T19:16:54.229Z,2026-09-02T19:16:54.461Z,2702,12.54901960784314,12.54901960784314,18abe3782710ddfeb6e183e680fcfde1f2615dc44b275c2480a5d7a713f177c0,1s,AVG,18abe3782710ddfeb6e183e680fcfde1f2615dc44b275c2480a5d7a713f177c0,2026-09-02T19:16:45.939Z,2026-09-02T19:16:54.229Z,2026-09-02T19:16:54.229Z,2102
obdThrottlePosition,CAN_ENGINE_THROTTLE_POSITION,LATEST_LIVE,2026-09-02T19:16:57.000Z,2026-09-02T19:17:00.366Z,2026-09-02T19:16:59.862Z,2026-09-02T19:17:00.366Z,2707,12.94117647058824,"{""value"":12.94117647058824,""timestamp"":""2026-09-02T19:16:57Z""}",,,,,,,,2107
obdThrottlePosition,CAN_ENGINE_THROTTLE_POSITION,HF_HISTORICAL,2026-09-02T19:16:53.229Z,2026-09-02T19:17:00.655Z,2026-09-02T19:17:00.371Z,2026-09-02T19:17:00.655Z,2712,15.29411764705882,15.29411764705882,4efeda453f861713cced7864fd1608254b3b18996d8a3bcd12d7dba68a8dd350,1s,AVG,4efeda453f861713cced7864fd1608254b3b18996d8a3bcd12d7dba68a8dd350,2026-09-02T19:16:52.229Z,2026-09-02T19:17:00.371Z,2026-09-02T19:17:00.371Z,2112
obdThrottlePosition,CAN_ENGINE_THROTTLE_POSITION,HF_HISTORICAL,2026-09-02T19:16:54.229Z,2026-09-02T19:17:00.655Z,2026-09-02T19:17:00.371Z,2026-09-02T19:17:00.655Z,2717,12.15686274509804,12.15686274509804,0de3927fc4444423852f0a33df5e0fc0ab5cb94b4ff10dadf7c76721501b5027,1s,AVG,0de3927fc4444423852f0a33df5e0fc0ab5cb94b4ff10dadf7c76721501b5027,2026-09-02T19:16:52.229Z,2026-09-02T19:17:00.371Z,2026-09-02T19:17:00.371Z,2117
obdThrottlePosition,CAN_ENGINE_THROTTLE_POSITION,HF_HISTORICAL,2026-09-02T19:16:56.229Z,2026-09-02T19:17:00.655Z,2026-09-02T19:17:00.371Z,2026-09-02T19:17:00.655Z,2722,12.94117647058824,12.94117647058824,aec728a971d2371bad196b58dc322a0698331406a42d0cbf0fb3ccadbd50a265,1s,AVG,aec728a971d2371bad196b58dc322a0698331406a42d0cbf0fb3ccadbd50a265,2026-09-02T19:16:52.229Z,2026-09-02T19:17:00.371Z,2026-09-02T19:17:00.371Z,2122
obdThrottlePosition,CAN_ENGINE_THROTTLE_POSITION,LATEST_LIVE,2026-09-02T19:17:00.000Z,2026-09-02T19:17:06.386Z,2026-09-02T19:17:06.036Z,2026-09-02T19:17:06.386Z,2727,12.94117647058824,"{""value"":12.94117647058824,""timestamp"":""2026-09-02T19:17:00Z""}",,,,,,,,2127
obdThrottlePosition,CAN_ENGINE_THROTTLE_POSITION,HF_HISTORICAL,2026-09-02T19:16:59.371Z,2026-09-02T19:17:06.624Z,2026-09-02T19:17:06.399Z,2026-09-02T19:17:06.624Z,2732,12.94117647058824,12.94117647058824,0f7bc755336efbd95ad7ad88d4d6cc6af57746623f9eeca42d55d79777964df4,1s,AVG,0f7bc755336efbd95ad7ad88d4d6cc6af57746623f9eeca42d55d79777964df4,2026-09-02T19:16:58.371Z,2026-09-02T19:17:06.399Z,2026-09-02T19:17:06.399Z,2132
obdThrottlePosition,CAN_ENGINE_THROTTLE_POSITION,LATEST_LIVE,2026-09-02T19:17:00.000Z,2026-09-02T19:17:12.222Z,2026-09-02T19:17:11.968Z,2026-09-02T19:17:12.222Z,2739,12.94117647058824,"{""value"":12.94117647058824,""timestamp"":""2026-09-02T19:17:00Z""}",,,,,,,,2139
obdThrottlePosition,CAN_ENGINE_THROTTLE_POSITION,LATEST_LIVE,2026-09-02T19:17:13.000Z,2026-09-02T19:17:18.056Z,2026-09-02T19:17:17.796Z,2026-09-02T19:17:18.056Z,2751,15.29411764705882,"{""value"":15.29411764705882,""timestamp"":""2026-09-02T19:17:13Z""}",,,,,,,,2151
obdThrottlePosition,CAN_ENGINE_THROTTLE_POSITION,HF_HISTORICAL,2026-09-02T19:17:11.224Z,2026-09-02T19:17:18.292Z,2026-09-02T19:17:18.059Z,2026-09-02T19:17:18.292Z,2756,17.64705882352941,17.64705882352941,456502091422a9de148e00c819da8d6b7cae20994bd31274a1646bb517825dfe,1s,AVG,456502091422a9de148e00c819da8d6b7cae20994bd31274a1646bb517825dfe,2026-09-02T19:17:10.224Z,2026-09-02T19:17:18.059Z,2026-09-02T19:17:18.059Z,2156
obdThrottlePosition,CAN_ENGINE_THROTTLE_POSITION,HF_HISTORICAL,2026-09-02T19:17:12.224Z,2026-09-02T19:17:18.292Z,2026-09-02T19:17:18.059Z,2026-09-02T19:17:18.292Z,2761,15.29411764705882,15.29411764705882,9bf923454d7eb713a98b83e272f49592631d3b4c6ca38eb3a94242f050653668,1s,AVG,9bf923454d7eb713a98b83e272f49592631d3b4c6ca38eb3a94242f050653668,2026-09-02T19:17:10.224Z,2026-09-02T19:17:18.059Z,2026-09-02T19:17:18.059Z,2161
obdThrottlePosition,CAN_ENGINE_THROTTLE_POSITION,LATEST_LIVE,2026-09-02T19:17:21.000Z,2026-09-02T19:17:24.263Z,2026-09-02T19:17:24.053Z,2026-09-02T19:17:24.263Z,2792,21.56862745098039,"{""value"":21.56862745098039,""timestamp"":""2026-09-02T19:17:21Z""}",,,,,,,,2172
obdThrottlePosition,CAN_ENGINE_THROTTLE_POSITION,HF_HISTORICAL,2026-09-02T19:17:16.059Z,2026-09-02T19:17:24.459Z,2026-09-02T19:17:24.265Z,2026-09-02T19:17:24.459Z,2797,14.50980392156863,14.50980392156863,4221bdf26849f6ca1c6e9123ba65a1d449040d5081258e4701097ffac995fc83,1s,AVG,4221bdf26849f6ca1c6e9123ba65a1d449040d5081258e4701097ffac995fc83,2026-09-02T19:17:16.059Z,2026-09-02T19:17:24.265Z,2026-09-02T19:17:24.265Z,2177
obdThrottlePosition,CAN_ENGINE_THROTTLE_POSITION,HF_HISTORICAL,2026-09-02T19:17:17.059Z,2026-09-02T19:17:24.459Z,2026-09-02T19:17:24.265Z,2026-09-02T19:17:24.459Z,2802,16.07843137254902,16.07843137254902,1f9f9bb24c8436b2fe9f3d9780a8ee3f89d2746f7952d55ee31e17775e9a855e,1s,AVG,1f9f9bb24c8436b2fe9f3d9780a8ee3f89d2746f7952d55ee31e17775e9a855e,2026-09-02T19:17:16.059Z,2026-09-02T19:17:24.265Z,2026-09-02T19:17:24.265Z,2182
obdThrottlePosition,CAN_ENGINE_THROTTLE_POSITION,HF_HISTORICAL,2026-09-02T19:17:19.059Z,2026-09-02T19:17:24.459Z,2026-09-02T19:17:24.265Z,2026-09-02T19:17:24.459Z,2807,16.07843137254902,16.07843137254902,fd2ee0452d954832e5ea2918a237183c43743afd67a036b0b9eb07caf60f37c2,1s,AVG,fd2ee0452d954832e5ea2918a237183c43743afd67a036b0b9eb07caf60f37c2,2026-09-02T19:17:16.059Z,2026-09-02T19:17:24.265Z,2026-09-02T19:17:24.265Z,2187
obdThrottlePosition,CAN_ENGINE_THROTTLE_POSITION,HF_HISTORICAL,2026-09-02T19:17:20.059Z,2026-09-02T19:17:24.459Z,2026-09-02T19:17:24.265Z,2026-09-02T19:17:24.459Z,2812,21.56862745098039,21.56862745098039,9b3e207e7074c6795193c015b033fa9a3485b1ed4328069a505965a644748823,1s,AVG,9b3e207e7074c6795193c015b033fa9a3485b1ed4328069a505965a644748823,2026-09-02T19:17:16.059Z,2026-09-02T19:17:24.265Z,2026-09-02T19:17:24.265Z,2192
obdThrottlePosition,CAN_ENGINE_THROTTLE_POSITION,LATEST_LIVE,2026-09-02T19:17:26.000Z,2026-09-02T19:17:30.179Z,2026-09-02T19:17:29.885Z,2026-09-02T19:17:30.179Z,2817,18.03921568627451,"{""value"":18.03921568627451,""timestamp"":""2026-09-02T19:17:26Z""}",,,,,,,,2197
obdThrottlePosition,CAN_ENGINE_THROTTLE_POSITION,HF_HISTORICAL,2026-09-02T19:17:23.265Z,2026-09-02T19:17:30.387Z,2026-09-02T19:17:30.181Z,2026-09-02T19:17:30.387Z,2822,20,20,61700b420a9dea15dcee8042a4441763cf27557d0f51672f793873195676de19,1s,AVG,61700b420a9dea15dcee8042a4441763cf27557d0f51672f793873195676de19,2026-09-02T19:17:22.265Z,2026-09-02T19:17:30.181Z,2026-09-02T19:17:30.181Z,2202
obdThrottlePosition,CAN_ENGINE_THROTTLE_POSITION,HF_HISTORICAL,2026-09-02T19:17:24.265Z,2026-09-02T19:17:30.387Z,2026-09-02T19:17:30.181Z,2026-09-02T19:17:30.387Z,2827,13.33333333333333,13.33333333333333,918312596058839f54671fd6306dfcbef034be0cfe7c0a1641febd29af78fd0e,1s,AVG,918312596058839f54671fd6306dfcbef034be0cfe7c0a1641febd29af78fd0e,2026-09-02T19:17:22.265Z,2026-09-02T19:17:30.181Z,2026-09-02T19:17:30.181Z,2207
obdThrottlePosition,CAN_ENGINE_THROTTLE_POSITION,HF_HISTORICAL,2026-09-02T19:17:25.265Z,2026-09-02T19:17:30.387Z,2026-09-02T19:17:30.181Z,2026-09-02T19:17:30.387Z,2832,18.03921568627451,18.03921568627451,ee1a0abc39d7fe79245068a1bccb7b9f26959f068634e1b4fcbf9cebcce86c55,1s,AVG,ee1a0abc39d7fe79245068a1bccb7b9f26959f068634e1b4fcbf9cebcce86c55,2026-09-02T19:17:22.265Z,2026-09-02T19:17:30.181Z,2026-09-02T19:17:30.181Z,2212
obdThrottlePosition,CAN_ENGINE_THROTTLE_POSITION,LATEST_LIVE,2026-09-02T19:17:31.000Z,2026-09-02T19:17:36.186Z,2026-09-02T19:17:35.934Z,2026-09-02T19:17:36.186Z,2837,27.05882352941176,"{""value"":27.05882352941176,""timestamp"":""2026-09-02T19:17:31Z""}",,,,,,,,2217
obdThrottlePosition,CAN_ENGINE_THROTTLE_POSITION,HF_HISTORICAL,2026-09-02T19:17:30.181Z,2026-09-02T19:17:36.473Z,2026-09-02T19:17:36.189Z,2026-09-02T19:17:36.473Z,2842,27.05882352941176,27.05882352941176,8b3c2eee1343a111bf6f6cd93e5b5f1260c6815960b7ff24c3c460ed04109e23,1s,AVG,8b3c2eee1343a111bf6f6cd93e5b5f1260c6815960b7ff24c3c460ed04109e23,2026-09-02T19:17:28.181Z,2026-09-02T19:17:36.189Z,2026-09-02T19:17:36.189Z,2222
obdThrottlePosition,CAN_ENGINE_THROTTLE_POSITION,LATEST_LIVE,2026-09-02T19:17:38.000Z,2026-09-02T19:17:42.011Z,2026-09-02T19:17:41.785Z,2026-09-02T19:17:42.011Z,2847,12.94117647058824,"{""value"":12.94117647058824,""timestamp"":""2026-09-02T19:17:38Z""}",,,,,,,,2227
obdThrottlePosition,CAN_ENGINE_THROTTLE_POSITION,HF_HISTORICAL,2026-09-02T19:17:34.189Z,2026-09-02T19:17:42.247Z,2026-09-02T19:17:42.015Z,2026-09-02T19:17:42.247Z,2852,14.50980392156863,14.50980392156863,d4d85150f21dae42e87b02102b4ecc3e9adebd02e74146eb0f91633db55afb1f,1s,AVG,d4d85150f21dae42e87b02102b4ecc3e9adebd02e74146eb0f91633db55afb1f,2026-09-02T19:17:34.189Z,2026-09-02T19:17:42.014Z,2026-09-02T19:17:42.014Z,2232
obdThrottlePosition,CAN_ENGINE_THROTTLE_POSITION,HF_HISTORICAL,2026-09-02T19:17:35.189Z,2026-09-02T19:17:42.247Z,2026-09-02T19:17:42.015Z,2026-09-02T19:17:42.247Z,2857,13.33333333333333,13.33333333333333,6762ca44f40a300450dcfc5dcebd025da6e08da27149c15cdb576527b3e97f53,1s,AVG,6762ca44f40a300450dcfc5dcebd025da6e08da27149c15cdb576527b3e97f53,2026-09-02T19:17:34.189Z,2026-09-02T19:17:42.014Z,2026-09-02T19:17:42.014Z,2237
obdThrottlePosition,CAN_ENGINE_THROTTLE_POSITION,HF_HISTORICAL,2026-09-02T19:17:37.189Z,2026-09-02T19:17:42.247Z,2026-09-02T19:17:42.015Z,2026-09-02T19:17:42.247Z,2862,12.94117647058824,12.94117647058824,57ed488ae86090c7cc995224a36b9d9184afc48904ffb2adbb009f26ef98dab9,1s,AVG,57ed488ae86090c7cc995224a36b9d9184afc48904ffb2adbb009f26ef98dab9,2026-09-02T19:17:34.189Z,2026-09-02T19:17:42.014Z,2026-09-02T19:17:42.014Z,2242
obdThrottlePosition,CAN_ENGINE_THROTTLE_POSITION,LATEST_LIVE,2026-09-02T19:17:42.000Z,2026-09-02T19:17:47.825Z,2026-09-02T19:17:47.610Z,2026-09-02T19:17:47.825Z,2867,12.94117647058824,"{""value"":12.94117647058824,""timestamp"":""2026-09-02T19:17:42Z""}",,,,,,,,2247
obdThrottlePosition,CAN_ENGINE_THROTTLE_POSITION,HF_HISTORICAL,2026-09-02T19:17:40.014Z,2026-09-02T19:17:48.096Z,2026-09-02T19:17:47.828Z,2026-09-02T19:17:48.096Z,2872,15.29411764705882,15.29411764705882,fa8c97bdedccf2b53cc89b0e46516cb5b7d21a1b033c187555772691d83bc061,1s,AVG,fa8c97bdedccf2b53cc89b0e46516cb5b7d21a1b033c187555772691d83bc061,2026-09-02T19:17:40.014Z,2026-09-02T19:17:47.827Z,2026-09-02T19:17:47.827Z,2252
obdThrottlePosition,CAN_ENGINE_THROTTLE_POSITION,HF_HISTORICAL,2026-09-02T19:17:41.014Z,2026-09-02T19:17:48.096Z,2026-09-02T19:17:47.828Z,2026-09-02T19:17:48.096Z,2877,12.94117647058824,12.94117647058824,2f2a4a52e0b8ade1b4f74431ceae6dfb11ef3afa6e0f1e7c36e4953979e6e6d9,1s,AVG,2f2a4a52e0b8ade1b4f74431ceae6dfb11ef3afa6e0f1e7c36e4953979e6e6d9,2026-09-02T19:17:40.014Z,2026-09-02T19:17:47.827Z,2026-09-02T19:17:47.827Z,2257
obdThrottlePosition,CAN_ENGINE_THROTTLE_POSITION,LATEST_LIVE,2026-09-02T19:17:49.000Z,2026-09-02T19:17:53.775Z,2026-09-02T19:17:53.449Z,2026-09-02T19:17:53.775Z,2882,23.92156862745098,"{""value"":23.92156862745098,""timestamp"":""2026-09-02T19:17:49Z""}",,,,,,,,2262
obdThrottlePosition,CAN_ENGINE_THROTTLE_POSITION,HF_HISTORICAL,2026-09-02T19:17:45.827Z,2026-09-02T19:17:54.020Z,2026-09-02T19:17:53.776Z,2026-09-02T19:17:54.020Z,2887,12.94117647058824,12.94117647058824,37eb684acf207143eda021a8e6070d06d072bc30bd03f8a4c5cdbabe6a5f9688,1s,AVG,37eb684acf207143eda021a8e6070d06d072bc30bd03f8a4c5cdbabe6a5f9688,2026-09-02T19:17:45.827Z,2026-09-02T19:17:53.776Z,2026-09-02T19:17:53.776Z,2267
obdThrottlePosition,CAN_ENGINE_THROTTLE_POSITION,HF_HISTORICAL,2026-09-02T19:17:46.827Z,2026-09-02T19:17:54.020Z,2026-09-02T19:17:53.776Z,2026-09-02T19:17:54.020Z,2892,22.35294117647059,22.35294117647059,ac637054bf318bfe10003f19f85b2cd24f444f4ad091ef5cdec30f2fff1130b6,1s,AVG,ac637054bf318bfe10003f19f85b2cd24f444f4ad091ef5cdec30f2fff1130b6,2026-09-02T19:17:45.827Z,2026-09-02T19:17:53.776Z,2026-09-02T19:17:53.776Z,2272
obdThrottlePosition,CAN_ENGINE_THROTTLE_POSITION,HF_HISTORICAL,2026-09-02T19:17:48.827Z,2026-09-02T19:17:54.020Z,2026-09-02T19:17:53.776Z,2026-09-02T19:17:54.020Z,2897,23.92156862745098,23.92156862745098,1e34068830a21032ab69ed5a94ca2c145247f2969b83215886078aca6e880335,1s,AVG,1e34068830a21032ab69ed5a94ca2c145247f2969b83215886078aca6e880335,2026-09-02T19:17:45.827Z,2026-09-02T19:17:53.776Z,2026-09-02T19:17:53.776Z,2277
obdThrottlePosition,CAN_ENGINE_THROTTLE_POSITION,LATEST_LIVE,2026-09-02T19:17:56.000Z,2026-09-02T19:17:59.865Z,2026-09-02T19:17:59.582Z,2026-09-02T19:17:59.865Z,2928,12.15686274509804,"{""value"":12.15686274509804,""timestamp"":""2026-09-02T19:17:56Z""}",,,,,,,,2288
obdThrottlePosition,CAN_ENGINE_THROTTLE_POSITION,HF_HISTORICAL,2026-09-02T19:17:52.776Z,2026-09-02T19:18:00.193Z,2026-09-02T19:17:59.866Z,2026-09-02T19:18:00.193Z,2933,14.11764705882353,14.11764705882353,0e2d35596cfcc48af7d7c883895ebfe278451bee37c633174f1ea1aa97a00415,1s,AVG,0e2d35596cfcc48af7d7c883895ebfe278451bee37c633174f1ea1aa97a00415,2026-09-02T19:17:51.776Z,2026-09-02T19:17:59.866Z,2026-09-02T19:17:59.866Z,2293
obdThrottlePosition,CAN_ENGINE_THROTTLE_POSITION,HF_HISTORICAL,2026-09-02T19:17:53.776Z,2026-09-02T19:18:00.193Z,2026-09-02T19:17:59.866Z,2026-09-02T19:18:00.193Z,2938,12.94117647058824,12.94117647058824,93e53abb2fccfc71fb2915d72816d4f1bf11a98e960ef39e7634cbd9bd50e4dc,1s,AVG,93e53abb2fccfc71fb2915d72816d4f1bf11a98e960ef39e7634cbd9bd50e4dc,2026-09-02T19:17:51.776Z,2026-09-02T19:17:59.866Z,2026-09-02T19:17:59.866Z,2298
obdThrottlePosition,CAN_ENGINE_THROTTLE_POSITION,HF_HISTORICAL,2026-09-02T19:17:55.776Z,2026-09-02T19:18:00.193Z,2026-09-02T19:17:59.866Z,2026-09-02T19:18:00.193Z,2943,12.15686274509804,12.15686274509804,f501442f846744c16675e97817af7bb321e1af459947b34b16ca4c804269c0a2,1s,AVG,f501442f846744c16675e97817af7bb321e1af459947b34b16ca4c804269c0a2,2026-09-02T19:17:51.776Z,2026-09-02T19:17:59.866Z,2026-09-02T19:17:59.866Z,2303
obdThrottlePosition,CAN_ENGINE_THROTTLE_POSITION,LATEST_LIVE,2026-09-02T19:18:02.000Z,2026-09-02T19:18:05.969Z,2026-09-02T19:18:05.555Z,2026-09-02T19:18:05.969Z,2948,12.15686274509804,"{""value"":12.15686274509804,""timestamp"":""2026-09-02T19:18:02Z""}",,,,,,,,2308
obdThrottlePosition,CAN_ENGINE_THROTTLE_POSITION,HF_HISTORICAL,2026-09-02T19:17:59.866Z,2026-09-02T19:18:06.188Z,2026-09-02T19:18:05.970Z,2026-09-02T19:18:06.188Z,2953,12.54901960784314,12.54901960784314,6afdacc86216cb6ba4761ed4bb6b287d402572b75890b41e99137fa39a5955fb,1s,AVG,6afdacc86216cb6ba4761ed4bb6b287d402572b75890b41e99137fa39a5955fb,2026-09-02T19:17:57.866Z,2026-09-02T19:18:05.970Z,2026-09-02T19:18:05.970Z,2313
obdThrottlePosition,CAN_ENGINE_THROTTLE_POSITION,HF_HISTORICAL,2026-09-02T19:18:01.866Z,2026-09-02T19:18:06.188Z,2026-09-02T19:18:05.970Z,2026-09-02T19:18:06.188Z,2958,12.15686274509804,12.15686274509804,fa379f3dd3bdeb135864cd4e9feddbebb15166392c8d3d833cda39f10c1e395c,1s,AVG,fa379f3dd3bdeb135864cd4e9feddbebb15166392c8d3d833cda39f10c1e395c,2026-09-02T19:17:57.866Z,2026-09-02T19:18:05.970Z,2026-09-02T19:18:05.970Z,2318
obdThrottlePosition,CAN_ENGINE_THROTTLE_POSITION,LATEST_LIVE,2026-09-02T19:18:08.000Z,2026-09-02T19:18:11.772Z,2026-09-02T19:18:11.486Z,2026-09-02T19:18:11.772Z,2963,12.15686274509804,"{""value"":12.15686274509804,""timestamp"":""2026-09-02T19:18:08Z""}",,,,,,,,2323
obdThrottlePosition,CAN_ENGINE_THROTTLE_POSITION,HF_HISTORICAL,2026-09-02T19:18:04.970Z,2026-09-02T19:18:11.975Z,2026-09-02T19:18:11.777Z,2026-09-02T19:18:11.975Z,2968,12.15686274509804,12.15686274509804,ac74929784a0534ec785dbab3132399c34ec57a0599266f5303fcf3803d97caa,1s,AVG,ac74929784a0534ec785dbab3132399c34ec57a0599266f5303fcf3803d97caa,2026-09-02T19:18:03.970Z,2026-09-02T19:18:11.777Z,2026-09-02T19:18:11.777Z,2328
obdThrottlePosition,CAN_ENGINE_THROTTLE_POSITION,HF_HISTORICAL,2026-09-02T19:18:05.970Z,2026-09-02T19:18:11.975Z,2026-09-02T19:18:11.777Z,2026-09-02T19:18:11.975Z,2973,12.15686274509804,12.15686274509804,a97b7d45dceef22f9e2cabe9f49d6f5e245534e104818c8dfeeeb7ccb83257f7,1s,AVG,a97b7d45dceef22f9e2cabe9f49d6f5e245534e104818c8dfeeeb7ccb83257f7,2026-09-02T19:18:03.970Z,2026-09-02T19:18:11.777Z,2026-09-02T19:18:11.777Z,2333
obdThrottlePosition,CAN_ENGINE_THROTTLE_POSITION,HF_HISTORICAL,2026-09-02T19:18:07.970Z,2026-09-02T19:18:11.975Z,2026-09-02T19:18:11.777Z,2026-09-02T19:18:11.975Z,2978,12.15686274509804,12.15686274509804,3cad8bcaacc1397ed76416d3f7f23517bffad280017ab4e111b196649bbbb71b,1s,AVG,3cad8bcaacc1397ed76416d3f7f23517bffad280017ab4e111b196649bbbb71b,2026-09-02T19:18:03.970Z,2026-09-02T19:18:11.777Z,2026-09-02T19:18:11.777Z,2338
obdThrottlePosition,CAN_ENGINE_THROTTLE_POSITION,LATEST_LIVE,2026-09-02T19:18:12.000Z,2026-09-02T19:18:17.525Z,2026-09-02T19:18:17.315Z,2026-09-02T19:18:17.525Z,2983,12.15686274509804,"{""value"":12.15686274509804,""timestamp"":""2026-09-02T19:18:12Z""}",,,,,,,,2343
obdThrottlePosition,CAN_ENGINE_THROTTLE_POSITION,HF_HISTORICAL,2026-09-02T19:18:10.777Z,2026-09-02T19:18:17.740Z,2026-09-02T19:18:17.528Z,2026-09-02T19:18:17.740Z,2988,12.15686274509804,12.15686274509804,b04712bad9cd4a0b2a01599f67ea77789e52df9eb48099e2b903018bd8b7aa17,1s,AVG,b04712bad9cd4a0b2a01599f67ea77789e52df9eb48099e2b903018bd8b7aa17,2026-09-02T19:18:09.777Z,2026-09-02T19:18:17.528Z,2026-09-02T19:18:17.528Z,2348
obdThrottlePosition,CAN_ENGINE_THROTTLE_POSITION,HF_HISTORICAL,2026-09-02T19:18:11.777Z,2026-09-02T19:18:17.740Z,2026-09-02T19:18:17.528Z,2026-09-02T19:18:17.740Z,2993,12.15686274509804,12.15686274509804,650871d584b62aaa10dadcb1163fd9170414f0174fb0a15b496a428506e584c9,1s,AVG,650871d584b62aaa10dadcb1163fd9170414f0174fb0a15b496a428506e584c9,2026-09-02T19:18:09.777Z,2026-09-02T19:18:17.528Z,2026-09-02T19:18:17.528Z,2353
obdThrottlePosition,CAN_ENGINE_THROTTLE_POSITION,LATEST_LIVE,2026-09-02T19:18:19.000Z,2026-09-02T19:18:23.318Z,2026-09-02T19:18:23.071Z,2026-09-02T19:18:23.318Z,2998,84.70588235294117,"{""value"":84.70588235294117,""timestamp"":""2026-09-02T19:18:19Z""}",,,,,,,,2358
obdThrottlePosition,CAN_ENGINE_THROTTLE_POSITION,HF_HISTORICAL,2026-09-02T19:18:16.528Z,2026-09-02T19:18:23.553Z,2026-09-02T19:18:23.321Z,2026-09-02T19:18:23.553Z,3003,12.15686274509804,12.15686274509804,c342315877cec1c20dcde0e1810bda6954e4d77ba9e4239358f08639c912d713,1s,AVG,c342315877cec1c20dcde0e1810bda6954e4d77ba9e4239358f08639c912d713,2026-09-02T19:18:15.528Z,2026-09-02T19:18:23.321Z,2026-09-02T19:18:23.321Z,2363
obdThrottlePosition,CAN_ENGINE_THROTTLE_POSITION,HF_HISTORICAL,2026-09-02T19:18:17.528Z,2026-09-02T19:18:23.553Z,2026-09-02T19:18:23.321Z,2026-09-02T19:18:23.553Z,3008,10.58823529411765,10.58823529411765,2d6b6ba38d202494d753d0f6fefca8be735ce586c27c8f102d01d491ce24e622,1s,AVG,2d6b6ba38d202494d753d0f6fefca8be735ce586c27c8f102d01d491ce24e622,2026-09-02T19:18:15.528Z,2026-09-02T19:18:23.321Z,2026-09-02T19:18:23.321Z,2368
obdThrottlePosition,CAN_ENGINE_THROTTLE_POSITION,HF_HISTORICAL,2026-09-02T19:18:18.528Z,2026-09-02T19:18:23.553Z,2026-09-02T19:18:23.321Z,2026-09-02T19:18:23.553Z,3013,84.70588235294117,84.70588235294117,87b488aeb05d7d59bb8d6a7cb8fbddbe9e67cbe9f129762fcdad288a40b16d2b,1s,AVG,87b488aeb05d7d59bb8d6a7cb8fbddbe9e67cbe9f129762fcdad288a40b16d2b,2026-09-02T19:18:15.528Z,2026-09-02T19:18:23.321Z,2026-09-02T19:18:23.321Z,2373
obdThrottlePosition,CAN_ENGINE_THROTTLE_POSITION,LATEST_LIVE,2026-09-02T19:18:25.000Z,2026-09-02T19:18:29.214Z,2026-09-02T19:18:28.893Z,2026-09-02T19:18:29.214Z,3018,26.66666666666667,"{""value"":26.66666666666667,""timestamp"":""2026-09-02T19:18:25Z""}",,,,,,,,2378
obdThrottlePosition,CAN_ENGINE_THROTTLE_POSITION,HF_HISTORICAL,2026-09-02T19:18:21.321Z,2026-09-02T19:18:29.482Z,2026-09-02T19:18:29.216Z,2026-09-02T19:18:29.482Z,3023,14.11764705882353,14.11764705882353,56019d11ebe699b56082d755db3440c90a089e6275da6e342a819c0820ffd1f7,1s,AVG,56019d11ebe699b56082d755db3440c90a089e6275da6e342a819c0820ffd1f7,2026-09-02T19:18:21.321Z,2026-09-02T19:18:29.215Z,2026-09-02T19:18:29.215Z,2383
obdThrottlePosition,CAN_ENGINE_THROTTLE_POSITION,HF_HISTORICAL,2026-09-02T19:18:22.321Z,2026-09-02T19:18:29.482Z,2026-09-02T19:18:29.216Z,2026-09-02T19:18:29.482Z,3028,13.72549019607843,13.72549019607843,6d52eadf7e8dcea76e0b31c39a526fda43698304ed7949d03a9098e9ad0618ff,1s,AVG,6d52eadf7e8dcea76e0b31c39a526fda43698304ed7949d03a9098e9ad0618ff,2026-09-02T19:18:21.321Z,2026-09-02T19:18:29.215Z,2026-09-02T19:18:29.215Z,2388
obdThrottlePosition,CAN_ENGINE_THROTTLE_POSITION,HF_HISTORICAL,2026-09-02T19:18:23.321Z,2026-09-02T19:18:29.482Z,2026-09-02T19:18:29.216Z,2026-09-02T19:18:29.482Z,3033,12.15686274509804,12.15686274509804,af7688be67682efc7268586b02f894d18421d32ef8babd19f769753142b5a2a2,1s,AVG,af7688be67682efc7268586b02f894d18421d32ef8babd19f769753142b5a2a2,2026-09-02T19:18:21.321Z,2026-09-02T19:18:29.215Z,2026-09-02T19:18:29.215Z,2393
obdThrottlePosition,CAN_ENGINE_THROTTLE_POSITION,HF_HISTORICAL,2026-09-02T19:18:24.321Z,2026-09-02T19:18:29.482Z,2026-09-02T19:18:29.216Z,2026-09-02T19:18:29.482Z,3038,26.66666666666667,26.66666666666667,297bbe79e5ab978028fc29305c142a24689613f6824ac3319639c776bd1b603c,1s,AVG,297bbe79e5ab978028fc29305c142a24689613f6824ac3319639c776bd1b603c,2026-09-02T19:18:21.321Z,2026-09-02T19:18:29.215Z,2026-09-02T19:18:29.215Z,2398
obdThrottlePosition,CAN_ENGINE_THROTTLE_POSITION,LATEST_LIVE,2026-09-02T19:18:28.000Z,2026-09-02T19:18:35.252Z,2026-09-02T19:18:35.032Z,2026-09-02T19:18:35.252Z,3069,12.15686274509804,"{""value"":12.15686274509804,""timestamp"":""2026-09-02T19:18:28Z""}",,,,,,,,2409
obdThrottlePosition,CAN_ENGINE_THROTTLE_POSITION,HF_HISTORICAL,2026-09-02T19:18:27.215Z,2026-09-02T19:18:35.436Z,2026-09-02T19:18:35.253Z,2026-09-02T19:18:35.436Z,3074,12.15686274509804,12.15686274509804,dbd33d3c17820d0c8f2da7f1d583fda1310f90ac41c48538ba8440e0902be7e2,1s,AVG,dbd33d3c17820d0c8f2da7f1d583fda1310f90ac41c48538ba8440e0902be7e2,2026-09-02T19:18:27.215Z,2026-09-02T19:18:35.253Z,2026-09-02T19:18:35.253Z,2414
obdThrottlePosition,CAN_ENGINE_THROTTLE_POSITION,LATEST_LIVE,2026-09-02T19:18:38.000Z,2026-09-02T19:18:41.016Z,2026-09-02T19:18:40.766Z,2026-09-02T19:18:41.016Z,3079,10.19607843137255,"{""value"":10.19607843137255,""timestamp"":""2026-09-02T19:18:38Z""}",,,,,,,,2419
obdThrottlePosition,CAN_ENGINE_THROTTLE_POSITION,HF_HISTORICAL,2026-09-02T19:18:33.253Z,2026-09-02T19:18:41.230Z,2026-09-02T19:18:41.017Z,2026-09-02T19:18:41.230Z,3084,19.6078431372549,19.6078431372549,283bc2fc9ab1ef18698efa44d26ad9579f5557fa205da70d38fe351a4b75bc09,1s,AVG,283bc2fc9ab1ef18698efa44d26ad9579f5557fa205da70d38fe351a4b75bc09,2026-09-02T19:18:33.253Z,2026-09-02T19:18:41.017Z,2026-09-02T19:18:41.017Z,2424
obdThrottlePosition,CAN_ENGINE_THROTTLE_POSITION,HF_HISTORICAL,2026-09-02T19:18:34.253Z,2026-09-02T19:18:41.230Z,2026-09-02T19:18:41.017Z,2026-09-02T19:18:41.230Z,3089,16.47058823529412,16.47058823529412,3e068500b33e2185a6fe831e754fcab9dd6d6808932eb9d6928b0ca02b1df8dd,1s,AVG,3e068500b33e2185a6fe831e754fcab9dd6d6808932eb9d6928b0ca02b1df8dd,2026-09-02T19:18:33.253Z,2026-09-02T19:18:41.017Z,2026-09-02T19:18:41.017Z,2429
obdThrottlePosition,CAN_ENGINE_THROTTLE_POSITION,HF_HISTORICAL,2026-09-02T19:18:36.253Z,2026-09-02T19:18:41.230Z,2026-09-02T19:18:41.017Z,2026-09-02T19:18:41.230Z,3094,20.3921568627451,20.3921568627451,36a88ea74a6bb1d89d13bdd0be42d793230dc9556afe07b3bf80ad3712dd38e8,1s,AVG,36a88ea74a6bb1d89d13bdd0be42d793230dc9556afe07b3bf80ad3712dd38e8,2026-09-02T19:18:33.253Z,2026-09-02T19:18:41.017Z,2026-09-02T19:18:41.017Z,2434
obdThrottlePosition,CAN_ENGINE_THROTTLE_POSITION,HF_HISTORICAL,2026-09-02T19:18:37.253Z,2026-09-02T19:18:41.230Z,2026-09-02T19:18:41.017Z,2026-09-02T19:18:41.230Z,3099,10.19607843137255,10.19607843137255,4f7c1d83d8b03733412a886bd70939283fe6ff1b507cca770b25b890dae3b158,1s,AVG,4f7c1d83d8b03733412a886bd70939283fe6ff1b507cca770b25b890dae3b158,2026-09-02T19:18:33.253Z,2026-09-02T19:18:41.017Z,2026-09-02T19:18:41.017Z,2439
obdThrottlePosition,CAN_ENGINE_THROTTLE_POSITION,LATEST_LIVE,2026-09-02T19:18:43.000Z,2026-09-02T19:18:47.084Z,2026-09-02T19:18:46.812Z,2026-09-02T19:18:47.084Z,3104,14.11764705882353,"{""value"":14.11764705882353,""timestamp"":""2026-09-02T19:18:43Z""}",,,,,,,,2444
obdThrottlePosition,CAN_ENGINE_THROTTLE_POSITION,HF_HISTORICAL,2026-09-02T19:18:40.017Z,2026-09-02T19:18:47.495Z,2026-09-02T19:18:47.085Z,2026-09-02T19:18:47.495Z,3109,11.37254901960784,11.37254901960784,ae0e80fc03ed9635a6ff702f8334c83fa74ba8c515e5b3662c62be58f32e4a0a,1s,AVG,ae0e80fc03ed9635a6ff702f8334c83fa74ba8c515e5b3662c62be58f32e4a0a,2026-09-02T19:18:39.017Z,2026-09-02T19:18:47.085Z,2026-09-02T19:18:47.085Z,2449
obdThrottlePosition,CAN_ENGINE_THROTTLE_POSITION,HF_HISTORICAL,2026-09-02T19:18:41.017Z,2026-09-02T19:18:47.495Z,2026-09-02T19:18:47.085Z,2026-09-02T19:18:47.495Z,3114,16.07843137254902,16.07843137254902,af78e93de9be3ca9116ed523e802493d74a8c3ba00f4f8b142a3ad32598abc94,1s,AVG,af78e93de9be3ca9116ed523e802493d74a8c3ba00f4f8b142a3ad32598abc94,2026-09-02T19:18:39.017Z,2026-09-02T19:18:47.085Z,2026-09-02T19:18:47.085Z,2454
obdThrottlePosition,CAN_ENGINE_THROTTLE_POSITION,HF_HISTORICAL,2026-09-02T19:18:42.017Z,2026-09-02T19:18:47.495Z,2026-09-02T19:18:47.085Z,2026-09-02T19:18:47.495Z,3119,14.11764705882353,14.11764705882353,a102745f7aeadff2dfb99e060662f60b96816175f133172501489f74bfcf3ec8,1s,AVG,a102745f7aeadff2dfb99e060662f60b96816175f133172501489f74bfcf3ec8,2026-09-02T19:18:39.017Z,2026-09-02T19:18:47.085Z,2026-09-02T19:18:47.085Z,2459
obdThrottlePosition,CAN_ENGINE_THROTTLE_POSITION,LATEST_LIVE,2026-09-02T19:18:50.000Z,2026-09-02T19:18:53.091Z,2026-09-02T19:18:52.850Z,2026-09-02T19:18:53.091Z,3124,10.58823529411765,"{""value"":10.58823529411765,""timestamp"":""2026-09-02T19:18:50Z""}",,,,,,,,2464
obdThrottlePosition,CAN_ENGINE_THROTTLE_POSITION,HF_HISTORICAL,2026-09-02T19:18:45.085Z,2026-09-02T19:18:53.308Z,2026-09-02T19:18:53.094Z,2026-09-02T19:18:53.308Z,3129,10.58823529411765,10.58823529411765,b8c988d777f9fd256516abd783299bbbbd4a9f48cb9ae607ea8c368ff62b0cda,1s,AVG,b8c988d777f9fd256516abd783299bbbbd4a9f48cb9ae607ea8c368ff62b0cda,2026-09-02T19:18:45.085Z,2026-09-02T19:18:53.094Z,2026-09-02T19:18:53.094Z,2469
obdThrottlePosition,CAN_ENGINE_THROTTLE_POSITION,HF_HISTORICAL,2026-09-02T19:18:46.085Z,2026-09-02T19:18:53.308Z,2026-09-02T19:18:53.094Z,2026-09-02T19:18:53.308Z,3134,17.25490196078431,17.25490196078431,d05a96ee088206d4865673c01a80a850b5a1665949d10daa2a985909aa9d7293,1s,AVG,d05a96ee088206d4865673c01a80a850b5a1665949d10daa2a985909aa9d7293,2026-09-02T19:18:45.085Z,2026-09-02T19:18:53.094Z,2026-09-02T19:18:53.094Z,2474
obdThrottlePosition,CAN_ENGINE_THROTTLE_POSITION,HF_HISTORICAL,2026-09-02T19:18:48.085Z,2026-09-02T19:18:53.308Z,2026-09-02T19:18:53.094Z,2026-09-02T19:18:53.308Z,3139,22.35294117647059,22.35294117647059,63ce2aa7ef0d72fc0c7a0986fb7bfbfdedd7e9b48a1f8c1696a4ce6901c790bb,1s,AVG,63ce2aa7ef0d72fc0c7a0986fb7bfbfdedd7e9b48a1f8c1696a4ce6901c790bb,2026-09-02T19:18:45.085Z,2026-09-02T19:18:53.094Z,2026-09-02T19:18:53.094Z,2479
obdThrottlePosition,CAN_ENGINE_THROTTLE_POSITION,HF_HISTORICAL,2026-09-02T19:18:49.085Z,2026-09-02T19:18:53.308Z,2026-09-02T19:18:53.094Z,2026-09-02T19:18:53.308Z,3143,10.58823529411765,10.58823529411765,8c9525dd938616b7a3db306189a268a469a67bce4b3ee223a9059985d76c3c4c,1s,AVG,8c9525dd938616b7a3db306189a268a469a67bce4b3ee223a9059985d76c3c4c,2026-09-02T19:18:45.085Z,2026-09-02T19:18:53.094Z,2026-09-02T19:18:53.094Z,2483
obdThrottlePosition,CAN_ENGINE_THROTTLE_POSITION,LATEST_LIVE,2026-09-02T19:18:55.000Z,2026-09-02T19:18:58.881Z,2026-09-02T19:18:58.583Z,2026-09-02T19:18:58.881Z,3147,23.13725490196078,"{""value"":23.13725490196078,""timestamp"":""2026-09-02T19:18:55Z""}",,,,,,,,2487
obdThrottlePosition,CAN_ENGINE_THROTTLE_POSITION,HF_HISTORICAL,2026-09-02T19:18:52.094Z,2026-09-02T19:18:59.094Z,2026-09-02T19:18:58.883Z,2026-09-02T19:18:59.094Z,3152,18.43137254901961,18.43137254901961,92227866b812b99e552a756e7411aa38106d57e63a5b66f3956fc8630f847c34,1s,AVG,92227866b812b99e552a756e7411aa38106d57e63a5b66f3956fc8630f847c34,2026-09-02T19:18:51.094Z,2026-09-02T19:18:58.883Z,2026-09-02T19:18:58.883Z,2492
obdThrottlePosition,CAN_ENGINE_THROTTLE_POSITION,HF_HISTORICAL,2026-09-02T19:18:53.094Z,2026-09-02T19:18:59.094Z,2026-09-02T19:18:58.883Z,2026-09-02T19:18:59.094Z,3157,14.50980392156863,14.50980392156863,070fc9abd6192161d7254d701392c14ff53d71ef3c2c2d06eb139b1b2004b80c,1s,AVG,070fc9abd6192161d7254d701392c14ff53d71ef3c2c2d06eb139b1b2004b80c,2026-09-02T19:18:51.094Z,2026-09-02T19:18:58.883Z,2026-09-02T19:18:58.883Z,2497
obdThrottlePosition,CAN_ENGINE_THROTTLE_POSITION,HF_HISTORICAL,2026-09-02T19:18:54.094Z,2026-09-02T19:18:59.094Z,2026-09-02T19:18:58.883Z,2026-09-02T19:18:59.094Z,3162,23.13725490196078,23.13725490196078,8dd391dad70537c93eae265b316baab5724d04d2f406d74a3031bb3476c06c11,1s,AVG,8dd391dad70537c93eae265b316baab5724d04d2f406d74a3031bb3476c06c11,2026-09-02T19:18:51.094Z,2026-09-02T19:18:58.883Z,2026-09-02T19:18:58.883Z,2502
obdThrottlePosition,CAN_ENGINE_THROTTLE_POSITION,LATEST_LIVE,2026-09-02T19:19:01.000Z,2026-09-02T19:19:04.708Z,2026-09-02T19:19:04.436Z,2026-09-02T19:19:04.708Z,3167,16.47058823529412,"{""value"":16.47058823529412,""timestamp"":""2026-09-02T19:19:01Z""}",,,,,,,,2507
obdThrottlePosition,CAN_ENGINE_THROTTLE_POSITION,HF_HISTORICAL,2026-09-02T19:18:57.883Z,2026-09-02T19:19:04.923Z,2026-09-02T19:19:04.712Z,2026-09-02T19:19:04.923Z,3172,16.47058823529412,16.47058823529412,14c4006382644bf6570a72facc9282b1adf489071a6b9f7f52bc08f667ec6dd4,1s,AVG,14c4006382644bf6570a72facc9282b1adf489071a6b9f7f52bc08f667ec6dd4,2026-09-02T19:18:56.883Z,2026-09-02T19:19:04.712Z,2026-09-02T19:19:04.712Z,2512
obdThrottlePosition,CAN_ENGINE_THROTTLE_POSITION,HF_HISTORICAL,2026-09-02T19:19:00.883Z,2026-09-02T19:19:04.923Z,2026-09-02T19:19:04.712Z,2026-09-02T19:19:04.923Z,3177,16.47058823529412,16.47058823529412,a874ab2c2b747e3345b48954a630cdac6ed22321dbbd2823884f9981d06d9f1b,1s,AVG,a874ab2c2b747e3345b48954a630cdac6ed22321dbbd2823884f9981d06d9f1b,2026-09-02T19:18:56.883Z,2026-09-02T19:19:04.712Z,2026-09-02T19:19:04.712Z,2517
obdThrottlePosition,CAN_ENGINE_THROTTLE_POSITION,LATEST_LIVE,2026-09-02T19:19:05.000Z,2026-09-02T19:19:10.759Z,2026-09-02T19:19:10.465Z,2026-09-02T19:19:10.759Z,3208,23.13725490196078,"{""value"":23.13725490196078,""timestamp"":""2026-09-02T19:19:05Z""}",,,,,,,,2528
obdThrottlePosition,CAN_ENGINE_THROTTLE_POSITION,HF_HISTORICAL,2026-09-02T19:19:02.712Z,2026-09-02T19:19:10.959Z,2026-09-02T19:19:10.760Z,2026-09-02T19:19:10.959Z,3213,19.2156862745098,19.2156862745098,be48d130478a52bca310883c3e95055705a0e1017268800d26ca11e16b9f05d0,1s,AVG,be48d130478a52bca310883c3e95055705a0e1017268800d26ca11e16b9f05d0,2026-09-02T19:19:02.712Z,2026-09-02T19:19:10.760Z,2026-09-02T19:19:10.760Z,2533
obdThrottlePosition,CAN_ENGINE_THROTTLE_POSITION,HF_HISTORICAL,2026-09-02T19:19:04.712Z,2026-09-02T19:19:10.959Z,2026-09-02T19:19:10.760Z,2026-09-02T19:19:10.959Z,3218,23.13725490196078,23.13725490196078,deb7fb4cdb2eefd4f1638bb6232e0100a4220c66fbaa9247b07c8607c66ec01f,1s,AVG,deb7fb4cdb2eefd4f1638bb6232e0100a4220c66fbaa9247b07c8607c66ec01f,2026-09-02T19:19:02.712Z,2026-09-02T19:19:10.760Z,2026-09-02T19:19:10.760Z,2538
obdThrottlePosition,CAN_ENGINE_THROTTLE_POSITION,LATEST_LIVE,2026-09-02T19:19:06.000Z,2026-09-02T19:19:16.556Z,2026-09-02T19:19:16.302Z,2026-09-02T19:19:16.556Z,3223,23.13725490196078,"{""value"":23.13725490196078,""timestamp"":""2026-09-02T19:19:06Z""}",,,,,,,,2543
obdThrottlePosition,CAN_ENGINE_THROTTLE_POSITION,HF_HISTORICAL,2026-09-02T19:19:12.760Z,2026-09-02T19:19:16.760Z,2026-09-02T19:19:16.558Z,2026-09-02T19:19:16.760Z,3228,12.94117647058824,12.94117647058824,39943b2066a2a3bad506d58c8e0c5f8a46804f8a7838824157bdac4e10035169,1s,AVG,39943b2066a2a3bad506d58c8e0c5f8a46804f8a7838824157bdac4e10035169,2026-09-02T19:19:08.760Z,2026-09-02T19:19:16.558Z,2026-09-02T19:19:16.558Z,2548
obdThrottlePosition,CAN_ENGINE_THROTTLE_POSITION,LATEST_LIVE,2026-09-02T19:19:13.000Z,2026-09-02T19:19:22.339Z,2026-09-02T19:19:22.137Z,2026-09-02T19:19:22.339Z,3233,12.94117647058824,"{""value"":12.94117647058824,""timestamp"":""2026-09-02T19:19:13Z""}",,,,,,,,2553
obdThrottlePosition,CAN_ENGINE_THROTTLE_POSITION,LATEST_LIVE,2026-09-02T19:19:13.000Z,2026-09-02T19:19:28.022Z,2026-09-02T19:19:27.765Z,2026-09-02T19:19:28.022Z,3238,12.94117647058824,"{""value"":12.94117647058824,""timestamp"":""2026-09-02T19:19:13Z""}",,,,,,,,2558
obdThrottlePosition,CAN_ENGINE_THROTTLE_POSITION,LATEST_LIVE,2026-09-02T19:19:13.000Z,2026-09-02T19:19:33.812Z,2026-09-02T19:19:33.498Z,2026-09-02T19:19:33.812Z,3243,12.94117647058824,"{""value"":12.94117647058824,""timestamp"":""2026-09-02T19:19:13Z""}",,,,,,,,2563
obdThrottlePosition,CAN_ENGINE_THROTTLE_POSITION,LATEST_LIVE,2026-09-02T19:19:13.000Z,2026-09-02T19:19:39.845Z,2026-09-02T19:19:39.445Z,2026-09-02T19:19:39.845Z,3248,12.94117647058824,"{""value"":12.94117647058824,""timestamp"":""2026-09-02T19:19:13Z""}",,,,,,,,2568
obdThrottlePosition,CAN_ENGINE_THROTTLE_POSITION,LATEST_LIVE,2026-09-02T19:19:13.000Z,2026-09-02T19:19:45.999Z,2026-09-02T19:19:45.787Z,2026-09-02T19:19:45.999Z,3279,12.94117647058824,"{""value"":12.94117647058824,""timestamp"":""2026-09-02T19:19:13Z""}",,,,,,,,2579
obdThrottlePosition,CAN_ENGINE_THROTTLE_POSITION,LATEST_LIVE,2026-09-02T19:19:17.000Z,2026-09-02T19:19:51.715Z,2026-09-02T19:19:51.515Z,2026-09-02T19:19:51.715Z,3284,18.43137254901961,"{""value"":18.43137254901961,""timestamp"":""2026-09-02T19:19:17Z""}",,,,,,,,2584
obdThrottlePosition,CAN_ENGINE_THROTTLE_POSITION,LATEST_LIVE,2026-09-02T19:19:17.000Z,2026-09-02T19:19:59.622Z,2026-09-02T19:19:57.362Z,2026-09-02T19:19:59.622Z,3289,18.43137254901961,"{""value"":18.43137254901961,""timestamp"":""2026-09-02T19:19:17Z""}",,,,,,,,2589
obdThrottlePosition,CAN_ENGINE_THROTTLE_POSITION,LATEST_LIVE,2026-09-02T19:19:17.000Z,2026-09-02T19:20:06.820Z,2026-09-02T19:20:05.464Z,2026-09-02T19:20:06.820Z,3294,18.43137254901961,"{""value"":18.43137254901961,""timestamp"":""2026-09-02T19:19:17Z""}",,,,,,,,2594
obdThrottlePosition,CAN_ENGINE_THROTTLE_POSITION,LATEST_LIVE,2026-09-02T19:19:17.000Z,2026-09-02T19:20:13.915Z,2026-09-02T19:20:13.592Z,2026-09-02T19:20:13.915Z,3299,18.43137254901961,"{""value"":18.43137254901961,""timestamp"":""2026-09-02T19:19:17Z""}",,,,,,,,2599
obdThrottlePosition,CAN_ENGINE_THROTTLE_POSITION,LATEST_LIVE,2026-09-02T19:19:17.000Z,2026-09-02T19:20:20.507Z,2026-09-02T19:20:20.260Z,2026-09-02T19:20:20.507Z,3304,18.43137254901961,"{""value"":18.43137254901961,""timestamp"":""2026-09-02T19:19:17Z""}",,,,,,,,2604
obdThrottlePosition,CAN_ENGINE_THROTTLE_POSITION,LATEST_LIVE,2026-09-02T19:19:17.000Z,2026-09-02T19:20:26.764Z,2026-09-02T19:20:26.495Z,2026-09-02T19:20:26.764Z,3335,18.43137254901961,"{""value"":18.43137254901961,""timestamp"":""2026-09-02T19:19:17Z""}",,,,,,,,2615
obdThrottlePosition,CAN_ENGINE_THROTTLE_POSITION,LATEST_LIVE,2026-09-02T19:19:17.000Z,2026-09-02T19:20:32.702Z,2026-09-02T19:20:32.332Z,2026-09-02T19:20:32.702Z,3340,18.43137254901961,"{""value"":18.43137254901961,""timestamp"":""2026-09-02T19:19:17Z""}",,,,,,,,2620
obdThrottlePosition,CAN_ENGINE_THROTTLE_POSITION,LATEST_LIVE,2026-09-02T19:19:17.000Z,2026-09-02T19:20:39.117Z,2026-09-02T19:20:38.871Z,2026-09-02T19:20:39.117Z,3345,18.43137254901961,"{""value"":18.43137254901961,""timestamp"":""2026-09-02T19:19:17Z""}",,,,,,,,2625
obdThrottlePosition,CAN_ENGINE_THROTTLE_POSITION,LATEST_LIVE,2026-09-02T19:19:17.000Z,2026-09-02T19:20:44.828Z,2026-09-02T19:20:44.593Z,2026-09-02T19:20:44.828Z,3350,18.43137254901961,"{""value"":18.43137254901961,""timestamp"":""2026-09-02T19:19:17Z""}",,,,,,,,2630
obdThrottlePosition,CAN_ENGINE_THROTTLE_POSITION,LATEST_LIVE,2026-09-02T19:19:17.000Z,2026-09-02T19:20:50.564Z,2026-09-02T19:20:50.334Z,2026-09-02T19:20:50.564Z,3355,18.43137254901961,"{""value"":18.43137254901961,""timestamp"":""2026-09-02T19:19:17Z""}",,,,,,,,2635
obdThrottlePosition,CAN_ENGINE_THROTTLE_POSITION,LATEST_LIVE,2026-09-02T19:19:17.000Z,2026-09-02T19:20:56.425Z,2026-09-02T19:20:56.187Z,2026-09-02T19:20:56.425Z,3360,18.43137254901961,"{""value"":18.43137254901961,""timestamp"":""2026-09-02T19:19:17Z""}",,,,,,,,2640
obdThrottlePosition,CAN_ENGINE_THROTTLE_POSITION,LATEST_LIVE,2026-09-02T19:19:17.000Z,2026-09-02T19:21:02.367Z,2026-09-02T19:21:02.129Z,2026-09-02T19:21:02.367Z,3391,18.43137254901961,"{""value"":18.43137254901961,""timestamp"":""2026-09-02T19:19:17Z""}",,,,,,,,2651
obdThrottlePosition,CAN_ENGINE_THROTTLE_POSITION,LATEST_LIVE,2026-09-02T19:21:00.000Z,2026-09-02T19:21:08.259Z,2026-09-02T19:21:07.982Z,2026-09-02T19:21:08.259Z,3396,21.17647058823529,"{""value"":21.17647058823529,""timestamp"":""2026-09-02T19:21:00Z""}",,,,,,,,2656
obdThrottlePosition,CAN_ENGINE_THROTTLE_POSITION,LATEST_LIVE,2026-09-02T19:21:10.000Z,2026-09-02T19:21:14.450Z,2026-09-02T19:21:13.911Z,2026-09-02T19:21:14.450Z,3401,10.58823529411765,"{""value"":10.58823529411765,""timestamp"":""2026-09-02T19:21:10Z""}",,,,,,,,2661
obdThrottlePosition,CAN_ENGINE_THROTTLE_POSITION,HF_HISTORICAL,2026-09-02T19:21:07.261Z,2026-09-02T19:21:14.701Z,2026-09-02T19:21:14.452Z,2026-09-02T19:21:14.701Z,3406,20,20,5cbf3343d0cb5635b26dbe17207b91c28f4b00eeaccb1f89c9aba671b3cb287b,1s,AVG,5cbf3343d0cb5635b26dbe17207b91c28f4b00eeaccb1f89c9aba671b3cb287b,2026-09-02T19:21:06.261Z,2026-09-02T19:21:14.452Z,2026-09-02T19:21:14.452Z,2666
obdThrottlePosition,CAN_ENGINE_THROTTLE_POSITION,HF_HISTORICAL,2026-09-02T19:21:09.261Z,2026-09-02T19:21:14.701Z,2026-09-02T19:21:14.452Z,2026-09-02T19:21:14.701Z,3410,10.58823529411765,10.58823529411765,1cea7fc2675ff379330c2831a612da128b36e0410147bdd1accc5e3504bd82d8,1s,AVG,1cea7fc2675ff379330c2831a612da128b36e0410147bdd1accc5e3504bd82d8,2026-09-02T19:21:06.261Z,2026-09-02T19:21:14.452Z,2026-09-02T19:21:14.452Z,2670
obdThrottlePosition,CAN_ENGINE_THROTTLE_POSITION,LATEST_LIVE,2026-09-02T19:21:16.000Z,2026-09-02T19:21:20.322Z,2026-09-02T19:21:20.055Z,2026-09-02T19:21:20.322Z,3415,36.86274509803921,"{""value"":36.86274509803921,""timestamp"":""2026-09-02T19:21:16Z""}",,,,,,,,2675
obdThrottlePosition,CAN_ENGINE_THROTTLE_POSITION,HF_HISTORICAL,2026-09-02T19:21:12.452Z,2026-09-02T19:21:20.626Z,2026-09-02T19:21:20.325Z,2026-09-02T19:21:20.626Z,3420,15.29411764705882,15.29411764705882,56c3e478cc50506ad80c052d809b7a7eacdce101f7cc2d8003e4e0790ab1b767,1s,AVG,56c3e478cc50506ad80c052d809b7a7eacdce101f7cc2d8003e4e0790ab1b767,2026-09-02T19:21:12.452Z,2026-09-02T19:21:20.325Z,2026-09-02T19:21:20.325Z,2680
obdThrottlePosition,CAN_ENGINE_THROTTLE_POSITION,HF_HISTORICAL,2026-09-02T19:21:15.452Z,2026-09-02T19:21:20.626Z,2026-09-02T19:21:20.325Z,2026-09-02T19:21:20.626Z,3425,36.86274509803921,36.86274509803921,1e73dba04aee76b83508e14d6653b8ba57eb1b232e520e911d333f1a1f85221d,1s,AVG,1e73dba04aee76b83508e14d6653b8ba57eb1b232e520e911d333f1a1f85221d,2026-09-02T19:21:12.452Z,2026-09-02T19:21:20.325Z,2026-09-02T19:21:20.325Z,2685
obdThrottlePosition,CAN_ENGINE_THROTTLE_POSITION,LATEST_LIVE,2026-09-02T19:21:20.000Z,2026-09-02T19:21:26.235Z,2026-09-02T19:21:26.021Z,2026-09-02T19:21:26.235Z,3429,22.74509803921569,"{""value"":22.74509803921569,""timestamp"":""2026-09-02T19:21:20Z""}",,,,,,,,2689
obdThrottlePosition,CAN_ENGINE_THROTTLE_POSITION,HF_HISTORICAL,2026-09-02T19:21:19.325Z,2026-09-02T19:21:26.429Z,2026-09-02T19:21:26.237Z,2026-09-02T19:21:26.429Z,3434,22.74509803921569,22.74509803921569,7f1991b217323ddcfadf9172fdda215912bdfe1d0b566accdf1edd0d48475c1c,1s,AVG,7f1991b217323ddcfadf9172fdda215912bdfe1d0b566accdf1edd0d48475c1c,2026-09-02T19:21:18.325Z,2026-09-02T19:21:26.237Z,2026-09-02T19:21:26.237Z,2694
obdThrottlePosition,CAN_ENGINE_THROTTLE_POSITION,LATEST_LIVE,2026-09-02T19:21:29.000Z,2026-09-02T19:21:32.333Z,2026-09-02T19:21:32.105Z,2026-09-02T19:21:32.333Z,3439,10.58823529411765,"{""value"":10.58823529411765,""timestamp"":""2026-09-02T19:21:29Z""}",,,,,,,,2699
obdThrottlePosition,CAN_ENGINE_THROTTLE_POSITION,HF_HISTORICAL,2026-09-02T19:21:24.237Z,2026-09-02T19:21:32.556Z,2026-09-02T19:21:32.336Z,2026-09-02T19:21:32.556Z,3444,10.58823529411765,10.58823529411765,e041c7d7cf8e9cb7d7d5161a07bddadd73401fbb8b60d8c403151d51ed4216d1,1s,AVG,e041c7d7cf8e9cb7d7d5161a07bddadd73401fbb8b60d8c403151d51ed4216d1,2026-09-02T19:21:24.237Z,2026-09-02T19:21:32.336Z,2026-09-02T19:21:32.336Z,2704
obdThrottlePosition,CAN_ENGINE_THROTTLE_POSITION,HF_HISTORICAL,2026-09-02T19:21:27.237Z,2026-09-02T19:21:32.556Z,2026-09-02T19:21:32.336Z,2026-09-02T19:21:32.556Z,3448,10.58823529411765,10.58823529411765,cb0f91742414004de9950780c10aa8a5927ff07e9c5a2a911e8b77194f84e744,1s,AVG,cb0f91742414004de9950780c10aa8a5927ff07e9c5a2a911e8b77194f84e744,2026-09-02T19:21:24.237Z,2026-09-02T19:21:32.336Z,2026-09-02T19:21:32.336Z,2708
obdThrottlePosition,CAN_ENGINE_THROTTLE_POSITION,HF_HISTORICAL,2026-09-02T19:21:28.237Z,2026-09-02T19:21:32.556Z,2026-09-02T19:21:32.336Z,2026-09-02T19:21:32.556Z,3452,10.58823529411765,10.58823529411765,b0be0fce4b28e41ddf1238b919a6289c461ec71ead001c6ae91e0da9e991048a,1s,AVG,b0be0fce4b28e41ddf1238b919a6289c461ec71ead001c6ae91e0da9e991048a,2026-09-02T19:21:24.237Z,2026-09-02T19:21:32.336Z,2026-09-02T19:21:32.336Z,2712
obdThrottlePosition,CAN_ENGINE_THROTTLE_POSITION,LATEST_LIVE,2026-09-02T19:21:34.000Z,2026-09-02T19:21:38.493Z,2026-09-02T19:21:38.275Z,2026-09-02T19:21:38.493Z,3482,19.2156862745098,"{""value"":19.2156862745098,""timestamp"":""2026-09-02T19:21:34Z""}",,,,,,,,2722
obdThrottlePosition,CAN_ENGINE_THROTTLE_POSITION,HF_HISTORICAL,2026-09-02T19:21:32.336Z,2026-09-02T19:21:38.726Z,2026-09-02T19:21:38.494Z,2026-09-02T19:21:38.726Z,3487,10.58823529411765,10.58823529411765,a36c0f30159e83d3dc0c6585a760c017201a90dcf59d44b83d95d7afb612d9c7,1s,AVG,a36c0f30159e83d3dc0c6585a760c017201a90dcf59d44b83d95d7afb612d9c7,2026-09-02T19:21:30.336Z,2026-09-02T19:21:38.494Z,2026-09-02T19:21:38.494Z,2727
obdThrottlePosition,CAN_ENGINE_THROTTLE_POSITION,HF_HISTORICAL,2026-09-02T19:21:33.336Z,2026-09-02T19:21:38.726Z,2026-09-02T19:21:38.494Z,2026-09-02T19:21:38.726Z,3492,19.2156862745098,19.2156862745098,7c043ee5baf8e8da778d668dd21059afed7b9730d56e272932cce236d9674d3d,1s,AVG,7c043ee5baf8e8da778d668dd21059afed7b9730d56e272932cce236d9674d3d,2026-09-02T19:21:30.336Z,2026-09-02T19:21:38.494Z,2026-09-02T19:21:38.494Z,2732
obdThrottlePosition,CAN_ENGINE_THROTTLE_POSITION,LATEST_LIVE,2026-09-02T19:21:41.000Z,2026-09-02T19:21:44.235Z,2026-09-02T19:21:43.999Z,2026-09-02T19:21:44.235Z,3497,12.54901960784314,"{""value"":12.54901960784314,""timestamp"":""2026-09-02T19:21:41Z""}",,,,,,,,2737
obdThrottlePosition,CAN_ENGINE_THROTTLE_POSITION,HF_HISTORICAL,2026-09-02T19:21:36.494Z,2026-09-02T19:21:44.434Z,2026-09-02T19:21:44.237Z,2026-09-02T19:21:44.434Z,3502,23.92156862745098,23.92156862745098,c14b3c0f0802a3248b414cc30215321f6c9c1a961b4ec4ada632a7e8bea52388,1s,AVG,c14b3c0f0802a3248b414cc30215321f6c9c1a961b4ec4ada632a7e8bea52388,2026-09-02T19:21:36.494Z,2026-09-02T19:21:44.237Z,2026-09-02T19:21:44.237Z,2742
obdThrottlePosition,CAN_ENGINE_THROTTLE_POSITION,HF_HISTORICAL,2026-09-02T19:21:37.494Z,2026-09-02T19:21:44.434Z,2026-09-02T19:21:44.237Z,2026-09-02T19:21:44.434Z,3507,84.70588235294117,84.70588235294117,1055af6ba6682c3e9c7625b253f3603eaaf4301d4f9ca9d762ca00d1c9a9006e,1s,AVG,1055af6ba6682c3e9c7625b253f3603eaaf4301d4f9ca9d762ca00d1c9a9006e,2026-09-02T19:21:36.494Z,2026-09-02T19:21:44.237Z,2026-09-02T19:21:44.237Z,2747
obdThrottlePosition,CAN_ENGINE_THROTTLE_POSITION,HF_HISTORICAL,2026-09-02T19:21:40.494Z,2026-09-02T19:21:44.434Z,2026-09-02T19:21:44.237Z,2026-09-02T19:21:44.434Z,3511,12.54901960784314,12.54901960784314,82af4c83b570693bf6c6035fb23300a31259cf183bfea31d507a5daab96b14b7,1s,AVG,82af4c83b570693bf6c6035fb23300a31259cf183bfea31d507a5daab96b14b7,2026-09-02T19:21:36.494Z,2026-09-02T19:21:44.237Z,2026-09-02T19:21:44.237Z,2751
obdThrottlePosition,CAN_ENGINE_THROTTLE_POSITION,LATEST_LIVE,2026-09-02T19:21:47.000Z,2026-09-02T19:21:49.970Z,2026-09-02T19:21:49.739Z,2026-09-02T19:21:49.970Z,3516,12.15686274509804,"{""value"":12.15686274509804,""timestamp"":""2026-09-02T19:21:47Z""}",,,,,,,,2756
obdThrottlePosition,CAN_ENGINE_THROTTLE_POSITION,HF_HISTORICAL,2026-09-02T19:21:42.237Z,2026-09-02T19:21:50.187Z,2026-09-02T19:21:49.972Z,2026-09-02T19:21:50.187Z,3521,13.33333333333333,13.33333333333333,1415f249ab420d82b3f5ddd649a807b73ce962417361fc362f767e15bab96be6,1s,AVG,1415f249ab420d82b3f5ddd649a807b73ce962417361fc362f767e15bab96be6,2026-09-02T19:21:42.237Z,2026-09-02T19:21:49.972Z,2026-09-02T19:21:49.972Z,2761
obdThrottlePosition,CAN_ENGINE_THROTTLE_POSITION,HF_HISTORICAL,2026-09-02T19:21:45.237Z,2026-09-02T19:21:50.187Z,2026-09-02T19:21:49.972Z,2026-09-02T19:21:50.187Z,3526,11.76470588235294,11.76470588235294,0f9e63a6a2bd1a3256d24b60666a2024600aab8ada95285ed9eb34c737aa63ea,1s,AVG,0f9e63a6a2bd1a3256d24b60666a2024600aab8ada95285ed9eb34c737aa63ea,2026-09-02T19:21:42.237Z,2026-09-02T19:21:49.972Z,2026-09-02T19:21:49.972Z,2766
obdThrottlePosition,CAN_ENGINE_THROTTLE_POSITION,HF_HISTORICAL,2026-09-02T19:21:46.237Z,2026-09-02T19:21:50.187Z,2026-09-02T19:21:49.972Z,2026-09-02T19:21:50.187Z,3531,12.15686274509804,12.15686274509804,002ea9efaba67e4d3e71573ba47934864027962e9ade4b59292e1204d3f3557a,1s,AVG,002ea9efaba67e4d3e71573ba47934864027962e9ade4b59292e1204d3f3557a,2026-09-02T19:21:42.237Z,2026-09-02T19:21:49.972Z,2026-09-02T19:21:49.972Z,2771
obdThrottlePosition,CAN_ENGINE_THROTTLE_POSITION,LATEST_LIVE,2026-09-02T19:21:51.000Z,2026-09-02T19:21:55.805Z,2026-09-02T19:21:55.564Z,2026-09-02T19:21:55.805Z,3536,57.64705882352941,"{""value"":57.64705882352941,""timestamp"":""2026-09-02T19:21:51Z""}",,,,,,,,2776
obdThrottlePosition,CAN_ENGINE_THROTTLE_POSITION,HF_HISTORICAL,2026-09-02T19:21:47.972Z,2026-09-02T19:21:55.999Z,2026-09-02T19:21:55.806Z,2026-09-02T19:21:55.999Z,3541,18.43137254901961,18.43137254901961,bb7fea507e37b902c8fe3147f81874f4512ce3b3c52bf1a3ee50ec73c0aee56b,1s,AVG,bb7fea507e37b902c8fe3147f81874f4512ce3b3c52bf1a3ee50ec73c0aee56b,2026-09-02T19:21:47.972Z,2026-09-02T19:21:55.806Z,2026-09-02T19:21:55.806Z,2781
obdThrottlePosition,CAN_ENGINE_THROTTLE_POSITION,HF_HISTORICAL,2026-09-02T19:21:48.972Z,2026-09-02T19:21:55.999Z,2026-09-02T19:21:55.806Z,2026-09-02T19:21:55.999Z,3546,30.58823529411764,30.58823529411764,ed1b8cf231515ed7388988f14961387d3ee0c455e97587d17a766112dd81a673,1s,AVG,ed1b8cf231515ed7388988f14961387d3ee0c455e97587d17a766112dd81a673,2026-09-02T19:21:47.972Z,2026-09-02T19:21:55.806Z,2026-09-02T19:21:55.806Z,2786
obdThrottlePosition,CAN_ENGINE_THROTTLE_POSITION,HF_HISTORICAL,2026-09-02T19:21:50.972Z,2026-09-02T19:21:55.999Z,2026-09-02T19:21:55.806Z,2026-09-02T19:21:55.999Z,3551,57.64705882352941,57.64705882352941,d2c4453fb38d44132a484d6f5a43ba9bf187645bc782d0cd5f44f27977435d3d,1s,AVG,d2c4453fb38d44132a484d6f5a43ba9bf187645bc782d0cd5f44f27977435d3d,2026-09-02T19:21:47.972Z,2026-09-02T19:21:55.806Z,2026-09-02T19:21:55.806Z,2791
obdThrottlePosition,CAN_ENGINE_THROTTLE_POSITION,LATEST_LIVE,2026-09-02T19:21:57.000Z,2026-09-02T19:22:01.688Z,2026-09-02T19:22:01.420Z,2026-09-02T19:22:01.688Z,3556,10.58823529411765,"{""value"":10.58823529411765,""timestamp"":""2026-09-02T19:21:57Z""}",,,,,,,,2796
obdThrottlePosition,CAN_ENGINE_THROTTLE_POSITION,HF_HISTORICAL,2026-09-02T19:21:56.806Z,2026-09-02T19:22:01.917Z,2026-09-02T19:22:01.693Z,2026-09-02T19:22:01.917Z,3561,10.58823529411765,10.58823529411765,a4b8688a02a0cfcd73e5b87a446ae62900a36c9eabfd8911897006ffb8662691,1s,AVG,a4b8688a02a0cfcd73e5b87a446ae62900a36c9eabfd8911897006ffb8662691,2026-09-02T19:21:53.806Z,2026-09-02T19:22:01.693Z,2026-09-02T19:22:01.693Z,2801
obdThrottlePosition,CAN_ENGINE_THROTTLE_POSITION,LATEST_LIVE,2026-09-02T19:22:03.000Z,2026-09-02T19:22:07.604Z,2026-09-02T19:22:07.371Z,2026-09-02T19:22:07.604Z,3566,27.45098039215686,"{""value"":27.45098039215686,""timestamp"":""2026-09-02T19:22:03Z""}",,,,,,,,2806
obdThrottlePosition,CAN_ENGINE_THROTTLE_POSITION,HF_HISTORICAL,2026-09-02T19:21:59.693Z,2026-09-02T19:22:07.896Z,2026-09-02T19:22:07.607Z,2026-09-02T19:22:07.896Z,3571,19.6078431372549,19.6078431372549,69d70f4257639ab84911db916dfa8daf74498522f39bc54563d19dd2e91031d6,1s,AVG,69d70f4257639ab84911db916dfa8daf74498522f39bc54563d19dd2e91031d6,2026-09-02T19:21:59.693Z,2026-09-02T19:22:07.606Z,2026-09-02T19:22:07.606Z,2811
obdThrottlePosition,CAN_ENGINE_THROTTLE_POSITION,HF_HISTORICAL,2026-09-02T19:22:01.693Z,2026-09-02T19:22:07.896Z,2026-09-02T19:22:07.607Z,2026-09-02T19:22:07.896Z,3576,30.58823529411764,30.58823529411764,5b7f6b7793b6ff17d50e93fa20c1ad1f5c34c23ce5d7d051c368e1bab4bda91a,1s,AVG,5b7f6b7793b6ff17d50e93fa20c1ad1f5c34c23ce5d7d051c368e1bab4bda91a,2026-09-02T19:21:59.693Z,2026-09-02T19:22:07.606Z,2026-09-02T19:22:07.606Z,2816
obdThrottlePosition,CAN_ENGINE_THROTTLE_POSITION,HF_HISTORICAL,2026-09-02T19:22:02.693Z,2026-09-02T19:22:07.896Z,2026-09-02T19:22:07.607Z,2026-09-02T19:22:07.896Z,3581,27.45098039215686,27.45098039215686,c0b6d8f9cdb48bd92021c3d1643fd278336d8ed4607262801841999c87f69848,1s,AVG,c0b6d8f9cdb48bd92021c3d1643fd278336d8ed4607262801841999c87f69848,2026-09-02T19:21:59.693Z,2026-09-02T19:22:07.606Z,2026-09-02T19:22:07.606Z,2821
obdThrottlePosition,CAN_ENGINE_THROTTLE_POSITION,HF_HISTORICAL,2026-09-02T19:22:04.693Z,2026-09-02T19:22:07.896Z,2026-09-02T19:22:07.607Z,2026-09-02T19:22:07.896Z,3586,18.43137254901961,18.43137254901961,21f16b34af30ac5f96e686539ff3417b3c050aaef925694c47c733c44317aa36,1s,AVG,21f16b34af30ac5f96e686539ff3417b3c050aaef925694c47c733c44317aa36,2026-09-02T19:21:59.693Z,2026-09-02T19:22:07.606Z,2026-09-02T19:22:07.606Z,2826
obdThrottlePosition,CAN_ENGINE_THROTTLE_POSITION,LATEST_LIVE,2026-09-02T19:22:08.000Z,2026-09-02T19:22:13.750Z,2026-09-02T19:22:13.513Z,2026-09-02T19:22:13.750Z,3616,10.58823529411765,"{""value"":10.58823529411765,""timestamp"":""2026-09-02T19:22:08Z""}",,,,,,,,2836
obdThrottlePosition,CAN_ENGINE_THROTTLE_POSITION,HF_HISTORICAL,2026-09-02T19:22:05.606Z,2026-09-02T19:22:13.978Z,2026-09-02T19:22:13.752Z,2026-09-02T19:22:13.978Z,3621,10.58823529411765,10.58823529411765,df22f48e3e7310afbc94368c630d7f66f07d7bea98324542654b11266bd9964d,1s,AVG,df22f48e3e7310afbc94368c630d7f66f07d7bea98324542654b11266bd9964d,2026-09-02T19:22:05.606Z,2026-09-02T19:22:13.752Z,2026-09-02T19:22:13.752Z,2841
obdThrottlePosition,CAN_ENGINE_THROTTLE_POSITION,HF_HISTORICAL,2026-09-02T19:22:07.606Z,2026-09-02T19:22:13.978Z,2026-09-02T19:22:13.752Z,2026-09-02T19:22:13.978Z,3625,10.58823529411765,10.58823529411765,e1027c002c5a4c532c4bed63ba57bafdb8dcf288f9c869f02de91b5a0aa74eed,1s,AVG,e1027c002c5a4c532c4bed63ba57bafdb8dcf288f9c869f02de91b5a0aa74eed,2026-09-02T19:22:05.606Z,2026-09-02T19:22:13.752Z,2026-09-02T19:22:13.752Z,2845
obdThrottlePosition,CAN_ENGINE_THROTTLE_POSITION,LATEST_LIVE,2026-09-02T19:22:16.000Z,2026-09-02T19:22:19.643Z,2026-09-02T19:22:19.335Z,2026-09-02T19:22:19.643Z,3630,15.68627450980392,"{""value"":15.68627450980392,""timestamp"":""2026-09-02T19:22:16Z""}",,,,,,,,2850
obdThrottlePosition,CAN_ENGINE_THROTTLE_POSITION,HF_HISTORICAL,2026-09-02T19:22:12.752Z,2026-09-02T19:22:19.936Z,2026-09-02T19:22:19.645Z,2026-09-02T19:22:19.936Z,3635,12.94117647058824,12.94117647058824,c988ede8a648196a14accfd9f72a23e9df080f149858096050882653c7e3a6f1,1s,AVG,c988ede8a648196a14accfd9f72a23e9df080f149858096050882653c7e3a6f1,2026-09-02T19:22:11.752Z,2026-09-02T19:22:19.645Z,2026-09-02T19:22:19.645Z,2855
obdThrottlePosition,CAN_ENGINE_THROTTLE_POSITION,HF_HISTORICAL,2026-09-02T19:22:13.752Z,2026-09-02T19:22:19.936Z,2026-09-02T19:22:19.645Z,2026-09-02T19:22:19.936Z,3640,14.11764705882353,14.11764705882353,304f5dd8ce46d1456028fb450fe95d79b94bd091b1b6fa95c443aa7561c4377e,1s,AVG,304f5dd8ce46d1456028fb450fe95d79b94bd091b1b6fa95c443aa7561c4377e,2026-09-02T19:22:11.752Z,2026-09-02T19:22:19.645Z,2026-09-02T19:22:19.645Z,2860
obdThrottlePosition,CAN_ENGINE_THROTTLE_POSITION,HF_HISTORICAL,2026-09-02T19:22:15.752Z,2026-09-02T19:22:19.936Z,2026-09-02T19:22:19.645Z,2026-09-02T19:22:19.936Z,3645,15.68627450980392,15.68627450980392,ac7ccd432bc553d519b42a3e566528f2cc152371fc9e07a5a3e8fb4d66156577,1s,AVG,ac7ccd432bc553d519b42a3e566528f2cc152371fc9e07a5a3e8fb4d66156577,2026-09-02T19:22:11.752Z,2026-09-02T19:22:19.645Z,2026-09-02T19:22:19.645Z,2865
obdThrottlePosition,CAN_ENGINE_THROTTLE_POSITION,LATEST_LIVE,2026-09-02T19:22:21.000Z,2026-09-02T19:22:25.602Z,2026-09-02T19:22:25.274Z,2026-09-02T19:22:25.602Z,3650,20.7843137254902,"{""value"":20.7843137254902,""timestamp"":""2026-09-02T19:22:21Z""}",,,,,,,,2870
obdThrottlePosition,CAN_ENGINE_THROTTLE_POSITION,HF_HISTORICAL,2026-09-02T19:22:17.645Z,2026-09-02T19:22:26.059Z,2026-09-02T19:22:25.605Z,2026-09-02T19:22:26.059Z,3655,14.90196078431373,14.90196078431373,2eb7732cca3fea199dc914e1cd6249cfee28f3b2181c614ba61b3f8b22830030,1s,AVG,2eb7732cca3fea199dc914e1cd6249cfee28f3b2181c614ba61b3f8b22830030,2026-09-02T19:22:17.645Z,2026-09-02T19:22:25.605Z,2026-09-02T19:22:25.605Z,2875
obdThrottlePosition,CAN_ENGINE_THROTTLE_POSITION,HF_HISTORICAL,2026-09-02T19:22:19.645Z,2026-09-02T19:22:26.059Z,2026-09-02T19:22:25.605Z,2026-09-02T19:22:26.059Z,3660,17.64705882352941,17.64705882352941,0e9d3fef4136daef6c9f5e8c1f299e037586955f266c731303d54c3a46826b3b,1s,AVG,0e9d3fef4136daef6c9f5e8c1f299e037586955f266c731303d54c3a46826b3b,2026-09-02T19:22:17.645Z,2026-09-02T19:22:25.605Z,2026-09-02T19:22:25.605Z,2880
obdThrottlePosition,CAN_ENGINE_THROTTLE_POSITION,HF_HISTORICAL,2026-09-02T19:22:20.645Z,2026-09-02T19:22:26.059Z,2026-09-02T19:22:25.605Z,2026-09-02T19:22:26.059Z,3665,20.7843137254902,20.7843137254902,c8558cfc9779c926e17f5fd335961d93a916989abfd6ec9e2d502d847d67e06d,1s,AVG,c8558cfc9779c926e17f5fd335961d93a916989abfd6ec9e2d502d847d67e06d,2026-09-02T19:22:17.645Z,2026-09-02T19:22:25.605Z,2026-09-02T19:22:25.605Z,2885
obdThrottlePosition,CAN_ENGINE_THROTTLE_POSITION,HF_HISTORICAL,2026-09-02T19:22:22.645Z,2026-09-02T19:22:26.059Z,2026-09-02T19:22:25.605Z,2026-09-02T19:22:26.059Z,3670,22.74509803921569,22.74509803921569,5d4bafa45b2286cb527c5f6c9ec2cbbfa75436dd8b0258c3333a2921f4818a3e,1s,AVG,5d4bafa45b2286cb527c5f6c9ec2cbbfa75436dd8b0258c3333a2921f4818a3e,2026-09-02T19:22:17.645Z,2026-09-02T19:22:25.605Z,2026-09-02T19:22:25.605Z,2890
obdThrottlePosition,CAN_ENGINE_THROTTLE_POSITION,LATEST_LIVE,2026-09-02T19:22:23.000Z,2026-09-02T19:22:31.667Z,2026-09-02T19:22:31.423Z,2026-09-02T19:22:31.667Z,3674,22.74509803921569,"{""value"":22.74509803921569,""timestamp"":""2026-09-02T19:22:23Z""}",,,,,,,,2894
obdThrottlePosition,CAN_ENGINE_THROTTLE_POSITION,LATEST_LIVE,2026-09-02T19:22:23.000Z,2026-09-02T19:22:37.429Z,2026-09-02T19:22:37.169Z,2026-09-02T19:22:37.429Z,3679,22.74509803921569,"{""value"":22.74509803921569,""timestamp"":""2026-09-02T19:22:23Z""}",,,,,,,,2899
obdThrottlePosition,CAN_ENGINE_THROTTLE_POSITION,LATEST_LIVE,2026-09-02T19:22:38.000Z,2026-09-02T19:22:43.328Z,2026-09-02T19:22:43.088Z,2026-09-02T19:22:43.328Z,3684,16.47058823529412,"{""value"":16.47058823529412,""timestamp"":""2026-09-02T19:22:38Z""}",,,,,,,,2904
obdThrottlePosition,CAN_ENGINE_THROTTLE_POSITION,HF_HISTORICAL,2026-09-02T19:22:35.432Z,2026-09-02T19:22:43.541Z,2026-09-02T19:22:43.329Z,2026-09-02T19:22:43.541Z,3689,10.58823529411765,10.58823529411765,28babaa04c4993f346a7c815af122076e5b57a8bd58efe05a8763f0c8fc68e0e,1s,AVG,28babaa04c4993f346a7c815af122076e5b57a8bd58efe05a8763f0c8fc68e0e,2026-09-02T19:22:35.432Z,2026-09-02T19:22:43.329Z,2026-09-02T19:22:43.329Z,2909
obdThrottlePosition,CAN_ENGINE_THROTTLE_POSITION,HF_HISTORICAL,2026-09-02T19:22:37.432Z,2026-09-02T19:22:43.541Z,2026-09-02T19:22:43.329Z,2026-09-02T19:22:43.541Z,3693,16.47058823529412,16.47058823529412,57566fdc858b798e4076971777ddabb16b83246969283855cc31452c0a37eab9,1s,AVG,57566fdc858b798e4076971777ddabb16b83246969283855cc31452c0a37eab9,2026-09-02T19:22:35.432Z,2026-09-02T19:22:43.329Z,2026-09-02T19:22:43.329Z,2913
obdThrottlePosition,CAN_ENGINE_THROTTLE_POSITION,LATEST_LIVE,2026-09-02T19:22:43.000Z,2026-09-02T19:22:49.565Z,2026-09-02T19:22:49.230Z,2026-09-02T19:22:49.565Z,3723,10.58823529411765,"{""value"":10.58823529411765,""timestamp"":""2026-09-02T19:22:43Z""}",,,,,,,,2923
obdThrottlePosition,CAN_ENGINE_THROTTLE_POSITION,HF_HISTORICAL,2026-09-02T19:22:42.329Z,2026-09-02T19:22:49.824Z,2026-09-02T19:22:49.566Z,2026-09-02T19:22:49.824Z,3728,10.58823529411765,10.58823529411765,3f11afa99b11277d252362a0f4ac9462b50882dc0df7fd3040965b1c7675d6c6,1s,AVG,3f11afa99b11277d252362a0f4ac9462b50882dc0df7fd3040965b1c7675d6c6,2026-09-02T19:22:41.329Z,2026-09-02T19:22:49.566Z,2026-09-02T19:22:49.566Z,2928
obdThrottlePosition,CAN_ENGINE_THROTTLE_POSITION,LATEST_LIVE,2026-09-02T19:22:51.000Z,2026-09-02T19:22:55.436Z,2026-09-02T19:22:55.169Z,2026-09-02T19:22:55.436Z,3732,13.33333333333333,"{""value"":13.33333333333333,""timestamp"":""2026-09-02T19:22:51Z""}",,,,,,,,2932
obdThrottlePosition,CAN_ENGINE_THROTTLE_POSITION,HF_HISTORICAL,2026-09-02T19:22:49.566Z,2026-09-02T19:22:55.654Z,2026-09-02T19:22:55.439Z,2026-09-02T19:22:55.654Z,3737,13.33333333333333,13.33333333333333,081df7704c9f3c2ab8afa27d0905561269c954cb6a05471d8528f38fbc85b4a0,1s,AVG,081df7704c9f3c2ab8afa27d0905561269c954cb6a05471d8528f38fbc85b4a0,2026-09-02T19:22:47.566Z,2026-09-02T19:22:55.438Z,2026-09-02T19:22:55.438Z,2937
obdThrottlePosition,CAN_ENGINE_THROTTLE_POSITION,HF_HISTORICAL,2026-09-02T19:22:50.566Z,2026-09-02T19:22:55.654Z,2026-09-02T19:22:55.439Z,2026-09-02T19:22:55.654Z,3741,13.33333333333333,13.33333333333333,bb2dadd92f4ebf7ab67e36ebf4dfc39d7a1aac62ffb59f3ce2a468a5b49c2589,1s,AVG,bb2dadd92f4ebf7ab67e36ebf4dfc39d7a1aac62ffb59f3ce2a468a5b49c2589,2026-09-02T19:22:47.566Z,2026-09-02T19:22:55.438Z,2026-09-02T19:22:55.438Z,2941
obdThrottlePosition,CAN_ENGINE_THROTTLE_POSITION,LATEST_LIVE,2026-09-02T19:22:55.000Z,2026-09-02T19:23:01.314Z,2026-09-02T19:23:01.013Z,2026-09-02T19:23:01.314Z,3745,25.88235294117647,"{""value"":25.88235294117647,""timestamp"":""2026-09-02T19:22:55Z""}",,,,,,,,2945
obdThrottlePosition,CAN_ENGINE_THROTTLE_POSITION,HF_HISTORICAL,2026-09-02T19:22:53.438Z,2026-09-02T19:23:01.575Z,2026-09-02T19:23:01.326Z,2026-09-02T19:23:01.575Z,3750,12.15686274509804,12.15686274509804,827f06e479a4ed233407808fb7bc30b788f7ebcd22fff79dbcd82b3a6868cc75,1s,AVG,827f06e479a4ed233407808fb7bc30b788f7ebcd22fff79dbcd82b3a6868cc75,2026-09-02T19:22:53.438Z,2026-09-02T19:23:01.325Z,2026-09-02T19:23:01.325Z,2950
obdThrottlePosition,CAN_ENGINE_THROTTLE_POSITION,HF_HISTORICAL,2026-09-02T19:22:54.438Z,2026-09-02T19:23:01.575Z,2026-09-02T19:23:01.326Z,2026-09-02T19:23:01.575Z,3755,25.88235294117647,25.88235294117647,bc388e7b174ae25bad03d42ddf6f7213681f7ce647e16c14d00a19a003ef08ae,1s,AVG,bc388e7b174ae25bad03d42ddf6f7213681f7ce647e16c14d00a19a003ef08ae,2026-09-02T19:22:53.438Z,2026-09-02T19:23:01.325Z,2026-09-02T19:23:01.325Z,2955
obdThrottlePosition,CAN_ENGINE_THROTTLE_POSITION,LATEST_LIVE,2026-09-02T19:23:04.000Z,2026-09-02T19:23:07.178Z,2026-09-02T19:23:06.970Z,2026-09-02T19:23:07.178Z,3760,10.58823529411765,"{""value"":10.58823529411765,""timestamp"":""2026-09-02T19:23:04Z""}",,,,,,,,2960
obdThrottlePosition,CAN_ENGINE_THROTTLE_POSITION,HF_HISTORICAL,2026-09-02T19:22:59.325Z,2026-09-02T19:23:07.417Z,2026-09-02T19:23:07.180Z,2026-09-02T19:23:07.417Z,3765,10.58823529411765,10.58823529411765,909b222dd35bc7b5233d4acd46c34ae1b83569e8b1653c10531f4e1957149a24,1s,AVG,909b222dd35bc7b5233d4acd46c34ae1b83569e8b1653c10531f4e1957149a24,2026-09-02T19:22:59.325Z,2026-09-02T19:23:07.180Z,2026-09-02T19:23:07.180Z,2965
obdThrottlePosition,CAN_ENGINE_THROTTLE_POSITION,HF_HISTORICAL,2026-09-02T19:23:00.325Z,2026-09-02T19:23:07.417Z,2026-09-02T19:23:07.180Z,2026-09-02T19:23:07.417Z,3769,10.58823529411765,10.58823529411765,3de2eb7bd115a6de819281cc1561d0feb461fa974e31a1193c06b930e18e92e3,1s,AVG,3de2eb7bd115a6de819281cc1561d0feb461fa974e31a1193c06b930e18e92e3,2026-09-02T19:22:59.325Z,2026-09-02T19:23:07.180Z,2026-09-02T19:23:07.180Z,2969
obdThrottlePosition,CAN_ENGINE_THROTTLE_POSITION,HF_HISTORICAL,2026-09-02T19:23:01.325Z,2026-09-02T19:23:07.417Z,2026-09-02T19:23:07.180Z,2026-09-02T19:23:07.417Z,3773,10.58823529411765,10.58823529411765,638c8d79d31bfb1ef53f48cb13fa3a834cdd988c8e6c759d81537e98d4a6dfdc,1s,AVG,638c8d79d31bfb1ef53f48cb13fa3a834cdd988c8e6c759d81537e98d4a6dfdc,2026-09-02T19:22:59.325Z,2026-09-02T19:23:07.180Z,2026-09-02T19:23:07.180Z,2973
obdThrottlePosition,CAN_ENGINE_THROTTLE_POSITION,HF_HISTORICAL,2026-09-02T19:23:03.325Z,2026-09-02T19:23:07.417Z,2026-09-02T19:23:07.180Z,2026-09-02T19:23:07.417Z,3777,10.58823529411765,10.58823529411765,b08b772f5b31874b6308abe910a0d7d8202220df442b757e6b5b444a25c4bdbc,1s,AVG,b08b772f5b31874b6308abe910a0d7d8202220df442b757e6b5b444a25c4bdbc,2026-09-02T19:22:59.325Z,2026-09-02T19:23:07.180Z,2026-09-02T19:23:07.180Z,2977
obdThrottlePosition,CAN_ENGINE_THROTTLE_POSITION,LATEST_LIVE,2026-09-02T19:23:08.000Z,2026-09-02T19:23:12.913Z,2026-09-02T19:23:12.695Z,2026-09-02T19:23:12.913Z,3781,16.47058823529412,"{""value"":16.47058823529412,""timestamp"":""2026-09-02T19:23:08Z""}",,,,,,,,2981
obdThrottlePosition,CAN_ENGINE_THROTTLE_POSITION,HF_HISTORICAL,2026-09-02T19:23:06.180Z,2026-09-02T19:23:13.133Z,2026-09-02T19:23:12.915Z,2026-09-02T19:23:13.133Z,3786,16.47058823529412,16.47058823529412,7b8f0ac9e89fb414cf0b752adef7ce2ec666e39981c72af0fb10ef0c12cfc54f,1s,AVG,7b8f0ac9e89fb414cf0b752adef7ce2ec666e39981c72af0fb10ef0c12cfc54f,2026-09-02T19:23:05.180Z,2026-09-02T19:23:12.914Z,2026-09-02T19:23:12.914Z,2986
obdThrottlePosition,CAN_ENGINE_THROTTLE_POSITION,HF_HISTORICAL,2026-09-02T19:23:07.180Z,2026-09-02T19:23:13.133Z,2026-09-02T19:23:12.915Z,2026-09-02T19:23:13.133Z,3790,16.47058823529412,16.47058823529412,8745e56867182dc71f1e1d75f729c38f469db2c866f8f4c5c1a0e5cdaf4affff,1s,AVG,8745e56867182dc71f1e1d75f729c38f469db2c866f8f4c5c1a0e5cdaf4affff,2026-09-02T19:23:05.180Z,2026-09-02T19:23:12.914Z,2026-09-02T19:23:12.914Z,2990
obdThrottlePosition,CAN_ENGINE_THROTTLE_POSITION,LATEST_LIVE,2026-09-02T19:23:08.000Z,2026-09-02T19:23:18.664Z,2026-09-02T19:23:18.432Z,2026-09-02T19:23:18.664Z,3796,16.47058823529412,"{""value"":16.47058823529412,""timestamp"":""2026-09-02T19:23:08Z""}",,,,,,,,2996
obdThrottlePosition,CAN_ENGINE_THROTTLE_POSITION,HF_HISTORICAL,2026-09-02T19:23:15.914Z,2026-09-02T19:23:18.878Z,2026-09-02T19:23:18.665Z,2026-09-02T19:23:18.878Z,3808,21.17647058823529,21.17647058823529,6b347a5c1ef55512738f51ceecbb16331172300531343fd365a1eb6cdb79c7a9,1s,AVG,6b347a5c1ef55512738f51ceecbb16331172300531343fd365a1eb6cdb79c7a9,2026-09-02T19:23:10.914Z,2026-09-02T19:23:18.665Z,2026-09-02T19:23:18.665Z,3008
obdThrottlePosition,CAN_ENGINE_THROTTLE_POSITION,LATEST_LIVE,2026-09-02T19:23:20.000Z,2026-09-02T19:23:24.556Z,2026-09-02T19:23:24.368Z,2026-09-02T19:23:24.556Z,3839,10.58823529411765,"{""value"":10.58823529411765,""timestamp"":""2026-09-02T19:23:20Z""}",,,,,,,,3019
obdThrottlePosition,CAN_ENGINE_THROTTLE_POSITION,HF_HISTORICAL,2026-09-02T19:23:16.665Z,2026-09-02T19:23:24.798Z,2026-09-02T19:23:24.560Z,2026-09-02T19:23:24.798Z,3844,24.31372549019608,24.31372549019608,b085984b00040228361f7358c8d7ab949d9ec1d7cf8c28d836a2599fda90c71a,1s,AVG,b085984b00040228361f7358c8d7ab949d9ec1d7cf8c28d836a2599fda90c71a,2026-09-02T19:23:16.665Z,2026-09-02T19:23:24.560Z,2026-09-02T19:23:24.560Z,3024
obdThrottlePosition,CAN_ENGINE_THROTTLE_POSITION,HF_HISTORICAL,2026-09-02T19:23:18.665Z,2026-09-02T19:23:24.798Z,2026-09-02T19:23:24.560Z,2026-09-02T19:23:24.798Z,3848,16.07843137254902,16.07843137254902,16768d774a472820c4b78ec20c96db786ccc74bf85a0d48a1d1364a53f2209aa,1s,AVG,16768d774a472820c4b78ec20c96db786ccc74bf85a0d48a1d1364a53f2209aa,2026-09-02T19:23:16.665Z,2026-09-02T19:23:24.560Z,2026-09-02T19:23:24.560Z,3028
obdThrottlePosition,CAN_ENGINE_THROTTLE_POSITION,HF_HISTORICAL,2026-09-02T19:23:19.665Z,2026-09-02T19:23:24.798Z,2026-09-02T19:23:24.560Z,2026-09-02T19:23:24.798Z,3852,10.58823529411765,10.58823529411765,d9795be319f932b144888f60fe65d5bfeaaf641cf9bfd02fad0649dea31588ff,1s,AVG,d9795be319f932b144888f60fe65d5bfeaaf641cf9bfd02fad0649dea31588ff,2026-09-02T19:23:16.665Z,2026-09-02T19:23:24.560Z,2026-09-02T19:23:24.560Z,3032
obdThrottlePosition,CAN_ENGINE_THROTTLE_POSITION,HF_HISTORICAL,2026-09-02T19:23:20.665Z,2026-09-02T19:23:24.798Z,2026-09-02T19:23:24.560Z,2026-09-02T19:23:24.798Z,3857,21.56862745098039,21.56862745098039,42f7ea17adc397be50e9765390dd71d7bf0b33cb2ddd3793875669f4206284e6,1s,AVG,42f7ea17adc397be50e9765390dd71d7bf0b33cb2ddd3793875669f4206284e6,2026-09-02T19:23:16.665Z,2026-09-02T19:23:24.560Z,2026-09-02T19:23:24.560Z,3037
obdThrottlePosition,CAN_ENGINE_THROTTLE_POSITION,LATEST_LIVE,2026-09-02T19:23:25.000Z,2026-09-02T19:23:30.380Z,2026-09-02T19:23:30.139Z,2026-09-02T19:23:30.380Z,3862,11.76470588235294,"{""value"":11.76470588235294,""timestamp"":""2026-09-02T19:23:25Z""}",,,,,,,,3042
obdThrottlePosition,CAN_ENGINE_THROTTLE_POSITION,HF_HISTORICAL,2026-09-02T19:23:22.560Z,2026-09-02T19:23:30.585Z,2026-09-02T19:23:30.383Z,2026-09-02T19:23:30.585Z,3867,13.72549019607843,13.72549019607843,946f76d7e5bac1dd3de742a5be42174f0b37d7c995d7214c466ab005e078de66,1s,AVG,946f76d7e5bac1dd3de742a5be42174f0b37d7c995d7214c466ab005e078de66,2026-09-02T19:23:22.560Z,2026-09-02T19:23:30.383Z,2026-09-02T19:23:30.383Z,3047
obdThrottlePosition,CAN_ENGINE_THROTTLE_POSITION,HF_HISTORICAL,2026-09-02T19:23:24.560Z,2026-09-02T19:23:30.585Z,2026-09-02T19:23:30.383Z,2026-09-02T19:23:30.585Z,3872,11.76470588235294,11.76470588235294,d35fbcd706a31b9279c4874daf6080098e433be14a74293f50a27a71563431bc,1s,AVG,d35fbcd706a31b9279c4874daf6080098e433be14a74293f50a27a71563431bc,2026-09-02T19:23:22.560Z,2026-09-02T19:23:30.383Z,2026-09-02T19:23:30.383Z,3052
obdThrottlePosition,CAN_ENGINE_THROTTLE_POSITION,LATEST_LIVE,2026-09-02T19:23:31.000Z,2026-09-02T19:23:36.174Z,2026-09-02T19:23:35.951Z,2026-09-02T19:23:36.174Z,3877,34.90196078431372,"{""value"":34.90196078431372,""timestamp"":""2026-09-02T19:23:31Z""}",,,,,,,,3057
obdThrottlePosition,CAN_ENGINE_THROTTLE_POSITION,HF_HISTORICAL,2026-09-02T19:23:29.383Z,2026-09-02T19:23:36.364Z,2026-09-02T19:23:36.175Z,2026-09-02T19:23:36.364Z,3882,24.70588235294118,24.70588235294118,9746b681e198f5967b55ba09e866a576d64cd54cb18cf2a2f605f5ccb965bf27,1s,AVG,9746b681e198f5967b55ba09e866a576d64cd54cb18cf2a2f605f5ccb965bf27,2026-09-02T19:23:28.383Z,2026-09-02T19:23:36.175Z,2026-09-02T19:23:36.175Z,3062
obdThrottlePosition,CAN_ENGINE_THROTTLE_POSITION,HF_HISTORICAL,2026-09-02T19:23:30.383Z,2026-09-02T19:23:36.364Z,2026-09-02T19:23:36.175Z,2026-09-02T19:23:36.364Z,3887,34.90196078431372,34.90196078431372,e35c99812da93c173834ae77777888e2b72a958a3ea3aaf7a5bdf3e6848b3f01,1s,AVG,e35c99812da93c173834ae77777888e2b72a958a3ea3aaf7a5bdf3e6848b3f01,2026-09-02T19:23:28.383Z,2026-09-02T19:23:36.175Z,2026-09-02T19:23:36.175Z,3067
obdThrottlePosition,CAN_ENGINE_THROTTLE_POSITION,LATEST_LIVE,2026-09-02T19:23:36.000Z,2026-09-02T19:23:41.884Z,2026-09-02T19:23:41.678Z,2026-09-02T19:23:41.884Z,3892,15.68627450980392,"{""value"":15.68627450980392,""timestamp"":""2026-09-02T19:23:36Z""}",,,,,,,,3072
obdThrottlePosition,CAN_ENGINE_THROTTLE_POSITION,HF_HISTORICAL,2026-09-02T19:23:34.175Z,2026-09-02T19:23:42.088Z,2026-09-02T19:23:41.885Z,2026-09-02T19:23:42.088Z,3897,10.58823529411765,10.58823529411765,6de3809c1767aea08b8ba20c5b0deb660137f5062377899c786ef6310da26d44,1s,AVG,6de3809c1767aea08b8ba20c5b0deb660137f5062377899c786ef6310da26d44,2026-09-02T19:23:34.175Z,2026-09-02T19:23:41.885Z,2026-09-02T19:23:41.885Z,3077
obdThrottlePosition,CAN_ENGINE_THROTTLE_POSITION,HF_HISTORICAL,2026-09-02T19:23:35.175Z,2026-09-02T19:23:42.088Z,2026-09-02T19:23:41.885Z,2026-09-02T19:23:42.088Z,3902,15.68627450980392,15.68627450980392,d385ae92cdbba562dd78d85e6fb63780b89ae9dc58489662502310c98e10e099,1s,AVG,d385ae92cdbba562dd78d85e6fb63780b89ae9dc58489662502310c98e10e099,2026-09-02T19:23:34.175Z,2026-09-02T19:23:41.885Z,2026-09-02T19:23:41.885Z,3082
obdThrottlePosition,CAN_ENGINE_THROTTLE_POSITION,HF_HISTORICAL,2026-09-02T19:23:37.175Z,2026-09-02T19:23:42.088Z,2026-09-02T19:23:41.885Z,2026-09-02T19:23:42.088Z,3907,10.98039215686275,10.98039215686275,7006d13ff050a34d21070faf3ffe09ab435a7cfd77a6e7c7d9939d5794867778,1s,AVG,7006d13ff050a34d21070faf3ffe09ab435a7cfd77a6e7c7d9939d5794867778,2026-09-02T19:23:34.175Z,2026-09-02T19:23:41.885Z,2026-09-02T19:23:41.885Z,3087
obdThrottlePosition,CAN_ENGINE_THROTTLE_POSITION,HF_HISTORICAL,2026-09-02T19:23:38.175Z,2026-09-02T19:23:42.088Z,2026-09-02T19:23:41.885Z,2026-09-02T19:23:42.088Z,3912,10.58823529411765,10.58823529411765,26a1f3738c8ade10594a3efd9bed32f3451a320c15011492e578b3a675106eb7,1s,AVG,26a1f3738c8ade10594a3efd9bed32f3451a320c15011492e578b3a675106eb7,2026-09-02T19:23:34.175Z,2026-09-02T19:23:41.885Z,2026-09-02T19:23:41.885Z,3092
obdThrottlePosition,CAN_ENGINE_THROTTLE_POSITION,LATEST_LIVE,2026-09-02T19:23:44.000Z,2026-09-02T19:23:47.798Z,2026-09-02T19:23:47.426Z,2026-09-02T19:23:47.798Z,3917,10.98039215686275,"{""value"":10.98039215686275,""timestamp"":""2026-09-02T19:23:44Z""}",,,,,,,,3097
obdThrottlePosition,CAN_ENGINE_THROTTLE_POSITION,HF_HISTORICAL,2026-09-02T19:23:39.885Z,2026-09-02T19:23:48.007Z,2026-09-02T19:23:47.805Z,2026-09-02T19:23:48.007Z,3922,10.58823529411765,10.58823529411765,b7584e9a15fbe34b4fd4f65054ccaa9e8d5e47d81075542351107682f9ae8314,1s,AVG,b7584e9a15fbe34b4fd4f65054ccaa9e8d5e47d81075542351107682f9ae8314,2026-09-02T19:23:39.885Z,2026-09-02T19:23:47.805Z,2026-09-02T19:23:47.805Z,3102
obdThrottlePosition,CAN_ENGINE_THROTTLE_POSITION,HF_HISTORICAL,2026-09-02T19:23:43.885Z,2026-09-02T19:23:48.007Z,2026-09-02T19:23:47.805Z,2026-09-02T19:23:48.007Z,3927,10.98039215686275,10.98039215686275,c4d7dc4f1966f190244eadeb638dff60fe836c3afb0d71270a4eaaf817d6c5b7,1s,AVG,c4d7dc4f1966f190244eadeb638dff60fe836c3afb0d71270a4eaaf817d6c5b7,2026-09-02T19:23:39.885Z,2026-09-02T19:23:47.805Z,2026-09-02T19:23:47.805Z,3107
obdThrottlePosition,CAN_ENGINE_THROTTLE_POSITION,LATEST_LIVE,2026-09-02T19:23:50.000Z,2026-09-02T19:23:53.955Z,2026-09-02T19:23:53.463Z,2026-09-02T19:23:53.955Z,3932,16.47058823529412,"{""value"":16.47058823529412,""timestamp"":""2026-09-02T19:23:50Z""}",,,,,,,,3112
obdThrottlePosition,CAN_ENGINE_THROTTLE_POSITION,HF_HISTORICAL,2026-09-02T19:23:45.805Z,2026-09-02T19:23:54.159Z,2026-09-02T19:23:53.956Z,2026-09-02T19:23:54.159Z,3937,18.03921568627451,18.03921568627451,d0f4eb5a1db5342745ca878f315713e1dacb6ac947d57462946f28ada9d937a0,1s,AVG,d0f4eb5a1db5342745ca878f315713e1dacb6ac947d57462946f28ada9d937a0,2026-09-02T19:23:45.805Z,2026-09-02T19:23:53.956Z,2026-09-02T19:23:53.956Z,3117
obdThrottlePosition,CAN_ENGINE_THROTTLE_POSITION,HF_HISTORICAL,2026-09-02T19:23:46.805Z,2026-09-02T19:23:54.159Z,2026-09-02T19:23:53.956Z,2026-09-02T19:23:54.159Z,3941,10.58823529411765,10.58823529411765,2c9390f30cc6644fb8055b93171ae9ab81fca5ac9df39009a663cd11aa24b37b,1s,AVG,2c9390f30cc6644fb8055b93171ae9ab81fca5ac9df39009a663cd11aa24b37b,2026-09-02T19:23:45.805Z,2026-09-02T19:23:53.956Z,2026-09-02T19:23:53.956Z,3121
obdThrottlePosition,CAN_ENGINE_THROTTLE_POSITION,HF_HISTORICAL,2026-09-02T19:23:47.805Z,2026-09-02T19:23:54.159Z,2026-09-02T19:23:53.956Z,2026-09-02T19:23:54.159Z,3945,16.47058823529412,16.47058823529412,91226989d6ed11b437f3066662920ebaa08b6dfea9dc0257c724e745eb579083,1s,AVG,91226989d6ed11b437f3066662920ebaa08b6dfea9dc0257c724e745eb579083,2026-09-02T19:23:45.805Z,2026-09-02T19:23:53.956Z,2026-09-02T19:23:53.956Z,3125
obdThrottlePosition,CAN_ENGINE_THROTTLE_POSITION,HF_HISTORICAL,2026-09-02T19:23:49.805Z,2026-09-02T19:23:54.159Z,2026-09-02T19:23:53.956Z,2026-09-02T19:23:54.159Z,3948,16.47058823529412,16.47058823529412,69a86e22c246f40a20b2bcd5b63b6ca38a4d900857579ea0ce186db063a71c79,1s,AVG,69a86e22c246f40a20b2bcd5b63b6ca38a4d900857579ea0ce186db063a71c79,2026-09-02T19:23:45.805Z,2026-09-02T19:23:53.956Z,2026-09-02T19:23:53.956Z,3128
obdThrottlePosition,CAN_ENGINE_THROTTLE_POSITION,LATEST_LIVE,2026-09-02T19:23:55.000Z,2026-09-02T19:24:00.048Z,2026-09-02T19:23:59.808Z,2026-09-02T19:24:00.048Z,3977,10.58823529411765,"{""value"":10.58823529411765,""timestamp"":""2026-09-02T19:23:55Z""}",,,,,,,,3137
obdThrottlePosition,CAN_ENGINE_THROTTLE_POSITION,HF_HISTORICAL,2026-09-02T19:23:53.956Z,2026-09-02T19:24:00.256Z,2026-09-02T19:24:00.051Z,2026-09-02T19:24:00.256Z,3986,14.11764705882353,14.11764705882353,d9c3f5c18a5703cfdf4a95ba9ebad98db660546aedf4ecfced7a7e4d89c28856,1s,AVG,d9c3f5c18a5703cfdf4a95ba9ebad98db660546aedf4ecfced7a7e4d89c28856,2026-09-02T19:23:51.956Z,2026-09-02T19:24:00.050Z,2026-09-02T19:24:00.050Z,3146
obdThrottlePosition,CAN_ENGINE_THROTTLE_POSITION,HF_HISTORICAL,2026-09-02T19:23:54.956Z,2026-09-02T19:24:00.256Z,2026-09-02T19:24:00.051Z,2026-09-02T19:24:00.256Z,3990,10.58823529411765,10.58823529411765,a4f5f2faba06df741a223480f1ab7f04e53a07e45cf4153e0d6b49020effc506,1s,AVG,a4f5f2faba06df741a223480f1ab7f04e53a07e45cf4153e0d6b49020effc506,2026-09-02T19:23:51.956Z,2026-09-02T19:24:00.050Z,2026-09-02T19:24:00.050Z,3150
obdThrottlePosition,CAN_ENGINE_THROTTLE_POSITION,LATEST_LIVE,2026-09-02T19:24:00.000Z,2026-09-02T19:24:05.866Z,2026-09-02T19:24:05.636Z,2026-09-02T19:24:05.866Z,3995,20.3921568627451,"{""value"":20.3921568627451,""timestamp"":""2026-09-02T19:24:00Z""}",,,,,,,,3155
obdThrottlePosition,CAN_ENGINE_THROTTLE_POSITION,HF_HISTORICAL,2026-09-02T19:23:59.050Z,2026-09-02T19:24:06.142Z,2026-09-02T19:24:05.871Z,2026-09-02T19:24:06.142Z,4000,20.3921568627451,20.3921568627451,0fe576a2c5f5eff087e8b7d7df9d2386400317158201850d98073986d96a5ed8,1s,AVG,0fe576a2c5f5eff087e8b7d7df9d2386400317158201850d98073986d96a5ed8,2026-09-02T19:23:58.050Z,2026-09-02T19:24:05.871Z,2026-09-02T19:24:05.871Z,3160
obdThrottlePosition,CAN_ENGINE_THROTTLE_POSITION,LATEST_LIVE,2026-09-02T19:24:08.000Z,2026-09-02T19:24:11.703Z,2026-09-02T19:24:11.473Z,2026-09-02T19:24:11.703Z,4005,84.70588235294117,"{""value"":84.70588235294117,""timestamp"":""2026-09-02T19:24:08Z""}",,,,,,,,3165
obdThrottlePosition,CAN_ENGINE_THROTTLE_POSITION,HF_HISTORICAL,2026-09-02T19:24:04.871Z,2026-09-02T19:24:12.121Z,2026-09-02T19:24:11.705Z,2026-09-02T19:24:12.121Z,4010,18.03921568627451,18.03921568627451,3e42a358a873456aceeb5640a7d6963d8ddfc8c1243d2d25bd1290594b1fa028,1s,AVG,3e42a358a873456aceeb5640a7d6963d8ddfc8c1243d2d25bd1290594b1fa028,2026-09-02T19:24:03.871Z,2026-09-02T19:24:11.705Z,2026-09-02T19:24:11.705Z,3170
obdThrottlePosition,CAN_ENGINE_THROTTLE_POSITION,HF_HISTORICAL,2026-09-02T19:24:05.871Z,2026-09-02T19:24:12.121Z,2026-09-02T19:24:11.705Z,2026-09-02T19:24:12.121Z,4015,18.82352941176471,18.82352941176471,aa9b381b4345661ca0b8b816f4abd739f7f722a3d7a3190fe3c6f01b8a2d5c83,1s,AVG,aa9b381b4345661ca0b8b816f4abd739f7f722a3d7a3190fe3c6f01b8a2d5c83,2026-09-02T19:24:03.871Z,2026-09-02T19:24:11.705Z,2026-09-02T19:24:11.705Z,3175
obdThrottlePosition,CAN_ENGINE_THROTTLE_POSITION,HF_HISTORICAL,2026-09-02T19:24:07.871Z,2026-09-02T19:24:12.121Z,2026-09-02T19:24:11.705Z,2026-09-02T19:24:12.121Z,4020,84.70588235294117,84.70588235294117,97979a39645bea0381e4772bde3053d3b149dee3cbd5df8004ed68f0644e1dfe,1s,AVG,97979a39645bea0381e4772bde3053d3b149dee3cbd5df8004ed68f0644e1dfe,2026-09-02T19:24:03.871Z,2026-09-02T19:24:11.705Z,2026-09-02T19:24:11.705Z,3180
obdThrottlePosition,CAN_ENGINE_THROTTLE_POSITION,LATEST_LIVE,2026-09-02T19:24:12.000Z,2026-09-02T19:24:17.640Z,2026-09-02T19:24:17.409Z,2026-09-02T19:24:17.640Z,4025,27.84313725490196,"{""value"":27.84313725490196,""timestamp"":""2026-09-02T19:24:12Z""}",,,,,,,,3185
obdThrottlePosition,CAN_ENGINE_THROTTLE_POSITION,HF_HISTORICAL,2026-09-02T19:24:09.705Z,2026-09-02T19:24:17.845Z,2026-09-02T19:24:17.641Z,2026-09-02T19:24:17.845Z,4030,84.70588235294117,84.70588235294117,c8cdef4760091495928acc44b26da16cf052ad42038255b87d5a119a1bf113b6,1s,AVG,c8cdef4760091495928acc44b26da16cf052ad42038255b87d5a119a1bf113b6,2026-09-02T19:24:09.705Z,2026-09-02T19:24:17.641Z,2026-09-02T19:24:17.641Z,3190
obdThrottlePosition,CAN_ENGINE_THROTTLE_POSITION,HF_HISTORICAL,2026-09-02T19:24:11.705Z,2026-09-02T19:24:17.845Z,2026-09-02T19:24:17.641Z,2026-09-02T19:24:17.845Z,4035,27.84313725490196,27.84313725490196,04c38e91cedb0d9e16c189235db362be6b2b33008e56ba9fb90c563fd71f5e67,1s,AVG,04c38e91cedb0d9e16c189235db362be6b2b33008e56ba9fb90c563fd71f5e67,2026-09-02T19:24:09.705Z,2026-09-02T19:24:17.641Z,2026-09-02T19:24:17.641Z,3195
obdThrottlePosition,CAN_ENGINE_THROTTLE_POSITION,LATEST_LIVE,2026-09-02T19:24:19.000Z,2026-09-02T19:24:23.393Z,2026-09-02T19:24:23.154Z,2026-09-02T19:24:23.393Z,4040,16.47058823529412,"{""value"":16.47058823529412,""timestamp"":""2026-09-02T19:24:19Z""}",,,,,,,,3200
obdThrottlePosition,CAN_ENGINE_THROTTLE_POSITION,HF_HISTORICAL,2026-09-02T19:24:16.641Z,2026-09-02T19:24:23.628Z,2026-09-02T19:24:23.394Z,2026-09-02T19:24:23.628Z,4045,22.74509803921569,22.74509803921569,f7fab6c2657460a9c357277970386955bdb48b1701518f8669f0adb92374739c,1s,AVG,f7fab6c2657460a9c357277970386955bdb48b1701518f8669f0adb92374739c,2026-09-02T19:24:15.641Z,2026-09-02T19:24:23.394Z,2026-09-02T19:24:23.394Z,3205
obdThrottlePosition,CAN_ENGINE_THROTTLE_POSITION,HF_HISTORICAL,2026-09-02T19:24:18.641Z,2026-09-02T19:24:23.628Z,2026-09-02T19:24:23.394Z,2026-09-02T19:24:23.628Z,4049,16.47058823529412,16.47058823529412,2b7a00ea16b3bf314e1fe5a8743fbedfef8b437aec694edcd9bcfe0b1db47783,1s,AVG,2b7a00ea16b3bf314e1fe5a8743fbedfef8b437aec694edcd9bcfe0b1db47783,2026-09-02T19:24:15.641Z,2026-09-02T19:24:23.394Z,2026-09-02T19:24:23.394Z,3209
obdThrottlePosition,CAN_ENGINE_THROTTLE_POSITION,LATEST_LIVE,2026-09-02T19:24:26.000Z,2026-09-02T19:24:29.238Z,2026-09-02T19:24:28.990Z,2026-09-02T19:24:29.238Z,4054,10.19607843137255,"{""value"":10.19607843137255,""timestamp"":""2026-09-02T19:24:26Z""}",,,,,,,,3214
obdThrottlePosition,CAN_ENGINE_THROTTLE_POSITION,HF_HISTORICAL,2026-09-02T19:24:21.394Z,2026-09-02T19:24:29.438Z,2026-09-02T19:24:29.240Z,2026-09-02T19:24:29.438Z,4059,19.6078431372549,19.6078431372549,69b1e5830e2a23dd8730d439a6f12adde38fe9a9c2ce0462cd4e1d03ac9069d5,1s,AVG,69b1e5830e2a23dd8730d439a6f12adde38fe9a9c2ce0462cd4e1d03ac9069d5,2026-09-02T19:24:21.394Z,2026-09-02T19:24:29.240Z,2026-09-02T19:24:29.240Z,3219
obdThrottlePosition,CAN_ENGINE_THROTTLE_POSITION,HF_HISTORICAL,2026-09-02T19:24:22.394Z,2026-09-02T19:24:29.438Z,2026-09-02T19:24:29.240Z,2026-09-02T19:24:29.438Z,4064,13.72549019607843,13.72549019607843,24d02bedf863a2d88614b09891722e62c7b2e7b97d2e7a3132ac3c1acdd01993,1s,AVG,24d02bedf863a2d88614b09891722e62c7b2e7b97d2e7a3132ac3c1acdd01993,2026-09-02T19:24:21.394Z,2026-09-02T19:24:29.240Z,2026-09-02T19:24:29.240Z,3224
obdThrottlePosition,CAN_ENGINE_THROTTLE_POSITION,HF_HISTORICAL,2026-09-02T19:24:24.394Z,2026-09-02T19:24:29.438Z,2026-09-02T19:24:29.240Z,2026-09-02T19:24:29.438Z,4069,20.3921568627451,20.3921568627451,2bd5952f9cc405d0f059dde3922409e215fe568b55f562eaf1138e81e58f34f2,1s,AVG,2bd5952f9cc405d0f059dde3922409e215fe568b55f562eaf1138e81e58f34f2,2026-09-02T19:24:21.394Z,2026-09-02T19:24:29.240Z,2026-09-02T19:24:29.240Z,3229
obdThrottlePosition,CAN_ENGINE_THROTTLE_POSITION,HF_HISTORICAL,2026-09-02T19:24:25.394Z,2026-09-02T19:24:29.438Z,2026-09-02T19:24:29.240Z,2026-09-02T19:24:29.438Z,4073,10.19607843137255,10.19607843137255,f8210b1b1dc0609d86aa56c0a5aeb08879897ef531a502112f37b56828ad2500,1s,AVG,f8210b1b1dc0609d86aa56c0a5aeb08879897ef531a502112f37b56828ad2500,2026-09-02T19:24:21.394Z,2026-09-02T19:24:29.240Z,2026-09-02T19:24:29.240Z,3233
obdThrottlePosition,CAN_ENGINE_THROTTLE_POSITION,LATEST_LIVE,2026-09-02T19:24:31.000Z,2026-09-02T19:24:35.274Z,2026-09-02T19:24:35.044Z,2026-09-02T19:24:35.274Z,4104,18.43137254901961,"{""value"":18.43137254901961,""timestamp"":""2026-09-02T19:24:31Z""}",,,,,,,,3244
obdThrottlePosition,CAN_ENGINE_THROTTLE_POSITION,HF_HISTORICAL,2026-09-02T19:24:28.240Z,2026-09-02T19:24:35.488Z,2026-09-02T19:24:35.275Z,2026-09-02T19:24:35.488Z,4109,17.25490196078431,17.25490196078431,8df68fd3a9b0acb82acdbf98bf6297f50c7d8c58043d041dcd0581c6959195e4,1s,AVG,8df68fd3a9b0acb82acdbf98bf6297f50c7d8c58043d041dcd0581c6959195e4,2026-09-02T19:24:27.240Z,2026-09-02T19:24:35.275Z,2026-09-02T19:24:35.275Z,3249
obdThrottlePosition,CAN_ENGINE_THROTTLE_POSITION,HF_HISTORICAL,2026-09-02T19:24:30.240Z,2026-09-02T19:24:35.488Z,2026-09-02T19:24:35.275Z,2026-09-02T19:24:35.488Z,4114,18.43137254901961,18.43137254901961,b2ba946ebddb21e9158661f6144fc0fcd5129cf788fdc1ae335f872488316e69,1s,AVG,b2ba946ebddb21e9158661f6144fc0fcd5129cf788fdc1ae335f872488316e69,2026-09-02T19:24:27.240Z,2026-09-02T19:24:35.275Z,2026-09-02T19:24:35.275Z,3254
obdThrottlePosition,CAN_ENGINE_THROTTLE_POSITION,LATEST_LIVE,2026-09-02T19:24:37.000Z,2026-09-02T19:24:41.054Z,2026-09-02T19:24:40.765Z,2026-09-02T19:24:41.054Z,4119,17.25490196078431,"{""value"":17.25490196078431,""timestamp"":""2026-09-02T19:24:37Z""}",,,,,,,,3259
obdThrottlePosition,CAN_ENGINE_THROTTLE_POSITION,HF_HISTORICAL,2026-09-02T19:24:33.275Z,2026-09-02T19:24:41.494Z,2026-09-02T19:24:41.055Z,2026-09-02T19:24:41.494Z,4124,18.43137254901961,18.43137254901961,4145f3b600e07d7a7937a9b4e7c352412fe0b1b63efa005f1b2e9838da89a1af,1s,AVG,4145f3b600e07d7a7937a9b4e7c352412fe0b1b63efa005f1b2e9838da89a1af,2026-09-02T19:24:33.275Z,2026-09-02T19:24:41.055Z,2026-09-02T19:24:41.055Z,3264
obdThrottlePosition,CAN_ENGINE_THROTTLE_POSITION,HF_HISTORICAL,2026-09-02T19:24:34.275Z,2026-09-02T19:24:41.494Z,2026-09-02T19:24:41.055Z,2026-09-02T19:24:41.494Z,4129,13.33333333333333,13.33333333333333,54694bee4dd3916a9b38b246e01afc1836d9a8843a36c6afb96bd2aac2e7a123,1s,AVG,54694bee4dd3916a9b38b246e01afc1836d9a8843a36c6afb96bd2aac2e7a123,2026-09-02T19:24:33.275Z,2026-09-02T19:24:41.055Z,2026-09-02T19:24:41.055Z,3269
obdThrottlePosition,CAN_ENGINE_THROTTLE_POSITION,HF_HISTORICAL,2026-09-02T19:24:36.275Z,2026-09-02T19:24:41.494Z,2026-09-02T19:24:41.055Z,2026-09-02T19:24:41.494Z,4134,17.25490196078431,17.25490196078431,49cac3f738c6e45ef97bbd9bff81c60f134d23dd021c4aa47d3ee977357aaddd,1s,AVG,49cac3f738c6e45ef97bbd9bff81c60f134d23dd021c4aa47d3ee977357aaddd,2026-09-02T19:24:33.275Z,2026-09-02T19:24:41.055Z,2026-09-02T19:24:41.055Z,3274
obdThrottlePosition,CAN_ENGINE_THROTTLE_POSITION,LATEST_LIVE,2026-09-02T19:24:44.000Z,2026-09-02T19:24:47.265Z,2026-09-02T19:24:46.812Z,2026-09-02T19:24:47.265Z,4139,11.37254901960784,"{""value"":11.37254901960784,""timestamp"":""2026-09-02T19:24:44Z""}",,,,,,,,3279
obdThrottlePosition,CAN_ENGINE_THROTTLE_POSITION,HF_HISTORICAL,2026-09-02T19:24:40.055Z,2026-09-02T19:24:47.498Z,2026-09-02T19:24:47.266Z,2026-09-02T19:24:47.498Z,4144,14.50980392156863,14.50980392156863,63d7df4d2fc6ef7d743a6e57a9106b661229a9e32639d95d2582b9bd36939399,1s,AVG,63d7df4d2fc6ef7d743a6e57a9106b661229a9e32639d95d2582b9bd36939399,2026-09-02T19:24:39.055Z,2026-09-02T19:24:47.266Z,2026-09-02T19:24:47.266Z,3284
obdThrottlePosition,CAN_ENGINE_THROTTLE_POSITION,HF_HISTORICAL,2026-09-02T19:24:43.055Z,2026-09-02T19:24:47.498Z,2026-09-02T19:24:47.266Z,2026-09-02T19:24:47.498Z,4149,11.37254901960784,11.37254901960784,7e2a6376d1e4f663ab956677dfa1a86a553c44ee85c656c56be53b533217b54b,1s,AVG,7e2a6376d1e4f663ab956677dfa1a86a553c44ee85c656c56be53b533217b54b,2026-09-02T19:24:39.055Z,2026-09-02T19:24:47.266Z,2026-09-02T19:24:47.266Z,3289
obdThrottlePosition,CAN_ENGINE_THROTTLE_POSITION,LATEST_LIVE,2026-09-02T19:24:50.000Z,2026-09-02T19:24:53.005Z,2026-09-02T19:24:52.759Z,2026-09-02T19:24:53.005Z,4154,21.96078431372549,"{""value"":21.96078431372549,""timestamp"":""2026-09-02T19:24:50Z""}",,,,,,,,3294
obdThrottlePosition,CAN_ENGINE_THROTTLE_POSITION,HF_HISTORICAL,2026-09-02T19:24:45.266Z,2026-09-02T19:24:53.249Z,2026-09-02T19:24:53.006Z,2026-09-02T19:24:53.249Z,4159,18.03921568627451,18.03921568627451,f7177d905621ebb4dd83901c5e980c12d07a2bb79e535b8f689ccebe5f61998d,1s,AVG,f7177d905621ebb4dd83901c5e980c12d07a2bb79e535b8f689ccebe5f61998d,2026-09-02T19:24:45.266Z,2026-09-02T19:24:53.006Z,2026-09-02T19:24:53.006Z,3299
obdThrottlePosition,CAN_ENGINE_THROTTLE_POSITION,HF_HISTORICAL,2026-09-02T19:24:46.266Z,2026-09-02T19:24:53.249Z,2026-09-02T19:24:53.006Z,2026-09-02T19:24:53.249Z,4164,14.50980392156863,14.50980392156863,87933ffa3045ace3b0d5ea69c66f05c8f9b4562cbbd16ef87af5f048f83ea177,1s,AVG,87933ffa3045ace3b0d5ea69c66f05c8f9b4562cbbd16ef87af5f048f83ea177,2026-09-02T19:24:45.266Z,2026-09-02T19:24:53.006Z,2026-09-02T19:24:53.006Z,3304
obdThrottlePosition,CAN_ENGINE_THROTTLE_POSITION,HF_HISTORICAL,2026-09-02T19:24:48.266Z,2026-09-02T19:24:53.249Z,2026-09-02T19:24:53.006Z,2026-09-02T19:24:53.249Z,4169,15.29411764705882,15.29411764705882,6772865ea7066688c5108226f05cb44d57f565e64e732fe5d0b659bc17196e59,1s,AVG,6772865ea7066688c5108226f05cb44d57f565e64e732fe5d0b659bc17196e59,2026-09-02T19:24:45.266Z,2026-09-02T19:24:53.006Z,2026-09-02T19:24:53.006Z,3309
obdThrottlePosition,CAN_ENGINE_THROTTLE_POSITION,HF_HISTORICAL,2026-09-02T19:24:49.266Z,2026-09-02T19:24:53.249Z,2026-09-02T19:24:53.006Z,2026-09-02T19:24:53.249Z,4174,21.96078431372549,21.96078431372549,9c36fab467cca98c6061b8cd931e5ad517b1ee23f76bd911127302e4091485f8,1s,AVG,9c36fab467cca98c6061b8cd931e5ad517b1ee23f76bd911127302e4091485f8,2026-09-02T19:24:45.266Z,2026-09-02T19:24:53.006Z,2026-09-02T19:24:53.006Z,3314
obdThrottlePosition,CAN_ENGINE_THROTTLE_POSITION,LATEST_LIVE,2026-09-02T19:24:55.000Z,2026-09-02T19:24:58.878Z,2026-09-02T19:24:58.580Z,2026-09-02T19:24:58.878Z,4178,14.90196078431373,"{""value"":14.90196078431373,""timestamp"":""2026-09-02T19:24:55Z""}",,,,,,,,3318
obdThrottlePosition,CAN_ENGINE_THROTTLE_POSITION,HF_HISTORICAL,2026-09-02T19:24:52.006Z,2026-09-02T19:24:59.109Z,2026-09-02T19:24:58.880Z,2026-09-02T19:24:59.109Z,4183,15.68627450980392,15.68627450980392,99b8b431c9015707175130699ddd39dff83b650aa19a9e1cefaa6dc2dbd2c019,1s,AVG,99b8b431c9015707175130699ddd39dff83b650aa19a9e1cefaa6dc2dbd2c019,2026-09-02T19:24:51.006Z,2026-09-02T19:24:58.880Z,2026-09-02T19:24:58.880Z,3323
obdThrottlePosition,CAN_ENGINE_THROTTLE_POSITION,HF_HISTORICAL,2026-09-02T19:24:53.006Z,2026-09-02T19:24:59.109Z,2026-09-02T19:24:58.880Z,2026-09-02T19:24:59.109Z,4188,15.29411764705882,15.29411764705882,ace402c3765305d28783764b883a4e0d4e3e7438243f3c449efdc154fd5381c5,1s,AVG,ace402c3765305d28783764b883a4e0d4e3e7438243f3c449efdc154fd5381c5,2026-09-02T19:24:51.006Z,2026-09-02T19:24:58.880Z,2026-09-02T19:24:58.880Z,3328
obdThrottlePosition,CAN_ENGINE_THROTTLE_POSITION,HF_HISTORICAL,2026-09-02T19:24:54.006Z,2026-09-02T19:24:59.109Z,2026-09-02T19:24:58.880Z,2026-09-02T19:24:59.109Z,4193,14.90196078431373,14.90196078431373,8f5761d1b4fa8ce68bce0cc05e97d8b866450091ded6cf288c9aeb0c56c3c54e,1s,AVG,8f5761d1b4fa8ce68bce0cc05e97d8b866450091ded6cf288c9aeb0c56c3c54e,2026-09-02T19:24:51.006Z,2026-09-02T19:24:58.880Z,2026-09-02T19:24:58.880Z,3333
obdThrottlePosition,CAN_ENGINE_THROTTLE_POSITION,LATEST_LIVE,2026-09-02T19:25:00.000Z,2026-09-02T19:25:04.777Z,2026-09-02T19:25:04.466Z,2026-09-02T19:25:04.777Z,4198,23.13725490196078,"{""value"":23.13725490196078,""timestamp"":""2026-09-02T19:25:00Z""}",,,,,,,,3338
obdThrottlePosition,CAN_ENGINE_THROTTLE_POSITION,HF_HISTORICAL,2026-09-02T19:24:58.880Z,2026-09-02T19:25:05.039Z,2026-09-02T19:25:04.778Z,2026-09-02T19:25:05.039Z,4203,29.80392156862745,29.80392156862745,962449b976a38e1465040204133dc84f50a3bdc70078484ff6ed49e8f0ffbff2,1s,AVG,962449b976a38e1465040204133dc84f50a3bdc70078484ff6ed49e8f0ffbff2,2026-09-02T19:24:56.880Z,2026-09-02T19:25:04.778Z,2026-09-02T19:25:04.778Z,3343
obdThrottlePosition,CAN_ENGINE_THROTTLE_POSITION,HF_HISTORICAL,2026-09-02T19:24:59.880Z,2026-09-02T19:25:05.039Z,2026-09-02T19:25:04.778Z,2026-09-02T19:25:05.039Z,4208,23.13725490196078,23.13725490196078,815f45b62ba78e3d8fca5297802a3da3af732382ff2bc500a36b973b3e86c385,1s,AVG,815f45b62ba78e3d8fca5297802a3da3af732382ff2bc500a36b973b3e86c385,2026-09-02T19:24:56.880Z,2026-09-02T19:25:04.778Z,2026-09-02T19:25:04.778Z,3348
obdThrottlePosition,CAN_ENGINE_THROTTLE_POSITION,HF_HISTORICAL,2026-09-02T19:25:00.880Z,2026-09-02T19:25:05.039Z,2026-09-02T19:25:04.778Z,2026-09-02T19:25:05.039Z,4213,27.05882352941176,27.05882352941176,b2029038bd864907ceb79ef0aea27edd138565ebfa9820ee1146455c687c612f,1s,AVG,b2029038bd864907ceb79ef0aea27edd138565ebfa9820ee1146455c687c612f,2026-09-02T19:24:56.880Z,2026-09-02T19:25:04.778Z,2026-09-02T19:25:04.778Z,3353
obdThrottlePosition,CAN_ENGINE_THROTTLE_POSITION,LATEST_LIVE,2026-09-02T19:25:08.000Z,2026-09-02T19:25:11.006Z,2026-09-02T19:25:10.783Z,2026-09-02T19:25:11.006Z,4244,22.35294117647059,"{""value"":22.35294117647059,""timestamp"":""2026-09-02T19:25:08Z""}",,,,,,,,3364
obdThrottlePosition,CAN_ENGINE_THROTTLE_POSITION,HF_HISTORICAL,2026-09-02T19:25:03.778Z,2026-09-02T19:25:11.209Z,2026-09-02T19:25:11.007Z,2026-09-02T19:25:11.209Z,4249,24.31372549019608,24.31372549019608,63632eb04cdac07f811d9e9020c7df487638dcdf2baecd4d4989694c7ed3c6b4,1s,AVG,63632eb04cdac07f811d9e9020c7df487638dcdf2baecd4d4989694c7ed3c6b4,2026-09-02T19:25:02.778Z,2026-09-02T19:25:11.007Z,2026-09-02T19:25:11.007Z,3369
obdThrottlePosition,CAN_ENGINE_THROTTLE_POSITION,HF_HISTORICAL,2026-09-02T19:25:04.778Z,2026-09-02T19:25:11.209Z,2026-09-02T19:25:11.007Z,2026-09-02T19:25:11.209Z,4254,23.13725490196078,23.13725490196078,090f0825e680712e4ba8bc99fc066238db77f4bcdd6fc71c98ef12534638ef1c,1s,AVG,090f0825e680712e4ba8bc99fc066238db77f4bcdd6fc71c98ef12534638ef1c,2026-09-02T19:25:02.778Z,2026-09-02T19:25:11.007Z,2026-09-02T19:25:11.007Z,3374
obdThrottlePosition,CAN_ENGINE_THROTTLE_POSITION,HF_HISTORICAL,2026-09-02T19:25:06.778Z,2026-09-02T19:25:11.209Z,2026-09-02T19:25:11.007Z,2026-09-02T19:25:11.209Z,4259,20.7843137254902,20.7843137254902,9af8e883255a6766af6dd1cdd3053db1dfa218327b5eea069c86291583095bb3,1s,AVG,9af8e883255a6766af6dd1cdd3053db1dfa218327b5eea069c86291583095bb3,2026-09-02T19:25:02.778Z,2026-09-02T19:25:11.007Z,2026-09-02T19:25:11.007Z,3379
obdThrottlePosition,CAN_ENGINE_THROTTLE_POSITION,HF_HISTORICAL,2026-09-02T19:25:07.778Z,2026-09-02T19:25:11.209Z,2026-09-02T19:25:11.007Z,2026-09-02T19:25:11.209Z,4264,22.35294117647059,22.35294117647059,fca94347dd4f577f165874e24bad6a7f63cce20bacf235f3cd22ce9fde723f44,1s,AVG,fca94347dd4f577f165874e24bad6a7f63cce20bacf235f3cd22ce9fde723f44,2026-09-02T19:25:02.778Z,2026-09-02T19:25:11.007Z,2026-09-02T19:25:11.007Z,3384
obdThrottlePosition,CAN_ENGINE_THROTTLE_POSITION,LATEST_LIVE,2026-09-02T19:25:11.000Z,2026-09-02T19:25:16.802Z,2026-09-02T19:25:16.517Z,2026-09-02T19:25:16.802Z,4269,26.27450980392157,"{""value"":26.27450980392157,""timestamp"":""2026-09-02T19:25:11Z""}",,,,,,,,3389
obdThrottlePosition,CAN_ENGINE_THROTTLE_POSITION,HF_HISTORICAL,2026-09-02T19:25:10.007Z,2026-09-02T19:25:17.011Z,2026-09-02T19:25:16.803Z,2026-09-02T19:25:17.011Z,4274,26.27450980392157,26.27450980392157,4301dea2c5bed4c012115fe8e1dd0255b7f4077b9da8771a6a792e1936717b9f,1s,AVG,4301dea2c5bed4c012115fe8e1dd0255b7f4077b9da8771a6a792e1936717b9f,2026-09-02T19:25:09.007Z,2026-09-02T19:25:16.803Z,2026-09-02T19:25:16.803Z,3394
obdThrottlePosition,CAN_ENGINE_THROTTLE_POSITION,LATEST_LIVE,2026-09-02T19:25:18.000Z,2026-09-02T19:25:22.802Z,2026-09-02T19:25:22.558Z,2026-09-02T19:25:22.802Z,4279,10.58823529411765,"{""value"":10.58823529411765,""timestamp"":""2026-09-02T19:25:18Z""}",,,,,,,,3399
obdThrottlePosition,CAN_ENGINE_THROTTLE_POSITION,HF_HISTORICAL,2026-09-02T19:25:14.803Z,2026-09-02T19:25:23.019Z,2026-09-02T19:25:22.804Z,2026-09-02T19:25:23.019Z,4284,11.76470588235294,11.76470588235294,53041fd2dd4c7cf058196cf44af7528ced60e6f76a0c1d48919f288f1f5f11b6,1s,AVG,53041fd2dd4c7cf058196cf44af7528ced60e6f76a0c1d48919f288f1f5f11b6,2026-09-02T19:25:14.803Z,2026-09-02T19:25:22.804Z,2026-09-02T19:25:22.804Z,3404
obdThrottlePosition,CAN_ENGINE_THROTTLE_POSITION,HF_HISTORICAL,2026-09-02T19:25:16.803Z,2026-09-02T19:25:23.019Z,2026-09-02T19:25:22.804Z,2026-09-02T19:25:23.019Z,4289,12.94117647058824,12.94117647058824,125c8cd9b9b9bb4428623849f01fc1344333919233f7d9b37283b0ec3404bdb7,1s,AVG,125c8cd9b9b9bb4428623849f01fc1344333919233f7d9b37283b0ec3404bdb7,2026-09-02T19:25:14.803Z,2026-09-02T19:25:22.804Z,2026-09-02T19:25:22.804Z,3409
obdThrottlePosition,CAN_ENGINE_THROTTLE_POSITION,HF_HISTORICAL,2026-09-02T19:25:17.803Z,2026-09-02T19:25:23.019Z,2026-09-02T19:25:22.804Z,2026-09-02T19:25:23.019Z,4293,10.58823529411765,10.58823529411765,521a38469462d73f7c27cd8216e4fe01a102f706f7b0773a5396b750fd1f49f8,1s,AVG,521a38469462d73f7c27cd8216e4fe01a102f706f7b0773a5396b750fd1f49f8,2026-09-02T19:25:14.803Z,2026-09-02T19:25:22.804Z,2026-09-02T19:25:22.804Z,3413
obdThrottlePosition,CAN_ENGINE_THROTTLE_POSITION,LATEST_LIVE,2026-09-02T19:25:24.000Z,2026-09-02T19:25:28.517Z,2026-09-02T19:25:28.297Z,2026-09-02T19:25:28.517Z,4297,14.50980392156863,"{""value"":14.50980392156863,""timestamp"":""2026-09-02T19:25:24Z""}",,,,,,,,3417
obdThrottlePosition,CAN_ENGINE_THROTTLE_POSITION,HF_HISTORICAL,2026-09-02T19:25:20.804Z,2026-09-02T19:25:28.746Z,2026-09-02T19:25:28.518Z,2026-09-02T19:25:28.746Z,4302,12.15686274509804,12.15686274509804,c60a5dada502718db575435bbb3fced0ae496f1f2f29a6186438e6f1472072d1,1s,AVG,c60a5dada502718db575435bbb3fced0ae496f1f2f29a6186438e6f1472072d1,2026-09-02T19:25:20.804Z,2026-09-02T19:25:28.518Z,2026-09-02T19:25:28.518Z,3422
obdThrottlePosition,CAN_ENGINE_THROTTLE_POSITION,HF_HISTORICAL,2026-09-02T19:25:21.804Z,2026-09-02T19:25:28.746Z,2026-09-02T19:25:28.518Z,2026-09-02T19:25:28.746Z,4307,18.43137254901961,18.43137254901961,ac87eb8add07cc9d0979d364b35630a658314646d9fb21172f50d7f4750e07d6,1s,AVG,ac87eb8add07cc9d0979d364b35630a658314646d9fb21172f50d7f4750e07d6,2026-09-02T19:25:20.804Z,2026-09-02T19:25:28.518Z,2026-09-02T19:25:28.518Z,3427
obdThrottlePosition,CAN_ENGINE_THROTTLE_POSITION,HF_HISTORICAL,2026-09-02T19:25:23.804Z,2026-09-02T19:25:28.746Z,2026-09-02T19:25:28.518Z,2026-09-02T19:25:28.746Z,4312,14.50980392156863,14.50980392156863,2e4337e101cd37fc48dfceb62bbc48c79a0d69bac889c2cb5953fb61f2bb0706,1s,AVG,2e4337e101cd37fc48dfceb62bbc48c79a0d69bac889c2cb5953fb61f2bb0706,2026-09-02T19:25:20.804Z,2026-09-02T19:25:28.518Z,2026-09-02T19:25:28.518Z,3432
obdThrottlePosition,CAN_ENGINE_THROTTLE_POSITION,LATEST_LIVE,2026-09-02T19:25:31.000Z,2026-09-02T19:25:34.262Z,2026-09-02T19:25:34.025Z,2026-09-02T19:25:34.262Z,4317,20,"{""value"":20,""timestamp"":""2026-09-02T19:25:31Z""}",,,,,,,,3437
obdThrottlePosition,CAN_ENGINE_THROTTLE_POSITION,HF_HISTORICAL,2026-09-02T19:25:26.518Z,2026-09-02T19:25:34.491Z,2026-09-02T19:25:34.267Z,2026-09-02T19:25:34.491Z,4322,20.7843137254902,20.7843137254902,7615035fe9f5df525090896885aa17f371c9d5300ba6078772d6833060913b5f,1s,AVG,7615035fe9f5df525090896885aa17f371c9d5300ba6078772d6833060913b5f,2026-09-02T19:25:26.518Z,2026-09-02T19:25:34.267Z,2026-09-02T19:25:34.267Z,3442
obdThrottlePosition,CAN_ENGINE_THROTTLE_POSITION,HF_HISTORICAL,2026-09-02T19:25:28.518Z,2026-09-02T19:25:34.491Z,2026-09-02T19:25:34.267Z,2026-09-02T19:25:34.491Z,4327,21.17647058823529,21.17647058823529,0fd9d383fd7bf5116c42c040dd289aa7d03de7e9e752801ba37111cc9ceb1320,1s,AVG,0fd9d383fd7bf5116c42c040dd289aa7d03de7e9e752801ba37111cc9ceb1320,2026-09-02T19:25:26.518Z,2026-09-02T19:25:34.267Z,2026-09-02T19:25:34.267Z,3447
obdThrottlePosition,CAN_ENGINE_THROTTLE_POSITION,HF_HISTORICAL,2026-09-02T19:25:30.518Z,2026-09-02T19:25:34.491Z,2026-09-02T19:25:34.267Z,2026-09-02T19:25:34.491Z,4332,20,20,fc38cfb86a91380827cd573cc7ac386cb0dd4ff2a6270d2616652bb85c25cd03,1s,AVG,fc38cfb86a91380827cd573cc7ac386cb0dd4ff2a6270d2616652bb85c25cd03,2026-09-02T19:25:26.518Z,2026-09-02T19:25:34.267Z,2026-09-02T19:25:34.267Z,3452
obdThrottlePosition,CAN_ENGINE_THROTTLE_POSITION,LATEST_LIVE,2026-09-02T19:25:36.000Z,2026-09-02T19:25:40.124Z,2026-09-02T19:25:39.760Z,2026-09-02T19:25:40.124Z,4337,11.76470588235294,"{""value"":11.76470588235294,""timestamp"":""2026-09-02T19:25:36Z""}",,,,,,,,3457
obdThrottlePosition,CAN_ENGINE_THROTTLE_POSITION,HF_HISTORICAL,2026-09-02T19:25:32.267Z,2026-09-02T19:25:40.331Z,2026-09-02T19:25:40.125Z,2026-09-02T19:25:40.331Z,4342,17.64705882352941,17.64705882352941,4ab17a8d01838e3c3c3309fd75cbdf0c69ef2f6d7e773c37b5ed556e0a2842e2,1s,AVG,4ab17a8d01838e3c3c3309fd75cbdf0c69ef2f6d7e773c37b5ed556e0a2842e2,2026-09-02T19:25:32.267Z,2026-09-02T19:25:40.125Z,2026-09-02T19:25:40.125Z,3462
obdThrottlePosition,CAN_ENGINE_THROTTLE_POSITION,HF_HISTORICAL,2026-09-02T19:25:33.267Z,2026-09-02T19:25:40.331Z,2026-09-02T19:25:40.125Z,2026-09-02T19:25:40.331Z,4347,18.43137254901961,18.43137254901961,43b0f86307cb56fa34ceeba0cdae85c58df6c1c6c1f96be66c86c24b0ca65d79,1s,AVG,43b0f86307cb56fa34ceeba0cdae85c58df6c1c6c1f96be66c86c24b0ca65d79,2026-09-02T19:25:32.267Z,2026-09-02T19:25:40.125Z,2026-09-02T19:25:40.125Z,3467
obdThrottlePosition,CAN_ENGINE_THROTTLE_POSITION,HF_HISTORICAL,2026-09-02T19:25:35.267Z,2026-09-02T19:25:40.331Z,2026-09-02T19:25:40.125Z,2026-09-02T19:25:40.331Z,4352,11.76470588235294,11.76470588235294,b7a7a4da286576e29f728059f905ef374f71db0b15536fb352cf4babccf02189,1s,AVG,b7a7a4da286576e29f728059f905ef374f71db0b15536fb352cf4babccf02189,2026-09-02T19:25:32.267Z,2026-09-02T19:25:40.125Z,2026-09-02T19:25:40.125Z,3472
obdThrottlePosition,CAN_ENGINE_THROTTLE_POSITION,LATEST_LIVE,2026-09-02T19:25:42.000Z,2026-09-02T19:25:46.151Z,2026-09-02T19:25:45.889Z,2026-09-02T19:25:46.151Z,4383,23.92156862745098,"{""value"":23.92156862745098,""timestamp"":""2026-09-02T19:25:42Z""}",,,,,,,,3483
obdThrottlePosition,CAN_ENGINE_THROTTLE_POSITION,HF_HISTORICAL,2026-09-02T19:25:39.125Z,2026-09-02T19:25:46.360Z,2026-09-02T19:25:46.152Z,2026-09-02T19:25:46.360Z,4388,11.76470588235294,11.76470588235294,fefbb2357ee4b74a0a278dea454dc897c248e16880b81e491e6687ed8d5f4769,1s,AVG,fefbb2357ee4b74a0a278dea454dc897c248e16880b81e491e6687ed8d5f4769,2026-09-02T19:25:38.125Z,2026-09-02T19:25:46.152Z,2026-09-02T19:25:46.152Z,3488
obdThrottlePosition,CAN_ENGINE_THROTTLE_POSITION,HF_HISTORICAL,2026-09-02T19:25:41.125Z,2026-09-02T19:25:46.360Z,2026-09-02T19:25:46.152Z,2026-09-02T19:25:46.360Z,4393,23.92156862745098,23.92156862745098,971f5cc4609eb283a7101562b9555f50c3c65a22943abf57eaf581fbdd93423e,1s,AVG,971f5cc4609eb283a7101562b9555f50c3c65a22943abf57eaf581fbdd93423e,2026-09-02T19:25:38.125Z,2026-09-02T19:25:46.152Z,2026-09-02T19:25:46.152Z,3493
obdThrottlePosition,CAN_ENGINE_THROTTLE_POSITION,LATEST_LIVE,2026-09-02T19:25:48.000Z,2026-09-02T19:25:51.893Z,2026-09-02T19:25:51.628Z,2026-09-02T19:25:51.893Z,4398,16.07843137254902,"{""value"":16.07843137254902,""timestamp"":""2026-09-02T19:25:48Z""}",,,,,,,,3498
obdThrottlePosition,CAN_ENGINE_THROTTLE_POSITION,HF_HISTORICAL,2026-09-02T19:25:44.152Z,2026-09-02T19:25:52.308Z,2026-09-02T19:25:51.895Z,2026-09-02T19:25:52.308Z,4403,25.88235294117647,25.88235294117647,cf7c2b944771506155050826219173c5ac1d2807c48aa281698812b8e5d80eaf,1s,AVG,cf7c2b944771506155050826219173c5ac1d2807c48aa281698812b8e5d80eaf,2026-09-02T19:25:44.152Z,2026-09-02T19:25:51.895Z,2026-09-02T19:25:51.895Z,3503
obdThrottlePosition,CAN_ENGINE_THROTTLE_POSITION,HF_HISTORICAL,2026-09-02T19:25:46.152Z,2026-09-02T19:25:52.308Z,2026-09-02T19:25:51.895Z,2026-09-02T19:25:52.308Z,4407,10.19607843137255,10.19607843137255,d61ca5d631c4c7aef949d0d1d84e44dff3e81fa5fc93bf9652236a94af64b543,1s,AVG,d61ca5d631c4c7aef949d0d1d84e44dff3e81fa5fc93bf9652236a94af64b543,2026-09-02T19:25:44.152Z,2026-09-02T19:25:51.895Z,2026-09-02T19:25:51.895Z,3507
obdThrottlePosition,CAN_ENGINE_THROTTLE_POSITION,HF_HISTORICAL,2026-09-02T19:25:47.152Z,2026-09-02T19:25:52.308Z,2026-09-02T19:25:51.895Z,2026-09-02T19:25:52.308Z,4411,16.07843137254902,16.07843137254902,a1e7645b822f8d66bb8ccf6a6f603d2cb4e011cefb2f0e36d4804c37480fd117,1s,AVG,a1e7645b822f8d66bb8ccf6a6f603d2cb4e011cefb2f0e36d4804c37480fd117,2026-09-02T19:25:44.152Z,2026-09-02T19:25:51.895Z,2026-09-02T19:25:51.895Z,3511
obdThrottlePosition,CAN_ENGINE_THROTTLE_POSITION,LATEST_LIVE,2026-09-02T19:25:54.000Z,2026-09-02T19:26:01.483Z,2026-09-02T19:25:57.561Z,2026-09-02T19:26:01.483Z,4415,16.47058823529412,"{""value"":16.47058823529412,""timestamp"":""2026-09-02T19:25:54Z""}",,,,,,,,3515
obdThrottlePosition,CAN_ENGINE_THROTTLE_POSITION,HF_HISTORICAL,2026-09-02T19:25:50.895Z,2026-09-02T19:26:01.697Z,2026-09-02T19:26:01.492Z,2026-09-02T19:26:01.697Z,4420,16.47058823529412,16.47058823529412,de7b9235bf53a7451f923e4126bb7c787e3236d7e16be62c7dc32b7d4b7a8453,1s,AVG,de7b9235bf53a7451f923e4126bb7c787e3236d7e16be62c7dc32b7d4b7a8453,2026-09-02T19:25:49.895Z,2026-09-02T19:26:01.492Z,2026-09-02T19:26:01.492Z,3520
obdThrottlePosition,CAN_ENGINE_THROTTLE_POSITION,HF_HISTORICAL,2026-09-02T19:25:51.895Z,2026-09-02T19:26:01.697Z,2026-09-02T19:26:01.492Z,2026-09-02T19:26:01.697Z,4424,10.58823529411765,10.58823529411765,74bd2c2fdf54576ae0b138d65033147dc2450c812f63f4fc4196b597fdd5382f,1s,AVG,74bd2c2fdf54576ae0b138d65033147dc2450c812f63f4fc4196b597fdd5382f,2026-09-02T19:25:49.895Z,2026-09-02T19:26:01.492Z,2026-09-02T19:26:01.492Z,3524
obdThrottlePosition,CAN_ENGINE_THROTTLE_POSITION,HF_HISTORICAL,2026-09-02T19:25:53.895Z,2026-09-02T19:26:01.697Z,2026-09-02T19:26:01.492Z,2026-09-02T19:26:01.697Z,4428,16.47058823529412,16.47058823529412,2280cccd5aee87591e111a6d88cbcf1f9676eb7a89e2d70316496b8c725839d1,1s,AVG,2280cccd5aee87591e111a6d88cbcf1f9676eb7a89e2d70316496b8c725839d1,2026-09-02T19:25:49.895Z,2026-09-02T19:26:01.492Z,2026-09-02T19:26:01.492Z,3528
obdThrottlePosition,CAN_ENGINE_THROTTLE_POSITION,HF_HISTORICAL,2026-09-02T19:25:54.895Z,2026-09-02T19:26:01.697Z,2026-09-02T19:26:01.492Z,2026-09-02T19:26:01.697Z,4433,16.07843137254902,16.07843137254902,3bc4cef9a8d655d094c4eae200354f427f0df2979273eb479dac173d10afee08,1s,AVG,3bc4cef9a8d655d094c4eae200354f427f0df2979273eb479dac173d10afee08,2026-09-02T19:25:49.895Z,2026-09-02T19:26:01.492Z,2026-09-02T19:26:01.492Z,3533
obdThrottlePosition,CAN_ENGINE_THROTTLE_POSITION,HF_HISTORICAL,2026-09-02T19:25:56.895Z,2026-09-02T19:26:01.697Z,2026-09-02T19:26:01.492Z,2026-09-02T19:26:01.697Z,4438,27.05882352941176,27.05882352941176,0a27526362a083d78c2e7c0c347d25a99d00cb5f0f24cc3221fdc3fb0602f37e,1s,AVG,0a27526362a083d78c2e7c0c347d25a99d00cb5f0f24cc3221fdc3fb0602f37e,2026-09-02T19:25:49.895Z,2026-09-02T19:26:01.492Z,2026-09-02T19:26:01.492Z,3538
obdThrottlePosition,CAN_ENGINE_THROTTLE_POSITION,LATEST_LIVE,2026-09-02T19:26:02.000Z,2026-09-02T19:26:07.321Z,2026-09-02T19:26:07.028Z,2026-09-02T19:26:07.321Z,4443,17.25490196078431,"{""value"":17.25490196078431,""timestamp"":""2026-09-02T19:26:02Z""}",,,,,,,,3543
obdThrottlePosition,CAN_ENGINE_THROTTLE_POSITION,HF_HISTORICAL,2026-09-02T19:26:00.492Z,2026-09-02T19:26:07.574Z,2026-09-02T19:26:07.322Z,2026-09-02T19:26:07.574Z,4448,10.58823529411765,10.58823529411765,e23891c2203d2da9516a957352244066f8b39ed033e6526e9e22dba75cb53636,1s,AVG,e23891c2203d2da9516a957352244066f8b39ed033e6526e9e22dba75cb53636,2026-09-02T19:25:59.492Z,2026-09-02T19:26:07.322Z,2026-09-02T19:26:07.322Z,3548
obdThrottlePosition,CAN_ENGINE_THROTTLE_POSITION,HF_HISTORICAL,2026-09-02T19:26:01.492Z,2026-09-02T19:26:07.574Z,2026-09-02T19:26:07.322Z,2026-09-02T19:26:07.574Z,4453,17.25490196078431,17.25490196078431,329d08c3aa4cc1366c62c6f81bf2a27ae140a3e3427584ac27790a47c9714ae6,1s,AVG,329d08c3aa4cc1366c62c6f81bf2a27ae140a3e3427584ac27790a47c9714ae6,2026-09-02T19:25:59.492Z,2026-09-02T19:26:07.322Z,2026-09-02T19:26:07.322Z,3553
obdThrottlePosition,CAN_ENGINE_THROTTLE_POSITION,LATEST_LIVE,2026-09-02T19:26:07.000Z,2026-09-02T19:26:13.105Z,2026-09-02T19:26:12.866Z,2026-09-02T19:26:13.105Z,4458,10.19607843137255,"{""value"":10.19607843137255,""timestamp"":""2026-09-02T19:26:07Z""}",,,,,,,,3558
obdThrottlePosition,CAN_ENGINE_THROTTLE_POSITION,HF_HISTORICAL,2026-09-02T19:26:06.322Z,2026-09-02T19:26:13.343Z,2026-09-02T19:26:13.107Z,2026-09-02T19:26:13.343Z,4463,10.19607843137255,10.19607843137255,2230684ad9bad3643fa811e19e406d66f852ed210f8425a564bc35d07313b1b5,1s,AVG,2230684ad9bad3643fa811e19e406d66f852ed210f8425a564bc35d07313b1b5,2026-09-02T19:26:05.322Z,2026-09-02T19:26:13.107Z,2026-09-02T19:26:13.107Z,3563
obdThrottlePosition,CAN_ENGINE_THROTTLE_POSITION,LATEST_LIVE,2026-09-02T19:26:07.000Z,2026-09-02T19:26:18.979Z,2026-09-02T19:26:18.719Z,2026-09-02T19:26:18.979Z,4470,10.19607843137255,"{""value"":10.19607843137255,""timestamp"":""2026-09-02T19:26:07Z""}",,,,,,,,3570
obdThrottlePosition,CAN_ENGINE_THROTTLE_POSITION,LATEST_LIVE,2026-09-02T19:26:07.000Z,2026-09-02T19:26:24.972Z,2026-09-02T19:26:24.754Z,2026-09-02T19:26:24.972Z,4505,10.19607843137255,"{""value"":10.19607843137255,""timestamp"":""2026-09-02T19:26:07Z""}",,,,,,,,3585
obdThrottlePosition,CAN_ENGINE_THROTTLE_POSITION,LATEST_LIVE,2026-09-02T19:26:07.000Z,2026-09-02T19:26:30.735Z,2026-09-02T19:26:30.492Z,2026-09-02T19:26:30.735Z,4516,10.19607843137255,"{""value"":10.19607843137255,""timestamp"":""2026-09-02T19:26:07Z""}",,,,,,,,3596
obdThrottlePosition,CAN_ENGINE_THROTTLE_POSITION,LATEST_LIVE,2026-09-02T19:26:32.000Z,2026-09-02T19:26:36.560Z,2026-09-02T19:26:36.329Z,2026-09-02T19:26:36.560Z,4529,17.25490196078431,"{""value"":17.25490196078431,""timestamp"":""2026-09-02T19:26:32Z""}",,,,,,,,3609
obdThrottlePosition,CAN_ENGINE_THROTTLE_POSITION,HF_HISTORICAL,2026-09-02T19:26:31.737Z,2026-09-02T19:26:36.767Z,2026-09-02T19:26:36.561Z,2026-09-02T19:26:36.767Z,4541,17.25490196078431,17.25490196078431,a415b3ba532df4e0bd4591791c40a01ebd517e0dd1d29a67c76ef96af70e5d4d,1s,AVG,a415b3ba532df4e0bd4591791c40a01ebd517e0dd1d29a67c76ef96af70e5d4d,2026-09-02T19:26:28.737Z,2026-09-02T19:26:36.561Z,2026-09-02T19:26:36.561Z,3621
obdThrottlePosition,CAN_ENGINE_THROTTLE_POSITION,LATEST_LIVE,2026-09-02T19:26:37.000Z,2026-09-02T19:26:42.376Z,2026-09-02T19:26:42.131Z,2026-09-02T19:26:42.376Z,4546,13.72549019607843,"{""value"":13.72549019607843,""timestamp"":""2026-09-02T19:26:37Z""}",,,,,,,,3626
obdThrottlePosition,CAN_ENGINE_THROTTLE_POSITION,HF_HISTORICAL,2026-09-02T19:26:34.561Z,2026-09-02T19:26:42.754Z,2026-09-02T19:26:42.377Z,2026-09-02T19:26:42.754Z,4551,14.11764705882353,14.11764705882353,f4f2ed876dc517f63a659f1a94532f14114b54d700ef1118a373c9584c4f2a00,1s,AVG,f4f2ed876dc517f63a659f1a94532f14114b54d700ef1118a373c9584c4f2a00,2026-09-02T19:26:34.561Z,2026-09-02T19:26:42.377Z,2026-09-02T19:26:42.377Z,3631
obdThrottlePosition,CAN_ENGINE_THROTTLE_POSITION,HF_HISTORICAL,2026-09-02T19:26:36.561Z,2026-09-02T19:26:42.754Z,2026-09-02T19:26:42.377Z,2026-09-02T19:26:42.754Z,4556,13.72549019607843,13.72549019607843,fa0537766560a23458cd18d06f3f08d23e2b74af1a742181c0ad20b97ce8a95a,1s,AVG,fa0537766560a23458cd18d06f3f08d23e2b74af1a742181c0ad20b97ce8a95a,2026-09-02T19:26:34.561Z,2026-09-02T19:26:42.377Z,2026-09-02T19:26:42.377Z,3636
obdThrottlePosition,CAN_ENGINE_THROTTLE_POSITION,LATEST_LIVE,2026-09-02T19:26:41.000Z,2026-09-02T19:26:48.363Z,2026-09-02T19:26:48.001Z,2026-09-02T19:26:48.363Z,4561,13.33333333333333,"{""value"":13.33333333333333,""timestamp"":""2026-09-02T19:26:41Z""}",,,,,,,,3641
obdThrottlePosition,CAN_ENGINE_THROTTLE_POSITION,HF_HISTORICAL,2026-09-02T19:26:40.377Z,2026-09-02T19:26:48.598Z,2026-09-02T19:26:48.365Z,2026-09-02T19:26:48.598Z,4566,13.33333333333333,13.33333333333333,088606e380d610882f4e1c1e176f5a66c9ecf9ce3abfb6812b1bf2fb3fca5b14,1s,AVG,088606e380d610882f4e1c1e176f5a66c9ecf9ce3abfb6812b1bf2fb3fca5b14,2026-09-02T19:26:40.377Z,2026-09-02T19:26:48.365Z,2026-09-02T19:26:48.365Z,3646
obdThrottlePosition,CAN_ENGINE_THROTTLE_POSITION,LATEST_LIVE,2026-09-02T19:26:49.000Z,2026-09-02T19:26:54.164Z,2026-09-02T19:26:53.928Z,2026-09-02T19:26:54.164Z,4571,14.11764705882353,"{""value"":14.11764705882353,""timestamp"":""2026-09-02T19:26:49Z""}",,,,,,,,3651
obdThrottlePosition,CAN_ENGINE_THROTTLE_POSITION,HF_HISTORICAL,2026-09-02T19:26:47.365Z,2026-09-02T19:26:54.381Z,2026-09-02T19:26:54.165Z,2026-09-02T19:26:54.381Z,4576,15.68627450980392,15.68627450980392,33bafead8d51e21b7e29ad041fee7d76d422d5103d7033e5c73a3719b494f616,1s,AVG,33bafead8d51e21b7e29ad041fee7d76d422d5103d7033e5c73a3719b494f616,2026-09-02T19:26:46.365Z,2026-09-02T19:26:54.165Z,2026-09-02T19:26:54.165Z,3656
obdThrottlePosition,CAN_ENGINE_THROTTLE_POSITION,HF_HISTORICAL,2026-09-02T19:26:48.365Z,2026-09-02T19:26:54.381Z,2026-09-02T19:26:54.165Z,2026-09-02T19:26:54.381Z,4581,14.11764705882353,14.11764705882353,fb40e8cacdc1ab5387efdd3f97db773ba524e12dd582bc0f47aa4acf9ac6299c,1s,AVG,fb40e8cacdc1ab5387efdd3f97db773ba524e12dd582bc0f47aa4acf9ac6299c,2026-09-02T19:26:46.365Z,2026-09-02T19:26:54.165Z,2026-09-02T19:26:54.165Z,3661
obdThrottlePosition,CAN_ENGINE_THROTTLE_POSITION,LATEST_LIVE,2026-09-02T19:26:56.000Z,2026-09-02T19:27:00.303Z,2026-09-02T19:26:59.868Z,2026-09-02T19:27:00.303Z,4612,21.96078431372549,"{""value"":21.96078431372549,""timestamp"":""2026-09-02T19:26:56Z""}",,,,,,,,3672
obdThrottlePosition,CAN_ENGINE_THROTTLE_POSITION,HF_HISTORICAL,2026-09-02T19:26:53.165Z,2026-09-02T19:27:00.535Z,2026-09-02T19:27:00.304Z,2026-09-02T19:27:00.535Z,4617,19.6078431372549,19.6078431372549,a8d323d1f7c236d572deda450c16915ea1e1c04f3dd1c7975ce92d37517e96a4,1s,AVG,a8d323d1f7c236d572deda450c16915ea1e1c04f3dd1c7975ce92d37517e96a4,2026-09-02T19:26:52.165Z,2026-09-02T19:27:00.304Z,2026-09-02T19:27:00.304Z,3677
obdThrottlePosition,CAN_ENGINE_THROTTLE_POSITION,HF_HISTORICAL,2026-09-02T19:26:55.165Z,2026-09-02T19:27:00.535Z,2026-09-02T19:27:00.304Z,2026-09-02T19:27:00.535Z,4622,21.96078431372549,21.96078431372549,2e0122a735e7d7eb138959f0a9d017d71bed08390717f1101ec3f5aa67fc97e3,1s,AVG,2e0122a735e7d7eb138959f0a9d017d71bed08390717f1101ec3f5aa67fc97e3,2026-09-02T19:26:52.165Z,2026-09-02T19:27:00.304Z,2026-09-02T19:27:00.304Z,3682
obdThrottlePosition,CAN_ENGINE_THROTTLE_POSITION,LATEST_LIVE,2026-09-02T19:27:02.000Z,2026-09-02T19:27:06.248Z,2026-09-02T19:27:05.936Z,2026-09-02T19:27:06.248Z,4627,13.33333333333333,"{""value"":13.33333333333333,""timestamp"":""2026-09-02T19:27:02Z""}",,,,,,,,3687
obdThrottlePosition,CAN_ENGINE_THROTTLE_POSITION,HF_HISTORICAL,2026-09-02T19:26:59.304Z,2026-09-02T19:27:06.516Z,2026-09-02T19:27:06.253Z,2026-09-02T19:27:06.516Z,4632,11.76470588235294,11.76470588235294,cdb0b4c38d2f7cf31410a1d3ab701725fce508f641aa4de38aa9253dfc37b8e0,1s,AVG,cdb0b4c38d2f7cf31410a1d3ab701725fce508f641aa4de38aa9253dfc37b8e0,2026-09-02T19:26:58.304Z,2026-09-02T19:27:06.253Z,2026-09-02T19:27:06.253Z,3692
obdThrottlePosition,CAN_ENGINE_THROTTLE_POSITION,HF_HISTORICAL,2026-09-02T19:27:01.304Z,2026-09-02T19:27:06.516Z,2026-09-02T19:27:06.253Z,2026-09-02T19:27:06.516Z,4637,13.33333333333333,13.33333333333333,3e1c7d493cd2cd12cf667e93ba401e118c35395fc70614fac0a54ec523d94a57,1s,AVG,3e1c7d493cd2cd12cf667e93ba401e118c35395fc70614fac0a54ec523d94a57,2026-09-02T19:26:58.304Z,2026-09-02T19:27:06.253Z,2026-09-02T19:27:06.253Z,3697
obdThrottlePosition,CAN_ENGINE_THROTTLE_POSITION,LATEST_LIVE,2026-09-02T19:27:07.000Z,2026-09-02T19:27:12.492Z,2026-09-02T19:27:11.853Z,2026-09-02T19:27:12.492Z,4642,20.7843137254902,"{""value"":20.7843137254902,""timestamp"":""2026-09-02T19:27:07Z""}",,,,,,,,3702
obdThrottlePosition,CAN_ENGINE_THROTTLE_POSITION,HF_HISTORICAL,2026-09-02T19:27:04.253Z,2026-09-02T19:27:12.769Z,2026-09-02T19:27:12.495Z,2026-09-02T19:27:12.769Z,4647,84.70588235294117,84.70588235294117,d42175dd4229f70268370262605613352976da8ee625ed2cc4d3778e5909f501,1s,AVG,d42175dd4229f70268370262605613352976da8ee625ed2cc4d3778e5909f501,2026-09-02T19:27:04.253Z,2026-09-02T19:27:12.495Z,2026-09-02T19:27:12.495Z,3707
obdThrottlePosition,CAN_ENGINE_THROTTLE_POSITION,HF_HISTORICAL,2026-09-02T19:27:05.253Z,2026-09-02T19:27:12.769Z,2026-09-02T19:27:12.495Z,2026-09-02T19:27:12.769Z,4652,11.76470588235294,11.76470588235294,e4600e700ad43777fe4b83c07272e3e3e76eb363b61a39b21aeb6bb22fbe1696,1s,AVG,e4600e700ad43777fe4b83c07272e3e3e76eb363b61a39b21aeb6bb22fbe1696,2026-09-02T19:27:04.253Z,2026-09-02T19:27:12.495Z,2026-09-02T19:27:12.495Z,3712
obdThrottlePosition,CAN_ENGINE_THROTTLE_POSITION,HF_HISTORICAL,2026-09-02T19:27:06.253Z,2026-09-02T19:27:12.769Z,2026-09-02T19:27:12.495Z,2026-09-02T19:27:12.769Z,4657,20.7843137254902,20.7843137254902,c05d04119fbd8f511e3489ee199dfdb32d928aba21ca2c85c7bac87752b89623,1s,AVG,c05d04119fbd8f511e3489ee199dfdb32d928aba21ca2c85c7bac87752b89623,2026-09-02T19:27:04.253Z,2026-09-02T19:27:12.495Z,2026-09-02T19:27:12.495Z,3717
obdThrottlePosition,CAN_ENGINE_THROTTLE_POSITION,LATEST_LIVE,2026-09-02T19:27:16.000Z,2026-09-02T19:27:18.335Z,2026-09-02T19:27:18.089Z,2026-09-02T19:27:18.335Z,4662,12.15686274509804,"{""value"":12.15686274509804,""timestamp"":""2026-09-02T19:27:16Z""}",,,,,,,,3722
obdThrottlePosition,CAN_ENGINE_THROTTLE_POSITION,HF_HISTORICAL,2026-09-02T19:27:11.495Z,2026-09-02T19:27:18.590Z,2026-09-02T19:27:18.339Z,2026-09-02T19:27:18.590Z,4667,13.72549019607843,13.72549019607843,0281b1f8ffaac9ddb4bc13f21599a4e08182a6b2ab1c92f6a9f2b760cffc817d,1s,AVG,0281b1f8ffaac9ddb4bc13f21599a4e08182a6b2ab1c92f6a9f2b760cffc817d,2026-09-02T19:27:10.495Z,2026-09-02T19:27:18.338Z,2026-09-02T19:27:18.338Z,3727
obdThrottlePosition,CAN_ENGINE_THROTTLE_POSITION,HF_HISTORICAL,2026-09-02T19:27:13.495Z,2026-09-02T19:27:18.590Z,2026-09-02T19:27:18.339Z,2026-09-02T19:27:18.590Z,4672,13.33333333333333,13.33333333333333,1432436ff2b8c77638c793e41d35b746592827fdebc10505bd35ee8457329685,1s,AVG,1432436ff2b8c77638c793e41d35b746592827fdebc10505bd35ee8457329685,2026-09-02T19:27:10.495Z,2026-09-02T19:27:18.338Z,2026-09-02T19:27:18.338Z,3732
obdThrottlePosition,CAN_ENGINE_THROTTLE_POSITION,HF_HISTORICAL,2026-09-02T19:27:15.495Z,2026-09-02T19:27:18.590Z,2026-09-02T19:27:18.339Z,2026-09-02T19:27:18.590Z,4677,12.15686274509804,12.15686274509804,b0e373a2d322ab72ea81b0ce0b5f07b77371d31ea2d8f55e08a84060adb54f4c,1s,AVG,b0e373a2d322ab72ea81b0ce0b5f07b77371d31ea2d8f55e08a84060adb54f4c,2026-09-02T19:27:10.495Z,2026-09-02T19:27:18.338Z,2026-09-02T19:27:18.338Z,3737
obdThrottlePosition,CAN_ENGINE_THROTTLE_POSITION,LATEST_LIVE,2026-09-02T19:27:21.000Z,2026-09-02T19:27:24.303Z,2026-09-02T19:27:23.920Z,2026-09-02T19:27:24.303Z,4682,13.33333333333333,"{""value"":13.33333333333333,""timestamp"":""2026-09-02T19:27:21Z""}",,,,,,,,3742
obdThrottlePosition,CAN_ENGINE_THROTTLE_POSITION,HF_HISTORICAL,2026-09-02T19:27:16.338Z,2026-09-02T19:27:24.613Z,2026-09-02T19:27:24.306Z,2026-09-02T19:27:24.613Z,4687,12.54901960784314,12.54901960784314,57f81e46c504f30a2ff4d336979367668d5131e1147b0a54e9cf94185adac947,1s,AVG,57f81e46c504f30a2ff4d336979367668d5131e1147b0a54e9cf94185adac947,2026-09-02T19:27:16.338Z,2026-09-02T19:27:24.306Z,2026-09-02T19:27:24.306Z,3747
obdThrottlePosition,CAN_ENGINE_THROTTLE_POSITION,HF_HISTORICAL,2026-09-02T19:27:17.338Z,2026-09-02T19:27:24.613Z,2026-09-02T19:27:24.306Z,2026-09-02T19:27:24.613Z,4692,14.50980392156863,14.50980392156863,209b23517f48d92171feb887e6f21afafe42328aad7d8c38ab2eefb6d5d2be12,1s,AVG,209b23517f48d92171feb887e6f21afafe42328aad7d8c38ab2eefb6d5d2be12,2026-09-02T19:27:16.338Z,2026-09-02T19:27:24.306Z,2026-09-02T19:27:24.306Z,3752
obdThrottlePosition,CAN_ENGINE_THROTTLE_POSITION,HF_HISTORICAL,2026-09-02T19:27:19.338Z,2026-09-02T19:27:24.613Z,2026-09-02T19:27:24.306Z,2026-09-02T19:27:24.613Z,4697,12.54901960784314,12.54901960784314,cd13bc3ee5d571ca05a15c8c4385e21090da3593bb5830fdbace5b1ce73d6a49,1s,AVG,cd13bc3ee5d571ca05a15c8c4385e21090da3593bb5830fdbace5b1ce73d6a49,2026-09-02T19:27:16.338Z,2026-09-02T19:27:24.306Z,2026-09-02T19:27:24.306Z,3757
obdThrottlePosition,CAN_ENGINE_THROTTLE_POSITION,HF_HISTORICAL,2026-09-02T19:27:20.338Z,2026-09-02T19:27:24.613Z,2026-09-02T19:27:24.306Z,2026-09-02T19:27:24.613Z,4702,13.33333333333333,13.33333333333333,60693c18467a69660226e9f7c1c8fe60003d7396bc2aa0fa9adef612a00d3ddd,1s,AVG,60693c18467a69660226e9f7c1c8fe60003d7396bc2aa0fa9adef612a00d3ddd,2026-09-02T19:27:16.338Z,2026-09-02T19:27:24.306Z,2026-09-02T19:27:24.306Z,3762
obdThrottlePosition,CAN_ENGINE_THROTTLE_POSITION,LATEST_LIVE,2026-09-02T19:27:26.000Z,2026-09-02T19:27:30.184Z,2026-09-02T19:27:29.964Z,2026-09-02T19:27:30.184Z,4707,12.15686274509804,"{""value"":12.15686274509804,""timestamp"":""2026-09-02T19:27:26Z""}",,,,,,,,3767
obdThrottlePosition,CAN_ENGINE_THROTTLE_POSITION,HF_HISTORICAL,2026-09-02T19:27:23.306Z,2026-09-02T19:27:30.395Z,2026-09-02T19:27:30.185Z,2026-09-02T19:27:30.395Z,4712,13.33333333333333,13.33333333333333,160df6e6cd186586a5c25f0b3f5c2ace19be8c989405b4dabb692b77855a00e2,1s,AVG,160df6e6cd186586a5c25f0b3f5c2ace19be8c989405b4dabb692b77855a00e2,2026-09-02T19:27:22.306Z,2026-09-02T19:27:30.185Z,2026-09-02T19:27:30.185Z,3772
obdThrottlePosition,CAN_ENGINE_THROTTLE_POSITION,HF_HISTORICAL,2026-09-02T19:27:24.306Z,2026-09-02T19:27:30.395Z,2026-09-02T19:27:30.185Z,2026-09-02T19:27:30.395Z,4717,22.35294117647059,22.35294117647059,07f3d03d5e82a360888622aa82f9ce2dc9f808826c212b01bf33e7111c792210,1s,AVG,07f3d03d5e82a360888622aa82f9ce2dc9f808826c212b01bf33e7111c792210,2026-09-02T19:27:22.306Z,2026-09-02T19:27:30.185Z,2026-09-02T19:27:30.185Z,3777
obdThrottlePosition,CAN_ENGINE_THROTTLE_POSITION,HF_HISTORICAL,2026-09-02T19:27:25.306Z,2026-09-02T19:27:30.395Z,2026-09-02T19:27:30.185Z,2026-09-02T19:27:30.395Z,4722,12.15686274509804,12.15686274509804,9939f5cf868d6e4541d5e153b458314deef495d3cd5b3a40a760ab7127e55c97,1s,AVG,9939f5cf868d6e4541d5e153b458314deef495d3cd5b3a40a760ab7127e55c97,2026-09-02T19:27:22.306Z,2026-09-02T19:27:30.185Z,2026-09-02T19:27:30.185Z,3782
obdThrottlePosition,CAN_ENGINE_THROTTLE_POSITION,LATEST_LIVE,2026-09-02T19:27:32.000Z,2026-09-02T19:27:36.166Z,2026-09-02T19:27:35.913Z,2026-09-02T19:27:36.166Z,4753,13.33333333333333,"{""value"":13.33333333333333,""timestamp"":""2026-09-02T19:27:32Z""}",,,,,,,,3793
obdThrottlePosition,CAN_ENGINE_THROTTLE_POSITION,HF_HISTORICAL,2026-09-02T19:27:28.185Z,2026-09-02T19:27:36.396Z,2026-09-02T19:27:36.167Z,2026-09-02T19:27:36.396Z,4758,63.92156862745098,63.92156862745098,2318c4505252c1ad38a2bc330e423c1bf8d78524eee1a51e577f0c4bf781c363,1s,AVG,2318c4505252c1ad38a2bc330e423c1bf8d78524eee1a51e577f0c4bf781c363,2026-09-02T19:27:28.185Z,2026-09-02T19:27:36.167Z,2026-09-02T19:27:36.167Z,3798
obdThrottlePosition,CAN_ENGINE_THROTTLE_POSITION,HF_HISTORICAL,2026-09-02T19:27:30.185Z,2026-09-02T19:27:36.396Z,2026-09-02T19:27:36.167Z,2026-09-02T19:27:36.396Z,4763,84.70588235294117,84.70588235294117,6d8eea18a96b11e5c00815d836b85af612cd9fcdf2fc3b5bced3e2478fed337e,1s,AVG,6d8eea18a96b11e5c00815d836b85af612cd9fcdf2fc3b5bced3e2478fed337e,2026-09-02T19:27:28.185Z,2026-09-02T19:27:36.167Z,2026-09-02T19:27:36.167Z,3803
obdThrottlePosition,CAN_ENGINE_THROTTLE_POSITION,HF_HISTORICAL,2026-09-02T19:27:31.185Z,2026-09-02T19:27:36.396Z,2026-09-02T19:27:36.167Z,2026-09-02T19:27:36.396Z,4768,13.33333333333333,13.33333333333333,c518b53d6bd4273cd2dcc23d10f9111d95c6a5447cb9a46b6df5bba3522afd41,1s,AVG,c518b53d6bd4273cd2dcc23d10f9111d95c6a5447cb9a46b6df5bba3522afd41,2026-09-02T19:27:28.185Z,2026-09-02T19:27:36.167Z,2026-09-02T19:27:36.167Z,3808
obdThrottlePosition,CAN_ENGINE_THROTTLE_POSITION,LATEST_LIVE,2026-09-02T19:27:36.000Z,2026-09-02T19:27:42.009Z,2026-09-02T19:27:41.729Z,2026-09-02T19:27:42.009Z,4773,12.94117647058824,"{""value"":12.94117647058824,""timestamp"":""2026-09-02T19:27:36Z""}",,,,,,,,3813
obdThrottlePosition,CAN_ENGINE_THROTTLE_POSITION,HF_HISTORICAL,2026-09-02T19:27:34.167Z,2026-09-02T19:27:42.308Z,2026-09-02T19:27:42.015Z,2026-09-02T19:27:42.308Z,4778,13.72549019607843,13.72549019607843,c8a9546105ebad6b1f89ccfcd200ab35b10b33e86e1bb6abf644a4fab53275ac,1s,AVG,c8a9546105ebad6b1f89ccfcd200ab35b10b33e86e1bb6abf644a4fab53275ac,2026-09-02T19:27:34.167Z,2026-09-02T19:27:42.015Z,2026-09-02T19:27:42.015Z,3818
obdThrottlePosition,CAN_ENGINE_THROTTLE_POSITION,HF_HISTORICAL,2026-09-02T19:27:35.167Z,2026-09-02T19:27:42.308Z,2026-09-02T19:27:42.015Z,2026-09-02T19:27:42.308Z,4783,12.94117647058824,12.94117647058824,a9fc53c57d3c830744d3c733ba6f3467365e3c1a6a10d4ba9ddf1891883f4d20,1s,AVG,a9fc53c57d3c830744d3c733ba6f3467365e3c1a6a10d4ba9ddf1891883f4d20,2026-09-02T19:27:34.167Z,2026-09-02T19:27:42.015Z,2026-09-02T19:27:42.015Z,3823
obdThrottlePosition,CAN_ENGINE_THROTTLE_POSITION,HF_HISTORICAL,2026-09-02T19:27:36.167Z,2026-09-02T19:27:42.308Z,2026-09-02T19:27:42.015Z,2026-09-02T19:27:42.308Z,4788,12.94117647058824,12.94117647058824,8a0a3904a468409ff4095d4c1ded8b67c1a1b2995a8a13499147ffba351178c4,1s,AVG,8a0a3904a468409ff4095d4c1ded8b67c1a1b2995a8a13499147ffba351178c4,2026-09-02T19:27:34.167Z,2026-09-02T19:27:42.015Z,2026-09-02T19:27:42.015Z,3828
obdThrottlePosition,CAN_ENGINE_THROTTLE_POSITION,HF_HISTORICAL,2026-09-02T19:27:38.167Z,2026-09-02T19:27:42.308Z,2026-09-02T19:27:42.015Z,2026-09-02T19:27:42.308Z,4793,12.94117647058824,12.94117647058824,07ebf0561da7ae5751ef28381f472c4a851d28366f680d6b99219c1b9c871fb5,1s,AVG,07ebf0561da7ae5751ef28381f472c4a851d28366f680d6b99219c1b9c871fb5,2026-09-02T19:27:34.167Z,2026-09-02T19:27:42.015Z,2026-09-02T19:27:42.015Z,3833
obdThrottlePosition,CAN_ENGINE_THROTTLE_POSITION,LATEST_LIVE,2026-09-02T19:27:45.000Z,2026-09-02T19:27:47.772Z,2026-09-02T19:27:47.567Z,2026-09-02T19:27:47.772Z,4798,12.94117647058824,"{""value"":12.94117647058824,""timestamp"":""2026-09-02T19:27:45Z""}",,,,,,,,3838
obdThrottlePosition,CAN_ENGINE_THROTTLE_POSITION,HF_HISTORICAL,2026-09-02T19:27:41.015Z,2026-09-02T19:27:48.119Z,2026-09-02T19:27:47.777Z,2026-09-02T19:27:48.119Z,4803,13.33333333333333,13.33333333333333,464fa91a1250a758070ba937d0fa082f86da70820deb4652cd1481cf795137dd,1s,AVG,464fa91a1250a758070ba937d0fa082f86da70820deb4652cd1481cf795137dd,2026-09-02T19:27:40.015Z,2026-09-02T19:27:47.777Z,2026-09-02T19:27:47.777Z,3843
obdThrottlePosition,CAN_ENGINE_THROTTLE_POSITION,HF_HISTORICAL,2026-09-02T19:27:44.015Z,2026-09-02T19:27:48.119Z,2026-09-02T19:27:47.777Z,2026-09-02T19:27:48.119Z,4808,12.94117647058824,12.94117647058824,07b3c6f1db60c7ea6f63d103574c03652ea0db08af5a0b9bec3d0e59d3c8036a,1s,AVG,07b3c6f1db60c7ea6f63d103574c03652ea0db08af5a0b9bec3d0e59d3c8036a,2026-09-02T19:27:40.015Z,2026-09-02T19:27:47.777Z,2026-09-02T19:27:47.777Z,3848
obdThrottlePosition,CAN_ENGINE_THROTTLE_POSITION,LATEST_LIVE,2026-09-02T19:27:50.000Z,2026-09-02T19:27:53.963Z,2026-09-02T19:27:53.398Z,2026-09-02T19:27:53.963Z,4813,26.27450980392157,"{""value"":26.27450980392157,""timestamp"":""2026-09-02T19:27:50Z""}",,,,,,,,3853
obdThrottlePosition,CAN_ENGINE_THROTTLE_POSITION,HF_HISTORICAL,2026-09-02T19:27:45.777Z,2026-09-02T19:27:54.189Z,2026-09-02T19:27:53.964Z,2026-09-02T19:27:54.189Z,4818,84.70588235294117,84.70588235294117,247f8a351c442559aaf94d69d101a0b76832ac63e5b4b7d910ddded2950acb9c,1s,AVG,247f8a351c442559aaf94d69d101a0b76832ac63e5b4b7d910ddded2950acb9c,2026-09-02T19:27:45.777Z,2026-09-02T19:27:53.964Z,2026-09-02T19:27:53.964Z,3858
obdThrottlePosition,CAN_ENGINE_THROTTLE_POSITION,HF_HISTORICAL,2026-09-02T19:27:46.777Z,2026-09-02T19:27:54.189Z,2026-09-02T19:27:53.964Z,2026-09-02T19:27:54.189Z,4823,12.94117647058824,12.94117647058824,859466c0a9b3b310c3f933e8363908ebcca5efb3b3c1b37e218c3ad543f58c28,1s,AVG,859466c0a9b3b310c3f933e8363908ebcca5efb3b3c1b37e218c3ad543f58c28,2026-09-02T19:27:45.777Z,2026-09-02T19:27:53.964Z,2026-09-02T19:27:53.964Z,3863
obdThrottlePosition,CAN_ENGINE_THROTTLE_POSITION,HF_HISTORICAL,2026-09-02T19:27:48.777Z,2026-09-02T19:27:54.189Z,2026-09-02T19:27:53.964Z,2026-09-02T19:27:54.189Z,4828,84.70588235294117,84.70588235294117,427d4f5f1a4afdb7db62fb276c02199197b5c213b27ea5ce44694ab9764dc9e7,1s,AVG,427d4f5f1a4afdb7db62fb276c02199197b5c213b27ea5ce44694ab9764dc9e7,2026-09-02T19:27:45.777Z,2026-09-02T19:27:53.964Z,2026-09-02T19:27:53.964Z,3868
obdThrottlePosition,CAN_ENGINE_THROTTLE_POSITION,HF_HISTORICAL,2026-09-02T19:27:49.777Z,2026-09-02T19:27:54.189Z,2026-09-02T19:27:53.964Z,2026-09-02T19:27:54.189Z,4833,26.27450980392157,26.27450980392157,c73a3643d317f14e500e573a127d522792f4a08dd020feebb50dd8777ffb493b,1s,AVG,c73a3643d317f14e500e573a127d522792f4a08dd020feebb50dd8777ffb493b,2026-09-02T19:27:45.777Z,2026-09-02T19:27:53.964Z,2026-09-02T19:27:53.964Z,3873
obdThrottlePosition,CAN_ENGINE_THROTTLE_POSITION,LATEST_LIVE,2026-09-02T19:27:55.000Z,2026-09-02T19:27:59.776Z,2026-09-02T19:27:59.545Z,2026-09-02T19:27:59.776Z,4838,84.70588235294117,"{""value"":84.70588235294117,""timestamp"":""2026-09-02T19:27:55Z""}",,,,,,,,3878
obdThrottlePosition,CAN_ENGINE_THROTTLE_POSITION,HF_HISTORICAL,2026-09-02T19:27:52.964Z,2026-09-02T19:27:59.968Z,2026-09-02T19:27:59.777Z,2026-09-02T19:27:59.968Z,4843,84.70588235294117,84.70588235294117,347503ab6d2d7817869731bc1528d6813114a73fe161396ae471c5d0d51addf1,1s,AVG,347503ab6d2d7817869731bc1528d6813114a73fe161396ae471c5d0d51addf1,2026-09-02T19:27:51.964Z,2026-09-02T19:27:59.777Z,2026-09-02T19:27:59.777Z,3883
obdThrottlePosition,CAN_ENGINE_THROTTLE_POSITION,HF_HISTORICAL,2026-09-02T19:27:53.964Z,2026-09-02T19:27:59.968Z,2026-09-02T19:27:59.777Z,2026-09-02T19:27:59.968Z,4848,11.76470588235294,11.76470588235294,24dd38c319b4adabff6eec798e424875e866502ae5ffb4bc915b46a5a6b76a37,1s,AVG,24dd38c319b4adabff6eec798e424875e866502ae5ffb4bc915b46a5a6b76a37,2026-09-02T19:27:51.964Z,2026-09-02T19:27:59.777Z,2026-09-02T19:27:59.777Z,3888
obdThrottlePosition,CAN_ENGINE_THROTTLE_POSITION,HF_HISTORICAL,2026-09-02T19:27:54.964Z,2026-09-02T19:27:59.968Z,2026-09-02T19:27:59.777Z,2026-09-02T19:27:59.968Z,4853,84.70588235294117,84.70588235294117,0e4d6c8307c7c24a5fbfd826cf3f31df836bed39ec4947e863fe8e17e78560fb,1s,AVG,0e4d6c8307c7c24a5fbfd826cf3f31df836bed39ec4947e863fe8e17e78560fb,2026-09-02T19:27:51.964Z,2026-09-02T19:27:59.777Z,2026-09-02T19:27:59.777Z,3893
obdThrottlePosition,CAN_ENGINE_THROTTLE_POSITION,LATEST_LIVE,2026-09-02T19:27:55.000Z,2026-09-02T19:28:05.514Z,2026-09-02T19:28:05.278Z,2026-09-02T19:28:05.514Z,4858,84.70588235294117,"{""value"":84.70588235294117,""timestamp"":""2026-09-02T19:27:55Z""}",,,,,,,,3898
obdThrottlePosition,CAN_ENGINE_THROTTLE_POSITION,LATEST_LIVE,2026-09-02T19:28:08.000Z,2026-09-02T19:28:11.441Z,2026-09-02T19:28:11.224Z,2026-09-02T19:28:11.441Z,4889,11.37254901960784,"{""value"":11.37254901960784,""timestamp"":""2026-09-02T19:28:08Z""}",,,,,,,,3909
obdThrottlePosition,CAN_ENGINE_THROTTLE_POSITION,HF_HISTORICAL,2026-09-02T19:28:07.516Z,2026-09-02T19:28:11.664Z,2026-09-02T19:28:11.444Z,2026-09-02T19:28:11.664Z,4894,11.37254901960784,11.37254901960784,7d01e60e0ce14df7a5f43b7da0881df3e461638b9af5af39a650b0215c6c61cc,1s,AVG,7d01e60e0ce14df7a5f43b7da0881df3e461638b9af5af39a650b0215c6c61cc,2026-09-02T19:28:03.516Z,2026-09-02T19:28:11.444Z,2026-09-02T19:28:11.444Z,3914
obdThrottlePosition,CAN_ENGINE_THROTTLE_POSITION,LATEST_LIVE,2026-09-02T19:28:12.000Z,2026-09-02T19:28:17.155Z,2026-09-02T19:28:16.936Z,2026-09-02T19:28:17.155Z,4899,16.47058823529412,"{""value"":16.47058823529412,""timestamp"":""2026-09-02T19:28:12Z""}",,,,,,,,3919
obdThrottlePosition,CAN_ENGINE_THROTTLE_POSITION,HF_HISTORICAL,2026-09-02T19:28:09.444Z,2026-09-02T19:28:17.427Z,2026-09-02T19:28:17.157Z,2026-09-02T19:28:17.427Z,4904,84.70588235294117,84.70588235294117,500c2ee64fb2ac7632bd17630f3cb22fd8b189097af9659f2a8db5ef4c7177c1,1s,AVG,500c2ee64fb2ac7632bd17630f3cb22fd8b189097af9659f2a8db5ef4c7177c1,2026-09-02T19:28:09.444Z,2026-09-02T19:28:17.156Z,2026-09-02T19:28:17.156Z,3924
obdThrottlePosition,CAN_ENGINE_THROTTLE_POSITION,HF_HISTORICAL,2026-09-02T19:28:10.444Z,2026-09-02T19:28:17.427Z,2026-09-02T19:28:17.157Z,2026-09-02T19:28:17.427Z,4909,16.47058823529412,16.47058823529412,11f618b7944bbdb9844c9a3e52cec2211b13df867d792bd2628ce90564ab6af0,1s,AVG,11f618b7944bbdb9844c9a3e52cec2211b13df867d792bd2628ce90564ab6af0,2026-09-02T19:28:09.444Z,2026-09-02T19:28:17.156Z,2026-09-02T19:28:17.156Z,3929
obdThrottlePosition,CAN_ENGINE_THROTTLE_POSITION,HF_HISTORICAL,2026-09-02T19:28:11.444Z,2026-09-02T19:28:17.427Z,2026-09-02T19:28:17.157Z,2026-09-02T19:28:17.427Z,4914,16.47058823529412,16.47058823529412,a03f4a090a1b14ee93c25f8306867b515b12857847688b1cfd24edb1c9ee11b5,1s,AVG,a03f4a090a1b14ee93c25f8306867b515b12857847688b1cfd24edb1c9ee11b5,2026-09-02T19:28:09.444Z,2026-09-02T19:28:17.156Z,2026-09-02T19:28:17.156Z,3934
obdThrottlePosition,CAN_ENGINE_THROTTLE_POSITION,LATEST_LIVE,2026-09-02T19:28:18.000Z,2026-09-02T19:28:22.887Z,2026-09-02T19:28:22.679Z,2026-09-02T19:28:22.887Z,4919,30.19607843137255,"{""value"":30.19607843137255,""timestamp"":""2026-09-02T19:28:18Z""}",,,,,,,,3939
obdThrottlePosition,CAN_ENGINE_THROTTLE_POSITION,HF_HISTORICAL,2026-09-02T19:28:16.156Z,2026-09-02T19:28:23.100Z,2026-09-02T19:28:22.888Z,2026-09-02T19:28:23.100Z,4924,16.07843137254902,16.07843137254902,e1b3862ac3917e41cc8dcc121882b8f928934902104bbb3cebcad1f323b683ce,1s,AVG,e1b3862ac3917e41cc8dcc121882b8f928934902104bbb3cebcad1f323b683ce,2026-09-02T19:28:15.156Z,2026-09-02T19:28:22.888Z,2026-09-02T19:28:22.888Z,3944
obdThrottlePosition,CAN_ENGINE_THROTTLE_POSITION,HF_HISTORICAL,2026-09-02T19:28:17.156Z,2026-09-02T19:28:23.100Z,2026-09-02T19:28:22.888Z,2026-09-02T19:28:23.100Z,4929,30.19607843137255,30.19607843137255,2b591690254915783798b9b930a94ed3be844a3dc9c5bb43ba12d0187a3b0b52,1s,AVG,2b591690254915783798b9b930a94ed3be844a3dc9c5bb43ba12d0187a3b0b52,2026-09-02T19:28:15.156Z,2026-09-02T19:28:22.888Z,2026-09-02T19:28:22.888Z,3949
obdThrottlePosition,CAN_ENGINE_THROTTLE_POSITION,HF_HISTORICAL,2026-09-02T19:28:18.156Z,2026-09-02T19:28:23.100Z,2026-09-02T19:28:22.888Z,2026-09-02T19:28:23.100Z,4934,10.58823529411765,10.58823529411765,c6f2cd8f27c8a177852b7860acea4e925a99d834fe265b4b9b67ab51587dbec2,1s,AVG,c6f2cd8f27c8a177852b7860acea4e925a99d834fe265b4b9b67ab51587dbec2,2026-09-02T19:28:15.156Z,2026-09-02T19:28:22.888Z,2026-09-02T19:28:22.888Z,3954
obdThrottlePosition,CAN_ENGINE_THROTTLE_POSITION,LATEST_LIVE,2026-09-02T19:28:22.000Z,2026-09-02T19:28:28.668Z,2026-09-02T19:28:28.416Z,2026-09-02T19:28:28.668Z,4939,13.72549019607843,"{""value"":13.72549019607843,""timestamp"":""2026-09-02T19:28:22Z""}",,,,,,,,3959
obdThrottlePosition,CAN_ENGINE_THROTTLE_POSITION,HF_HISTORICAL,2026-09-02T19:28:20.888Z,2026-09-02T19:28:28.868Z,2026-09-02T19:28:28.669Z,2026-09-02T19:28:28.868Z,4944,15.29411764705882,15.29411764705882,c85017d684178e9cd11cc2e3f5f34b6f2a929803cbfd243bce19ede4e5a489b8,1s,AVG,c85017d684178e9cd11cc2e3f5f34b6f2a929803cbfd243bce19ede4e5a489b8,2026-09-02T19:28:20.888Z,2026-09-02T19:28:28.669Z,2026-09-02T19:28:28.669Z,3964
obdThrottlePosition,CAN_ENGINE_THROTTLE_POSITION,HF_HISTORICAL,2026-09-02T19:28:21.888Z,2026-09-02T19:28:28.868Z,2026-09-02T19:28:28.669Z,2026-09-02T19:28:28.868Z,4949,13.72549019607843,13.72549019607843,fd2b2fb46221dca36ab03d0f84ad8d024ffd603b04b9f2eef3afb73176e53530,1s,AVG,fd2b2fb46221dca36ab03d0f84ad8d024ffd603b04b9f2eef3afb73176e53530,2026-09-02T19:28:20.888Z,2026-09-02T19:28:28.669Z,2026-09-02T19:28:28.669Z,3969
obdThrottlePosition,CAN_ENGINE_THROTTLE_POSITION,HF_HISTORICAL,2026-09-02T19:28:23.888Z,2026-09-02T19:28:28.868Z,2026-09-02T19:28:28.669Z,2026-09-02T19:28:28.868Z,4954,12.54901960784314,12.54901960784314,aa2dc50d3158d691f36564687f03c4e34e639e201fec6338c8dbfab1e376fec1,1s,AVG,aa2dc50d3158d691f36564687f03c4e34e639e201fec6338c8dbfab1e376fec1,2026-09-02T19:28:20.888Z,2026-09-02T19:28:28.669Z,2026-09-02T19:28:28.669Z,3974
obdThrottlePosition,CAN_ENGINE_THROTTLE_POSITION,HF_HISTORICAL,2026-09-02T19:28:24.888Z,2026-09-02T19:28:28.868Z,2026-09-02T19:28:28.669Z,2026-09-02T19:28:28.868Z,4959,10.19607843137255,10.19607843137255,4eda5090ea6cedf99cef746ea31c7944711c817d1eff6d1b9a8ccb580f9809ce,1s,AVG,4eda5090ea6cedf99cef746ea31c7944711c817d1eff6d1b9a8ccb580f9809ce,2026-09-02T19:28:20.888Z,2026-09-02T19:28:28.669Z,2026-09-02T19:28:28.669Z,3979
obdThrottlePosition,CAN_ENGINE_THROTTLE_POSITION,LATEST_LIVE,2026-09-02T19:28:28.000Z,2026-09-02T19:28:34.562Z,2026-09-02T19:28:34.349Z,2026-09-02T19:28:34.562Z,4964,42.35294117647059,"{""value"":42.35294117647059,""timestamp"":""2026-09-02T19:28:28Z""}",,,,,,,,3984
obdThrottlePosition,CAN_ENGINE_THROTTLE_POSITION,HF_HISTORICAL,2026-09-02T19:28:27.669Z,2026-09-02T19:28:34.750Z,2026-09-02T19:28:34.564Z,2026-09-02T19:28:34.750Z,4969,42.35294117647059,42.35294117647059,0cc61f6505e7e66e5004e3821c6de16ae0a4c8444eb3b706d62d3ecb7b5de5a5,1s,AVG,0cc61f6505e7e66e5004e3821c6de16ae0a4c8444eb3b706d62d3ecb7b5de5a5,2026-09-02T19:28:26.669Z,2026-09-02T19:28:34.563Z,2026-09-02T19:28:34.563Z,3989
obdThrottlePosition,CAN_ENGINE_THROTTLE_POSITION,LATEST_LIVE,2026-09-02T19:28:36.000Z,2026-09-02T19:28:40.339Z,2026-09-02T19:28:40.081Z,2026-09-02T19:28:40.339Z,4974,10.58823529411765,"{""value"":10.58823529411765,""timestamp"":""2026-09-02T19:28:36Z""}",,,,,,,,3994
obdThrottlePosition,CAN_ENGINE_THROTTLE_POSITION,HF_HISTORICAL,2026-09-02T19:28:32.563Z,2026-09-02T19:28:40.567Z,2026-09-02T19:28:40.341Z,2026-09-02T19:28:40.567Z,4979,13.33333333333333,13.33333333333333,e3262e75c4298061fb62889691cc1da76648f696c414e951ec1534c4adc5ab1c,1s,AVG,e3262e75c4298061fb62889691cc1da76648f696c414e951ec1534c4adc5ab1c,2026-09-02T19:28:32.563Z,2026-09-02T19:28:40.341Z,2026-09-02T19:28:40.341Z,3999
obdThrottlePosition,CAN_ENGINE_THROTTLE_POSITION,HF_HISTORICAL,2026-09-02T19:28:33.563Z,2026-09-02T19:28:40.567Z,2026-09-02T19:28:40.341Z,2026-09-02T19:28:40.567Z,4984,84.70588235294117,84.70588235294117,1b95b0c0d6874a14e62f8522aaffafbbb8a814d640db7b88647ac48ffd5a0587,1s,AVG,1b95b0c0d6874a14e62f8522aaffafbbb8a814d640db7b88647ac48ffd5a0587,2026-09-02T19:28:32.563Z,2026-09-02T19:28:40.341Z,2026-09-02T19:28:40.341Z,4004
obdThrottlePosition,CAN_ENGINE_THROTTLE_POSITION,HF_HISTORICAL,2026-09-02T19:28:35.563Z,2026-09-02T19:28:40.567Z,2026-09-02T19:28:40.341Z,2026-09-02T19:28:40.567Z,4988,10.58823529411765,10.58823529411765,9886e1df7d7bfa41c9a018c3a8a37e2d406a1cf34e8cc9c40922b34ffe89296c,1s,AVG,9886e1df7d7bfa41c9a018c3a8a37e2d406a1cf34e8cc9c40922b34ffe89296c,2026-09-02T19:28:32.563Z,2026-09-02T19:28:40.341Z,2026-09-02T19:28:40.341Z,4008
obdThrottlePosition,CAN_ENGINE_THROTTLE_POSITION,LATEST_LIVE,2026-09-02T19:28:43.000Z,2026-09-02T19:28:47.078Z,2026-09-02T19:28:46.827Z,2026-09-02T19:28:47.078Z,5018,15.68627450980392,"{""value"":15.68627450980392,""timestamp"":""2026-09-02T19:28:43Z""}",,,,,,,,4018
obdThrottlePosition,CAN_ENGINE_THROTTLE_POSITION,HF_HISTORICAL,2026-09-02T19:28:39.341Z,2026-09-02T19:28:47.333Z,2026-09-02T19:28:47.079Z,2026-09-02T19:28:47.333Z,5023,12.54901960784314,12.54901960784314,39ae8705aee0e55ca910167f202d17ec6ff6f5e62649bc545888a73f8cb114d5,1s,AVG,39ae8705aee0e55ca910167f202d17ec6ff6f5e62649bc545888a73f8cb114d5,2026-09-02T19:28:38.341Z,2026-09-02T19:28:47.079Z,2026-09-02T19:28:47.079Z,4023
obdThrottlePosition,CAN_ENGINE_THROTTLE_POSITION,HF_HISTORICAL,2026-09-02T19:28:40.341Z,2026-09-02T19:28:47.333Z,2026-09-02T19:28:47.079Z,2026-09-02T19:28:47.333Z,5028,13.72549019607843,13.72549019607843,a97ebbd447390f3ae68563e8212b7b69e3d31a322d96d9f40f8fb356e9d30a51,1s,AVG,a97ebbd447390f3ae68563e8212b7b69e3d31a322d96d9f40f8fb356e9d30a51,2026-09-02T19:28:38.341Z,2026-09-02T19:28:47.079Z,2026-09-02T19:28:47.079Z,4028
obdThrottlePosition,CAN_ENGINE_THROTTLE_POSITION,HF_HISTORICAL,2026-09-02T19:28:42.341Z,2026-09-02T19:28:47.333Z,2026-09-02T19:28:47.079Z,2026-09-02T19:28:47.333Z,5033,15.68627450980392,15.68627450980392,1c2057e9ec2d480a2421c646afc4d3c7b940c0fc013eee2cecd1404147b316ba,1s,AVG,1c2057e9ec2d480a2421c646afc4d3c7b940c0fc013eee2cecd1404147b316ba,2026-09-02T19:28:38.341Z,2026-09-02T19:28:47.079Z,2026-09-02T19:28:47.079Z,4033
obdThrottlePosition,CAN_ENGINE_THROTTLE_POSITION,LATEST_LIVE,2026-09-02T19:28:49.000Z,2026-09-02T19:28:52.949Z,2026-09-02T19:28:52.669Z,2026-09-02T19:28:52.949Z,5038,21.56862745098039,"{""value"":21.56862745098039,""timestamp"":""2026-09-02T19:28:49Z""}",,,,,,,,4038
obdThrottlePosition,CAN_ENGINE_THROTTLE_POSITION,HF_HISTORICAL,2026-09-02T19:28:45.079Z,2026-09-02T19:28:53.498Z,2026-09-02T19:28:52.951Z,2026-09-02T19:28:53.498Z,5043,12.54901960784314,12.54901960784314,94c607d947b6e2747e53e9b55f53ed20efdf83bd80823834e2824f76c37e0c72,1s,AVG,94c607d947b6e2747e53e9b55f53ed20efdf83bd80823834e2824f76c37e0c72,2026-09-02T19:28:45.079Z,2026-09-02T19:28:52.951Z,2026-09-02T19:28:52.951Z,4043
obdThrottlePosition,CAN_ENGINE_THROTTLE_POSITION,HF_HISTORICAL,2026-09-02T19:28:47.079Z,2026-09-02T19:28:53.498Z,2026-09-02T19:28:52.951Z,2026-09-02T19:28:53.498Z,5048,29.80392156862745,29.80392156862745,fa77c08df236dcb72decddea41ef8fb3c6bef289600f0209b3b6b40f85e440c1,1s,AVG,fa77c08df236dcb72decddea41ef8fb3c6bef289600f0209b3b6b40f85e440c1,2026-09-02T19:28:45.079Z,2026-09-02T19:28:52.951Z,2026-09-02T19:28:52.951Z,4048
obdThrottlePosition,CAN_ENGINE_THROTTLE_POSITION,HF_HISTORICAL,2026-09-02T19:28:48.079Z,2026-09-02T19:28:53.498Z,2026-09-02T19:28:52.951Z,2026-09-02T19:28:53.498Z,5053,21.56862745098039,21.56862745098039,e5c6e21aa2c164475766024ac7953f99ff0b5eea94407a37ca7f35b6e879965d,1s,AVG,e5c6e21aa2c164475766024ac7953f99ff0b5eea94407a37ca7f35b6e879965d,2026-09-02T19:28:45.079Z,2026-09-02T19:28:52.951Z,2026-09-02T19:28:52.951Z,4053
obdThrottlePosition,CAN_ENGINE_THROTTLE_POSITION,LATEST_LIVE,2026-09-02T19:28:55.000Z,2026-09-02T19:28:59.183Z,2026-09-02T19:28:58.905Z,2026-09-02T19:28:59.183Z,5058,13.33333333333333,"{""value"":13.33333333333333,""timestamp"":""2026-09-02T19:28:55Z""}",,,,,,,,4058
obdThrottlePosition,CAN_ENGINE_THROTTLE_POSITION,HF_HISTORICAL,2026-09-02T19:28:50.951Z,2026-09-02T19:28:59.446Z,2026-09-02T19:28:59.185Z,2026-09-02T19:28:59.446Z,5063,17.25490196078431,17.25490196078431,33fd06e34591ba9e19687dfb4b03f9738736de0cfac26545b4623a0956c0f2a0,1s,AVG,33fd06e34591ba9e19687dfb4b03f9738736de0cfac26545b4623a0956c0f2a0,2026-09-02T19:28:50.951Z,2026-09-02T19:28:59.185Z,2026-09-02T19:28:59.185Z,4063
obdThrottlePosition,CAN_ENGINE_THROTTLE_POSITION,HF_HISTORICAL,2026-09-02T19:28:51.951Z,2026-09-02T19:28:59.446Z,2026-09-02T19:28:59.185Z,2026-09-02T19:28:59.446Z,5068,13.72549019607843,13.72549019607843,a0bb429c414be5b8260e87bc2e2f5894ccdec662de4fa1fcd7fc4ff1f9c88743,1s,AVG,a0bb429c414be5b8260e87bc2e2f5894ccdec662de4fa1fcd7fc4ff1f9c88743,2026-09-02T19:28:50.951Z,2026-09-02T19:28:59.185Z,2026-09-02T19:28:59.185Z,4068
obdThrottlePosition,CAN_ENGINE_THROTTLE_POSITION,HF_HISTORICAL,2026-09-02T19:28:53.951Z,2026-09-02T19:28:59.446Z,2026-09-02T19:28:59.185Z,2026-09-02T19:28:59.446Z,5073,13.33333333333333,13.33333333333333,277429030a1e535b2140c6c32e4dedd53fad3458255ad9f79f1ccd32de9e47c8,1s,AVG,277429030a1e535b2140c6c32e4dedd53fad3458255ad9f79f1ccd32de9e47c8,2026-09-02T19:28:50.951Z,2026-09-02T19:28:59.185Z,2026-09-02T19:28:59.185Z,4073
obdThrottlePosition,CAN_ENGINE_THROTTLE_POSITION,HF_HISTORICAL,2026-09-02T19:28:54.951Z,2026-09-02T19:28:59.446Z,2026-09-02T19:28:59.185Z,2026-09-02T19:28:59.446Z,5078,13.33333333333333,13.33333333333333,fce6da4b5fc73956ec7120b1445f29e5fda4a0e220aee50215432694b6a644b5,1s,AVG,fce6da4b5fc73956ec7120b1445f29e5fda4a0e220aee50215432694b6a644b5,2026-09-02T19:28:50.951Z,2026-09-02T19:28:59.185Z,2026-09-02T19:28:59.185Z,4078
obdThrottlePosition,CAN_ENGINE_THROTTLE_POSITION,LATEST_LIVE,2026-09-02T19:29:01.000Z,2026-09-02T19:29:05.106Z,2026-09-02T19:29:04.854Z,2026-09-02T19:29:05.106Z,5083,12.15686274509804,"{""value"":12.15686274509804,""timestamp"":""2026-09-02T19:29:01Z""}",,,,,,,,4083
obdThrottlePosition,CAN_ENGINE_THROTTLE_POSITION,HF_HISTORICAL,2026-09-02T19:28:57.185Z,2026-09-02T19:29:05.334Z,2026-09-02T19:29:05.110Z,2026-09-02T19:29:05.334Z,5088,12.15686274509804,12.15686274509804,a9fd7b1921b5ef1031e41848ce853148304be707caf0257e0c3ac02dda3d92b5,1s,AVG,a9fd7b1921b5ef1031e41848ce853148304be707caf0257e0c3ac02dda3d92b5,2026-09-02T19:28:57.185Z,2026-09-02T19:29:05.110Z,2026-09-02T19:29:05.110Z,4088
obdThrottlePosition,CAN_ENGINE_THROTTLE_POSITION,HF_HISTORICAL,2026-09-02T19:29:00.185Z,2026-09-02T19:29:05.334Z,2026-09-02T19:29:05.110Z,2026-09-02T19:29:05.334Z,5093,12.15686274509804,12.15686274509804,525f7731a2fa6871bf02a8b0c9a7b09c3f33cd94304f3e35e046589d6236af5f,1s,AVG,525f7731a2fa6871bf02a8b0c9a7b09c3f33cd94304f3e35e046589d6236af5f,2026-09-02T19:28:57.185Z,2026-09-02T19:29:05.110Z,2026-09-02T19:29:05.110Z,4093
obdThrottlePosition,CAN_ENGINE_THROTTLE_POSITION,LATEST_LIVE,2026-09-02T19:29:07.000Z,2026-09-02T19:29:10.971Z,2026-09-02T19:29:10.701Z,2026-09-02T19:29:10.971Z,5096,18.03921568627451,"{""value"":18.03921568627451,""timestamp"":""2026-09-02T19:29:07Z""}",,,,,,,,4096
obdThrottlePosition,CAN_ENGINE_THROTTLE_POSITION,HF_HISTORICAL,2026-09-02T19:29:04.110Z,2026-09-02T19:29:11.224Z,2026-09-02T19:29:10.972Z,2026-09-02T19:29:11.224Z,5105,16.07843137254902,16.07843137254902,bec95849f763b1a9af375769ab62862ad3af323f2d65b7e33d4cf5ee86677653,1s,AVG,bec95849f763b1a9af375769ab62862ad3af323f2d65b7e33d4cf5ee86677653,2026-09-02T19:29:03.110Z,2026-09-02T19:29:10.972Z,2026-09-02T19:29:10.972Z,4105
obdThrottlePosition,CAN_ENGINE_THROTTLE_POSITION,HF_HISTORICAL,2026-09-02T19:29:06.110Z,2026-09-02T19:29:11.224Z,2026-09-02T19:29:10.972Z,2026-09-02T19:29:11.224Z,5110,18.03921568627451,18.03921568627451,88ccd5216f1c8deb1b0e791574457f0063841b5eba19ced25a2c3b6eb28ca4a0,1s,AVG,88ccd5216f1c8deb1b0e791574457f0063841b5eba19ced25a2c3b6eb28ca4a0,2026-09-02T19:29:03.110Z,2026-09-02T19:29:10.972Z,2026-09-02T19:29:10.972Z,4110
obdThrottlePosition,CAN_ENGINE_THROTTLE_POSITION,LATEST_LIVE,2026-09-02T19:29:13.000Z,2026-09-02T19:29:16.964Z,2026-09-02T19:29:16.522Z,2026-09-02T19:29:16.964Z,5115,15.29411764705882,"{""value"":15.29411764705882,""timestamp"":""2026-09-02T19:29:13Z""}",,,,,,,,4115
obdThrottlePosition,CAN_ENGINE_THROTTLE_POSITION,HF_HISTORICAL,2026-09-02T19:29:08.972Z,2026-09-02T19:29:17.176Z,2026-09-02T19:29:16.965Z,2026-09-02T19:29:17.176Z,5120,22.74509803921569,22.74509803921569,4bd5bb15e2df0d086555bfd2bb251407d8eb645681e988320c57eb3fb23efd2c,1s,AVG,4bd5bb15e2df0d086555bfd2bb251407d8eb645681e988320c57eb3fb23efd2c,2026-09-02T19:29:08.972Z,2026-09-02T19:29:16.965Z,2026-09-02T19:29:16.965Z,4120
obdThrottlePosition,CAN_ENGINE_THROTTLE_POSITION,HF_HISTORICAL,2026-09-02T19:29:09.972Z,2026-09-02T19:29:17.176Z,2026-09-02T19:29:16.965Z,2026-09-02T19:29:17.176Z,5125,14.90196078431373,14.90196078431373,ed37d842e136531727f5e09048dce78c041598266915b7b92ff256d4ce5104c1,1s,AVG,ed37d842e136531727f5e09048dce78c041598266915b7b92ff256d4ce5104c1,2026-09-02T19:29:08.972Z,2026-09-02T19:29:16.965Z,2026-09-02T19:29:16.965Z,4125
obdThrottlePosition,CAN_ENGINE_THROTTLE_POSITION,HF_HISTORICAL,2026-09-02T19:29:11.972Z,2026-09-02T19:29:17.176Z,2026-09-02T19:29:16.965Z,2026-09-02T19:29:17.176Z,5130,15.29411764705882,15.29411764705882,556849dcd6af2743e26e06e440532b6ba72dea891d050a5c3aa6c3ba450b030c,1s,AVG,556849dcd6af2743e26e06e440532b6ba72dea891d050a5c3aa6c3ba450b030c,2026-09-02T19:29:08.972Z,2026-09-02T19:29:16.965Z,2026-09-02T19:29:16.965Z,4130
obdThrottlePosition,CAN_ENGINE_THROTTLE_POSITION,HF_HISTORICAL,2026-09-02T19:29:12.972Z,2026-09-02T19:29:17.176Z,2026-09-02T19:29:16.965Z,2026-09-02T19:29:17.176Z,5135,15.29411764705882,15.29411764705882,69e110c4c94184060f54c1d622773b3a55dab54b3f8c17d2ded7da87017f42d1,1s,AVG,69e110c4c94184060f54c1d622773b3a55dab54b3f8c17d2ded7da87017f42d1,2026-09-02T19:29:08.972Z,2026-09-02T19:29:16.965Z,2026-09-02T19:29:16.965Z,4135
obdThrottlePosition,CAN_ENGINE_THROTTLE_POSITION,LATEST_LIVE,2026-09-02T19:29:20.000Z,2026-09-02T19:29:23.096Z,2026-09-02T19:29:22.866Z,2026-09-02T19:29:23.096Z,5166,23.13725490196078,"{""value"":23.13725490196078,""timestamp"":""2026-09-02T19:29:20Z""}",,,,,,,,4146
obdThrottlePosition,CAN_ENGINE_THROTTLE_POSITION,HF_HISTORICAL,2026-09-02T19:29:15.965Z,2026-09-02T19:29:23.312Z,2026-09-02T19:29:23.098Z,2026-09-02T19:29:23.312Z,5171,13.33333333333333,13.33333333333333,f63584a6b07fd1cf9704a1b9e7449910dfc770d858f381c5390addc02d9b8c30,1s,AVG,f63584a6b07fd1cf9704a1b9e7449910dfc770d858f381c5390addc02d9b8c30,2026-09-02T19:29:14.965Z,2026-09-02T19:29:23.097Z,2026-09-02T19:29:23.097Z,4151
obdThrottlePosition,CAN_ENGINE_THROTTLE_POSITION,HF_HISTORICAL,2026-09-02T19:29:16.965Z,2026-09-02T19:29:23.312Z,2026-09-02T19:29:23.098Z,2026-09-02T19:29:23.312Z,5176,12.94117647058824,12.94117647058824,44a59311b50225e020209e8c4703a7c658cdaa9306d87f7310b11fe81dc3a2a6,1s,AVG,44a59311b50225e020209e8c4703a7c658cdaa9306d87f7310b11fe81dc3a2a6,2026-09-02T19:29:14.965Z,2026-09-02T19:29:23.097Z,2026-09-02T19:29:23.097Z,4156
obdThrottlePosition,CAN_ENGINE_THROTTLE_POSITION,HF_HISTORICAL,2026-09-02T19:29:18.965Z,2026-09-02T19:29:23.312Z,2026-09-02T19:29:23.098Z,2026-09-02T19:29:23.312Z,5181,13.33333333333333,13.33333333333333,ffe7ce3807983eabf867237cf6845893c59e81b9e4a95bcf487f22346b50533f,1s,AVG,ffe7ce3807983eabf867237cf6845893c59e81b9e4a95bcf487f22346b50533f,2026-09-02T19:29:14.965Z,2026-09-02T19:29:23.097Z,2026-09-02T19:29:23.097Z,4161
obdThrottlePosition,CAN_ENGINE_THROTTLE_POSITION,HF_HISTORICAL,2026-09-02T19:29:19.965Z,2026-09-02T19:29:23.312Z,2026-09-02T19:29:23.098Z,2026-09-02T19:29:23.312Z,5186,23.13725490196078,23.13725490196078,82ad5c8fc6d53e61f5ec4a5d8e808fc56d08c6979e40ee5ac0629976d2d14064,1s,AVG,82ad5c8fc6d53e61f5ec4a5d8e808fc56d08c6979e40ee5ac0629976d2d14064,2026-09-02T19:29:14.965Z,2026-09-02T19:29:23.097Z,2026-09-02T19:29:23.097Z,4166
obdThrottlePosition,CAN_ENGINE_THROTTLE_POSITION,LATEST_LIVE,2026-09-02T19:29:23.000Z,2026-09-02T19:29:28.928Z,2026-09-02T19:29:28.690Z,2026-09-02T19:29:28.928Z,5191,13.33333333333333,"{""value"":13.33333333333333,""timestamp"":""2026-09-02T19:29:23Z""}",,,,,,,,4171
obdThrottlePosition,CAN_ENGINE_THROTTLE_POSITION,HF_HISTORICAL,2026-09-02T19:29:21.097Z,2026-09-02T19:29:29.383Z,2026-09-02T19:29:28.929Z,2026-09-02T19:29:29.383Z,5196,11.37254901960784,11.37254901960784,c273f44a19f4f0d51229410a48a62ce4cc5ad6f3d456d9eb2f0ea0a18ee2011e,1s,AVG,c273f44a19f4f0d51229410a48a62ce4cc5ad6f3d456d9eb2f0ea0a18ee2011e,2026-09-02T19:29:21.097Z,2026-09-02T19:29:28.929Z,2026-09-02T19:29:28.929Z,4176
obdThrottlePosition,CAN_ENGINE_THROTTLE_POSITION,HF_HISTORICAL,2026-09-02T19:29:22.097Z,2026-09-02T19:29:29.383Z,2026-09-02T19:29:28.929Z,2026-09-02T19:29:29.383Z,5201,13.33333333333333,13.33333333333333,9e892be8a2414d6be55aa6319ef5d543ceca1b3da63eb53dd339ebf4aca9506f,1s,AVG,9e892be8a2414d6be55aa6319ef5d543ceca1b3da63eb53dd339ebf4aca9506f,2026-09-02T19:29:21.097Z,2026-09-02T19:29:28.929Z,2026-09-02T19:29:28.929Z,4181
obdThrottlePosition,CAN_ENGINE_THROTTLE_POSITION,HF_HISTORICAL,2026-09-02T19:29:24.097Z,2026-09-02T19:29:29.383Z,2026-09-02T19:29:28.929Z,2026-09-02T19:29:29.383Z,5206,85.09803921568627,85.09803921568627,cbae7e652940c4dbae68487a31bc64d941964261fa015d7788561af434b8edc1,1s,AVG,cbae7e652940c4dbae68487a31bc64d941964261fa015d7788561af434b8edc1,2026-09-02T19:29:21.097Z,2026-09-02T19:29:28.929Z,2026-09-02T19:29:28.929Z,4186
obdThrottlePosition,CAN_ENGINE_THROTTLE_POSITION,LATEST_LIVE,2026-09-02T19:29:28.000Z,2026-09-02T19:29:35.096Z,2026-09-02T19:29:34.828Z,2026-09-02T19:29:35.096Z,5211,12.54901960784314,"{""value"":12.54901960784314,""timestamp"":""2026-09-02T19:29:28Z""}",,,,,,,,4191
obdThrottlePosition,CAN_ENGINE_THROTTLE_POSITION,HF_HISTORICAL,2026-09-02T19:29:26.929Z,2026-09-02T19:29:35.299Z,2026-09-02T19:29:35.097Z,2026-09-02T19:29:35.299Z,5216,12.54901960784314,12.54901960784314,fed7ef844257ea00d07376dd0c8a2efa2a323ad30a059129581328f9d59f32dd,1s,AVG,fed7ef844257ea00d07376dd0c8a2efa2a323ad30a059129581328f9d59f32dd,2026-09-02T19:29:26.929Z,2026-09-02T19:29:35.097Z,2026-09-02T19:29:35.097Z,4196
obdThrottlePosition,CAN_ENGINE_THROTTLE_POSITION,HF_HISTORICAL,2026-09-02T19:29:27.929Z,2026-09-02T19:29:35.299Z,2026-09-02T19:29:35.097Z,2026-09-02T19:29:35.299Z,5221,12.54901960784314,12.54901960784314,e6d89ddcbffea3c596101abb527481d52a1d7e489ad2b18f1b49258b45680983,1s,AVG,e6d89ddcbffea3c596101abb527481d52a1d7e489ad2b18f1b49258b45680983,2026-09-02T19:29:26.929Z,2026-09-02T19:29:35.097Z,2026-09-02T19:29:35.097Z,4201
obdThrottlePosition,CAN_ENGINE_THROTTLE_POSITION,LATEST_LIVE,2026-09-02T19:29:39.000Z,2026-09-02T19:29:40.962Z,2026-09-02T19:29:40.669Z,2026-09-02T19:29:40.962Z,5226,12.94117647058824,"{""value"":12.94117647058824,""timestamp"":""2026-09-02T19:29:39Z""}",,,,,,,,4206
obdThrottlePosition,CAN_ENGINE_THROTTLE_POSITION,HF_HISTORICAL,2026-09-02T19:29:34.097Z,2026-09-02T19:29:41.197Z,2026-09-02T19:29:40.963Z,2026-09-02T19:29:41.197Z,5231,11.76470588235294,11.76470588235294,46de6b7e9588f2a4ff88b8acbe634ccdccc7dc56b7bfa660e2f74e13ddd8c873,1s,AVG,46de6b7e9588f2a4ff88b8acbe634ccdccc7dc56b7bfa660e2f74e13ddd8c873,2026-09-02T19:29:33.097Z,2026-09-02T19:29:40.963Z,2026-09-02T19:29:40.963Z,4211
obdThrottlePosition,CAN_ENGINE_THROTTLE_POSITION,HF_HISTORICAL,2026-09-02T19:29:35.097Z,2026-09-02T19:29:41.197Z,2026-09-02T19:29:40.963Z,2026-09-02T19:29:41.197Z,5236,16.07843137254902,16.07843137254902,89510ca8d9aa7246935923961f1e3ca54f4b999b14cd3b34c8d6abd436203bac,1s,AVG,89510ca8d9aa7246935923961f1e3ca54f4b999b14cd3b34c8d6abd436203bac,2026-09-02T19:29:33.097Z,2026-09-02T19:29:40.963Z,2026-09-02T19:29:40.963Z,4216
obdThrottlePosition,CAN_ENGINE_THROTTLE_POSITION,HF_HISTORICAL,2026-09-02T19:29:36.097Z,2026-09-02T19:29:41.197Z,2026-09-02T19:29:40.963Z,2026-09-02T19:29:41.197Z,5241,12.54901960784314,12.54901960784314,1626ce2e069429310c10c07e523a0939d33e3746a03f666649243b04d6cc8fe4,1s,AVG,1626ce2e069429310c10c07e523a0939d33e3746a03f666649243b04d6cc8fe4,2026-09-02T19:29:33.097Z,2026-09-02T19:29:40.963Z,2026-09-02T19:29:40.963Z,4221
obdThrottlePosition,CAN_ENGINE_THROTTLE_POSITION,HF_HISTORICAL,2026-09-02T19:29:38.097Z,2026-09-02T19:29:41.197Z,2026-09-02T19:29:40.963Z,2026-09-02T19:29:41.197Z,5246,12.94117647058824,12.94117647058824,c129c245688dbaead0d39f9ab5adb461eca83119298fadf6bf4286cff992418d,1s,AVG,c129c245688dbaead0d39f9ab5adb461eca83119298fadf6bf4286cff992418d,2026-09-02T19:29:33.097Z,2026-09-02T19:29:40.963Z,2026-09-02T19:29:40.963Z,4226
obdThrottlePosition,CAN_ENGINE_THROTTLE_POSITION,LATEST_LIVE,2026-09-02T19:29:42.000Z,2026-09-02T19:29:46.870Z,2026-09-02T19:29:46.495Z,2026-09-02T19:29:46.870Z,5251,84.70588235294117,"{""value"":84.70588235294117,""timestamp"":""2026-09-02T19:29:42Z""}",,,,,,,,4231
obdThrottlePosition,CAN_ENGINE_THROTTLE_POSITION,HF_HISTORICAL,2026-09-02T19:29:38.963Z,2026-09-02T19:29:47.094Z,2026-09-02T19:29:46.871Z,2026-09-02T19:29:47.094Z,5256,12.94117647058824,12.94117647058824,1fd49979b90170c73e8234b8abd8cc9a9a76514290a72a6615391c7c985606ec,1s,AVG,1fd49979b90170c73e8234b8abd8cc9a9a76514290a72a6615391c7c985606ec,2026-09-02T19:29:38.963Z,2026-09-02T19:29:46.871Z,2026-09-02T19:29:46.871Z,4236
obdThrottlePosition,CAN_ENGINE_THROTTLE_POSITION,HF_HISTORICAL,2026-09-02T19:29:39.963Z,2026-09-02T19:29:47.094Z,2026-09-02T19:29:46.871Z,2026-09-02T19:29:47.094Z,5261,12.54901960784314,12.54901960784314,72128dd578675ea7be11a0d770e3eba93c3a4d10f1984c2a260e55b9d2eb44b3,1s,AVG,72128dd578675ea7be11a0d770e3eba93c3a4d10f1984c2a260e55b9d2eb44b3,2026-09-02T19:29:38.963Z,2026-09-02T19:29:46.871Z,2026-09-02T19:29:46.871Z,4241
obdThrottlePosition,CAN_ENGINE_THROTTLE_POSITION,HF_HISTORICAL,2026-09-02T19:29:40.963Z,2026-09-02T19:29:47.094Z,2026-09-02T19:29:46.871Z,2026-09-02T19:29:47.094Z,5266,24.31372549019608,24.31372549019608,833499dbc316f584198dd7932ca0a5188140cf4696f48240d241025260119281,1s,AVG,833499dbc316f584198dd7932ca0a5188140cf4696f48240d241025260119281,2026-09-02T19:29:38.963Z,2026-09-02T19:29:46.871Z,2026-09-02T19:29:46.871Z,4246
obdThrottlePosition,CAN_ENGINE_THROTTLE_POSITION,HF_HISTORICAL,2026-09-02T19:29:41.963Z,2026-09-02T19:29:47.094Z,2026-09-02T19:29:46.871Z,2026-09-02T19:29:47.094Z,5271,84.70588235294117,84.70588235294117,d248e87ca0fbc475970cf88b687b0ae5b0bf20e20056f78396aaab83fc4f31c5,1s,AVG,d248e87ca0fbc475970cf88b687b0ae5b0bf20e20056f78396aaab83fc4f31c5,2026-09-02T19:29:38.963Z,2026-09-02T19:29:46.871Z,2026-09-02T19:29:46.871Z,4251
obdThrottlePosition,CAN_ENGINE_THROTTLE_POSITION,LATEST_LIVE,2026-09-02T19:29:49.000Z,2026-09-02T19:29:52.958Z,2026-09-02T19:29:52.428Z,2026-09-02T19:29:52.958Z,5276,21.17647058823529,"{""value"":21.17647058823529,""timestamp"":""2026-09-02T19:29:49Z""}",,,,,,,,4256
obdThrottlePosition,CAN_ENGINE_THROTTLE_POSITION,HF_HISTORICAL,2026-09-02T19:29:45.871Z,2026-09-02T19:29:53.213Z,2026-09-02T19:29:52.959Z,2026-09-02T19:29:53.213Z,5281,12.15686274509804,12.15686274509804,c0114b22ebe7e3ccccf1f58c2e9050da49fda623b3e23470aae9f1e551843a48,1s,AVG,c0114b22ebe7e3ccccf1f58c2e9050da49fda623b3e23470aae9f1e551843a48,2026-09-02T19:29:44.871Z,2026-09-02T19:29:52.959Z,2026-09-02T19:29:52.959Z,4261
obdThrottlePosition,CAN_ENGINE_THROTTLE_POSITION,HF_HISTORICAL,2026-09-02T19:29:47.871Z,2026-09-02T19:29:53.213Z,2026-09-02T19:29:52.959Z,2026-09-02T19:29:53.213Z,5286,19.6078431372549,19.6078431372549,17df457cde67fb98abbef5dc0e52b4402774fa0586cf461f025c2d4c3181ec30,1s,AVG,17df457cde67fb98abbef5dc0e52b4402774fa0586cf461f025c2d4c3181ec30,2026-09-02T19:29:44.871Z,2026-09-02T19:29:52.959Z,2026-09-02T19:29:52.959Z,4266
obdThrottlePosition,CAN_ENGINE_THROTTLE_POSITION,HF_HISTORICAL,2026-09-02T19:29:48.871Z,2026-09-02T19:29:53.213Z,2026-09-02T19:29:52.959Z,2026-09-02T19:29:53.213Z,5291,21.17647058823529,21.17647058823529,25534ee8c7fb9bdd7d2bba6b1f5a5ef6aaaa87ebd4cee669625bfd1710efcff6,1s,AVG,25534ee8c7fb9bdd7d2bba6b1f5a5ef6aaaa87ebd4cee669625bfd1710efcff6,2026-09-02T19:29:44.871Z,2026-09-02T19:29:52.959Z,2026-09-02T19:29:52.959Z,4271
obdThrottlePosition,CAN_ENGINE_THROTTLE_POSITION,LATEST_LIVE,2026-09-02T19:29:55.000Z,2026-09-02T19:29:59.158Z,2026-09-02T19:29:58.877Z,2026-09-02T19:29:59.158Z,5322,11.76470588235294,"{""value"":11.76470588235294,""timestamp"":""2026-09-02T19:29:55Z""}",,,,,,,,4282
obdThrottlePosition,CAN_ENGINE_THROTTLE_POSITION,HF_HISTORICAL,2026-09-02T19:29:50.959Z,2026-09-02T19:29:59.385Z,2026-09-02T19:29:59.159Z,2026-09-02T19:29:59.385Z,5327,12.15686274509804,12.15686274509804,384894a26db3c0efa084208fcfcb0abeb8ba1592cbd0e4d9297b75f911896286,1s,AVG,384894a26db3c0efa084208fcfcb0abeb8ba1592cbd0e4d9297b75f911896286,2026-09-02T19:29:50.959Z,2026-09-02T19:29:59.159Z,2026-09-02T19:29:59.159Z,4287
obdThrottlePosition,CAN_ENGINE_THROTTLE_POSITION,HF_HISTORICAL,2026-09-02T19:29:52.959Z,2026-09-02T19:29:59.385Z,2026-09-02T19:29:59.159Z,2026-09-02T19:29:59.385Z,5332,10.98039215686275,10.98039215686275,549fd8a34d6ecc0f3c2d0e3664a1354e88ddb3c5690f56e5415244a804f75be4,1s,AVG,549fd8a34d6ecc0f3c2d0e3664a1354e88ddb3c5690f56e5415244a804f75be4,2026-09-02T19:29:50.959Z,2026-09-02T19:29:59.159Z,2026-09-02T19:29:59.159Z,4292
obdThrottlePosition,CAN_ENGINE_THROTTLE_POSITION,HF_HISTORICAL,2026-09-02T19:29:53.959Z,2026-09-02T19:29:59.385Z,2026-09-02T19:29:59.159Z,2026-09-02T19:29:59.385Z,5337,11.76470588235294,11.76470588235294,0c8f17703897a16da1bfaa264a1f1db740a1a17cbe141c1099ab130ac2749143,1s,AVG,0c8f17703897a16da1bfaa264a1f1db740a1a17cbe141c1099ab130ac2749143,2026-09-02T19:29:50.959Z,2026-09-02T19:29:59.159Z,2026-09-02T19:29:59.159Z,4297
obdThrottlePosition,CAN_ENGINE_THROTTLE_POSITION,HF_HISTORICAL,2026-09-02T19:29:54.959Z,2026-09-02T19:29:59.385Z,2026-09-02T19:29:59.159Z,2026-09-02T19:29:59.385Z,5342,11.76470588235294,11.76470588235294,07231f1a67fd1b66d65b4805288a6265547bb5775ffd22b33a446cf57dea379b,1s,AVG,07231f1a67fd1b66d65b4805288a6265547bb5775ffd22b33a446cf57dea379b,2026-09-02T19:29:50.959Z,2026-09-02T19:29:59.159Z,2026-09-02T19:29:59.159Z,4302
obdThrottlePosition,CAN_ENGINE_THROTTLE_POSITION,LATEST_LIVE,2026-09-02T19:29:59.000Z,2026-09-02T19:30:05.011Z,2026-09-02T19:30:04.765Z,2026-09-02T19:30:05.011Z,5347,12.54901960784314,"{""value"":12.54901960784314,""timestamp"":""2026-09-02T19:29:59Z""}",,,,,,,,4307
obdThrottlePosition,CAN_ENGINE_THROTTLE_POSITION,HF_HISTORICAL,2026-09-02T19:29:57.159Z,2026-09-02T19:30:05.213Z,2026-09-02T19:30:05.016Z,2026-09-02T19:30:05.213Z,5352,25.09803921568627,25.09803921568627,4850265535f2715c52716b185d84c4c550788d5fa61f42903ed555568c135cee,1s,AVG,4850265535f2715c52716b185d84c4c550788d5fa61f42903ed555568c135cee,2026-09-02T19:29:57.159Z,2026-09-02T19:30:05.016Z,2026-09-02T19:30:05.016Z,4312
obdThrottlePosition,CAN_ENGINE_THROTTLE_POSITION,HF_HISTORICAL,2026-09-02T19:29:58.159Z,2026-09-02T19:30:05.213Z,2026-09-02T19:30:05.016Z,2026-09-02T19:30:05.213Z,5357,12.54901960784314,12.54901960784314,ec358192d9c6f0eb76099b30fd9278a4eeee9f3a5a301290d1a57a666f004152,1s,AVG,ec358192d9c6f0eb76099b30fd9278a4eeee9f3a5a301290d1a57a666f004152,2026-09-02T19:29:57.159Z,2026-09-02T19:30:05.016Z,2026-09-02T19:30:05.016Z,4317
obdThrottlePosition,CAN_ENGINE_THROTTLE_POSITION,LATEST_LIVE,2026-09-02T19:30:07.000Z,2026-09-02T19:30:10.742Z,2026-09-02T19:30:10.500Z,2026-09-02T19:30:10.742Z,5362,12.15686274509804,"{""value"":12.15686274509804,""timestamp"":""2026-09-02T19:30:07Z""}",,,,,,,,4322
obdThrottlePosition,CAN_ENGINE_THROTTLE_POSITION,HF_HISTORICAL,2026-09-02T19:30:03.016Z,2026-09-02T19:30:10.951Z,2026-09-02T19:30:10.745Z,2026-09-02T19:30:10.951Z,5367,21.96078431372549,21.96078431372549,abb76e52bdf4b50be75e5ada462b7894346f2b11215586035dbb016216a3268d,1s,AVG,abb76e52bdf4b50be75e5ada462b7894346f2b11215586035dbb016216a3268d,2026-09-02T19:30:03.016Z,2026-09-02T19:30:10.745Z,2026-09-02T19:30:10.745Z,4327
obdThrottlePosition,CAN_ENGINE_THROTTLE_POSITION,HF_HISTORICAL,2026-09-02T19:30:04.016Z,2026-09-02T19:30:10.951Z,2026-09-02T19:30:10.745Z,2026-09-02T19:30:10.951Z,5372,84.70588235294117,84.70588235294117,c4c904c980d6f1d6c0df600848f0aa2f8969b51c3f4e6a6d66e65baa3ec651eb,1s,AVG,c4c904c980d6f1d6c0df600848f0aa2f8969b51c3f4e6a6d66e65baa3ec651eb,2026-09-02T19:30:03.016Z,2026-09-02T19:30:10.745Z,2026-09-02T19:30:10.745Z,4332
obdThrottlePosition,CAN_ENGINE_THROTTLE_POSITION,HF_HISTORICAL,2026-09-02T19:30:06.016Z,2026-09-02T19:30:10.951Z,2026-09-02T19:30:10.745Z,2026-09-02T19:30:10.951Z,5377,12.15686274509804,12.15686274509804,7f90da0b39acfb1a109a79e48e8487ff39e7d6f11f85bff3f461a6ad4e947f60,1s,AVG,7f90da0b39acfb1a109a79e48e8487ff39e7d6f11f85bff3f461a6ad4e947f60,2026-09-02T19:30:03.016Z,2026-09-02T19:30:10.745Z,2026-09-02T19:30:10.745Z,4337
obdThrottlePosition,CAN_ENGINE_THROTTLE_POSITION,LATEST_LIVE,2026-09-02T19:30:13.000Z,2026-09-02T19:30:16.485Z,2026-09-02T19:30:16.229Z,2026-09-02T19:30:16.485Z,5382,14.50980392156863,"{""value"":14.50980392156863,""timestamp"":""2026-09-02T19:30:13Z""}",,,,,,,,4342
obdThrottlePosition,CAN_ENGINE_THROTTLE_POSITION,HF_HISTORICAL,2026-09-02T19:30:08.745Z,2026-09-02T19:30:16.711Z,2026-09-02T19:30:16.486Z,2026-09-02T19:30:16.711Z,5387,14.11764705882353,14.11764705882353,ddc901171dba6a57d0b9291b69e7506ea1d937394b4a21712a4816f87180efe7,1s,AVG,ddc901171dba6a57d0b9291b69e7506ea1d937394b4a21712a4816f87180efe7,2026-09-02T19:30:08.745Z,2026-09-02T19:30:16.486Z,2026-09-02T19:30:16.486Z,4347
obdThrottlePosition,CAN_ENGINE_THROTTLE_POSITION,HF_HISTORICAL,2026-09-02T19:30:10.745Z,2026-09-02T19:30:16.711Z,2026-09-02T19:30:16.486Z,2026-09-02T19:30:16.711Z,5392,13.72549019607843,13.72549019607843,032935cdce7d4d0f968ab344627c45af13134e2d4eb024778e0b9d6c8aa4ede7,1s,AVG,032935cdce7d4d0f968ab344627c45af13134e2d4eb024778e0b9d6c8aa4ede7,2026-09-02T19:30:08.745Z,2026-09-02T19:30:16.486Z,2026-09-02T19:30:16.486Z,4352
obdThrottlePosition,CAN_ENGINE_THROTTLE_POSITION,HF_HISTORICAL,2026-09-02T19:30:12.745Z,2026-09-02T19:30:16.711Z,2026-09-02T19:30:16.486Z,2026-09-02T19:30:16.711Z,5397,14.50980392156863,14.50980392156863,8f1b72844bc835de597e9da8b3c67667faeb3135708fcafe4760f3485be05225,1s,AVG,8f1b72844bc835de597e9da8b3c67667faeb3135708fcafe4760f3485be05225,2026-09-02T19:30:08.745Z,2026-09-02T19:30:16.486Z,2026-09-02T19:30:16.486Z,4357
obdThrottlePosition,CAN_ENGINE_THROTTLE_POSITION,LATEST_LIVE,2026-09-02T19:30:18.000Z,2026-09-02T19:30:22.299Z,2026-09-02T19:30:22.069Z,2026-09-02T19:30:22.299Z,5402,12.15686274509804,"{""value"":12.15686274509804,""timestamp"":""2026-09-02T19:30:18Z""}",,,,,,,,4362
obdThrottlePosition,CAN_ENGINE_THROTTLE_POSITION,HF_HISTORICAL,2026-09-02T19:30:16.486Z,2026-09-02T19:30:22.509Z,2026-09-02T19:30:22.300Z,2026-09-02T19:30:22.509Z,5407,12.94117647058824,12.94117647058824,0eb6ee8b30222bc449b290af13875469db9dc3be16a6c08461fb19696de654c2,1s,AVG,0eb6ee8b30222bc449b290af13875469db9dc3be16a6c08461fb19696de654c2,2026-09-02T19:30:14.486Z,2026-09-02T19:30:22.300Z,2026-09-02T19:30:22.300Z,4367
obdThrottlePosition,CAN_ENGINE_THROTTLE_POSITION,HF_HISTORICAL,2026-09-02T19:30:17.486Z,2026-09-02T19:30:22.509Z,2026-09-02T19:30:22.300Z,2026-09-02T19:30:22.509Z,5412,12.15686274509804,12.15686274509804,857cc5e8ff7409db2b430274ff8df65d0a8cd2e1bd7851faff57a84cd7ecb9eb,1s,AVG,857cc5e8ff7409db2b430274ff8df65d0a8cd2e1bd7851faff57a84cd7ecb9eb,2026-09-02T19:30:14.486Z,2026-09-02T19:30:22.300Z,2026-09-02T19:30:22.300Z,4372
obdThrottlePosition,CAN_ENGINE_THROTTLE_POSITION,LATEST_LIVE,2026-09-02T19:30:23.000Z,2026-09-02T19:30:28.207Z,2026-09-02T19:30:27.811Z,2026-09-02T19:30:28.207Z,5417,12.15686274509804,"{""value"":12.15686274509804,""timestamp"":""2026-09-02T19:30:23Z""}",,,,,,,,4377
obdThrottlePosition,CAN_ENGINE_THROTTLE_POSITION,HF_HISTORICAL,2026-09-02T19:30:20.300Z,2026-09-02T19:30:28.457Z,2026-09-02T19:30:28.209Z,2026-09-02T19:30:28.457Z,5422,11.37254901960784,11.37254901960784,c69ea6850478b10ed9502fd117f8bf86e0a92b894ab670e0efd19fe58735104e,1s,AVG,c69ea6850478b10ed9502fd117f8bf86e0a92b894ab670e0efd19fe58735104e,2026-09-02T19:30:20.300Z,2026-09-02T19:30:28.209Z,2026-09-02T19:30:28.209Z,4382
obdThrottlePosition,CAN_ENGINE_THROTTLE_POSITION,HF_HISTORICAL,2026-09-02T19:30:22.300Z,2026-09-02T19:30:28.457Z,2026-09-02T19:30:28.209Z,2026-09-02T19:30:28.457Z,5427,12.15686274509804,12.15686274509804,73640e5b39e51740fb0a95b56046c8a6a8361f42c31815f76c2804875b37dd19,1s,AVG,73640e5b39e51740fb0a95b56046c8a6a8361f42c31815f76c2804875b37dd19,2026-09-02T19:30:20.300Z,2026-09-02T19:30:28.209Z,2026-09-02T19:30:28.209Z,4387
obdThrottlePosition,CAN_ENGINE_THROTTLE_POSITION,LATEST_LIVE,2026-09-02T19:30:29.000Z,2026-09-02T19:30:34.865Z,2026-09-02T19:30:34.528Z,2026-09-02T19:30:34.865Z,5458,12.94117647058824,"{""value"":12.94117647058824,""timestamp"":""2026-09-02T19:30:29Z""}",,,,,,,,4398
obdThrottlePosition,CAN_ENGINE_THROTTLE_POSITION,HF_HISTORICAL,2026-09-02T19:30:26.209Z,2026-09-02T19:30:35.066Z,2026-09-02T19:30:34.866Z,2026-09-02T19:30:35.066Z,5463,14.11764705882353,14.11764705882353,a686ce6f1ad560e84df04ba5eb04ca60c6af455a4c64242770687a22a4e71f6c,1s,AVG,a686ce6f1ad560e84df04ba5eb04ca60c6af455a4c64242770687a22a4e71f6c,2026-09-02T19:30:26.209Z,2026-09-02T19:30:34.866Z,2026-09-02T19:30:34.866Z,4403
obdThrottlePosition,CAN_ENGINE_THROTTLE_POSITION,HF_HISTORICAL,2026-09-02T19:30:28.209Z,2026-09-02T19:30:35.066Z,2026-09-02T19:30:34.866Z,2026-09-02T19:30:35.066Z,5468,12.94117647058824,12.94117647058824,1660a596e5f15e34fb8f2e50c335897bcfd386773cdeb261e6f05c24e42d2cd3,1s,AVG,1660a596e5f15e34fb8f2e50c335897bcfd386773cdeb261e6f05c24e42d2cd3,2026-09-02T19:30:26.209Z,2026-09-02T19:30:34.866Z,2026-09-02T19:30:34.866Z,4408
obdThrottlePosition,CAN_ENGINE_THROTTLE_POSITION,LATEST_LIVE,2026-09-02T19:30:37.000Z,2026-09-02T19:30:40.662Z,2026-09-02T19:30:40.380Z,2026-09-02T19:30:40.662Z,5473,12.54901960784314,"{""value"":12.54901960784314,""timestamp"":""2026-09-02T19:30:37Z""}",,,,,,,,4413
obdThrottlePosition,CAN_ENGINE_THROTTLE_POSITION,HF_HISTORICAL,2026-09-02T19:30:32.866Z,2026-09-02T19:30:40.870Z,2026-09-02T19:30:40.663Z,2026-09-02T19:30:40.870Z,5478,84.70588235294117,84.70588235294117,d381a5d306840fec96aa5276f5b2a57361fe25c353cf8dfeaa3085bedae073e5,1s,AVG,d381a5d306840fec96aa5276f5b2a57361fe25c353cf8dfeaa3085bedae073e5,2026-09-02T19:30:32.866Z,2026-09-02T19:30:40.663Z,2026-09-02T19:30:40.663Z,4418
obdThrottlePosition,CAN_ENGINE_THROTTLE_POSITION,HF_HISTORICAL,2026-09-02T19:30:33.866Z,2026-09-02T19:30:40.870Z,2026-09-02T19:30:40.663Z,2026-09-02T19:30:40.870Z,5483,14.11764705882353,14.11764705882353,43ca8f59dc9b117432d44e13b04fb2d26cf102aa7329127acb33e41697628a6d,1s,AVG,43ca8f59dc9b117432d44e13b04fb2d26cf102aa7329127acb33e41697628a6d,2026-09-02T19:30:32.866Z,2026-09-02T19:30:40.663Z,2026-09-02T19:30:40.663Z,4423
obdThrottlePosition,CAN_ENGINE_THROTTLE_POSITION,HF_HISTORICAL,2026-09-02T19:30:35.866Z,2026-09-02T19:30:40.870Z,2026-09-02T19:30:40.663Z,2026-09-02T19:30:40.870Z,5488,15.68627450980392,15.68627450980392,f727617ba95bf6a7e1adba5716b929fb11770eb58fd0f4a83c6968cf97106cbc,1s,AVG,f727617ba95bf6a7e1adba5716b929fb11770eb58fd0f4a83c6968cf97106cbc,2026-09-02T19:30:32.866Z,2026-09-02T19:30:40.663Z,2026-09-02T19:30:40.663Z,4428
obdThrottlePosition,CAN_ENGINE_THROTTLE_POSITION,HF_HISTORICAL,2026-09-02T19:30:36.866Z,2026-09-02T19:30:40.870Z,2026-09-02T19:30:40.663Z,2026-09-02T19:30:40.870Z,5493,12.54901960784314,12.54901960784314,f7cb207d774fbfdbdd93a2d1d7cfdf509ba204ac0e094eac644f076f0c47cbbc,1s,AVG,f7cb207d774fbfdbdd93a2d1d7cfdf509ba204ac0e094eac644f076f0c47cbbc,2026-09-02T19:30:32.866Z,2026-09-02T19:30:40.663Z,2026-09-02T19:30:40.663Z,4433
obdThrottlePosition,CAN_ENGINE_THROTTLE_POSITION,LATEST_LIVE,2026-09-02T19:30:41.000Z,2026-09-02T19:30:46.504Z,2026-09-02T19:30:46.220Z,2026-09-02T19:30:46.504Z,5498,13.33333333333333,"{""value"":13.33333333333333,""timestamp"":""2026-09-02T19:30:41Z""}",,,,,,,,4438
obdThrottlePosition,CAN_ENGINE_THROTTLE_POSITION,HF_HISTORICAL,2026-09-02T19:30:38.663Z,2026-09-02T19:30:46.839Z,2026-09-02T19:30:46.506Z,2026-09-02T19:30:46.839Z,5503,84.70588235294117,84.70588235294117,f9459a182d23fcfc51c19101b6110ee8181280e47058b8c3691044d6f0a79234,1s,AVG,f9459a182d23fcfc51c19101b6110ee8181280e47058b8c3691044d6f0a79234,2026-09-02T19:30:38.663Z,2026-09-02T19:30:46.506Z,2026-09-02T19:30:46.506Z,4443
obdThrottlePosition,CAN_ENGINE_THROTTLE_POSITION,HF_HISTORICAL,2026-09-02T19:30:40.663Z,2026-09-02T19:30:46.839Z,2026-09-02T19:30:46.506Z,2026-09-02T19:30:46.839Z,5508,13.33333333333333,13.33333333333333,f23b21d3f49025f62702cf1bf045511110f7fc5630a1679f58be7e0c09912ea7,1s,AVG,f23b21d3f49025f62702cf1bf045511110f7fc5630a1679f58be7e0c09912ea7,2026-09-02T19:30:38.663Z,2026-09-02T19:30:46.506Z,2026-09-02T19:30:46.506Z,4448
obdThrottlePosition,CAN_ENGINE_THROTTLE_POSITION,LATEST_LIVE,2026-09-02T19:30:41.000Z,2026-09-02T19:30:52.448Z,2026-09-02T19:30:52.249Z,2026-09-02T19:30:52.448Z,5513,13.33333333333333,"{""value"":13.33333333333333,""timestamp"":""2026-09-02T19:30:41Z""}",,,,,,,,4453
obdThrottlePosition,CAN_ENGINE_THROTTLE_POSITION,LATEST_LIVE,2026-09-02T19:30:41.000Z,2026-09-02T19:30:58.227Z,2026-09-02T19:30:57.985Z,2026-09-02T19:30:58.227Z,5518,13.33333333333333,"{""value"":13.33333333333333,""timestamp"":""2026-09-02T19:30:41Z""}",,,,,,,,4458
obdThrottlePosition,CAN_ENGINE_THROTTLE_POSITION,LATEST_LIVE,2026-09-02T19:30:41.000Z,2026-09-02T19:31:03.970Z,2026-09-02T19:31:03.732Z,2026-09-02T19:31:03.970Z,5523,13.33333333333333,"{""value"":13.33333333333333,""timestamp"":""2026-09-02T19:30:41Z""}",,,,,,,,4463
obdThrottlePosition,CAN_ENGINE_THROTTLE_POSITION,HF_HISTORICAL,2026-09-02T19:31:00.228Z,2026-09-02T19:31:04.175Z,2026-09-02T19:31:03.972Z,2026-09-02T19:31:04.175Z,5528,11.37254901960784,11.37254901960784,33c7c66eeb32ac4d7827b323cf2e1d724a1c78ed4acf7a05346355c2273695df,1s,AVG,33c7c66eeb32ac4d7827b323cf2e1d724a1c78ed4acf7a05346355c2273695df,2026-09-02T19:30:56.228Z,2026-09-02T19:31:03.971Z,2026-09-02T19:31:03.971Z,4468
obdThrottlePosition,CAN_ENGINE_THROTTLE_POSITION,LATEST_LIVE,2026-09-02T19:31:04.000Z,2026-09-02T19:31:10.023Z,2026-09-02T19:31:09.777Z,2026-09-02T19:31:10.023Z,5559,11.76470588235294,"{""value"":11.76470588235294,""timestamp"":""2026-09-02T19:31:04Z""}",,,,,,,,4479
obdThrottlePosition,CAN_ENGINE_THROTTLE_POSITION,HF_HISTORICAL,2026-09-02T19:31:01.971Z,2026-09-02T19:31:10.236Z,2026-09-02T19:31:10.025Z,2026-09-02T19:31:10.236Z,5564,28.23529411764706,28.23529411764706,1e598fc4eb913c210dbac5b4166ed4b8ec036a75479d141f2177c4874569f78d,1s,AVG,1e598fc4eb913c210dbac5b4166ed4b8ec036a75479d141f2177c4874569f78d,2026-09-02T19:31:01.971Z,2026-09-02T19:31:10.025Z,2026-09-02T19:31:10.025Z,4484
obdThrottlePosition,CAN_ENGINE_THROTTLE_POSITION,HF_HISTORICAL,2026-09-02T19:31:02.971Z,2026-09-02T19:31:10.236Z,2026-09-02T19:31:10.025Z,2026-09-02T19:31:10.236Z,5569,27.45098039215686,27.45098039215686,25eb8fcf56982a574964a83919af52213b013998d7692d4a9fd283d204676376,1s,AVG,25eb8fcf56982a574964a83919af52213b013998d7692d4a9fd283d204676376,2026-09-02T19:31:01.971Z,2026-09-02T19:31:10.025Z,2026-09-02T19:31:10.025Z,4489
obdThrottlePosition,CAN_ENGINE_THROTTLE_POSITION,HF_HISTORICAL,2026-09-02T19:31:03.971Z,2026-09-02T19:31:10.236Z,2026-09-02T19:31:10.025Z,2026-09-02T19:31:10.236Z,5574,11.76470588235294,11.76470588235294,8cb435d760bd71d94c2e66cf41a9bcc44118e119637f3a2069c3462fa245eaa3,1s,AVG,8cb435d760bd71d94c2e66cf41a9bcc44118e119637f3a2069c3462fa245eaa3,2026-09-02T19:31:01.971Z,2026-09-02T19:31:10.025Z,2026-09-02T19:31:10.025Z,4494
obdThrottlePosition,CAN_ENGINE_THROTTLE_POSITION,HF_HISTORICAL,2026-09-02T19:31:05.971Z,2026-09-02T19:31:10.236Z,2026-09-02T19:31:10.025Z,2026-09-02T19:31:10.236Z,5579,11.76470588235294,11.76470588235294,2d53a5341ff7ece67e3c544d834589838dc07f41f7e42ab12ff98eb1d064e507,1s,AVG,2d53a5341ff7ece67e3c544d834589838dc07f41f7e42ab12ff98eb1d064e507,2026-09-02T19:31:01.971Z,2026-09-02T19:31:10.025Z,2026-09-02T19:31:10.025Z,4499
obdThrottlePosition,CAN_ENGINE_THROTTLE_POSITION,HF_HISTORICAL,2026-09-02T19:31:06.971Z,2026-09-02T19:31:10.236Z,2026-09-02T19:31:10.025Z,2026-09-02T19:31:10.236Z,5584,13.72549019607843,13.72549019607843,122bc239795819381ace2087c5ee43cec33f06b449093121337cd053f28753bf,1s,AVG,122bc239795819381ace2087c5ee43cec33f06b449093121337cd053f28753bf,2026-09-02T19:31:01.971Z,2026-09-02T19:31:10.025Z,2026-09-02T19:31:10.025Z,4504
obdThrottlePosition,CAN_ENGINE_THROTTLE_POSITION,LATEST_LIVE,2026-09-02T19:31:12.000Z,2026-09-02T19:31:15.766Z,2026-09-02T19:31:15.506Z,2026-09-02T19:31:15.766Z,5589,12.54901960784314,"{""value"":12.54901960784314,""timestamp"":""2026-09-02T19:31:12Z""}",,,,,,,,4509
obdThrottlePosition,CAN_ENGINE_THROTTLE_POSITION,HF_HISTORICAL,2026-09-02T19:31:08.025Z,2026-09-02T19:31:16.193Z,2026-09-02T19:31:15.767Z,2026-09-02T19:31:16.193Z,5594,10.58823529411765,10.58823529411765,abde0657280a43547fa82082e503e6c7619e779511324280e573d2b1ca929437,1s,AVG,abde0657280a43547fa82082e503e6c7619e779511324280e573d2b1ca929437,2026-09-02T19:31:08.025Z,2026-09-02T19:31:15.767Z,2026-09-02T19:31:15.767Z,4514
obdThrottlePosition,CAN_ENGINE_THROTTLE_POSITION,HF_HISTORICAL,2026-09-02T19:31:09.025Z,2026-09-02T19:31:16.193Z,2026-09-02T19:31:15.767Z,2026-09-02T19:31:16.193Z,5599,10.58823529411765,10.58823529411765,269b13e595b8b82754c09115d6d836c8a5f735cd547ae7036ba04dda10f3ed19,1s,AVG,269b13e595b8b82754c09115d6d836c8a5f735cd547ae7036ba04dda10f3ed19,2026-09-02T19:31:08.025Z,2026-09-02T19:31:15.767Z,2026-09-02T19:31:15.767Z,4519
obdThrottlePosition,CAN_ENGINE_THROTTLE_POSITION,HF_HISTORICAL,2026-09-02T19:31:11.025Z,2026-09-02T19:31:16.193Z,2026-09-02T19:31:15.767Z,2026-09-02T19:31:16.193Z,5604,12.54901960784314,12.54901960784314,8b1dd624f5c886199243456c13d32f3646ee3389fe46c2708aaf5faf6fab39c4,1s,AVG,8b1dd624f5c886199243456c13d32f3646ee3389fe46c2708aaf5faf6fab39c4,2026-09-02T19:31:08.025Z,2026-09-02T19:31:15.767Z,2026-09-02T19:31:15.767Z,4524
obdThrottlePosition,CAN_ENGINE_THROTTLE_POSITION,LATEST_LIVE,2026-09-02T19:31:18.000Z,2026-09-02T19:31:21.748Z,2026-09-02T19:31:21.548Z,2026-09-02T19:31:21.748Z,5609,84.70588235294117,"{""value"":84.70588235294117,""timestamp"":""2026-09-02T19:31:18Z""}",,,,,,,,4529
obdThrottlePosition,CAN_ENGINE_THROTTLE_POSITION,HF_HISTORICAL,2026-09-02T19:31:14.767Z,2026-09-02T19:31:21.968Z,2026-09-02T19:31:21.749Z,2026-09-02T19:31:21.968Z,5614,84.70588235294117,84.70588235294117,352e0ace2f00270a927c11c1ee42c96a56c25a59f002ed8b9eefad4f74e10a46,1s,AVG,352e0ace2f00270a927c11c1ee42c96a56c25a59f002ed8b9eefad4f74e10a46,2026-09-02T19:31:13.767Z,2026-09-02T19:31:21.749Z,2026-09-02T19:31:21.749Z,4534
obdThrottlePosition,CAN_ENGINE_THROTTLE_POSITION,HF_HISTORICAL,2026-09-02T19:31:17.767Z,2026-09-02T19:31:21.968Z,2026-09-02T19:31:21.749Z,2026-09-02T19:31:21.968Z,5619,84.70588235294117,84.70588235294117,b146dccd640273877b7fecf7d7f0eb0af988b97f0bd67eaa568332838489839f,1s,AVG,b146dccd640273877b7fecf7d7f0eb0af988b97f0bd67eaa568332838489839f,2026-09-02T19:31:13.767Z,2026-09-02T19:31:21.749Z,2026-09-02T19:31:21.749Z,4539
obdThrottlePosition,CAN_ENGINE_THROTTLE_POSITION,LATEST_LIVE,2026-09-02T19:31:24.000Z,2026-09-02T19:31:27.539Z,2026-09-02T19:31:27.284Z,2026-09-02T19:31:27.539Z,5624,19.2156862745098,"{""value"":19.2156862745098,""timestamp"":""2026-09-02T19:31:24Z""}",,,,,,,,4544
obdThrottlePosition,CAN_ENGINE_THROTTLE_POSITION,HF_HISTORICAL,2026-09-02T19:31:19.749Z,2026-09-02T19:31:27.782Z,2026-09-02T19:31:27.541Z,2026-09-02T19:31:27.782Z,5629,13.72549019607843,13.72549019607843,dc3c202204a45627db83fb62380d3b191910a8e1793548011bfcb25171d9f553,1s,AVG,dc3c202204a45627db83fb62380d3b191910a8e1793548011bfcb25171d9f553,2026-09-02T19:31:19.749Z,2026-09-02T19:31:27.540Z,2026-09-02T19:31:27.540Z,4549
obdThrottlePosition,CAN_ENGINE_THROTTLE_POSITION,HF_HISTORICAL,2026-09-02T19:31:20.749Z,2026-09-02T19:31:27.782Z,2026-09-02T19:31:27.541Z,2026-09-02T19:31:27.782Z,5634,16.86274509803922,16.86274509803922,a9b16a2464dad6779768946736fd7e3e54f238d2d0772c93196484cdd35e1760,1s,AVG,a9b16a2464dad6779768946736fd7e3e54f238d2d0772c93196484cdd35e1760,2026-09-02T19:31:19.749Z,2026-09-02T19:31:27.540Z,2026-09-02T19:31:27.540Z,4554
obdThrottlePosition,CAN_ENGINE_THROTTLE_POSITION,HF_HISTORICAL,2026-09-02T19:31:22.749Z,2026-09-02T19:31:27.782Z,2026-09-02T19:31:27.541Z,2026-09-02T19:31:27.782Z,5639,11.76470588235294,11.76470588235294,09f1853afed8b60bc609c280f7fd86da2432c5a99d94ee6b8eff7ce69e4e946c,1s,AVG,09f1853afed8b60bc609c280f7fd86da2432c5a99d94ee6b8eff7ce69e4e946c,2026-09-02T19:31:19.749Z,2026-09-02T19:31:27.540Z,2026-09-02T19:31:27.540Z,4559
obdThrottlePosition,CAN_ENGINE_THROTTLE_POSITION,HF_HISTORICAL,2026-09-02T19:31:23.749Z,2026-09-02T19:31:27.782Z,2026-09-02T19:31:27.541Z,2026-09-02T19:31:27.782Z,5644,19.2156862745098,19.2156862745098,d46fe27730d689660f36d81a98ae0d7ea278ad056369c88a1601ec38e5408806,1s,AVG,d46fe27730d689660f36d81a98ae0d7ea278ad056369c88a1601ec38e5408806,2026-09-02T19:31:19.749Z,2026-09-02T19:31:27.540Z,2026-09-02T19:31:27.540Z,4564
obdThrottlePosition,CAN_ENGINE_THROTTLE_POSITION,LATEST_LIVE,2026-09-02T19:31:29.000Z,2026-09-02T19:31:33.333Z,2026-09-02T19:31:33.111Z,2026-09-02T19:31:33.333Z,5649,15.68627450980392,"{""value"":15.68627450980392,""timestamp"":""2026-09-02T19:31:29Z""}",,,,,,,,4569
obdThrottlePosition,CAN_ENGINE_THROTTLE_POSITION,HF_HISTORICAL,2026-09-02T19:31:25.540Z,2026-09-02T19:31:33.562Z,2026-09-02T19:31:33.334Z,2026-09-02T19:31:33.562Z,5654,12.54901960784314,12.54901960784314,a7cae99faaf8fcafe5eead727a035568da2ccb0de58ed7ae4e53342a2fac2645,1s,AVG,a7cae99faaf8fcafe5eead727a035568da2ccb0de58ed7ae4e53342a2fac2645,2026-09-02T19:31:25.540Z,2026-09-02T19:31:33.334Z,2026-09-02T19:31:33.334Z,4574
obdThrottlePosition,CAN_ENGINE_THROTTLE_POSITION,HF_HISTORICAL,2026-09-02T19:31:26.540Z,2026-09-02T19:31:33.562Z,2026-09-02T19:31:33.334Z,2026-09-02T19:31:33.562Z,5659,25.88235294117647,25.88235294117647,7c8e93c1cf4305278b132865d1a16303ee59d4e420cd4ce562ea5933d5de386c,1s,AVG,7c8e93c1cf4305278b132865d1a16303ee59d4e420cd4ce562ea5933d5de386c,2026-09-02T19:31:25.540Z,2026-09-02T19:31:33.334Z,2026-09-02T19:31:33.334Z,4579
obdThrottlePosition,CAN_ENGINE_THROTTLE_POSITION,HF_HISTORICAL,2026-09-02T19:31:27.540Z,2026-09-02T19:31:33.562Z,2026-09-02T19:31:33.334Z,2026-09-02T19:31:33.562Z,5664,20.7843137254902,20.7843137254902,45d8b14d0bd4a328c34a7de89209d3c14d0462fd59aae32f114d1052160e0ede,1s,AVG,45d8b14d0bd4a328c34a7de89209d3c14d0462fd59aae32f114d1052160e0ede,2026-09-02T19:31:25.540Z,2026-09-02T19:31:33.334Z,2026-09-02T19:31:33.334Z,4584
obdThrottlePosition,CAN_ENGINE_THROTTLE_POSITION,HF_HISTORICAL,2026-09-02T19:31:28.540Z,2026-09-02T19:31:33.562Z,2026-09-02T19:31:33.334Z,2026-09-02T19:31:33.562Z,5669,15.68627450980392,15.68627450980392,f4153a84d58ddfa5eed0c7c16d058d855d9a664e6b2e8d4faa769f27c3c9a6bd,1s,AVG,f4153a84d58ddfa5eed0c7c16d058d855d9a664e6b2e8d4faa769f27c3c9a6bd,2026-09-02T19:31:25.540Z,2026-09-02T19:31:33.334Z,2026-09-02T19:31:33.334Z,4589
obdThrottlePosition,CAN_ENGINE_THROTTLE_POSITION,LATEST_LIVE,2026-09-02T19:31:34.000Z,2026-09-02T19:31:39.359Z,2026-09-02T19:31:38.857Z,2026-09-02T19:31:39.359Z,5674,14.90196078431373,"{""value"":14.90196078431373,""timestamp"":""2026-09-02T19:31:34Z""}",,,,,,,,4594
obdThrottlePosition,CAN_ENGINE_THROTTLE_POSITION,HF_HISTORICAL,2026-09-02T19:31:31.334Z,2026-09-02T19:31:39.740Z,2026-09-02T19:31:39.360Z,2026-09-02T19:31:39.740Z,5679,23.13725490196078,23.13725490196078,70ffece5c4b1796a7ca8cd7bf3fec89220ac321d97450252be9004a45f4c2e3a,1s,AVG,70ffece5c4b1796a7ca8cd7bf3fec89220ac321d97450252be9004a45f4c2e3a,2026-09-02T19:31:31.334Z,2026-09-02T19:31:39.360Z,2026-09-02T19:31:39.360Z,4599
obdThrottlePosition,CAN_ENGINE_THROTTLE_POSITION,HF_HISTORICAL,2026-09-02T19:31:32.334Z,2026-09-02T19:31:39.740Z,2026-09-02T19:31:39.360Z,2026-09-02T19:31:39.740Z,5684,12.94117647058824,12.94117647058824,045985d7eb7d685b8bdd7c75a2cd773a2e2af5d5508180ffaac9baba717bf809,1s,AVG,045985d7eb7d685b8bdd7c75a2cd773a2e2af5d5508180ffaac9baba717bf809,2026-09-02T19:31:31.334Z,2026-09-02T19:31:39.360Z,2026-09-02T19:31:39.360Z,4604
obdThrottlePosition,CAN_ENGINE_THROTTLE_POSITION,HF_HISTORICAL,2026-09-02T19:31:33.334Z,2026-09-02T19:31:39.740Z,2026-09-02T19:31:39.360Z,2026-09-02T19:31:39.740Z,5689,14.90196078431373,14.90196078431373,a085c5dfee6d3c0e9ddf05947f3930658bdd291c0acf93b71b0705808ee662a1,1s,AVG,a085c5dfee6d3c0e9ddf05947f3930658bdd291c0acf93b71b0705808ee662a1,2026-09-02T19:31:31.334Z,2026-09-02T19:31:39.360Z,2026-09-02T19:31:39.360Z,4609
obdThrottlePosition,CAN_ENGINE_THROTTLE_POSITION,LATEST_LIVE,2026-09-02T19:31:43.000Z,2026-09-02T19:31:46.330Z,2026-09-02T19:31:45.892Z,2026-09-02T19:31:46.330Z,5720,11.76470588235294,"{""value"":11.76470588235294,""timestamp"":""2026-09-02T19:31:43Z""}",,,,,,,,4620
obdThrottlePosition,CAN_ENGINE_THROTTLE_POSITION,HF_HISTORICAL,2026-09-02T19:31:39.360Z,2026-09-02T19:31:48.422Z,2026-09-02T19:31:46.331Z,2026-09-02T19:31:48.422Z,5725,22.74509803921569,22.74509803921569,f2fa2a6ec6899843ff61a5634080d5fabb859aabe96f6d23999b97c966ad6bda,1s,AVG,f2fa2a6ec6899843ff61a5634080d5fabb859aabe96f6d23999b97c966ad6bda,2026-09-02T19:31:37.360Z,2026-09-02T19:31:46.331Z,2026-09-02T19:31:46.331Z,4625
obdThrottlePosition,CAN_ENGINE_THROTTLE_POSITION,HF_HISTORICAL,2026-09-02T19:31:41.360Z,2026-09-02T19:31:48.422Z,2026-09-02T19:31:46.331Z,2026-09-02T19:31:48.422Z,5730,27.45098039215686,27.45098039215686,5e2f812b90ef8f33d3e938790037f110c8adeb73f0b7a234a28786087674e436,1s,AVG,5e2f812b90ef8f33d3e938790037f110c8adeb73f0b7a234a28786087674e436,2026-09-02T19:31:37.360Z,2026-09-02T19:31:46.331Z,2026-09-02T19:31:46.331Z,4630
obdThrottlePosition,CAN_ENGINE_THROTTLE_POSITION,HF_HISTORICAL,2026-09-02T19:31:42.360Z,2026-09-02T19:31:48.422Z,2026-09-02T19:31:46.331Z,2026-09-02T19:31:48.422Z,5735,11.76470588235294,11.76470588235294,2191cd7d2a006a4b367672ec48c613e2f876d4872e13e5270d3c246922111651,1s,AVG,2191cd7d2a006a4b367672ec48c613e2f876d4872e13e5270d3c246922111651,2026-09-02T19:31:37.360Z,2026-09-02T19:31:46.331Z,2026-09-02T19:31:46.331Z,4635
obdThrottlePosition,CAN_ENGINE_THROTTLE_POSITION,LATEST_LIVE,2026-09-02T19:31:45.000Z,2026-09-02T19:31:54.085Z,2026-09-02T19:31:53.833Z,2026-09-02T19:31:54.085Z,5740,13.72549019607843,"{""value"":13.72549019607843,""timestamp"":""2026-09-02T19:31:45Z""}",,,,,,,,4640
obdThrottlePosition,CAN_ENGINE_THROTTLE_POSITION,HF_HISTORICAL,2026-09-02T19:31:44.331Z,2026-09-02T19:31:54.298Z,2026-09-02T19:31:54.086Z,2026-09-02T19:31:54.298Z,5745,13.72549019607843,13.72549019607843,cea7cf2f596eaca536a034d081f75347741bf126b765defecec55dcbccf82497,1s,AVG,cea7cf2f596eaca536a034d081f75347741bf126b765defecec55dcbccf82497,2026-09-02T19:31:44.331Z,2026-09-02T19:31:54.086Z,2026-09-02T19:31:54.086Z,4645
obdThrottlePosition,CAN_ENGINE_THROTTLE_POSITION,LATEST_LIVE,2026-09-02T19:31:55.000Z,2026-09-02T19:32:00.013Z,2026-09-02T19:31:59.560Z,2026-09-02T19:32:00.013Z,5750,12.54901960784314,"{""value"":12.54901960784314,""timestamp"":""2026-09-02T19:31:55Z""}",,,,,,,,4650
obdThrottlePosition,CAN_ENGINE_THROTTLE_POSITION,HF_HISTORICAL,2026-09-02T19:31:52.086Z,2026-09-02T19:32:00.424Z,2026-09-02T19:32:00.014Z,2026-09-02T19:32:00.424Z,5755,16.47058823529412,16.47058823529412,bdffd019c29e14dd3280eea81d313344ab5ce7e5fa15cd7349aa7d02daf39925,1s,AVG,bdffd019c29e14dd3280eea81d313344ab5ce7e5fa15cd7349aa7d02daf39925,2026-09-02T19:31:52.086Z,2026-09-02T19:32:00.013Z,2026-09-02T19:32:00.013Z,4655
obdThrottlePosition,CAN_ENGINE_THROTTLE_POSITION,HF_HISTORICAL,2026-09-02T19:31:53.086Z,2026-09-02T19:32:00.424Z,2026-09-02T19:32:00.014Z,2026-09-02T19:32:00.424Z,5760,12.54901960784314,12.54901960784314,ea2cb1a3afd2590e751d565c91ba34a1481535e3bf49a862d1c851301ab9f5a0,1s,AVG,ea2cb1a3afd2590e751d565c91ba34a1481535e3bf49a862d1c851301ab9f5a0,2026-09-02T19:31:52.086Z,2026-09-02T19:32:00.013Z,2026-09-02T19:32:00.013Z,4660
obdThrottlePosition,CAN_ENGINE_THROTTLE_POSITION,HF_HISTORICAL,2026-09-02T19:31:54.086Z,2026-09-02T19:32:00.424Z,2026-09-02T19:32:00.014Z,2026-09-02T19:32:00.424Z,5765,12.54901960784314,12.54901960784314,fa513106ad9cb38bb2f3ae50a3ba0854376cbfe4afed3067162a2ea1576a3a4d,1s,AVG,fa513106ad9cb38bb2f3ae50a3ba0854376cbfe4afed3067162a2ea1576a3a4d,2026-09-02T19:31:52.086Z,2026-09-02T19:32:00.013Z,2026-09-02T19:32:00.013Z,4665
obdThrottlePosition,CAN_ENGINE_THROTTLE_POSITION,LATEST_LIVE,2026-09-02T19:32:00.000Z,2026-09-02T19:32:06.431Z,2026-09-02T19:32:06.147Z,2026-09-02T19:32:06.431Z,5770,16.47058823529412,"{""value"":16.47058823529412,""timestamp"":""2026-09-02T19:32:00Z""}",,,,,,,,4670
obdThrottlePosition,CAN_ENGINE_THROTTLE_POSITION,HF_HISTORICAL,2026-09-02T19:31:59.013Z,2026-09-02T19:32:06.631Z,2026-09-02T19:32:06.433Z,2026-09-02T19:32:06.631Z,5775,16.47058823529412,16.47058823529412,bfd3be9be6e25798aedffcb571d6636e7250fd9bb455282b38605383af2baf3f,1s,AVG,bfd3be9be6e25798aedffcb571d6636e7250fd9bb455282b38605383af2baf3f,2026-09-02T19:31:58.013Z,2026-09-02T19:32:06.433Z,2026-09-02T19:32:06.433Z,4675
obdThrottlePosition,CAN_ENGINE_THROTTLE_POSITION,LATEST_LIVE,2026-09-02T19:32:03.000Z,2026-09-02T19:32:12.166Z,2026-09-02T19:32:11.964Z,2026-09-02T19:32:12.166Z,5780,12.94117647058824,"{""value"":12.94117647058824,""timestamp"":""2026-09-02T19:32:03Z""}",,,,,,,,4680
obdThrottlePosition,CAN_ENGINE_THROTTLE_POSITION,LATEST_LIVE,2026-09-02T19:32:13.000Z,2026-09-02T19:32:17.930Z,2026-09-02T19:32:17.690Z,2026-09-02T19:32:17.930Z,5795,13.72549019607843,"{""value"":13.72549019607843,""timestamp"":""2026-09-02T19:32:13Z""}",,,,,,,,4695
obdThrottlePosition,CAN_ENGINE_THROTTLE_POSITION,HF_HISTORICAL,2026-09-02T19:32:12.167Z,2026-09-02T19:32:18.387Z,2026-09-02T19:32:17.931Z,2026-09-02T19:32:18.387Z,5800,13.72549019607843,13.72549019607843,d3f9d5d51256bfc1513e70c8a6173e57ba0ebb871dfe197e123b6facfcddb332,1s,AVG,d3f9d5d51256bfc1513e70c8a6173e57ba0ebb871dfe197e123b6facfcddb332,2026-09-02T19:32:10.167Z,2026-09-02T19:32:17.931Z,2026-09-02T19:32:17.931Z,4700
obdThrottlePosition,CAN_ENGINE_THROTTLE_POSITION,HF_HISTORICAL,2026-09-02T19:32:14.167Z,2026-09-02T19:32:18.387Z,2026-09-02T19:32:17.931Z,2026-09-02T19:32:18.387Z,5805,18.03921568627451,18.03921568627451,05299688358a7ab687b932581a296cf69df54fab770c5e400d730cee514cada9,1s,AVG,05299688358a7ab687b932581a296cf69df54fab770c5e400d730cee514cada9,2026-09-02T19:32:10.167Z,2026-09-02T19:32:17.931Z,2026-09-02T19:32:17.931Z,4705
obdThrottlePosition,CAN_ENGINE_THROTTLE_POSITION,LATEST_LIVE,2026-09-02T19:32:15.000Z,2026-09-02T19:32:24.192Z,2026-09-02T19:32:23.933Z,2026-09-02T19:32:24.192Z,5836,18.03921568627451,"{""value"":18.03921568627451,""timestamp"":""2026-09-02T19:32:15Z""}",,,,,,,,4716
obdThrottlePosition,CAN_ENGINE_THROTTLE_POSITION,LATEST_LIVE,2026-09-02T19:32:15.000Z,2026-09-02T19:32:29.907Z,2026-09-02T19:32:29.665Z,2026-09-02T19:32:29.907Z,5841,18.03921568627451,"{""value"":18.03921568627451,""timestamp"":""2026-09-02T19:32:15Z""}",,,,,,,,4721
obdThrottlePosition,CAN_ENGINE_THROTTLE_POSITION,LATEST_LIVE,2026-09-02T19:32:15.000Z,2026-09-02T19:32:35.724Z,2026-09-02T19:32:35.501Z,2026-09-02T19:32:35.724Z,5846,18.03921568627451,"{""value"":18.03921568627451,""timestamp"":""2026-09-02T19:32:15Z""}",,,,,,,,4726
obdThrottlePosition,CAN_ENGINE_THROTTLE_POSITION,LATEST_LIVE,2026-09-02T19:32:15.000Z,2026-09-02T19:32:41.457Z,2026-09-02T19:32:41.233Z,2026-09-02T19:32:41.457Z,5851,18.03921568627451,"{""value"":18.03921568627451,""timestamp"":""2026-09-02T19:32:15Z""}",,,,,,,,4731
obdThrottlePosition,CAN_ENGINE_THROTTLE_POSITION,LATEST_LIVE,2026-09-02T19:32:15.000Z,2026-09-02T19:32:47.309Z,2026-09-02T19:32:46.961Z,2026-09-02T19:32:47.309Z,5856,18.03921568627451,"{""value"":18.03921568627451,""timestamp"":""2026-09-02T19:32:15Z""}",,,,,,,,4736
obdThrottlePosition,CAN_ENGINE_THROTTLE_POSITION,LATEST_LIVE,2026-09-02T19:32:15.000Z,2026-09-02T19:32:53.131Z,2026-09-02T19:32:52.906Z,2026-09-02T19:32:53.131Z,5861,18.03921568627451,"{""value"":18.03921568627451,""timestamp"":""2026-09-02T19:32:15Z""}",,,,,,,,4741
obdThrottlePosition,CAN_ENGINE_THROTTLE_POSITION,LATEST_LIVE,2026-09-02T19:32:15.000Z,2026-09-02T19:32:59.081Z,2026-09-02T19:32:58.828Z,2026-09-02T19:32:59.081Z,5892,18.03921568627451,"{""value"":18.03921568627451,""timestamp"":""2026-09-02T19:32:15Z""}",,,,,,,,4752
obdThrottlePosition,CAN_ENGINE_THROTTLE_POSITION,LATEST_LIVE,2026-09-02T19:32:15.000Z,2026-09-02T19:33:04.809Z,2026-09-02T19:33:04.590Z,2026-09-02T19:33:04.809Z,5897,18.03921568627451,"{""value"":18.03921568627451,""timestamp"":""2026-09-02T19:32:15Z""}",,,,,,,,4757
obdThrottlePosition,CAN_ENGINE_THROTTLE_POSITION,LATEST_LIVE,2026-09-02T19:32:15.000Z,2026-09-02T19:33:10.636Z,2026-09-02T19:33:10.426Z,2026-09-02T19:33:10.636Z,5902,18.03921568627451,"{""value"":18.03921568627451,""timestamp"":""2026-09-02T19:32:15Z""}",,,,,,,,4762
obdThrottlePosition,CAN_ENGINE_THROTTLE_POSITION,LATEST_LIVE,2026-09-02T19:32:15.000Z,2026-09-02T19:33:16.422Z,2026-09-02T19:33:16.166Z,2026-09-02T19:33:16.422Z,5907,18.03921568627451,"{""value"":18.03921568627451,""timestamp"":""2026-09-02T19:32:15Z""}",,,,,,,,4767
obdThrottlePosition,CAN_ENGINE_THROTTLE_POSITION,LATEST_LIVE,2026-09-02T19:32:15.000Z,2026-09-02T19:33:22.210Z,2026-09-02T19:33:21.992Z,2026-09-02T19:33:22.210Z,5912,18.03921568627451,"{""value"":18.03921568627451,""timestamp"":""2026-09-02T19:32:15Z""}",,,,,,,,4772
obdThrottlePosition,CAN_ENGINE_THROTTLE_POSITION,LATEST_LIVE,2026-09-02T19:32:15.000Z,2026-09-02T19:33:28.008Z,2026-09-02T19:33:27.729Z,2026-09-02T19:33:28.008Z,5917,18.03921568627451,"{""value"":18.03921568627451,""timestamp"":""2026-09-02T19:32:15Z""}",,,,,,,,4777
obdThrottlePosition,CAN_ENGINE_THROTTLE_POSITION,LATEST_LIVE,2026-09-02T19:32:15.000Z,2026-09-02T19:33:34.209Z,2026-09-02T19:33:33.871Z,2026-09-02T19:33:34.209Z,5948,18.03921568627451,"{""value"":18.03921568627451,""timestamp"":""2026-09-02T19:32:15Z""}",,,,,,,,4788
obdThrottlePosition,CAN_ENGINE_THROTTLE_POSITION,LATEST_LIVE,2026-09-02T19:32:15.000Z,2026-09-02T19:33:40.104Z,2026-09-02T19:33:39.815Z,2026-09-02T19:33:40.104Z,5953,18.03921568627451,"{""value"":18.03921568627451,""timestamp"":""2026-09-02T19:32:15Z""}",,,,,,,,4793
obdThrottlePosition,CAN_ENGINE_THROTTLE_POSITION,LATEST_LIVE,2026-09-02T19:32:15.000Z,2026-09-02T19:33:45.959Z,2026-09-02T19:33:45.730Z,2026-09-02T19:33:45.959Z,5958,18.03921568627451,"{""value"":18.03921568627451,""timestamp"":""2026-09-02T19:32:15Z""}",,,,,,,,4798
obdThrottlePosition,CAN_ENGINE_THROTTLE_POSITION,LATEST_LIVE,2026-09-02T19:32:15.000Z,2026-09-02T19:33:51.770Z,2026-09-02T19:33:51.567Z,2026-09-02T19:33:51.770Z,5963,18.03921568627451,"{""value"":18.03921568627451,""timestamp"":""2026-09-02T19:32:15Z""}",,,,,,,,4803
obdThrottlePosition,CAN_ENGINE_THROTTLE_POSITION,LATEST_LIVE,2026-09-02T19:32:15.000Z,2026-09-02T19:33:57.708Z,2026-09-02T19:33:57.299Z,2026-09-02T19:33:57.708Z,5968,18.03921568627451,"{""value"":18.03921568627451,""timestamp"":""2026-09-02T19:32:15Z""}",,,,,,,,4808
obdThrottlePosition,CAN_ENGINE_THROTTLE_POSITION,LATEST_LIVE,2026-09-02T19:32:15.000Z,2026-09-02T19:34:03.532Z,2026-09-02T19:34:03.246Z,2026-09-02T19:34:03.532Z,5973,18.03921568627451,"{""value"":18.03921568627451,""timestamp"":""2026-09-02T19:32:15Z""}",,,,,,,,4813
obdThrottlePosition,CAN_ENGINE_THROTTLE_POSITION,LATEST_LIVE,2026-09-02T19:32:15.000Z,2026-09-02T19:34:09.715Z,2026-09-02T19:34:09.374Z,2026-09-02T19:34:09.715Z,6004,18.03921568627451,"{""value"":18.03921568627451,""timestamp"":""2026-09-02T19:32:15Z""}",,,,,,,,4824
obdThrottlePosition,CAN_ENGINE_THROTTLE_POSITION,LATEST_LIVE,2026-09-02T19:32:15.000Z,2026-09-02T19:34:15.825Z,2026-09-02T19:34:15.513Z,2026-09-02T19:34:15.825Z,6009,18.03921568627451,"{""value"":18.03921568627451,""timestamp"":""2026-09-02T19:32:15Z""}",,,,,,,,4829
obdThrottlePosition,CAN_ENGINE_THROTTLE_POSITION,LATEST_LIVE,2026-09-02T19:32:15.000Z,2026-09-02T19:34:21.706Z,2026-09-02T19:34:21.371Z,2026-09-02T19:34:21.706Z,6014,18.03921568627451,"{""value"":18.03921568627451,""timestamp"":""2026-09-02T19:32:15Z""}",,,,,,,,4834
obdThrottlePosition,CAN_ENGINE_THROTTLE_POSITION,LATEST_LIVE,2026-09-02T19:34:20.000Z,2026-09-02T19:34:27.499Z,2026-09-02T19:34:27.280Z,2026-09-02T19:34:27.499Z,6019,14.90196078431373,"{""value"":14.90196078431373,""timestamp"":""2026-09-02T19:34:20Z""}",,,,,,,,4839
obdThrottlePosition,CAN_ENGINE_THROTTLE_POSITION,HF_HISTORICAL,2026-09-02T19:34:19.707Z,2026-09-02T19:34:27.886Z,2026-09-02T19:34:27.500Z,2026-09-02T19:34:27.886Z,6024,14.90196078431373,14.90196078431373,2e5a643a52a0f8fe6caf1db54146c98a054222bf56ed292b23c2f9cf2f688860,1s,AVG,2e5a643a52a0f8fe6caf1db54146c98a054222bf56ed292b23c2f9cf2f688860,2026-09-02T19:34:19.707Z,2026-09-02T19:34:27.500Z,2026-09-02T19:34:27.500Z,4844
obdThrottlePosition,CAN_ENGINE_THROTTLE_POSITION,LATEST_LIVE,2026-09-02T19:34:20.000Z,2026-09-02T19:34:33.433Z,2026-09-02T19:34:33.232Z,2026-09-02T19:34:33.433Z,6029,14.90196078431373,"{""value"":14.90196078431373,""timestamp"":""2026-09-02T19:34:20Z""}",,,,,,,,4849
obdThrottlePosition,CAN_ENGINE_THROTTLE_POSITION,LATEST_LIVE,2026-09-02T19:34:20.000Z,2026-09-02T19:34:39.372Z,2026-09-02T19:34:39.060Z,2026-09-02T19:34:39.372Z,6034,14.90196078431373,"{""value"":14.90196078431373,""timestamp"":""2026-09-02T19:34:20Z""}",,,,,,,,4854
obdThrottlePosition,CAN_ENGINE_THROTTLE_POSITION,LATEST_LIVE,2026-09-02T19:34:20.000Z,2026-09-02T19:34:45.525Z,2026-09-02T19:34:45.304Z,2026-09-02T19:34:45.525Z,6065,14.90196078431373,"{""value"":14.90196078431373,""timestamp"":""2026-09-02T19:34:20Z""}",,,,,,,,4865
obdThrottlePosition,CAN_ENGINE_THROTTLE_POSITION,LATEST_LIVE,2026-09-02T19:34:20.000Z,2026-09-02T19:34:51.289Z,2026-09-02T19:34:51.040Z,2026-09-02T19:34:51.289Z,6070,14.90196078431373,"{""value"":14.90196078431373,""timestamp"":""2026-09-02T19:34:20Z""}",,,,,,,,4870
obdThrottlePosition,CAN_ENGINE_THROTTLE_POSITION,LATEST_LIVE,2026-09-02T19:34:20.000Z,2026-09-02T19:34:57.276Z,2026-09-02T19:34:56.969Z,2026-09-02T19:34:57.276Z,6075,14.90196078431373,"{""value"":14.90196078431373,""timestamp"":""2026-09-02T19:34:20Z""}",,,,,,,,4875
obdThrottlePosition,CAN_ENGINE_THROTTLE_POSITION,LATEST_LIVE,2026-09-02T19:34:20.000Z,2026-09-02T19:35:03.291Z,2026-09-02T19:35:02.903Z,2026-09-02T19:35:03.291Z,6080,14.90196078431373,"{""value"":14.90196078431373,""timestamp"":""2026-09-02T19:34:20Z""}",,,,,,,,4880
obdThrottlePosition,CAN_ENGINE_THROTTLE_POSITION,LATEST_LIVE,2026-09-02T19:34:20.000Z,2026-09-02T19:35:09.269Z,2026-09-02T19:35:08.968Z,2026-09-02T19:35:09.269Z,6085,14.90196078431373,"{""value"":14.90196078431373,""timestamp"":""2026-09-02T19:34:20Z""}",,,,,,,,4885
obdThrottlePosition,CAN_ENGINE_THROTTLE_POSITION,LATEST_LIVE,2026-09-02T19:34:20.000Z,2026-09-02T19:35:15.375Z,2026-09-02T19:35:15.102Z,2026-09-02T19:35:15.375Z,6090,14.90196078431373,"{""value"":14.90196078431373,""timestamp"":""2026-09-02T19:34:20Z""}",,,,,,,,4890
obdThrottlePosition,CAN_ENGINE_THROTTLE_POSITION,LATEST_LIVE,2026-09-02T19:34:20.000Z,2026-09-02T19:35:21.637Z,2026-09-02T19:35:21.141Z,2026-09-02T19:35:21.637Z,6121,14.90196078431373,"{""value"":14.90196078431373,""timestamp"":""2026-09-02T19:34:20Z""}",,,,,,,,4901
obdThrottlePosition,CAN_ENGINE_THROTTLE_POSITION,LATEST_LIVE,2026-09-02T19:34:20.000Z,2026-09-02T19:35:27.389Z,2026-09-02T19:35:27.163Z,2026-09-02T19:35:27.389Z,6126,14.90196078431373,"{""value"":14.90196078431373,""timestamp"":""2026-09-02T19:34:20Z""}",,,,,,,,4906
obdThrottlePosition,CAN_ENGINE_THROTTLE_POSITION,LATEST_LIVE,2026-09-02T19:34:20.000Z,2026-09-02T19:35:33.117Z,2026-09-02T19:35:32.895Z,2026-09-02T19:35:33.117Z,6131,14.90196078431373,"{""value"":14.90196078431373,""timestamp"":""2026-09-02T19:34:20Z""}",,,,,,,,4911
obdThrottlePosition,CAN_ENGINE_THROTTLE_POSITION,LATEST_LIVE,2026-09-02T19:34:20.000Z,2026-09-02T19:35:38.911Z,2026-09-02T19:35:38.629Z,2026-09-02T19:35:38.911Z,6136,14.90196078431373,"{""value"":14.90196078431373,""timestamp"":""2026-09-02T19:34:20Z""}",,,,,,,,4916
obdThrottlePosition,CAN_ENGINE_THROTTLE_POSITION,LATEST_LIVE,2026-09-02T19:34:20.000Z,2026-09-02T19:35:45.599Z,2026-09-02T19:35:45.366Z,2026-09-02T19:35:45.599Z,6141,14.90196078431373,"{""value"":14.90196078431373,""timestamp"":""2026-09-02T19:34:20Z""}",,,,,,,,4921
obdThrottlePosition,CAN_ENGINE_THROTTLE_POSITION,LATEST_LIVE,2026-09-02T19:35:47.000Z,2026-09-02T19:35:51.886Z,2026-09-02T19:35:51.388Z,2026-09-02T19:35:51.886Z,6146,12.94117647058824,"{""value"":12.94117647058824,""timestamp"":""2026-09-02T19:35:47Z""}",,,,,,,,4926
obdThrottlePosition,CAN_ENGINE_THROTTLE_POSITION,HF_HISTORICAL,2026-09-02T19:35:46.601Z,2026-09-02T19:35:52.087Z,2026-09-02T19:35:51.887Z,2026-09-02T19:35:52.087Z,6151,12.94117647058824,12.94117647058824,4ef6d20b7b6e5e033608b9dc08d64007d6872393b2a3559876a806d2c3fa5879,1s,AVG,4ef6d20b7b6e5e033608b9dc08d64007d6872393b2a3559876a806d2c3fa5879,2026-09-02T19:35:43.601Z,2026-09-02T19:35:51.887Z,2026-09-02T19:35:51.887Z,4931
obdThrottlePosition,CAN_ENGINE_THROTTLE_POSITION,LATEST_LIVE,2026-09-02T19:35:52.000Z,2026-09-02T19:35:57.956Z,2026-09-02T19:35:57.738Z,2026-09-02T19:35:57.956Z,6182,25.49019607843137,"{""value"":25.49019607843137,""timestamp"":""2026-09-02T19:35:52Z""}",,,,,,,,4942
obdThrottlePosition,CAN_ENGINE_THROTTLE_POSITION,HF_HISTORICAL,2026-09-02T19:35:51.887Z,2026-09-02T19:35:58.164Z,2026-09-02T19:35:57.957Z,2026-09-02T19:35:58.164Z,6187,25.49019607843137,25.49019607843137,f0c0b88d123183a77c84f1d8395916fadb80b0313e5fcc366509d137b58e72ac,1s,AVG,f0c0b88d123183a77c84f1d8395916fadb80b0313e5fcc366509d137b58e72ac,2026-09-02T19:35:49.887Z,2026-09-02T19:35:57.957Z,2026-09-02T19:35:57.957Z,4947
obdThrottlePosition,CAN_ENGINE_THROTTLE_POSITION,LATEST_LIVE,2026-09-02T19:35:58.000Z,2026-09-02T19:36:03.740Z,2026-09-02T19:36:03.494Z,2026-09-02T19:36:03.740Z,6192,12.54901960784314,"{""value"":12.54901960784314,""timestamp"":""2026-09-02T19:35:58Z""}",,,,,,,,4952
obdThrottlePosition,CAN_ENGINE_THROTTLE_POSITION,HF_HISTORICAL,2026-09-02T19:35:56.957Z,2026-09-02T19:36:03.960Z,2026-09-02T19:36:03.749Z,2026-09-02T19:36:03.960Z,6197,12.54901960784314,12.54901960784314,cab28b05251be64ec6d82144f8511546e5294ed510e8d36244acf1064d21ffda,1s,AVG,cab28b05251be64ec6d82144f8511546e5294ed510e8d36244acf1064d21ffda,2026-09-02T19:35:55.957Z,2026-09-02T19:36:03.749Z,2026-09-02T19:36:03.749Z,4957
obdThrottlePosition,CAN_ENGINE_THROTTLE_POSITION,HF_HISTORICAL,2026-09-02T19:35:57.957Z,2026-09-02T19:36:03.960Z,2026-09-02T19:36:03.749Z,2026-09-02T19:36:03.960Z,6202,12.54901960784314,12.54901960784314,2c2ef1b0d5cd723e10cec0b0cf76e0196aee76ab218ad538b484c159fb5625b4,1s,AVG,2c2ef1b0d5cd723e10cec0b0cf76e0196aee76ab218ad538b484c159fb5625b4,2026-09-02T19:35:55.957Z,2026-09-02T19:36:03.749Z,2026-09-02T19:36:03.749Z,4962
obdThrottlePosition,CAN_ENGINE_THROTTLE_POSITION,LATEST_LIVE,2026-09-02T19:36:06.000Z,2026-09-02T19:36:09.445Z,2026-09-02T19:36:09.214Z,2026-09-02T19:36:09.445Z,6207,14.11764705882353,"{""value"":14.11764705882353,""timestamp"":""2026-09-02T19:36:06Z""}",,,,,,,,4967
obdThrottlePosition,CAN_ENGINE_THROTTLE_POSITION,HF_HISTORICAL,2026-09-02T19:36:01.749Z,2026-09-02T19:36:09.742Z,2026-09-02T19:36:09.446Z,2026-09-02T19:36:09.743Z,6212,11.37254901960784,11.37254901960784,8180c30124c5ffff19b5d08eaeecb532d540a2190152689a1278a8e6952a5fac,1s,AVG,8180c30124c5ffff19b5d08eaeecb532d540a2190152689a1278a8e6952a5fac,2026-09-02T19:36:01.749Z,2026-09-02T19:36:09.446Z,2026-09-02T19:36:09.446Z,4972
obdThrottlePosition,CAN_ENGINE_THROTTLE_POSITION,HF_HISTORICAL,2026-09-02T19:36:05.749Z,2026-09-02T19:36:09.742Z,2026-09-02T19:36:09.446Z,2026-09-02T19:36:09.743Z,6217,14.11764705882353,14.11764705882353,11a1cebabdaeea8dc5247e23304f20d7b1d238a0fec01affe3f949bedbdce77d,1s,AVG,11a1cebabdaeea8dc5247e23304f20d7b1d238a0fec01affe3f949bedbdce77d,2026-09-02T19:36:01.749Z,2026-09-02T19:36:09.446Z,2026-09-02T19:36:09.446Z,4977
obdThrottlePosition,CAN_ENGINE_THROTTLE_POSITION,LATEST_LIVE,2026-09-02T19:36:12.000Z,2026-09-02T19:36:15.469Z,2026-09-02T19:36:15.163Z,2026-09-02T19:36:15.469Z,6222,14.11764705882353,"{""value"":14.11764705882353,""timestamp"":""2026-09-02T19:36:12Z""}",,,,,,,,4982
obdThrottlePosition,CAN_ENGINE_THROTTLE_POSITION,HF_HISTORICAL,2026-09-02T19:36:09.446Z,2026-09-02T19:36:15.748Z,2026-09-02T19:36:15.470Z,2026-09-02T19:36:15.748Z,6227,15.29411764705882,15.29411764705882,6c77f2070ff42a6e0ac215e2292db0407df37f2e0e5ba6a777f2f79fad5b0688,1s,AVG,6c77f2070ff42a6e0ac215e2292db0407df37f2e0e5ba6a777f2f79fad5b0688,2026-09-02T19:36:07.446Z,2026-09-02T19:36:15.470Z,2026-09-02T19:36:15.470Z,4987
obdThrottlePosition,CAN_ENGINE_THROTTLE_POSITION,HF_HISTORICAL,2026-09-02T19:36:11.446Z,2026-09-02T19:36:15.748Z,2026-09-02T19:36:15.470Z,2026-09-02T19:36:15.748Z,6232,14.11764705882353,14.11764705882353,95c114e4bf733b65d2bf7c81ab0a009e3b3b8a99f0202b648cae885e59687bd7,1s,AVG,95c114e4bf733b65d2bf7c81ab0a009e3b3b8a99f0202b648cae885e59687bd7,2026-09-02T19:36:07.446Z,2026-09-02T19:36:15.470Z,2026-09-02T19:36:15.470Z,4992
obdThrottlePosition,CAN_ENGINE_THROTTLE_POSITION,LATEST_LIVE,2026-09-02T19:36:17.000Z,2026-09-02T19:36:21.557Z,2026-09-02T19:36:21.312Z,2026-09-02T19:36:21.557Z,6237,14.11764705882353,"{""value"":14.11764705882353,""timestamp"":""2026-09-02T19:36:17Z""}",,,,,,,,4997
obdThrottlePosition,CAN_ENGINE_THROTTLE_POSITION,HF_HISTORICAL,2026-09-02T19:36:14.470Z,2026-09-02T19:36:21.769Z,2026-09-02T19:36:21.560Z,2026-09-02T19:36:21.769Z,6242,14.11764705882353,14.11764705882353,125f54564cd4388cfe94b5cda00447b4352af503e75adc26cd538b179fb1f2d7,1s,AVG,125f54564cd4388cfe94b5cda00447b4352af503e75adc26cd538b179fb1f2d7,2026-09-02T19:36:13.470Z,2026-09-02T19:36:21.560Z,2026-09-02T19:36:21.560Z,5002
obdThrottlePosition,CAN_ENGINE_THROTTLE_POSITION,HF_HISTORICAL,2026-09-02T19:36:16.470Z,2026-09-02T19:36:21.769Z,2026-09-02T19:36:21.560Z,2026-09-02T19:36:21.769Z,6247,14.11764705882353,14.11764705882353,6b3f69af31e9d2cb08cdd939849e021d1d1d19b55763b25143a8fa06f1ad3ffc,1s,AVG,6b3f69af31e9d2cb08cdd939849e021d1d1d19b55763b25143a8fa06f1ad3ffc,2026-09-02T19:36:13.470Z,2026-09-02T19:36:21.560Z,2026-09-02T19:36:21.560Z,5007
