pr_number,title,draft,base_branch,head_branch,base_sha,head_sha,merge_base_main,commit_count,changed_files_count,module,target_is_main,head_branch_exists,all_commits_in_main,patch_equivalent_in_main,diff_against_main,stack_parent_pr,stack_tip_pr,merge_conflict_status,ci_status,preliminary_classification,confidence,evidence,recommended_next_review
19,fix(deploy): DIMO Agents DNS resolvers + deployment runbook,true,main,cursor/dimo-agents-dns-docker-be2f,4453c93196650e5f4a0985b84d55df4555e0d8d6,9abf28509c616802e40805e66ca0407330fc5a92,c740f9c7458908dc8e6cd768d5155339d26845f2,1,7,connectivity,true,true,false,false,NON_EMPTY,,,CONFLICTING,NO_CHECKS_REPORTED,CONFLICTING,HIGH,"commit reachability: 0/1 PR commits reachable from origin/main | patch equivalence: GIT_CHERRY_HAS_UNMATCHED_PATCHES; git cherry equivalent=0, unmatched=1, unrepresented=0 | three-dot diff origin/main...head: NON_EMPTY (7 paths) | GitHub target diff: 7 files, +249/-1 | GitHub mergeability: CONFLICTING/DIRTY | file overlap: 4 paths overlap 543 open PRs | last update is 33 whole days before snapshot",Phase 2: inspect conflict paths and whether a newer branch supersedes this diff.
20,fix(chat): operator-friendly DIMO agent error messages in AI Assistant,true,main,cursor/ai-assistant-error-messages-be2f,4453c93196650e5f4a0985b84d55df4555e0d8d6,f99b256d74134cb16c7b79c180d370ac281d8f22,c740f9c7458908dc8e6cd768d5155339d26845f2,1,9,connectivity,true,true,false,false,NON_EMPTY,,21,CONFLICTING,NO_CHECKS_REPORTED,STACK_ANCESTOR,HIGH,"commit reachability: 0/1 PR commits reachable from origin/main | patch equivalence: GIT_CHERRY_HAS_UNMATCHED_PATCHES; git cherry equivalent=0, unmatched=1, unrepresented=0 | three-dot diff origin/main...head: NON_EMPTY (9 paths) | GitHub target diff: 9 files, +171/-49 | GitHub mergeability: CONFLICTING/DIRTY | branch ancestry: 0 open ancestors, 1 open descendants; base=main | file overlap: 9 paths overlap 561 open PRs | last update is 33 whole days before snapshot","Phase 2: review the cumulative stack tip first, then evaluate ancestors without treating ancestry as duplication."
21,fix(dashboard): cleaner module headers and full station filter label,true,main,cursor/dashboard-ui-cleanup-be2f,4453c93196650e5f4a0985b84d55df4555e0d8d6,b34a2cf17e0dfe2c9e65940df23b5092d32c8c5f,c740f9c7458908dc8e6cd768d5155339d26845f2,2,15,cross-cutting,true,true,false,false,NON_EMPTY,20,21,CONFLICTING,NO_CHECKS_REPORTED,CUMULATIVE_STACK_TIP,HIGH,"commit reachability: 0/2 PR commits reachable from origin/main | patch equivalence: GIT_CHERRY_HAS_UNMATCHED_PATCHES; git cherry equivalent=0, unmatched=2, unrepresented=0 | three-dot diff origin/main...head: NON_EMPTY (15 paths) | GitHub target diff: 15 files, +211/-101 | GitHub mergeability: CONFLICTING/DIRTY | branch ancestry: 1 open ancestors, 0 open descendants; base=main | file overlap: 12 paths overlap 564 open PRs | last update is 33 whole days before snapshot","Phase 2: review the cumulative stack tip first, then evaluate ancestors without treating ancestry as duplication."
22,fix(insights): org-scoped invoices API wiring for Financial Insights,true,main,cursor/financial-insights-api-wiring-be2f,4453c93196650e5f4a0985b84d55df4555e0d8d6,46225c4812a9808e36a8782e64f4ad2ac2ea9969,c740f9c7458908dc8e6cd768d5155339d26845f2,1,3,unknown,true,true,false,false,NON_EMPTY,,,CONFLICTING,NO_CHECKS_REPORTED,CONFLICTING,HIGH,"commit reachability: 0/1 PR commits reachable from origin/main | patch equivalence: GIT_CHERRY_HAS_UNMATCHED_PATCHES; git cherry equivalent=0, unmatched=1, unrepresented=0 | three-dot diff origin/main...head: NON_EMPTY (3 paths) | GitHub target diff: 3 files, +69/-79 | GitHub mergeability: CONFLICTING/DIRTY | file overlap: 3 paths overlap 561 open PRs | last update is 33 whole days before snapshot",Phase 2: inspect conflict paths and whether a newer branch supersedes this diff.
23,fix(insights): unify InsightsCockpit wiring on financial-insights page,true,main,cursor/insights-cockpit-wiring-be2f,4453c93196650e5f4a0985b84d55df4555e0d8d6,f8c763b8415279ca38d79aa4c60a4c62708b9a7f,c740f9c7458908dc8e6cd768d5155339d26845f2,2,2,unknown,true,true,false,false,NON_EMPTY,,,CONFLICTING,NO_CHECKS_REPORTED,CONFLICTING,HIGH,"commit reachability: 0/2 PR commits reachable from origin/main | patch equivalence: GIT_CHERRY_HAS_UNMATCHED_PATCHES; git cherry equivalent=0, unmatched=2, unrepresented=0 | three-dot diff origin/main...head: NON_EMPTY (2 paths) | GitHub target diff: 2 files, +41/-15 | GitHub mergeability: CONFLICTING/DIRTY | file overlap: 2 paths overlap 542 open PRs | last update is 33 whole days before snapshot",Phase 2: inspect conflict paths and whether a newer branch supersedes this diff.
24,"fix(insights): correct categorization, cent/euro handling, station filter",true,main,cursor/insights-categorization-filter-be2f,4453c93196650e5f4a0985b84d55df4555e0d8d6,cf691f4caf872e67378dc55fd3374c2a12a09fef,c740f9c7458908dc8e6cd768d5155339d26845f2,2,4,unknown,true,true,false,false,NON_EMPTY,,,CONFLICTING,NO_CHECKS_REPORTED,CONFLICTING,HIGH,"commit reachability: 0/2 PR commits reachable from origin/main | patch equivalence: GIT_CHERRY_HAS_UNMATCHED_PATCHES; git cherry equivalent=0, unmatched=2, unrepresented=0 | three-dot diff origin/main...head: NON_EMPTY (4 paths) | GitHub target diff: 4 files, +307/-27 | GitHub mergeability: CONFLICTING/DIRTY | file overlap: 3 paths overlap 542 open PRs | last update is 33 whole days before snapshot",Phase 2: inspect conflict paths and whether a newer branch supersedes this diff.
25,fix(dashboard): remove dead Financial tab from ActionQueue filters,true,main,cursor/actionqueue-finance-tab-cleanup-be2f,4453c93196650e5f4a0985b84d55df4555e0d8d6,a4cca5b65104f91e65de4fa3fd2f7ff2e4d39cda,c740f9c7458908dc8e6cd768d5155339d26845f2,2,7,unknown,true,true,false,false,NON_EMPTY,,,CONFLICTING,NO_CHECKS_REPORTED,CONFLICTING,HIGH,"commit reachability: 0/2 PR commits reachable from origin/main | patch equivalence: GIT_CHERRY_HAS_UNMATCHED_PATCHES; git cherry equivalent=0, unmatched=2, unrepresented=0 | three-dot diff origin/main...head: NON_EMPTY (7 paths) | GitHub target diff: 7 files, +72/-27 | GitHub mergeability: CONFLICTING/DIRTY | file overlap: 5 paths overlap 548 open PRs | last update is 33 whole days before snapshot",Phase 2: inspect conflict paths and whether a newer branch supersedes this diff.
31,V4.9.150 — Energy events: station name instead of coordinates in trip timeline,true,main,cursor/energy-event-location-display-be2f,4453c93196650e5f4a0985b84d55df4555e0d8d6,a0a290336e17000b3cf6933247850e7ce4a39267,9aac62e7d4b7b6fbe65ca2284919ca659f9eb571,1,13,trips,true,true,false,false,NON_EMPTY,,,CONFLICTING,NO_CHECKS_REPORTED,CONFLICTING,HIGH,"commit reachability: 0/1 PR commits reachable from origin/main | patch equivalence: GIT_CHERRY_HAS_UNMATCHED_PATCHES; git cherry equivalent=0, unmatched=1, unrepresented=0 | three-dot diff origin/main...head: NON_EMPTY (13 paths) | GitHub target diff: 13 files, +615/-11 | GitHub mergeability: CONFLICTING/DIRTY | file overlap: 5 paths overlap 578 open PRs | last update is 33 whole days before snapshot",Phase 2: inspect conflict paths and whether a newer branch supersedes this diff.
35,feat(auth): Backend TOTP 2FA MVP with login MFA challenge,true,main,cursor/totp-2fa-backend-be2f,4453c93196650e5f4a0985b84d55df4555e0d8d6,426f894d8b3618d017afde092d7cb4ff2c5230be,8c05581fea4009de4f3cf3b46996850ffd47cf49,1,27,roles-access,true,true,false,false,NON_EMPTY,,36,CONFLICTING,NO_CHECKS_REPORTED,STACK_ANCESTOR,HIGH,"commit reachability: 0/1 PR commits reachable from origin/main | patch equivalence: GIT_CHERRY_HAS_UNMATCHED_PATCHES; git cherry equivalent=0, unmatched=1, unrepresented=0 | three-dot diff origin/main...head: NON_EMPTY (27 paths) | GitHub target diff: 27 files, +2502/-943 | GitHub mergeability: CONFLICTING/DIRTY | branch ancestry: 0 open ancestors, 1 open descendants; base=main | file overlap: 27 paths overlap 575 open PRs | last update is 33 whole days before snapshot","Phase 2: review the cumulative stack tip first, then evaluate ancestors without treating ancestry as duplication."
36,"feat(frontend): TOTP 2FA setup, management, and login challenge",true,main,cursor/totp-2fa-frontend-be2f,4453c93196650e5f4a0985b84d55df4555e0d8d6,4c4c8c3f8dd77099b5aa0c7be24fb5b5166c8932,8c05581fea4009de4f3cf3b46996850ffd47cf49,2,40,roles-access,true,true,false,false,NON_EMPTY,35,36,CONFLICTING,NO_CHECKS_REPORTED,CUMULATIVE_STACK_TIP,HIGH,"commit reachability: 0/2 PR commits reachable from origin/main | patch equivalence: GIT_CHERRY_HAS_UNMATCHED_PATCHES; git cherry equivalent=0, unmatched=2, unrepresented=0 | three-dot diff origin/main...head: NON_EMPTY (40 paths) | GitHub target diff: 40 files, +3987/-1119 | GitHub mergeability: CONFLICTING/DIRTY | branch ancestry: 1 open ancestors, 0 open descendants; base=main | file overlap: 30 paths overlap 575 open PRs | last update is 33 whole days before snapshot","Phase 2: review the cumulative stack tip first, then evaluate ancestors without treating ancestry as duplication."
66,"V4.9.229 — DIMO webhook logging, valueNumber parser, OBD unplug-only",true,main,cursor/dimo-webhook-logging-unplug-only-be2f,4453c93196650e5f4a0985b84d55df4555e0d8d6,79e0eeb87c041794983be9fba64dd44bec4d96c2,cae92927a41a7a15fe20a782be712d8c1da30090,1,14,cross-cutting,true,true,false,false,NON_EMPTY,,,CONFLICTING,NO_CHECKS_REPORTED,CONFLICTING,HIGH,"commit reachability: 0/1 PR commits reachable from origin/main | patch equivalence: GIT_CHERRY_HAS_UNMATCHED_PATCHES; git cherry equivalent=0, unmatched=1, unrepresented=0 | three-dot diff origin/main...head: NON_EMPTY (14 paths) | GitHub target diff: 14 files, +671/-31 | GitHub mergeability: CONFLICTING/DIRTY | file overlap: 9 paths overlap 557 open PRs | last update is 33 whole days before snapshot",Phase 2: inspect conflict paths and whether a newer branch supersedes this diff.
83,"V4.9.255 — ClickHouse runtime hardening (docs, scripts, env)",true,main,cursor/clickhouse-runtime-hardening-be2f,7d233f868283bd6f068176f73cd4f8e86755872e,fcadf42c1aa1c059c6e19d8749075d3593196473,7d233f868283bd6f068176f73cd4f8e86755872e,1,10,infrastructure,true,true,false,false,NON_EMPTY,,,CONFLICTING,NO_CHECKS_REPORTED,CONFLICTING,HIGH,"commit reachability: 0/1 PR commits reachable from origin/main | patch equivalence: GIT_CHERRY_HAS_UNMATCHED_PATCHES; git cherry equivalent=0, unmatched=1, unrepresented=0 | three-dot diff origin/main...head: NON_EMPTY (10 paths) | GitHub target diff: 10 files, +370/-39 | GitHub mergeability: CONFLICTING/DIRTY | file overlap: 6 paths overlap 547 open PRs | last update is 33 whole days before snapshot",Phase 2: inspect conflict paths and whether a newer branch supersedes this diff.
84,V4.9.256 — Secure Prometheus /metrics endpoint,true,main,cursor/prometheus-metrics-security-be2f,7d233f868283bd6f068176f73cd4f8e86755872e,12a4054dddda212ca1616007e3c57a7c1eea4c6e,7d233f868283bd6f068176f73cd4f8e86755872e,1,17,cross-cutting,true,true,false,false,NON_EMPTY,,,CONFLICTING,NO_CHECKS_REPORTED,CONFLICTING,HIGH,"commit reachability: 0/1 PR commits reachable from origin/main | patch equivalence: GIT_CHERRY_HAS_UNMATCHED_PATCHES; git cherry equivalent=0, unmatched=1, unrepresented=0 | three-dot diff origin/main...head: NON_EMPTY (17 paths) | GitHub target diff: 17 files, +668/-8 | GitHub mergeability: CONFLICTING/DIRTY | file overlap: 8 paths overlap 545 open PRs | last update is 33 whole days before snapshot",Phase 2: inspect conflict paths and whether a newer branch supersedes this diff.
85,ClickHouse Diagnostics + Data Analyse internal CH debug tab (V4.9.257),true,main,cursor/clickhouse-diagnostics-be2f,7d233f868283bd6f068176f73cd4f8e86755872e,c6276b5f5facef5c3b3f88f8880df1778ee4fb12,7d233f868283bd6f068176f73cd4f8e86755872e,1,16,integrations,true,true,false,false,NON_EMPTY,,,CONFLICTING,NO_CHECKS_REPORTED,CONFLICTING,HIGH,"commit reachability: 0/1 PR commits reachable from origin/main | patch equivalence: GIT_CHERRY_HAS_UNMATCHED_PATCHES; git cherry equivalent=0, unmatched=1, unrepresented=0 | three-dot diff origin/main...head: NON_EMPTY (16 paths) | GitHub target diff: 16 files, +945/-8 | GitHub mergeability: CONFLICTING/DIRTY | file overlap: 15 paths overlap 562 open PRs | last update is 33 whole days before snapshot",Phase 2: inspect conflict paths and whether a newer branch supersedes this diff.
86,"HF Mirror: trip context, flag guard, skip metrics (V4.9.258)",true,main,cursor/hf-mirror-hardening-be2f,7d233f868283bd6f068176f73cd4f8e86755872e,ea706ecc277f410a80f597701fa5c7c420ce8a05,7d233f868283bd6f068176f73cd4f8e86755872e,1,10,trips,true,true,false,false,NON_EMPTY,,,CONFLICTING,NO_CHECKS_REPORTED,CONFLICTING,HIGH,"commit reachability: 0/1 PR commits reachable from origin/main | patch equivalence: GIT_CHERRY_HAS_UNMATCHED_PATCHES; git cherry equivalent=0, unmatched=1, unrepresented=0 | three-dot diff origin/main...head: NON_EMPTY (10 paths) | GitHub target diff: 10 files, +290/-32 | GitHub mergeability: CONFLICTING/DIRTY | file overlap: 9 paths overlap 543 open PRs | last update is 33 whole days before snapshot",Phase 2: inspect conflict paths and whether a newer branch supersedes this diff.
87,ClickHouse table producer registry + diagnostics (V4.9.259),true,main,cursor/clickhouse-table-registry-be2f,7d233f868283bd6f068176f73cd4f8e86755872e,585b26ee986e26b3db7f1109ef5e6d639dd8581c,7d233f868283bd6f068176f73cd4f8e86755872e,1,19,integrations,true,true,false,false,NON_EMPTY,,,CONFLICTING,NO_CHECKS_REPORTED,CONFLICTING,HIGH,"commit reachability: 0/1 PR commits reachable from origin/main | patch equivalence: GIT_CHERRY_HAS_UNMATCHED_PATCHES; git cherry equivalent=0, unmatched=1, unrepresented=0 | three-dot diff origin/main...head: NON_EMPTY (19 paths) | GitHub target diff: 19 files, +989/-10 | GitHub mergeability: CONFLICTING/DIRTY | file overlap: 17 paths overlap 562 open PRs | last update is 33 whole days before snapshot",Phase 2: inspect conflict paths and whether a newer branch supersedes this diff.
88,feat(hf-mirror): extend post-trip evidence signals with volume guards (V4.9.260),true,main,cursor/hf-mirror-signals-be2f,7d233f868283bd6f068176f73cd4f8e86755872e,e5ee5c6b34b23c17e1eacc28a458bb1b9818eecd,7d233f868283bd6f068176f73cd4f8e86755872e,2,11,cross-cutting,true,true,false,false,NON_EMPTY,,,CONFLICTING,NO_CHECKS_REPORTED,CONFLICTING,HIGH,"commit reachability: 0/2 PR commits reachable from origin/main | patch equivalence: GIT_CHERRY_HAS_UNMATCHED_PATCHES; git cherry equivalent=0, unmatched=2, unrepresented=0 | three-dot diff origin/main...head: NON_EMPTY (11 paths) | GitHub target diff: 11 files, +625/-108 | GitHub mergeability: CONFLICTING/DIRTY | file overlap: 6 paths overlap 544 open PRs | last update is 33 whole days before snapshot",Phase 2: inspect conflict paths and whether a newer branch supersedes this diff.
89,feat(hf-windows): populate telemetry_hf_windows + read-only signal quality (V4.9.261),true,main,cursor/hf-windows-signal-quality-be2f,7d233f868283bd6f068176f73cd4f8e86755872e,76b59a427b41b03cf47bb62de1e92d0ba01f67a8,7d233f868283bd6f068176f73cd4f8e86755872e,1,19,trips,true,true,false,false,NON_EMPTY,,91,CONFLICTING,NO_CHECKS_REPORTED,STACK_ANCESTOR,HIGH,"commit reachability: 0/1 PR commits reachable from origin/main | patch equivalence: GIT_CHERRY_HAS_UNMATCHED_PATCHES; git cherry equivalent=0, unmatched=1, unrepresented=0 | three-dot diff origin/main...head: NON_EMPTY (19 paths) | GitHub target diff: 19 files, +1578/-17 | GitHub mergeability: CONFLICTING/DIRTY | branch ancestry: 0 open ancestors, 2 open descendants; base=main | file overlap: 19 paths overlap 562 open PRs | last update is 33 whole days before snapshot","Phase 2: review the cumulative stack tip first, then evaluate ancestors without treating ancestry as duplication."
90,feat(trips): read-only ClickHouse evidence on trip detail (V4.9.262),true,main,cursor/trip-detail-ch-evidence-be2f,7d233f868283bd6f068176f73cd4f8e86755872e,6c02da4e57fd3adeb89ee36f0d2ae01a6521758e,7d233f868283bd6f068176f73cd4f8e86755872e,2,31,trips,true,true,false,false,NON_EMPTY,89,91,CONFLICTING,NO_CHECKS_REPORTED,STACKED,HIGH,"commit reachability: 0/2 PR commits reachable from origin/main | patch equivalence: GIT_CHERRY_HAS_UNMATCHED_PATCHES; git cherry equivalent=0, unmatched=2, unrepresented=0 | three-dot diff origin/main...head: NON_EMPTY (31 paths) | GitHub target diff: 31 files, +2406/-18 | GitHub mergeability: CONFLICTING/DIRTY | branch ancestry: 1 open ancestors, 1 open descendants; base=main | file overlap: 31 paths overlap 562 open PRs | last update is 33 whole days before snapshot","Phase 2: review the cumulative stack tip first, then evaluate ancestors without treating ancestry as duplication."
91,V4.9.263 — ClickHouse Waypoints + Activity Windows Producers (post-trip evidence),true,main,cursor/waypoints-activity-producers-be2f,7d233f868283bd6f068176f73cd4f8e86755872e,1b3d814ee0ee1b7ec06ef88927df21efaba2639a,7d233f868283bd6f068176f73cd4f8e86755872e,3,53,trips,true,true,false,false,NON_EMPTY,90,91,CONFLICTING,NO_CHECKS_REPORTED,CUMULATIVE_STACK_TIP,HIGH,"commit reachability: 0/3 PR commits reachable from origin/main | patch equivalence: GIT_CHERRY_HAS_UNMATCHED_PATCHES; git cherry equivalent=0, unmatched=3, unrepresented=0 | three-dot diff origin/main...head: NON_EMPTY (53 paths) | GitHub target diff: 53 files, +3927/-21 | GitHub mergeability: CONFLICTING/DIRTY | branch ancestry: 2 open ancestors, 0 open descendants; base=main | file overlap: 38 paths overlap 568 open PRs | last update is 33 whole days before snapshot","Phase 2: review the cumulative stack tip first, then evaluate ancestors without treating ancestry as duplication."
109,V4.9.290–295: Outbound email foundation + send UX + Resend production provider,true,main,cursor/outbound-email-foundation-be2f,3d7af8ec94c4c3432ab6fa1cb0c17b0a9459bb3f,6ea2e51ff8a6e4d9599c491518893bc7bf5059c3,3d7af8ec94c4c3432ab6fa1cb0c17b0a9459bb3f,7,82,cross-cutting,true,true,false,false,NON_EMPTY,,,CONFLICTING,NO_CHECKS_REPORTED,CONFLICTING,HIGH,"commit reachability: 0/7 PR commits reachable from origin/main | patch equivalence: GIT_CHERRY_HAS_UNMATCHED_PATCHES; git cherry equivalent=0, unmatched=7, unrepresented=0 | three-dot diff origin/main...head: NON_EMPTY (82 paths) | GitHub target diff: 82 files, +6973/-57 | GitHub mergeability: CONFLICTING/DIRTY | file overlap: 32 paths overlap 579 open PRs | last update is 32 whole days before snapshot",Phase 2: inspect conflict paths and whether a newer branch supersedes this diff.
118,docs: Resend production go-live (V4.9.309),true,main,cursor/resend-production-live-be2f,d673b69df54514e0a92325330cdfa3279dfd2886,ecbfc4fa8d22183273d34c5f4a78ac5453b6c4a0,d673b69df54514e0a92325330cdfa3279dfd2886,1,4,notifications,true,true,false,false,NON_EMPTY,,,CONFLICTING,NO_CHECKS_REPORTED,CONFLICTING,HIGH,"commit reachability: 0/1 PR commits reachable from origin/main | patch equivalence: GIT_CHERRY_HAS_UNMATCHED_PATCHES; git cherry equivalent=0, unmatched=1, unrepresented=0 | three-dot diff origin/main...head: NON_EMPTY (4 paths) | GitHub target diff: 4 files, +62/-3 | GitHub mergeability: CONFLICTING/DIRTY | file overlap: 4 paths overlap 543 open PRs | last update is 31 whole days before snapshot",Phase 2: inspect conflict paths and whether a newer branch supersedes this diff.
121,feat(ops): Plattform-Mail synqdrive.eu (noreply + info Reply-To),true,main,cursor/synqdrive-platform-email-8e3e,d673b69df54514e0a92325330cdfa3279dfd2886,54621f4a460ecf19c4b63e7d95cf41c5504129a7,d673b69df54514e0a92325330cdfa3279dfd2886,2,8,notifications,true,true,false,false,NON_EMPTY,,,CONFLICTING,NO_CHECKS_REPORTED,CONFLICTING,HIGH,"commit reachability: 0/2 PR commits reachable from origin/main | patch equivalence: GIT_CHERRY_HAS_UNMATCHED_PATCHES; git cherry equivalent=0, unmatched=2, unrepresented=0 | three-dot diff origin/main...head: NON_EMPTY (8 paths) | GitHub target diff: 8 files, +340/-22 | GitHub mergeability: CONFLICTING/DIRTY | file overlap: 5 paths overlap 543 open PRs | last update is 31 whole days before snapshot",Phase 2: inspect conflict paths and whether a newer branch supersedes this diff.
173,V4.9.401 — System theme preference (merged),true,main,cursor/system-theme-preference-be2f,44c93d2891a6af715cfad263929d766835fe900a,4325f93873163a86fdb5cfbbdf50c5965e186f93,389f4fbadb64c7d02ddd0e9d553f58349bdc2aad,1,12,operator-app,true,true,false,false,NON_EMPTY,,,CONFLICTING,NO_CHECKS_REPORTED,CONFLICTING,HIGH,"commit reachability: 0/1 PR commits reachable from origin/main | patch equivalence: GIT_CHERRY_HAS_UNMATCHED_PATCHES; git cherry equivalent=0, unmatched=1, unrepresented=0 | three-dot diff origin/main...head: NON_EMPTY (12 paths) | GitHub target diff: 12 files, +272/-42 | GitHub mergeability: CONFLICTING/DIRTY | file overlap: 5 paths overlap 553 open PRs",Phase 2: inspect conflict paths and whether a newer branch supersedes this diff.
187,V4.9.426 — Finanz-KPIs: Umsatz Option A + Reservierter Umsatz,true,main,cursor/umsatz-kpi-option-a-be2f,0a01c2a784c9f8597cce686840d6b341208a8b79,8c0207b1160646271dc4ad0888f949870266700c,0a01c2a784c9f8597cce686840d6b341208a8b79,1,17,cross-cutting,true,true,false,true,NON_EMPTY,,,CONFLICTING,NO_CHECKS_REPORTED,ALREADY_IN_MAIN,HIGH,"commit reachability: 0/1 PR commits reachable from origin/main | patch equivalence: GIT_CHERRY_ALL_NON_REACHABLE_COMMITS_PATCH_EQUIVALENT; git cherry equivalent=1, unmatched=0, unrepresented=0 | three-dot diff origin/main...head: NON_EMPTY (17 paths) | GitHub target diff: 17 files, +272/-24 | GitHub mergeability: CONFLICTING/DIRTY | file overlap: 15 paths overlap 553 open PRs",Phase 2: verify representative patch/tree evidence before any close decision.
188,V4.9.427 — Buchungsrechnungen finalisieren + Duplikate bereinigen,true,main,cursor/booking-invoice-lifecycle-be2f,62b2806054349b68b5cb1f7514f932b25fd8023f,4a2273aeb2e6dfd6abccb3ecf6f038f9bad3d961,62b2806054349b68b5cb1f7514f932b25fd8023f,1,10,cross-cutting,true,true,false,true,NON_EMPTY,,,CONFLICTING,NO_CHECKS_REPORTED,ALREADY_IN_MAIN,HIGH,"commit reachability: 0/1 PR commits reachable from origin/main | patch equivalence: GIT_CHERRY_ALL_NON_REACHABLE_COMMITS_PATCH_EQUIVALENT; git cherry equivalent=1, unmatched=0, unrepresented=0 | three-dot diff origin/main...head: NON_EMPTY (10 paths) | GitHub target diff: 10 files, +402/-3 | GitHub mergeability: CONFLICTING/DIRTY | file overlap: 9 paths overlap 565 open PRs",Phase 2: verify representative patch/tree evidence before any close decision.
189,V4.9.428 — Ungültige Rechnungen entfernen + API-Filter,true,main,cursor/cleanup-invalid-invoices-be2f,ab52b08063f485f97bfb3ab478acc730f22d7907,f7d14ff030d6b71b8224f8143cfcdba3a2396b06,b2c4c501c559ef2f9dbb728556a3872eb125fa68,1,3,voice-ai,true,true,false,true,NON_EMPTY,,,CONFLICTING,NO_CHECKS_REPORTED,ALREADY_IN_MAIN,HIGH,"commit reachability: 0/1 PR commits reachable from origin/main | patch equivalence: GIT_CHERRY_ALL_NON_REACHABLE_COMMITS_PATCH_EQUIVALENT; git cherry equivalent=1, unmatched=0, unrepresented=0 | three-dot diff origin/main...head: NON_EMPTY (3 paths) | GitHub target diff: 3 files, +190/-1 | GitHub mergeability: CONFLICTING/DIRTY | file overlap: 2 paths overlap 542 open PRs",Phase 2: verify representative patch/tree evidence before any close decision.
194,docs: Stripe Connect payments baseline (step 1 — no functional changes),false,main,cursor/stripe-connect-baseline-c2c2,d35fa33ba7ef1447525fc2578b8fa8e69420d697,40d94d0574c8a808ef464981a8cc8583215c06c5,d35fa33ba7ef1447525fc2578b8fa8e69420d697,1,3,stripe-payments,true,true,false,false,NON_EMPTY,,,CONFLICTING,NO_CHECKS_REPORTED,CONFLICTING,HIGH,"commit reachability: 0/1 PR commits reachable from origin/main | patch equivalence: GIT_CHERRY_HAS_UNMATCHED_PATCHES; git cherry equivalent=0, unmatched=1, unrepresented=0 | three-dot diff origin/main...head: NON_EMPTY (3 paths) | GitHub target diff: 3 files, +238/-4 | GitHub mergeability: CONFLICTING/DIRTY | file overlap: 2 paths overlap 543 open PRs",Phase 2: inspect conflict paths and whether a newer branch supersedes this diff.
217,docs(audit): Ist-Analyse Rechnungsfunktion (OrgInvoice),true,main,cursor/invoice-ist-analyse-be2f,4f08b84c2850ea56ceb37a183b948b1ed067288e,8e52f90f0f8a28b00c56b1cab713713b4ffadad3,6043291206433caca05a79c9394668c55005e2fd,3,12,cross-cutting,true,true,false,false,NON_EMPTY,,229,CONFLICTING,NO_CHECKS_REPORTED,STACK_ANCESTOR,HIGH,"commit reachability: 0/3 PR commits reachable from origin/main | patch equivalence: GIT_CHERRY_HAS_UNMATCHED_PATCHES; git cherry equivalent=0, unmatched=3, unrepresented=0 | three-dot diff origin/main...head: NON_EMPTY (12 paths) | GitHub target diff: 12 files, +2137/-1 | GitHub mergeability: CONFLICTING/DIRTY | branch ancestry: 0 open ancestors, 12 open descendants; base=main | file overlap: 12 paths overlap 12 open PRs","Phase 2: review the cumulative stack tip first, then evaluate ancestors without treating ancestry as duplication."
218,feat(invoices): additive schema for document versions and generation state,true,main,cursor/invoice-document-schema-be2f,4f08b84c2850ea56ceb37a183b948b1ed067288e,d8b6533fac19f738f5f6388708c7dc9c6fa5d049,6043291206433caca05a79c9394668c55005e2fd,4,16,cross-cutting,true,true,false,false,NON_EMPTY,217,229,CONFLICTING,NO_CHECKS_REPORTED,STACKED,HIGH,"commit reachability: 0/4 PR commits reachable from origin/main | patch equivalence: GIT_CHERRY_HAS_UNMATCHED_PATCHES; git cherry equivalent=0, unmatched=4, unrepresented=0 | three-dot diff origin/main...head: NON_EMPTY (16 paths) | GitHub target diff: 16 files, +2349/-51 | GitHub mergeability: CONFLICTING/DIRTY | branch ancestry: 1 open ancestors, 11 open descendants; base=main | file overlap: 16 paths overlap 245 open PRs","Phase 2: review the cumulative stack tip first, then evaluate ancestors without treating ancestry as duplication."
219,feat(invoices): read-only invoice-document integrity audit CLI,true,main,cursor/invoice-document-audit-be2f,4f08b84c2850ea56ceb37a183b948b1ed067288e,79b7fbe6cbaf155462df521aea54a0ba0eb62389,6043291206433caca05a79c9394668c55005e2fd,7,31,cross-cutting,true,true,false,false,NON_EMPTY,218,229,CONFLICTING,NO_CHECKS_REPORTED,STACKED,HIGH,"commit reachability: 0/7 PR commits reachable from origin/main | patch equivalence: GIT_CHERRY_HAS_UNMATCHED_PATCHES; git cherry equivalent=0, unmatched=7, unrepresented=0 | three-dot diff origin/main...head: NON_EMPTY (31 paths) | GitHub target diff: 31 files, +5480/-51 | GitHub mergeability: CONFLICTING/DIRTY | branch ancestry: 2 open ancestors, 10 open descendants; base=main | file overlap: 31 paths overlap 253 open PRs","Phase 2: review the cumulative stack tip first, then evaluate ancestors without treating ancestry as duplication."
220,feat(invoices): canonical backend read path for invoice document versions,true,main,cursor/invoice-document-read-be2f,4f08b84c2850ea56ceb37a183b948b1ed067288e,855040559d372adaa34aee5cea3f3fc1a449aea3,6043291206433caca05a79c9394668c55005e2fd,8,42,cross-cutting,true,true,false,false,NON_EMPTY,219,229,CONFLICTING,NO_CHECKS_REPORTED,STACKED,HIGH,"commit reachability: 0/8 PR commits reachable from origin/main | patch equivalence: GIT_CHERRY_HAS_UNMATCHED_PATCHES; git cherry equivalent=0, unmatched=8, unrepresented=0 | three-dot diff origin/main...head: NON_EMPTY (42 paths) | GitHub target diff: 42 files, +6428/-88 | GitHub mergeability: CONFLICTING/DIRTY | branch ancestry: 3 open ancestors, 9 open descendants; base=main | file overlap: 42 paths overlap 560 open PRs","Phase 2: review the cumulative stack tip first, then evaluate ancestors without treating ancestry as duplication."
221,feat(documents): canonical invoice PDF generation with versioning and persistent errors,true,main,cursor/invoice-document-generation-be2f,4f08b84c2850ea56ceb37a183b948b1ed067288e,92a34035a24ef372d659975b452b78b0703a21be,6043291206433caca05a79c9394668c55005e2fd,9,52,cross-cutting,true,true,false,false,NON_EMPTY,220,229,CONFLICTING,NO_CHECKS_REPORTED,STACKED,HIGH,"commit reachability: 0/9 PR commits reachable from origin/main | patch equivalence: GIT_CHERRY_HAS_UNMATCHED_PATCHES; git cherry equivalent=0, unmatched=9, unrepresented=0 | three-dot diff origin/main...head: NON_EMPTY (52 paths) | GitHub target diff: 52 files, +7558/-125 | GitHub mergeability: CONFLICTING/DIRTY | branch ancestry: 4 open ancestors, 8 open descendants; base=main | file overlap: 52 paths overlap 561 open PRs","Phase 2: review the cumulative stack tip first, then evaluate ancestors without treating ancestry as duplication."
222,feat(invoices): typed invoice detail read model (GET /invoices/:id/detail),true,main,cursor/invoice-detail-read-be2f,4f08b84c2850ea56ceb37a183b948b1ed067288e,bbae222327239955b9240c22ebc75e57ffc9f5bb,6043291206433caca05a79c9394668c55005e2fd,11,68,cross-cutting,true,true,false,false,NON_EMPTY,221,229,CONFLICTING,NO_CHECKS_REPORTED,STACKED,HIGH,"commit reachability: 0/11 PR commits reachable from origin/main | patch equivalence: GIT_CHERRY_HAS_UNMATCHED_PATCHES; git cherry equivalent=0, unmatched=11, unrepresented=0 | three-dot diff origin/main...head: NON_EMPTY (68 paths) | GitHub target diff: 68 files, +9674/-163 | GitHub mergeability: CONFLICTING/DIRTY | branch ancestry: 5 open ancestors, 7 open descendants; base=main | file overlap: 68 paths overlap 578 open PRs","Phase 2: review the cumulative stack tip first, then evaluate ancestors without treating ancestry as duplication."
223,"Invoice provenance: schema, read model, and write paths (V4.9.432–433)",true,main,cursor/invoice-provenance-model-be2f,4f08b84c2850ea56ceb37a183b948b1ed067288e,e28a1157db6bdaae7259ecb717cfd9e8423a9592,6043291206433caca05a79c9394668c55005e2fd,13,77,cross-cutting,true,true,false,false,NON_EMPTY,222,229,CONFLICTING,NO_CHECKS_REPORTED,STACKED,HIGH,"commit reachability: 0/13 PR commits reachable from origin/main | patch equivalence: GIT_CHERRY_HAS_UNMATCHED_PATCHES; git cherry equivalent=0, unmatched=13, unrepresented=0 | three-dot diff origin/main...head: NON_EMPTY (77 paths) | GitHub target diff: 77 files, +11214/-230 | GitHub mergeability: CONFLICTING/DIRTY | branch ancestry: 6 open ancestors, 6 open descendants; base=main | file overlap: 77 paths overlap 579 open PRs","Phase 2: review the cumulative stack tip first, then evaluate ancestors without treating ancestry as duplication."
224,Invoice visible text: business references instead of UUID fragments (V4.9.434),true,main,cursor/invoice-display-references-be2f,4f08b84c2850ea56ceb37a183b948b1ed067288e,921efdbb7ec8ded3e37d73d82cc9d1aab0bdadda,6043291206433caca05a79c9394668c55005e2fd,14,82,cross-cutting,true,true,false,false,NON_EMPTY,223,229,CONFLICTING,NO_CHECKS_REPORTED,STACKED,HIGH,"commit reachability: 0/14 PR commits reachable from origin/main | patch equivalence: GIT_CHERRY_HAS_UNMATCHED_PATCHES; git cherry equivalent=0, unmatched=14, unrepresented=0 | three-dot diff origin/main...head: NON_EMPTY (82 paths) | GitHub target diff: 82 files, +11768/-242 | GitHub mergeability: CONFLICTING/DIRTY | branch ancestry: 7 open ancestors, 5 open descendants; base=main | file overlap: 82 paths overlap 579 open PRs","Phase 2: review the cumulative stack tip first, then evaluate ancestors without treating ancestry as duplication."
225,V4.9.435 — Rechnungen: Fälligkeit & Steuer-Fallback,true,main,cursor/invoice-due-tax-fallback-be2f,4f08b84c2850ea56ceb37a183b948b1ed067288e,390302c8224a4bc3cf916140f2583d27dad5018c,6043291206433caca05a79c9394668c55005e2fd,15,90,cross-cutting,true,true,false,false,NON_EMPTY,224,229,CONFLICTING,NO_CHECKS_REPORTED,STACKED,HIGH,"commit reachability: 0/15 PR commits reachable from origin/main | patch equivalence: GIT_CHERRY_HAS_UNMATCHED_PATCHES; git cherry equivalent=0, unmatched=15, unrepresented=0 | three-dot diff origin/main...head: NON_EMPTY (90 paths) | GitHub target diff: 90 files, +12656/-272 | GitHub mergeability: CONFLICTING/DIRTY | branch ancestry: 8 open ancestors, 4 open descendants; base=main | file overlap: 90 paths overlap 579 open PRs","Phase 2: review the cumulative stack tip first, then evaluate ancestors without treating ancestry as duplication."
226,V4.9.436–437 — Rechnungsversand + revisionsfähiger E-Mail-Audit,true,cursor/invoice-due-tax-fallback-be2f,cursor/invoice-send-email-be2f,390302c8224a4bc3cf916140f2583d27dad5018c,0f678ff51422c5a2d0c6d7ab1e2b708bd380e702,6043291206433caca05a79c9394668c55005e2fd,2,31,cross-cutting,false,true,false,false,NON_EMPTY,225,229,NO_CONFLICT_REPORTED,NO_CHECKS_REPORTED,STACKED,HIGH,"commit reachability: 0/2 PR commits reachable from origin/main | patch equivalence: GIT_CHERRY_HAS_UNMATCHED_PATCHES; git cherry equivalent=0, unmatched=2, unrepresented=0 | three-dot diff origin/main...head: NON_EMPTY (110 paths) | GitHub target diff: 31 files, +2275/-99 | GitHub mergeability: MERGEABLE/CLEAN | branch ancestry: 9 open ancestors, 3 open descendants; base=cursor/invoice-due-tax-fallback-be2f | file overlap: 31 paths overlap 559 open PRs","Phase 2: review the cumulative stack tip first, then evaluate ancestors without treating ancestry as duplication."
227,V4.9.438 — Zentrale Statusübergänge Rechnung vs. E-Mail-Versand,true,main,cursor/invoice-email-status-transitions-be2f,4f08b84c2850ea56ceb37a183b948b1ed067288e,82895796ee9f92c0cba94ad0850c1d9e4b388ed1,6043291206433caca05a79c9394668c55005e2fd,18,116,cross-cutting,true,true,false,false,NON_EMPTY,226,229,CONFLICTING,NO_CHECKS_REPORTED,STACKED,HIGH,"commit reachability: 0/18 PR commits reachable from origin/main | patch equivalence: GIT_CHERRY_HAS_UNMATCHED_PATCHES; git cherry equivalent=0, unmatched=18, unrepresented=0 | three-dot diff origin/main...head: NON_EMPTY (116 paths) | GitHub target diff: 116 files, +15898/-387 | GitHub mergeability: CONFLICTING/DIRTY | branch ancestry: 10 open ancestors, 2 open descendants; base=main | file overlap: 116 paths overlap 579 open PRs","Phase 2: review the cumulative stack tip first, then evaluate ancestors without treating ancestry as duplication."
228,V4.9.439 — Externer Rechnungsversand explizit erfassen (record-external-send),true,main,cursor/invoice-record-external-send-be2f,4f08b84c2850ea56ceb37a183b948b1ed067288e,5eba6f9897592097d47379972bb1ebb1b8f81bde,6043291206433caca05a79c9394668c55005e2fd,19,125,cross-cutting,true,true,false,false,NON_EMPTY,227,229,CONFLICTING,NO_CHECKS_REPORTED,STACKED,HIGH,"commit reachability: 0/19 PR commits reachable from origin/main | patch equivalence: GIT_CHERRY_HAS_UNMATCHED_PATCHES; git cherry equivalent=0, unmatched=19, unrepresented=0 | three-dot diff origin/main...head: NON_EMPTY (125 paths) | GitHub target diff: 125 files, +16919/-391 | GitHub mergeability: CONFLICTING/DIRTY | branch ancestry: 11 open ancestors, 1 open descendants; base=main | file overlap: 125 paths overlap 579 open PRs","Phase 2: review the cumulative stack tip first, then evaluate ancestors without treating ancestry as duplication."
229,V4.9.440 — Zentraler Rechnungs-Zahlungsbefehl (kein Auto-BANK_TRANSFER),true,main,cursor/invoice-payment-command-be2f,4f08b84c2850ea56ceb37a183b948b1ed067288e,06b1d97b0826588395d69e0e7476dd1c055e1050,6043291206433caca05a79c9394668c55005e2fd,20,132,cross-cutting,true,true,false,false,NON_EMPTY,228,229,CONFLICTING,NO_CHECKS_REPORTED,CUMULATIVE_STACK_TIP,HIGH,"commit reachability: 0/20 PR commits reachable from origin/main | patch equivalence: GIT_CHERRY_HAS_UNMATCHED_PATCHES; git cherry equivalent=0, unmatched=20, unrepresented=0 | three-dot diff origin/main...head: NON_EMPTY (132 paths) | GitHub target diff: 132 files, +18043/-473 | GitHub mergeability: CONFLICTING/DIRTY | branch ancestry: 12 open ancestors, 0 open descendants; base=main | file overlap: 126 paths overlap 579 open PRs","Phase 2: review the cumulative stack tip first, then evaluate ancestors without treating ancestry as duplication."
230,feat(invoices): process outbox with retry and reconciliation (V4.9.456),true,main,cursor/invoice-process-reconciliation-be2f,4f08b84c2850ea56ceb37a183b948b1ed067288e,a6d1cca4f9e81abbc0df23980abfe6679d070351,4f08b84c2850ea56ceb37a183b948b1ed067288e,1,32,cross-cutting,true,true,false,false,NON_EMPTY,,,CONFLICTING,NO_CHECKS_REPORTED,CONFLICTING,HIGH,"commit reachability: 0/1 PR commits reachable from origin/main | patch equivalence: GIT_CHERRY_HAS_UNMATCHED_PATCHES; git cherry equivalent=0, unmatched=1, unrepresented=0 | three-dot diff origin/main...head: NON_EMPTY (32 paths) | GitHub target diff: 32 files, +2087/-24 | GitHub mergeability: CONFLICTING/DIRTY | file overlap: 12 paths overlap 561 open PRs",Phase 2: inspect conflict paths and whether a newer branch supersedes this diff.
233,docs: Task Domain v2 — verbindliche Spezifikation,true,main,cursor/task-domain-v2-spec-c2c2,2a5212e004e6cb45fd2d289bceb44a2dc40820dc,20f30382c95afb31aeb10067b16a198ce5c341ef,a7fda3be5843379807b23ab2e16b94371d6d8bf9,1,1,documentation,true,true,false,false,NON_EMPTY,,,CONFLICTING,NO_CHECKS_REPORTED,DOCS_ONLY,HIGH,"commit reachability: 0/1 PR commits reachable from origin/main | patch equivalence: GIT_CHERRY_HAS_UNMATCHED_PATCHES; git cherry equivalent=0, unmatched=1, unrepresented=0 | three-dot diff origin/main...head: NON_EMPTY (1 paths) | GitHub target diff: 1 files, +631/-0 | GitHub mergeability: CONFLICTING/DIRTY | all 1 changed files are documentation paths",Phase 2: review documentation validity and whether referenced implementation exists in main.
234,docs: Task-Management Read-only-Inventur,true,main,cursor/task-management-inventory-c2c2,2a5212e004e6cb45fd2d289bceb44a2dc40820dc,0e7498bfb1e3f09d49ec8e9dce875146675791bc,a7fda3be5843379807b23ab2e16b94371d6d8bf9,1,1,documentation,true,true,false,false,NON_EMPTY,,,CONFLICTING,NO_CHECKS_REPORTED,DOCS_ONLY,HIGH,"commit reachability: 0/1 PR commits reachable from origin/main | patch equivalence: GIT_CHERRY_HAS_UNMATCHED_PATCHES; git cherry equivalent=0, unmatched=1, unrepresented=0 | three-dot diff origin/main...head: NON_EMPTY (1 paths) | GitHub target diff: 1 files, +521/-0 | GitHub mergeability: CONFLICTING/DIRTY | all 1 changed files are documentation paths",Phase 2: review documentation validity and whether referenced implementation exists in main.
235,docs: Ist-Analyse Rechnungsfunktion (OrgInvoice),true,main,cursor/invoice-function-ist-analysis-c2c2,d134d3f207139ddbdcd58fb03c61633e120e3635,7628cd369dbf06f7f607df69b6475706e8ba3c4a,d134d3f207139ddbdcd58fb03c61633e120e3635,1,1,documentation,true,true,false,false,NON_EMPTY,,,NO_CONFLICT_REPORTED,NO_CHECKS_REPORTED,DOCS_ONLY,HIGH,"commit reachability: 0/1 PR commits reachable from origin/main | patch equivalence: GIT_CHERRY_HAS_UNMATCHED_PATCHES; git cherry equivalent=0, unmatched=1, unrepresented=0 | three-dot diff origin/main...head: NON_EMPTY (1 paths) | GitHub target diff: 1 files, +637/-0 | GitHub mergeability: MERGEABLE/CLEAN | all 1 changed files are documentation paths",Phase 2: review documentation validity and whether referenced implementation exists in main.
237,docs(architecture): ADR kanonisches Rechnung↔Dokument-Zielmodell,true,main,cursor/invoice-document-relation-adr-c2c2,d134d3f207139ddbdcd58fb03c61633e120e3635,d8e799931abcac2125d946d5ada61fc3af7f0a90,d134d3f207139ddbdcd58fb03c61633e120e3635,1,3,cross-cutting,true,true,false,false,NON_EMPTY,,238,CONFLICTING,NO_CHECKS_REPORTED,STACK_ANCESTOR,HIGH,"commit reachability: 0/1 PR commits reachable from origin/main | patch equivalence: GIT_CHERRY_HAS_UNMATCHED_PATCHES; git cherry equivalent=0, unmatched=1, unrepresented=0 | three-dot diff origin/main...head: NON_EMPTY (3 paths) | GitHub target diff: 3 files, +441/-2 | GitHub mergeability: CONFLICTING/DIRTY | branch ancestry: 0 open ancestors, 1 open descendants; base=main | file overlap: 3 paths overlap 543 open PRs","Phase 2: review the cumulative stack tip first, then evaluate ancestors without treating ancestry as duplication."
238,feat(schema): GeneratedDocument Versionierung + Generierungszustand (additiv),true,main,cursor/invoice-document-schema-c2c2,d134d3f207139ddbdcd58fb03c61633e120e3635,b255d7d406e662370b21ddea3588de8e8d66fce8,d134d3f207139ddbdcd58fb03c61633e120e3635,2,6,cross-cutting,true,true,false,false,NON_EMPTY,237,238,CONFLICTING,NO_CHECKS_REPORTED,CUMULATIVE_STACK_TIP,HIGH,"commit reachability: 0/2 PR commits reachable from origin/main | patch equivalence: GIT_CHERRY_HAS_UNMATCHED_PATCHES; git cherry equivalent=0, unmatched=2, unrepresented=0 | three-dot diff origin/main...head: NON_EMPTY (6 paths) | GitHub target diff: 6 files, +588/-2 | GitHub mergeability: CONFLICTING/DIRTY | branch ancestry: 1 open ancestors, 0 open descendants; base=main | file overlap: 5 paths overlap 559 open PRs","Phase 2: review the cumulative stack tip first, then evaluate ancestors without treating ancestry as duplication."
240,Fleet Status V2: Inventory P1 (Prompts 1–11),true,main,cursor/vehicle-status-inventory-p1-be2f,73cd91fc21890321d833d55f7b6f5cb69e3ec1c8,44096910549d1ec35a5046bb8672f6eab8066b67,2a5212e004e6cb45fd2d289bceb44a2dc40820dc,28,88,cross-cutting,true,true,false,false,NON_EMPTY,,242,CONFLICTING,NO_CHECKS_REPORTED,STACK_ANCESTOR,HIGH,"commit reachability: 0/28 PR commits reachable from origin/main | patch equivalence: GIT_CHERRY_HAS_UNMATCHED_PATCHES; git cherry equivalent=0, unmatched=28, unrepresented=0 | three-dot diff origin/main...head: NON_EMPTY (88 paths) | GitHub target diff: 88 files, +13487/-1051 | GitHub mergeability: CONFLICTING/DIRTY | branch ancestry: 0 open ancestors, 2 open descendants; base=main | file overlap: 88 paths overlap 560 open PRs","Phase 2: review the cumulative stack tip first, then evaluate ancestors without treating ancestry as duplication."
241,docs(audit): vehicle operational state cache audit (Prompt 23),true,main,cursor/vehicle-operational-state-cache-audit-be2f,0ffebced798d54f80ec89f28ede97d1ceba24d6b,3445b9a44a4864fe8d22a8af796dd786aea5b7aa,2a5212e004e6cb45fd2d289bceb44a2dc40820dc,29,89,cross-cutting,true,true,false,false,NON_EMPTY,240,242,CONFLICTING,NO_CHECKS_REPORTED,STACKED,HIGH,"commit reachability: 0/29 PR commits reachable from origin/main | patch equivalence: GIT_CHERRY_HAS_UNMATCHED_PATCHES; git cherry equivalent=0, unmatched=29, unrepresented=0 | three-dot diff origin/main...head: NON_EMPTY (89 paths) | GitHub target diff: 89 files, +13949/-1051 | GitHub mergeability: CONFLICTING/DIRTY | branch ancestry: 1 open ancestors, 1 open descendants; base=main | file overlap: 89 paths overlap 560 open PRs","Phase 2: review the cumulative stack tip first, then evaluate ancestors without treating ancestry as duplication."
242,feat(vehicles): fleet operational Redis cache invalidation (Prompt 24),true,main,cursor/fleet-operational-cache-invalidation-be2f,f16c743b3f4261a8ef9cb4c6c655815b59f3cf11,c89033b7a658d096193a283af154e8bce4c806ac,2a5212e004e6cb45fd2d289bceb44a2dc40820dc,30,94,cross-cutting,true,true,false,false,NON_EMPTY,241,242,CONFLICTING,NO_CHECKS_REPORTED,CUMULATIVE_STACK_TIP,HIGH,"commit reachability: 0/30 PR commits reachable from origin/main | patch equivalence: GIT_CHERRY_HAS_UNMATCHED_PATCHES; git cherry equivalent=0, unmatched=30, unrepresented=0 | three-dot diff origin/main...head: NON_EMPTY (94 paths) | GitHub target diff: 94 files, +14532/-1062 | GitHub mergeability: CONFLICTING/DIRTY | branch ancestry: 2 open ancestors, 0 open descendants; base=main | file overlap: 89 paths overlap 560 open PRs","Phase 2: review the cumulative stack tip first, then evaluate ancestors without treating ancestry as duplication."
250,V4.9.496 — Today's Operational booking/status slices (Prompt 32/43),true,cursor/rental-readiness-derivation-be2f,cursor/todays-operational-slice-be2f,edd6fb9f54e9952814d9489a5f99dfcef54a3c9d,abfb274353e2d838cb1b36ad98fd3bb3b6ae2f81,abfb274353e2d838cb1b36ad98fd3bb3b6ae2f81,1,12,unknown,false,true,true,UNKNOWN,EMPTY,,1013,NO_CONFLICT_REPORTED,NO_CHECKS_REPORTED,ALREADY_IN_MAIN,HIGH,"commit reachability: 1/1 PR commits reachable from origin/main | patch equivalence: NOT_APPLICABLE_ALL_COMMITS_DIRECTLY_REACHABLE; git cherry equivalent=0, unmatched=0, unrepresented=0 | three-dot diff origin/main...head: EMPTY (0 paths) | GitHub target diff: 12 files, +542/-92 | GitHub mergeability: MERGEABLE/CLEAN | branch ancestry: 0 open ancestors, 574 open descendants; base=cursor/rental-readiness-derivation-be2f | file overlap: 7 paths overlap 554 open PRs",Phase 2: verify representative patch/tree evidence before any close decision.
251,V4.9.497 — Canonical status source for Dashboard/Fleet slices (Prompt 33/43),true,cursor/todays-operational-slice-be2f,cursor/canonical-slice-consistency-be2f,abfb274353e2d838cb1b36ad98fd3bb3b6ae2f81,a9cfacc9246ebff72d6c268fce02407382d6bfea,a9cfacc9246ebff72d6c268fce02407382d6bfea,1,13,cross-cutting,false,true,true,UNKNOWN,EMPTY,250,1013,NO_CONFLICT_REPORTED,NO_CHECKS_REPORTED,ALREADY_IN_MAIN,HIGH,"commit reachability: 1/1 PR commits reachable from origin/main | patch equivalence: NOT_APPLICABLE_ALL_COMMITS_DIRECTLY_REACHABLE; git cherry equivalent=0, unmatched=0, unrepresented=0 | three-dot diff origin/main...head: EMPTY (0 paths) | GitHub target diff: 13 files, +553/-36 | GitHub mergeability: MERGEABLE/CLEAN | branch ancestry: 1 open ancestors, 573 open descendants; base=cursor/todays-operational-slice-be2f | file overlap: 8 paths overlap 7 open PRs",Phase 2: verify representative patch/tree evidence before any close decision.
252,V4.9.498 — Fleet status badge + booking supplement (Prompt 34/43),true,cursor/canonical-slice-consistency-be2f,cursor/fleet-status-display-be2f,a9cfacc9246ebff72d6c268fce02407382d6bfea,729500c140cbf35f120d3307fcdc8a1f2a1745cf,729500c140cbf35f120d3307fcdc8a1f2a1745cf,1,11,cross-cutting,false,true,true,UNKNOWN,EMPTY,251,1013,NO_CONFLICT_REPORTED,NO_CHECKS_REPORTED,ALREADY_IN_MAIN,HIGH,"commit reachability: 1/1 PR commits reachable from origin/main | patch equivalence: NOT_APPLICABLE_ALL_COMMITS_DIRECTLY_REACHABLE; git cherry equivalent=0, unmatched=0, unrepresented=0 | three-dot diff origin/main...head: EMPTY (0 paths) | GitHub target diff: 11 files, +997/-44 | GitHub mergeability: MERGEABLE/CLEAN | branch ancestry: 2 open ancestors, 572 open descendants; base=cursor/canonical-slice-consistency-be2f | file overlap: 10 paths overlap 554 open PRs",Phase 2: verify representative patch/tree evidence before any close decision.
253,feat(fleet): canonical status tabs and filters (P35),true,cursor/fleet-status-display-be2f,cursor/fleet-tabs-status-filter-be2f,729500c140cbf35f120d3307fcdc8a1f2a1745cf,8c4aa9360102ef49be8f1d289fcb25fec5dbced2,8c4aa9360102ef49be8f1d289fcb25fec5dbced2,2,11,cross-cutting,false,true,true,UNKNOWN,EMPTY,252,1013,NO_CONFLICT_REPORTED,NO_CHECKS_REPORTED,ALREADY_IN_MAIN,HIGH,"commit reachability: 2/2 PR commits reachable from origin/main | patch equivalence: NOT_APPLICABLE_ALL_COMMITS_DIRECTLY_REACHABLE; git cherry equivalent=0, unmatched=0, unrepresented=0 | three-dot diff origin/main...head: EMPTY (0 paths) | GitHub target diff: 11 files, +553/-108 | GitHub mergeability: MERGEABLE/CLEAN | branch ancestry: 3 open ancestors, 571 open descendants; base=cursor/fleet-status-display-be2f | file overlap: 8 paths overlap 544 open PRs",Phase 2: verify representative patch/tree evidence before any close decision.
254,feat(fleet): UNKNOWN/unreliable operational status UX (P36),true,cursor/fleet-tabs-status-filter-be2f,cursor/fleet-unknown-status-ux-be2f,8c4aa9360102ef49be8f1d289fcb25fec5dbced2,6f5351d3e4658102f97021cc54633071000cdba6,6f5351d3e4658102f97021cc54633071000cdba6,1,19,cross-cutting,false,true,true,UNKNOWN,EMPTY,253,1013,NO_CONFLICT_REPORTED,NO_CHECKS_REPORTED,ALREADY_IN_MAIN,HIGH,"commit reachability: 1/1 PR commits reachable from origin/main | patch equivalence: NOT_APPLICABLE_ALL_COMMITS_DIRECTLY_REACHABLE; git cherry equivalent=0, unmatched=0, unrepresented=0 | three-dot diff origin/main...head: EMPTY (0 paths) | GitHub target diff: 19 files, +853/-45 | GitHub mergeability: MERGEABLE/CLEAN | branch ancestry: 4 open ancestors, 570 open descendants; base=cursor/fleet-tabs-status-filter-be2f | file overlap: 16 paths overlap 555 open PRs",Phase 2: verify representative patch/tree evidence before any close decision.
255,V4.9.501 — Read-only vehicle/booking/handover diagnostic (Prompt 37/43),true,cursor/fleet-unknown-status-ux-be2f,cursor/vehicle-booking-handover-diagnostic-be2f,6f5351d3e4658102f97021cc54633071000cdba6,d5f40c70e72c65d082f63e74a376cedd3017e4dd,d5f40c70e72c65d082f63e74a376cedd3017e4dd,2,14,cross-cutting,false,true,true,UNKNOWN,EMPTY,254,1013,NO_CONFLICT_REPORTED,NO_CHECKS_REPORTED,ALREADY_IN_MAIN,HIGH,"commit reachability: 2/2 PR commits reachable from origin/main | patch equivalence: NOT_APPLICABLE_ALL_COMMITS_DIRECTLY_REACHABLE; git cherry equivalent=0, unmatched=0, unrepresented=0 | three-dot diff origin/main...head: EMPTY (0 paths) | GitHub target diff: 14 files, +1604/-0 | GitHub mergeability: MERGEABLE/CLEAN | branch ancestry: 5 open ancestors, 569 open descendants; base=cursor/fleet-unknown-status-ux-be2f | file overlap: 6 paths overlap 554 open PRs",Phase 2: verify representative patch/tree evidence before any close decision.
256,V4.9.502 — Controlled vehicle/booking/handover repair (Prompt 38/43),true,cursor/vehicle-booking-handover-diagnostic-be2f,cursor/vehicle-booking-handover-repair-be2f,d5f40c70e72c65d082f63e74a376cedd3017e4dd,1277a454b49c336dafadd38573f9f007d1c7d33a,1277a454b49c336dafadd38573f9f007d1c7d33a,1,11,cross-cutting,false,true,true,UNKNOWN,EMPTY,255,1013,NO_CONFLICT_REPORTED,NO_CHECKS_REPORTED,ALREADY_IN_MAIN,HIGH,"commit reachability: 1/1 PR commits reachable from origin/main | patch equivalence: NOT_APPLICABLE_ALL_COMMITS_DIRECTLY_REACHABLE; git cherry equivalent=0, unmatched=0, unrepresented=0 | three-dot diff origin/main...head: EMPTY (0 paths) | GitHub target diff: 11 files, +1519/-16 | GitHub mergeability: MERGEABLE/CLEAN | branch ancestry: 6 open ancestors, 568 open descendants; base=cursor/vehicle-booking-handover-diagnostic-be2f | file overlap: 5 paths overlap 544 open PRs",Phase 2: verify representative patch/tree evidence before any close decision.
257,V4.9.503 — Vehicle operational status repair runbook (Prompt 39/43),true,cursor/vehicle-booking-handover-repair-be2f,cursor/vehicle-operational-status-repair-runbook-be2f,1277a454b49c336dafadd38573f9f007d1c7d33a,b95adeef7ffe5dcc92b30a51820dcd695af28460,b95adeef7ffe5dcc92b30a51820dcd695af28460,1,4,vehicle-detail,false,true,true,UNKNOWN,EMPTY,256,1013,NO_CONFLICT_REPORTED,NO_CHECKS_REPORTED,ALREADY_IN_MAIN,HIGH,"commit reachability: 1/1 PR commits reachable from origin/main | patch equivalence: NOT_APPLICABLE_ALL_COMMITS_DIRECTLY_REACHABLE; git cherry equivalent=0, unmatched=0, unrepresented=0 | three-dot diff origin/main...head: EMPTY (0 paths) | GitHub target diff: 4 files, +702/-2 | GitHub mergeability: MERGEABLE/CLEAN | branch ancestry: 7 open ancestors, 567 open descendants; base=cursor/vehicle-booking-handover-repair-be2f | file overlap: 3 paths overlap 544 open PRs",Phase 2: verify representative patch/tree evidence before any close decision.
258,V4.9.504 — Vehicle Operational State V2 backend test package (Prompt 40/43),true,cursor/vehicle-operational-status-repair-runbook-be2f,cursor/vehicle-operational-state-v2-tests-be2f,b95adeef7ffe5dcc92b30a51820dcd695af28460,b702cca71f7e6e201a55f99e221ce5f79fff605e,b702cca71f7e6e201a55f99e221ce5f79fff605e,1,14,cross-cutting,false,true,true,UNKNOWN,EMPTY,257,1013,NO_CONFLICT_REPORTED,NO_CHECKS_REPORTED,ALREADY_IN_MAIN,HIGH,"commit reachability: 1/1 PR commits reachable from origin/main | patch equivalence: NOT_APPLICABLE_ALL_COMMITS_DIRECTLY_REACHABLE; git cherry equivalent=0, unmatched=0, unrepresented=0 | three-dot diff origin/main...head: EMPTY (0 paths) | GitHub target diff: 14 files, +1376/-0 | GitHub mergeability: MERGEABLE/CLEAN | branch ancestry: 8 open ancestors, 566 open descendants; base=cursor/vehicle-operational-status-repair-runbook-be2f | file overlap: 7 paths overlap 553 open PRs",Phase 2: verify representative patch/tree evidence before any close decision.
262,docs(architecture): Battery Health V2 migration rollout plan (Prompt 4/78),true,main,cursor/battery-health-v2-migration-plan-be2f,0672e0f50a67a8a6d32c8a25b307b72e05221b58,91517ec263b7691152f5c84bf1651c837945796a,0672e0f50a67a8a6d32c8a25b307b72e05221b58,1,1,documentation,true,true,false,false,NON_EMPTY,258,262,NO_CONFLICT_REPORTED,NO_CHECKS_REPORTED,CUMULATIVE_STACK_TIP,HIGH,"commit reachability: 0/1 PR commits reachable from origin/main | patch equivalence: GIT_CHERRY_HAS_UNMATCHED_PATCHES; git cherry equivalent=0, unmatched=1, unrepresented=0 | three-dot diff origin/main...head: NON_EMPTY (1 paths) | GitHub target diff: 1 files, +1197/-0 | GitHub mergeability: MERGEABLE/CLEAN | branch ancestry: 9 open ancestors, 0 open descendants; base=main | all 1 changed files are documentation paths","Phase 2: review the cumulative stack tip first, then evaluate ancestors without treating ancestry as duplication."
271,fix(battery): audit and correct DIMO battery signal mapping (Prompt 15/78),true,cursor/battery-v2-remaining-models-be2f,cursor/dimo-battery-signal-mapping-be2f,73bb39df0c431c520d90490aec470519871fe1f8,9fc0e0062ad82629c5b627d0a73b16d9484701c8,9fc0e0062ad82629c5b627d0a73b16d9484701c8,1,13,cross-cutting,false,true,true,UNKNOWN,EMPTY,258,1013,NO_CONFLICT_REPORTED,NO_CHECKS_REPORTED,ALREADY_IN_MAIN,HIGH,"commit reachability: 1/1 PR commits reachable from origin/main | patch equivalence: NOT_APPLICABLE_ALL_COMMITS_DIRECTLY_REACHABLE; git cherry equivalent=0, unmatched=0, unrepresented=0 | three-dot diff origin/main...head: EMPTY (0 paths) | GitHub target diff: 13 files, +888/-69 | GitHub mergeability: MERGEABLE/CLEAN | branch ancestry: 9 open ancestors, 515 open descendants; base=cursor/battery-v2-remaining-models-be2f | file overlap: 9 paths overlap 568 open PRs",Phase 2: verify representative patch/tree evidence before any close decision.
272,feat(battery): add provider observation dedup policy (Prompt 16/78),true,cursor/dimo-battery-signal-mapping-be2f,cursor/battery-provider-observation-policy-be2f,9fc0e0062ad82629c5b627d0a73b16d9484701c8,0d2431c35ffa8efb9455b6a5c633f0ab201717a5,0d2431c35ffa8efb9455b6a5c633f0ab201717a5,2,4,health,false,true,true,UNKNOWN,EMPTY,271,1013,NO_CONFLICT_REPORTED,NO_CHECKS_REPORTED,ALREADY_IN_MAIN,HIGH,"commit reachability: 2/2 PR commits reachable from origin/main | patch equivalence: NOT_APPLICABLE_ALL_COMMITS_DIRECTLY_REACHABLE; git cherry equivalent=0, unmatched=0, unrepresented=0 | three-dot diff origin/main...head: EMPTY (0 paths) | GitHub target diff: 4 files, +537/-2 | GitHub mergeability: MERGEABLE/CLEAN | branch ancestry: 10 open ancestors, 514 open descendants; base=cursor/dimo-battery-signal-mapping-be2f | file overlap: 2 paths overlap 543 open PRs",Phase 2: verify representative patch/tree evidence before any close decision.
273,feat(battery): dedup HV snapshot persistence via observation policy (Prompt 17/78),true,cursor/battery-provider-observation-policy-be2f,cursor/hv-snapshot-observation-policy-be2f,0d2431c35ffa8efb9455b6a5c633f0ab201717a5,50d7fd51c9c40b3cddbd185300ff667625a4d4b1,50d7fd51c9c40b3cddbd185300ff667625a4d4b1,1,11,cross-cutting,false,true,true,UNKNOWN,EMPTY,272,1013,NO_CONFLICT_REPORTED,NO_CHECKS_REPORTED,ALREADY_IN_MAIN,HIGH,"commit reachability: 1/1 PR commits reachable from origin/main | patch equivalence: NOT_APPLICABLE_ALL_COMMITS_DIRECTLY_REACHABLE; git cherry equivalent=0, unmatched=0, unrepresented=0 | three-dot diff origin/main...head: EMPTY (0 paths) | GitHub target diff: 11 files, +849/-21 | GitHub mergeability: MERGEABLE/CLEAN | branch ancestry: 11 open ancestors, 513 open descendants; base=cursor/battery-provider-observation-policy-be2f | file overlap: 8 paths overlap 568 open PRs",Phase 2: verify representative patch/tree evidence before any close decision.
279,feat(battery-v2): central idempotency and concurrency rules (P23/78),true,cursor/battery-v2-producer-migration-be2f,cursor/battery-v2-idempotency-be2f,8264e4ba802350f315139d87e36f2c23240d30e9,b9710455947186ea34f99e6c2a76a67a120e44b0,b9710455947186ea34f99e6c2a76a67a120e44b0,1,22,cross-cutting,false,true,true,UNKNOWN,EMPTY,273,1013,NO_CONFLICT_REPORTED,NO_CHECKS_REPORTED,ALREADY_IN_MAIN,HIGH,"commit reachability: 1/1 PR commits reachable from origin/main | patch equivalence: NOT_APPLICABLE_ALL_COMMITS_DIRECTLY_REACHABLE; git cherry equivalent=0, unmatched=0, unrepresented=0 | three-dot diff origin/main...head: EMPTY (0 paths) | GitHub target diff: 22 files, +1019/-16 | GitHub mergeability: MERGEABLE/CLEAN | branch ancestry: 12 open ancestors, 512 open descendants; base=cursor/battery-v2-producer-migration-be2f | file overlap: 17 paths overlap 544 open PRs",Phase 2: verify representative patch/tree evidence before any close decision.
280,feat(battery-v2): pipeline hardening for provider errors and worker aborts (P24/78),true,cursor/battery-v2-idempotency-be2f,cursor/battery-v2-pipeline-hardening-be2f,b9710455947186ea34f99e6c2a76a67a120e44b0,ff24dc29e9a0fae5ef49fef119631e5c4b793e44,ff24dc29e9a0fae5ef49fef119631e5c4b793e44,1,22,cross-cutting,false,true,true,UNKNOWN,EMPTY,279,1013,NO_CONFLICT_REPORTED,NO_CHECKS_REPORTED,ALREADY_IN_MAIN,HIGH,"commit reachability: 1/1 PR commits reachable from origin/main | patch equivalence: NOT_APPLICABLE_ALL_COMMITS_DIRECTLY_REACHABLE; git cherry equivalent=0, unmatched=0, unrepresented=0 | three-dot diff origin/main...head: EMPTY (0 paths) | GitHub target diff: 22 files, +1374/-20 | GitHub mergeability: MERGEABLE/CLEAN | branch ancestry: 13 open ancestors, 511 open descendants; base=cursor/battery-v2-idempotency-be2f | file overlap: 16 paths overlap 303 open PRs",Phase 2: verify representative patch/tree evidence before any close decision.
281,V4.9.526 — Central Drive Profile Resolver (Prompt 25/78),true,cursor/battery-v2-pipeline-hardening-be2f,cursor/drive-profile-resolver-be2f,ff24dc29e9a0fae5ef49fef119631e5c4b793e44,dc82d3545044625e3a8fbfc16b499689265cf21c,dc82d3545044625e3a8fbfc16b499689265cf21c,1,17,health,false,true,true,UNKNOWN,EMPTY,280,1013,NO_CONFLICT_REPORTED,NO_CHECKS_REPORTED,ALREADY_IN_MAIN,HIGH,"commit reachability: 1/1 PR commits reachable from origin/main | patch equivalence: NOT_APPLICABLE_ALL_COMMITS_DIRECTLY_REACHABLE; git cherry equivalent=0, unmatched=0, unrepresented=0 | three-dot diff origin/main...head: EMPTY (0 paths) | GitHub target diff: 17 files, +1053/-26 | GitHub mergeability: MERGEABLE/CLEAN | branch ancestry: 14 open ancestors, 510 open descendants; base=cursor/battery-v2-pipeline-hardening-be2f | file overlap: 12 paths overlap 555 open PRs",Phase 2: verify representative patch/tree evidence before any close decision.
282,V4.9.527 — Central LV Battery Chemistry Resolver (Prompt 26/78),true,cursor/drive-profile-resolver-be2f,cursor/lv-battery-chemistry-resolver-be2f,dc82d3545044625e3a8fbfc16b499689265cf21c,923be59e156e378f1f5a07b97193c21a21711d26,923be59e156e378f1f5a07b97193c21a21711d26,1,9,health,false,true,true,UNKNOWN,EMPTY,281,1013,NO_CONFLICT_REPORTED,NO_CHECKS_REPORTED,ALREADY_IN_MAIN,HIGH,"commit reachability: 1/1 PR commits reachable from origin/main | patch equivalence: NOT_APPLICABLE_ALL_COMMITS_DIRECTLY_REACHABLE; git cherry equivalent=0, unmatched=0, unrepresented=0 | three-dot diff origin/main...head: EMPTY (0 paths) | GitHub target diff: 9 files, +844/-1 | GitHub mergeability: MERGEABLE/CLEAN | branch ancestry: 15 open ancestors, 509 open descendants; base=cursor/drive-profile-resolver-be2f | file overlap: 3 paths overlap 63 open PRs",Phase 2: verify representative patch/tree evidence before any close decision.
283,V4.9.528 — Central Battery Policy Profile (Prompt 27/78),true,cursor/lv-battery-chemistry-resolver-be2f,cursor/battery-policy-profile-be2f,923be59e156e378f1f5a07b97193c21a21711d26,c6d6e781056ae77084b713b22dc5c6a41783b3eb,c6d6e781056ae77084b713b22dc5c6a41783b3eb,1,14,health,false,true,true,UNKNOWN,EMPTY,282,1013,NO_CONFLICT_REPORTED,NO_CHECKS_REPORTED,ALREADY_IN_MAIN,HIGH,"commit reachability: 1/1 PR commits reachable from origin/main | patch equivalence: NOT_APPLICABLE_ALL_COMMITS_DIRECTLY_REACHABLE; git cherry equivalent=0, unmatched=0, unrepresented=0 | three-dot diff origin/main...head: EMPTY (0 paths) | GitHub target diff: 14 files, +1084/-64 | GitHub mergeability: MERGEABLE/CLEAN | branch ancestry: 16 open ancestors, 508 open descendants; base=cursor/lv-battery-chemistry-resolver-be2f | file overlap: 8 paths overlap 554 open PRs",Phase 2: verify representative patch/tree evidence before any close decision.
284,V4.9.529 — DIMO Battery Capability Preflight (Prompt 28/78),true,cursor/battery-policy-profile-be2f,cursor/dimo-capability-preflight-be2f,c6d6e781056ae77084b713b22dc5c6a41783b3eb,aa915bf96305fe15a62925bd595c39a7cedd5c6f,aa915bf96305fe15a62925bd595c39a7cedd5c6f,1,16,cross-cutting,false,true,true,UNKNOWN,EMPTY,283,1013,NO_CONFLICT_REPORTED,NO_CHECKS_REPORTED,ALREADY_IN_MAIN,HIGH,"commit reachability: 1/1 PR commits reachable from origin/main | patch equivalence: NOT_APPLICABLE_ALL_COMMITS_DIRECTLY_REACHABLE; git cherry equivalent=0, unmatched=0, unrepresented=0 | three-dot diff origin/main...head: EMPTY (0 paths) | GitHub target diff: 16 files, +1252/-40 | GitHub mergeability: MERGEABLE/CLEAN | branch ancestry: 17 open ancestors, 507 open descendants; base=cursor/battery-policy-profile-be2f | file overlap: 11 paths overlap 554 open PRs",Phase 2: verify representative patch/tree evidence before any close decision.
285,V4.9.530 — Battery Capability Lifecycle & Refresh (Prompt 29/78),true,cursor/dimo-capability-preflight-be2f,cursor/battery-capability-lifecycle-be2f,aa915bf96305fe15a62925bd595c39a7cedd5c6f,c37df3f0d5648362b13765a9e980be1e2709af26,c37df3f0d5648362b13765a9e980be1e2709af26,1,26,cross-cutting,false,true,true,UNKNOWN,EMPTY,284,1013,NO_CONFLICT_REPORTED,NO_CHECKS_REPORTED,ALREADY_IN_MAIN,HIGH,"commit reachability: 1/1 PR commits reachable from origin/main | patch equivalence: NOT_APPLICABLE_ALL_COMMITS_DIRECTLY_REACHABLE; git cherry equivalent=0, unmatched=0, unrepresented=0 | three-dot diff origin/main...head: EMPTY (0 paths) | GitHub target diff: 26 files, +1135/-28 | GitHub mergeability: MERGEABLE/CLEAN | branch ancestry: 18 open ancestors, 506 open descendants; base=cursor/dimo-capability-preflight-be2f | file overlap: 18 paths overlap 571 open PRs",Phase 2: verify representative patch/tree evidence before any close decision.
286,V4.9.531 — LV Ruhefenster State Machine (Prompt 30/78),true,cursor/battery-capability-lifecycle-be2f,cursor/lv-rest-window-state-machine-be2f,c37df3f0d5648362b13765a9e980be1e2709af26,fd0fee080dc25972ef6622cad4334ee9647b24fa,fd0fee080dc25972ef6622cad4334ee9647b24fa,1,11,health,false,true,true,UNKNOWN,EMPTY,285,1013,NO_CONFLICT_REPORTED,NO_CHECKS_REPORTED,ALREADY_IN_MAIN,HIGH,"commit reachability: 1/1 PR commits reachable from origin/main | patch equivalence: NOT_APPLICABLE_ALL_COMMITS_DIRECTLY_REACHABLE; git cherry equivalent=0, unmatched=0, unrepresented=0 | three-dot diff origin/main...head: EMPTY (0 paths) | GitHub target diff: 11 files, +1316/-1 | GitHub mergeability: MERGEABLE/CLEAN | branch ancestry: 19 open ancestors, 505 open descendants; base=cursor/battery-capability-lifecycle-be2f | file overlap: 7 paths overlap 555 open PRs",Phase 2: verify representative patch/tree evidence before any close decision.
287,V4.9.532 — LV REST_60M Target Job Scheduling (Prompt 31/78),true,cursor/lv-rest-window-state-machine-be2f,cursor/lv-rest-60m-target-job-be2f,fd0fee080dc25972ef6622cad4334ee9647b24fa,6cbd9a9c0e019650a19b343081b55cf483f2788f,6cbd9a9c0e019650a19b343081b55cf483f2788f,1,21,health,false,true,true,UNKNOWN,EMPTY,286,1013,NO_CONFLICT_REPORTED,NO_CHECKS_REPORTED,ALREADY_IN_MAIN,HIGH,"commit reachability: 1/1 PR commits reachable from origin/main | patch equivalence: NOT_APPLICABLE_ALL_COMMITS_DIRECTLY_REACHABLE; git cherry equivalent=0, unmatched=0, unrepresented=0 | three-dot diff origin/main...head: EMPTY (0 paths) | GitHub target diff: 21 files, +1097/-18 | GitHub mergeability: MERGEABLE/CLEAN | branch ancestry: 20 open ancestors, 504 open descendants; base=cursor/lv-rest-window-state-machine-be2f | file overlap: 19 paths overlap 544 open PRs",Phase 2: verify representative patch/tree evidence before any close decision.
288,V4.9.533 — LV REST_6H Target Job + Historical Evaluation (Prompt 32/78),true,cursor/lv-rest-60m-target-job-be2f,cursor/lv-rest-6h-target-job-be2f,6cbd9a9c0e019650a19b343081b55cf483f2788f,a60b21f0abca5d2687e9b6f14aec08463a8bd237,a60b21f0abca5d2687e9b6f14aec08463a8bd237,1,16,cross-cutting,false,true,true,UNKNOWN,EMPTY,287,1013,NO_CONFLICT_REPORTED,NO_CHECKS_REPORTED,ALREADY_IN_MAIN,HIGH,"commit reachability: 1/1 PR commits reachable from origin/main | patch equivalence: NOT_APPLICABLE_ALL_COMMITS_DIRECTLY_REACHABLE; git cherry equivalent=0, unmatched=0, unrepresented=0 | three-dot diff origin/main...head: EMPTY (0 paths) | GitHub target diff: 16 files, +762/-168 | GitHub mergeability: MERGEABLE/CLEAN | branch ancestry: 21 open ancestors, 503 open descendants; base=cursor/lv-rest-60m-target-job-be2f | file overlap: 14 paths overlap 556 open PRs",Phase 2: verify representative patch/tree evidence before any close decision.
291,V4.9.536 — LV REST Shadow Mode Only (Prompt 35/78),true,cursor/lv-rest-measurement-quality-be2f,cursor/lv-rest-shadow-mode-be2f,9e02ae52d3ae2d300cb67341e1c1fb1b3ade7316,e3334e7f65a5092e89b8e5a80226fc6556833aa5,e3334e7f65a5092e89b8e5a80226fc6556833aa5,1,23,cross-cutting,false,true,true,UNKNOWN,EMPTY,288,1013,NO_CONFLICT_REPORTED,NO_CHECKS_REPORTED,ALREADY_IN_MAIN,HIGH,"commit reachability: 1/1 PR commits reachable from origin/main | patch equivalence: NOT_APPLICABLE_ALL_COMMITS_DIRECTLY_REACHABLE; git cherry equivalent=0, unmatched=0, unrepresented=0 | three-dot diff origin/main...head: EMPTY (0 paths) | GitHub target diff: 23 files, +783/-14 | GitHub mergeability: MERGEABLE/CLEAN | branch ancestry: 22 open ancestors, 502 open descendants; base=cursor/lv-rest-measurement-quality-be2f | file overlap: 18 paths overlap 558 open PRs",Phase 2: verify representative patch/tree evidence before any close decision.
292,V4.9.537 — BATTERY_START_PROXY_EXTRACT Delayed Job (Prompt 36/78),true,cursor/lv-rest-shadow-mode-be2f,cursor/battery-start-proxy-extract-be2f,e3334e7f65a5092e89b8e5a80226fc6556833aa5,7e656b638606bce9f22730f2d95bdbc11697b128,7e656b638606bce9f22730f2d95bdbc11697b128,1,22,cross-cutting,false,true,true,UNKNOWN,EMPTY,291,1013,NO_CONFLICT_REPORTED,NO_CHECKS_REPORTED,ALREADY_IN_MAIN,HIGH,"commit reachability: 1/1 PR commits reachable from origin/main | patch equivalence: NOT_APPLICABLE_ALL_COMMITS_DIRECTLY_REACHABLE; git cherry equivalent=0, unmatched=0, unrepresented=0 | three-dot diff origin/main...head: EMPTY (0 paths) | GitHub target diff: 22 files, +816/-84 | GitHub mergeability: MERGEABLE/CLEAN | branch ancestry: 23 open ancestors, 501 open descendants; base=cursor/lv-rest-shadow-mode-be2f | file overlap: 20 paths overlap 557 open PRs",Phase 2: verify representative patch/tree evidence before any close decision.
293,V4.9.538 — Start-Proxy Cadence & Coverage Gate (Prompt 38/78),true,cursor/battery-start-proxy-extract-be2f,cursor/battery-start-proxy-cadence-gate-be2f,7e656b638606bce9f22730f2d95bdbc11697b128,c024f4cee394e9b912d20557da4e33bce67aedcf,c024f4cee394e9b912d20557da4e33bce67aedcf,1,10,health,false,true,true,UNKNOWN,EMPTY,292,1013,NO_CONFLICT_REPORTED,NO_CHECKS_REPORTED,ALREADY_IN_MAIN,HIGH,"commit reachability: 1/1 PR commits reachable from origin/main | patch equivalence: NOT_APPLICABLE_ALL_COMMITS_DIRECTLY_REACHABLE; git cherry equivalent=0, unmatched=0, unrepresented=0 | three-dot diff origin/main...head: EMPTY (0 paths) | GitHub target diff: 10 files, +801/-88 | GitHub mergeability: MERGEABLE/CLEAN | branch ancestry: 24 open ancestors, 500 open descendants; base=cursor/battery-start-proxy-extract-be2f | file overlap: 7 paths overlap 559 open PRs",Phase 2: verify representative patch/tree evidence before any close decision.
294,V4.9.539 — Start-Proxy Multi-Measurement Plan (Prompt 39/78),true,cursor/battery-start-proxy-cadence-gate-be2f,cursor/battery-start-proxy-measurements-be2f,c024f4cee394e9b912d20557da4e33bce67aedcf,b704eed7bc8eaf5884dfd5451215d8f363da2c14,b704eed7bc8eaf5884dfd5451215d8f363da2c14,2,13,health,false,true,true,UNKNOWN,EMPTY,293,1013,NO_CONFLICT_REPORTED,NO_CHECKS_REPORTED,ALREADY_IN_MAIN,HIGH,"commit reachability: 2/2 PR commits reachable from origin/main | patch equivalence: NOT_APPLICABLE_ALL_COMMITS_DIRECTLY_REACHABLE; git cherry equivalent=0, unmatched=0, unrepresented=0 | three-dot diff origin/main...head: EMPTY (0 paths) | GitHub target diff: 13 files, +604/-99 | GitHub mergeability: MERGEABLE/CLEAN | branch ancestry: 25 open ancestors, 499 open descendants; base=cursor/battery-start-proxy-cadence-gate-be2f | file overlap: 10 paths overlap 543 open PRs",Phase 2: verify representative patch/tree evidence before any close decision.
295,V4.9.540 — Start-Proxy Diagnostic Wiring (Prompt 40/78),true,cursor/battery-start-proxy-measurements-be2f,cursor/battery-start-proxy-diagnostic-be2f,b704eed7bc8eaf5884dfd5451215d8f363da2c14,94c53f528065a0d7aad28b0dd94206d41c514ef2,94c53f528065a0d7aad28b0dd94206d41c514ef2,1,17,health,false,true,true,UNKNOWN,EMPTY,294,1013,NO_CONFLICT_REPORTED,NO_CHECKS_REPORTED,ALREADY_IN_MAIN,HIGH,"commit reachability: 1/1 PR commits reachable from origin/main | patch equivalence: NOT_APPLICABLE_ALL_COMMITS_DIRECTLY_REACHABLE; git cherry equivalent=0, unmatched=0, unrepresented=0 | three-dot diff origin/main...head: EMPTY (0 paths) | GitHub target diff: 17 files, +812/-8 | GitHub mergeability: MERGEABLE/CLEAN | branch ancestry: 26 open ancestors, 498 open descendants; base=cursor/battery-start-proxy-measurements-be2f | file overlap: 11 paths overlap 568 open PRs",Phase 2: verify representative patch/tree evidence before any close decision.
296,V4.9.541 — LV Evidence Selection Policy (Prompt 41/78),true,cursor/battery-start-proxy-diagnostic-be2f,cursor/battery-lv-evidence-selection-be2f,94c53f528065a0d7aad28b0dd94206d41c514ef2,8326aa39502823857cee955f9ea563b905db463d,8326aa39502823857cee955f9ea563b905db463d,1,6,health,false,true,true,UNKNOWN,EMPTY,295,1013,NO_CONFLICT_REPORTED,NO_CHECKS_REPORTED,ALREADY_IN_MAIN,HIGH,"commit reachability: 1/1 PR commits reachable from origin/main | patch equivalence: NOT_APPLICABLE_ALL_COMMITS_DIRECTLY_REACHABLE; git cherry equivalent=0, unmatched=0, unrepresented=0 | three-dot diff origin/main...head: EMPTY (0 paths) | GitHub target diff: 6 files, +1238/-1 | GitHub mergeability: MERGEABLE/CLEAN | branch ancestry: 27 open ancestors, 497 open descendants; base=cursor/battery-start-proxy-diagnostic-be2f | file overlap: 4 paths overlap 543 open PRs",Phase 2: verify representative patch/tree evidence before any close decision.
297,V4.9.542 — LV Chemistry Assessment Context (Prompt 42/78),true,cursor/battery-lv-evidence-selection-be2f,cursor/battery-lv-chemistry-assessment-be2f,8326aa39502823857cee955f9ea563b905db463d,a71951140ce0deb4b4f6d93a97b4357b7a9275cd,a71951140ce0deb4b4f6d93a97b4357b7a9275cd,1,8,health,false,true,true,UNKNOWN,EMPTY,296,1013,NO_CONFLICT_REPORTED,NO_CHECKS_REPORTED,ALREADY_IN_MAIN,HIGH,"commit reachability: 1/1 PR commits reachable from origin/main | patch equivalence: NOT_APPLICABLE_ALL_COMMITS_DIRECTLY_REACHABLE; git cherry equivalent=0, unmatched=0, unrepresented=0 | three-dot diff origin/main...head: EMPTY (0 paths) | GitHub target diff: 8 files, +752/-32 | GitHub mergeability: MERGEABLE/CLEAN | branch ancestry: 28 open ancestors, 496 open descendants; base=cursor/battery-lv-evidence-selection-be2f | file overlap: 5 paths overlap 543 open PRs",Phase 2: verify representative patch/tree evidence before any close decision.
298,V4.9.543 — LV Estimated Health Assessment (Prompt 43/78),true,cursor/battery-lv-chemistry-assessment-be2f,cursor/battery-lv-estimated-health-assessment-be2f,a71951140ce0deb4b4f6d93a97b4357b7a9275cd,a074783a2405291e394298c13085f6209d607bdc,a074783a2405291e394298c13085f6209d607bdc,1,13,health,false,true,true,UNKNOWN,EMPTY,297,1013,NO_CONFLICT_REPORTED,NO_CHECKS_REPORTED,ALREADY_IN_MAIN,HIGH,"commit reachability: 1/1 PR commits reachable from origin/main | patch equivalence: NOT_APPLICABLE_ALL_COMMITS_DIRECTLY_REACHABLE; git cherry equivalent=0, unmatched=0, unrepresented=0 | three-dot diff origin/main...head: EMPTY (0 paths) | GitHub target diff: 13 files, +1378/-3 | GitHub mergeability: MERGEABLE/CLEAN | branch ancestry: 29 open ancestors, 495 open descendants; base=cursor/battery-lv-chemistry-assessment-be2f | file overlap: 8 paths overlap 556 open PRs",Phase 2: verify representative patch/tree evidence before any close decision.
299,V4.9.544 — LV Battery Health V2 Publication Policy (Prompt 44/78),true,cursor/battery-lv-estimated-health-assessment-be2f,cursor/battery-lv-publication-policy-be2f,a074783a2405291e394298c13085f6209d607bdc,e2e2cb72acdaa33a12bb7003d5d447890abb9457,e2e2cb72acdaa33a12bb7003d5d447890abb9457,1,15,health,false,true,true,UNKNOWN,EMPTY,298,1013,NO_CONFLICT_REPORTED,NO_CHECKS_REPORTED,ALREADY_IN_MAIN,HIGH,"commit reachability: 1/1 PR commits reachable from origin/main | patch equivalence: NOT_APPLICABLE_ALL_COMMITS_DIRECTLY_REACHABLE; git cherry equivalent=0, unmatched=0, unrepresented=0 | three-dot diff origin/main...head: EMPTY (0 paths) | GitHub target diff: 15 files, +1575/-3 | GitHub mergeability: MERGEABLE/CLEAN | branch ancestry: 30 open ancestors, 494 open descendants; base=cursor/battery-lv-estimated-health-assessment-be2f | file overlap: 8 paths overlap 558 open PRs",Phase 2: verify representative patch/tree evidence before any close decision.
300,V4.9.545 — LV Canonical Battery Resolver (Prompt 45/78),true,cursor/battery-lv-publication-policy-be2f,cursor/lv-canonical-battery-resolver-be2f,e2e2cb72acdaa33a12bb7003d5d447890abb9457,be37613414e3271fdf9cdced1d79b852b2cab2db,be37613414e3271fdf9cdced1d79b852b2cab2db,1,10,health,false,true,true,UNKNOWN,EMPTY,299,1013,NO_CONFLICT_REPORTED,NO_CHECKS_REPORTED,ALREADY_IN_MAIN,HIGH,"commit reachability: 1/1 PR commits reachable from origin/main | patch equivalence: NOT_APPLICABLE_ALL_COMMITS_DIRECTLY_REACHABLE; git cherry equivalent=0, unmatched=0, unrepresented=0 | three-dot diff origin/main...head: EMPTY (0 paths) | GitHub target diff: 10 files, +1455/-1 | GitHub mergeability: MERGEABLE/CLEAN | branch ancestry: 31 open ancestors, 493 open descendants; base=cursor/battery-lv-publication-policy-be2f | file overlap: 5 paths overlap 555 open PRs",Phase 2: verify representative patch/tree evidence before any close decision.
301,V4.9.546 — HV Method Profile from Capabilities (Prompt 46/78),true,cursor/lv-canonical-battery-resolver-be2f,cursor/hv-method-profile-be2f,be37613414e3271fdf9cdced1d79b852b2cab2db,899157e4fe0f25823d922e787bceda20d2a66c00,899157e4fe0f25823d922e787bceda20d2a66c00,1,7,health,false,true,true,UNKNOWN,EMPTY,300,1013,NO_CONFLICT_REPORTED,NO_CHECKS_REPORTED,ALREADY_IN_MAIN,HIGH,"commit reachability: 1/1 PR commits reachable from origin/main | patch equivalence: NOT_APPLICABLE_ALL_COMMITS_DIRECTLY_REACHABLE; git cherry equivalent=0, unmatched=0, unrepresented=0 | three-dot diff origin/main...head: EMPTY (0 paths) | GitHub target diff: 7 files, +846/-0 | GitHub mergeability: MERGEABLE/CLEAN | branch ancestry: 32 open ancestors, 492 open descendants; base=cursor/lv-canonical-battery-resolver-be2f | file overlap: 1 paths overlap 63 open PRs",Phase 2: verify representative patch/tree evidence before any close decision.
302,V4.9.547 — DIMO Recharge Segments Client (Prompt 47/78),true,cursor/hv-method-profile-be2f,cursor/dimo-recharge-segments-client-be2f,899157e4fe0f25823d922e787bceda20d2a66c00,79e381069995543136b10914c1b5f5c582ee15e3,79e381069995543136b10914c1b5f5c582ee15e3,1,14,connectivity,false,true,true,UNKNOWN,EMPTY,301,1013,NO_CONFLICT_REPORTED,NO_CHECKS_REPORTED,ALREADY_IN_MAIN,HIGH,"commit reachability: 1/1 PR commits reachable from origin/main | patch equivalence: NOT_APPLICABLE_ALL_COMMITS_DIRECTLY_REACHABLE; git cherry equivalent=0, unmatched=0, unrepresented=0 | three-dot diff origin/main...head: EMPTY (0 paths) | GitHub target diff: 14 files, +1180/-2 | GitHub mergeability: MERGEABLE/CLEAN | branch ancestry: 33 open ancestors, 491 open descendants; base=cursor/hv-method-profile-be2f | file overlap: 4 paths overlap 549 open PRs",Phase 2: verify representative patch/tree evidence before any close decision.
303,V4.9.548 — HV Charge Session Persistence (Prompt 48/78),true,cursor/dimo-recharge-segments-client-be2f,cursor/hv-charge-session-persist-be2f,79e381069995543136b10914c1b5f5c582ee15e3,ac5453bf84ba4ce4c211993595c5d291cbc2d9f6,ac5453bf84ba4ce4c211993595c5d291cbc2d9f6,1,18,cross-cutting,false,true,true,UNKNOWN,EMPTY,302,1013,NO_CONFLICT_REPORTED,NO_CHECKS_REPORTED,ALREADY_IN_MAIN,HIGH,"commit reachability: 1/1 PR commits reachable from origin/main | patch equivalence: NOT_APPLICABLE_ALL_COMMITS_DIRECTLY_REACHABLE; git cherry equivalent=0, unmatched=0, unrepresented=0 | three-dot diff origin/main...head: EMPTY (0 paths) | GitHub target diff: 18 files, +1188/-20 | GitHub mergeability: MERGEABLE/CLEAN | branch ancestry: 34 open ancestors, 490 open descendants; base=cursor/dimo-recharge-segments-client-be2f | file overlap: 16 paths overlap 556 open PRs",Phase 2: verify representative patch/tree evidence before any close decision.
304,V4.9.549 — HV Recharge Session Reconcile (Prompt 49/78),true,cursor/hv-charge-session-persist-be2f,cursor/hv-recharge-session-reconcile-be2f,ac5453bf84ba4ce4c211993595c5d291cbc2d9f6,206818d0fd10d63590702295462ed449550824be,206818d0fd10d63590702295462ed449550824be,1,21,cross-cutting,false,true,true,UNKNOWN,EMPTY,303,1013,NO_CONFLICT_REPORTED,NO_CHECKS_REPORTED,ALREADY_IN_MAIN,HIGH,"commit reachability: 1/1 PR commits reachable from origin/main | patch equivalence: NOT_APPLICABLE_ALL_COMMITS_DIRECTLY_REACHABLE; git cherry equivalent=0, unmatched=0, unrepresented=0 | three-dot diff origin/main...head: EMPTY (0 paths) | GitHub target diff: 21 files, +1037/-108 | GitHub mergeability: MERGEABLE/CLEAN | branch ancestry: 35 open ancestors, 489 open descendants; base=cursor/hv-charge-session-persist-be2f | file overlap: 18 paths overlap 556 open PRs",Phase 2: verify representative patch/tree evidence before any close decision.
305,V4.9.550 — HV Fallback Charge Session Detection (Prompt 50/78),true,cursor/hv-recharge-session-reconcile-be2f,cursor/hv-fallback-charge-session-be2f,206818d0fd10d63590702295462ed449550824be,14d66086c2b7eafa012badb1987af7cd1874567b,14d66086c2b7eafa012badb1987af7cd1874567b,1,21,cross-cutting,false,true,true,UNKNOWN,EMPTY,304,1013,NO_CONFLICT_REPORTED,NO_CHECKS_REPORTED,ALREADY_IN_MAIN,HIGH,"commit reachability: 1/1 PR commits reachable from origin/main | patch equivalence: NOT_APPLICABLE_ALL_COMMITS_DIRECTLY_REACHABLE; git cherry equivalent=0, unmatched=0, unrepresented=0 | three-dot diff origin/main...head: EMPTY (0 paths) | GitHub target diff: 21 files, +1351/-22 | GitHub mergeability: MERGEABLE/CLEAN | branch ancestry: 36 open ancestors, 488 open descendants; base=cursor/hv-recharge-session-reconcile-be2f | file overlap: 16 paths overlap 556 open PRs",Phase 2: verify representative patch/tree evidence before any close decision.
306,feat(battery-v2): central HvChargeSession quality assessment,true,cursor/hv-fallback-charge-session-be2f,cursor/hv-charge-session-quality-be2f,14d66086c2b7eafa012badb1987af7cd1874567b,3820edb15cd09864a7e53cc7473d81f55019cb48,3820edb15cd09864a7e53cc7473d81f55019cb48,1,12,cross-cutting,false,true,true,UNKNOWN,EMPTY,305,1013,NO_CONFLICT_REPORTED,NO_CHECKS_REPORTED,ALREADY_IN_MAIN,HIGH,"commit reachability: 1/1 PR commits reachable from origin/main | patch equivalence: NOT_APPLICABLE_ALL_COMMITS_DIRECTLY_REACHABLE; git cherry equivalent=0, unmatched=0, unrepresented=0 | three-dot diff origin/main...head: EMPTY (0 paths) | GitHub target diff: 12 files, +859/-59 | GitHub mergeability: MERGEABLE/CLEAN | branch ancestry: 37 open ancestors, 487 open descendants; base=cursor/hv-fallback-charge-session-be2f | file overlap: 8 paths overlap 543 open PRs",Phase 2: verify representative patch/tree evidence before any close decision.
307,feat(battery-v2): HV shadow capacity M2 CURRENT_ENERGY_OVER_SOC,true,cursor/hv-charge-session-quality-be2f,cursor/hv-capacity-m2-shadow-be2f,3820edb15cd09864a7e53cc7473d81f55019cb48,c2cb860169526b330d2dfe82dd17ce1d594ecd54,c2cb860169526b330d2dfe82dd17ce1d594ecd54,1,24,cross-cutting,false,true,true,UNKNOWN,EMPTY,306,1013,NO_CONFLICT_REPORTED,NO_CHECKS_REPORTED,ALREADY_IN_MAIN,HIGH,"commit reachability: 1/1 PR commits reachable from origin/main | patch equivalence: NOT_APPLICABLE_ALL_COMMITS_DIRECTLY_REACHABLE; git cherry equivalent=0, unmatched=0, unrepresented=0 | three-dot diff origin/main...head: EMPTY (0 paths) | GitHub target diff: 24 files, +1422/-7 | GitHub mergeability: MERGEABLE/CLEAN | branch ancestry: 38 open ancestors, 486 open descendants; base=cursor/hv-charge-session-quality-be2f | file overlap: 17 paths overlap 568 open PRs",Phase 2: verify representative patch/tree evidence before any close decision.
308,feat(battery-v2): robust M2 session capacity summary aggregation,true,cursor/hv-capacity-m2-shadow-be2f,cursor/hv-capacity-session-summary-be2f,c2cb860169526b330d2dfe82dd17ce1d594ecd54,cc29183e9faa191f38dfe74d73d8cb45c733047f,cc29183e9faa191f38dfe74d73d8cb45c733047f,1,17,cross-cutting,false,true,true,UNKNOWN,EMPTY,307,1013,NO_CONFLICT_REPORTED,NO_CHECKS_REPORTED,ALREADY_IN_MAIN,HIGH,"commit reachability: 1/1 PR commits reachable from origin/main | patch equivalence: NOT_APPLICABLE_ALL_COMMITS_DIRECTLY_REACHABLE; git cherry equivalent=0, unmatched=0, unrepresented=0 | three-dot diff origin/main...head: EMPTY (0 paths) | GitHub target diff: 17 files, +954/-70 | GitHub mergeability: MERGEABLE/CLEAN | branch ancestry: 39 open ancestors, 485 open descendants; base=cursor/hv-capacity-m2-shadow-be2f | file overlap: 11 paths overlap 556 open PRs",Phase 2: verify representative patch/tree evidence before any close decision.
309,V4.9.554 — HV M3 Validation SEGMENT_ADDED_ENERGY_OVER_SOC (Prompt 54/78),true,cursor/hv-capacity-session-summary-be2f,cursor/hv-capacity-m3-validation-be2f,cc29183e9faa191f38dfe74d73d8cb45c733047f,d182d961a24a286a0d6a5d2e3ee38463b60a5604,d182d961a24a286a0d6a5d2e3ee38463b60a5604,1,20,health,false,true,true,UNKNOWN,EMPTY,308,1013,NO_CONFLICT_REPORTED,NO_CHECKS_REPORTED,ALREADY_IN_MAIN,HIGH,"commit reachability: 1/1 PR commits reachable from origin/main | patch equivalence: NOT_APPLICABLE_ALL_COMMITS_DIRECTLY_REACHABLE; git cherry equivalent=0, unmatched=0, unrepresented=0 | three-dot diff origin/main...head: EMPTY (0 paths) | GitHub target diff: 20 files, +1081/-5 | GitHub mergeability: MERGEABLE/CLEAN | branch ancestry: 40 open ancestors, 484 open descendants; base=cursor/hv-capacity-session-summary-be2f | file overlap: 12 paths overlap 568 open PRs",Phase 2: verify representative patch/tree evidence before any close decision.
310,V4.9.555 — HV Cross-Session Shadow BatteryAssessment (Prompt 55/78),true,cursor/hv-capacity-m3-validation-be2f,cursor/hv-capacity-cross-session-assessment-be2f,d182d961a24a286a0d6a5d2e3ee38463b60a5604,b8ac1203e252e660a4942114f9990d83f15ee415,b8ac1203e252e660a4942114f9990d83f15ee415,1,16,cross-cutting,false,true,true,UNKNOWN,EMPTY,309,1013,NO_CONFLICT_REPORTED,NO_CHECKS_REPORTED,ALREADY_IN_MAIN,HIGH,"commit reachability: 1/1 PR commits reachable from origin/main | patch equivalence: NOT_APPLICABLE_ALL_COMMITS_DIRECTLY_REACHABLE; git cherry equivalent=0, unmatched=0, unrepresented=0 | three-dot diff origin/main...head: EMPTY (0 paths) | GitHub target diff: 16 files, +1182/-1 | GitHub mergeability: MERGEABLE/CLEAN | branch ancestry: 41 open ancestors, 483 open descendants; base=cursor/hv-capacity-m3-validation-be2f | file overlap: 13 paths overlap 556 open PRs",Phase 2: verify representative patch/tree evidence before any close decision.
311,V4.9.556 — VehicleBatteryReferenceCapacity Service + API (Prompt 56/78),true,cursor/hv-capacity-cross-session-assessment-be2f,cursor/vehicle-battery-reference-capacity-be2f,b8ac1203e252e660a4942114f9990d83f15ee415,e6034baac7450f43956032b4900ea01ce7a7316e,e6034baac7450f43956032b4900ea01ce7a7316e,1,15,health,false,true,true,UNKNOWN,EMPTY,310,1013,NO_CONFLICT_REPORTED,NO_CHECKS_REPORTED,ALREADY_IN_MAIN,HIGH,"commit reachability: 1/1 PR commits reachable from origin/main | patch equivalence: NOT_APPLICABLE_ALL_COMMITS_DIRECTLY_REACHABLE; git cherry equivalent=0, unmatched=0, unrepresented=0 | three-dot diff origin/main...head: EMPTY (0 paths) | GitHub target diff: 15 files, +1205/-2 | GitHub mergeability: MERGEABLE/CLEAN | branch ancestry: 42 open ancestors, 482 open descendants; base=cursor/hv-capacity-cross-session-assessment-be2f | file overlap: 7 paths overlap 568 open PRs",Phase 2: verify representative patch/tree evidence before any close decision.
312,"Battery Health V2 — deployment runbook, retention, ops, diagnostic (P71–72)",true,cursor/vehicle-battery-reference-capacity-be2f,cursor/hv-soh-gate-policy-be2f,e6034baac7450f43956032b4900ea01ce7a7316e,dc0ef2efa140a4db44c73fc80dce8397c22537a9,dc0ef2efa140a4db44c73fc80dce8397c22537a9,19,202,cross-cutting,false,true,true,UNKNOWN,EMPTY,311,1013,NO_CONFLICT_REPORTED,NO_CHECKS_REPORTED,ALREADY_IN_MAIN,HIGH,"commit reachability: 19/19 PR commits reachable from origin/main | patch equivalence: NOT_APPLICABLE_ALL_COMMITS_DIRECTLY_REACHABLE; git cherry equivalent=0, unmatched=0, unrepresented=0 | three-dot diff origin/main...head: EMPTY (0 paths) | GitHub target diff: 202 files, +23102/-1911 | GitHub mergeability: MERGEABLE/CLEAN | branch ancestry: 43 open ancestors, 481 open descendants; base=cursor/vehicle-battery-reference-capacity-be2f | file overlap: 73 paths overlap 580 open PRs",Phase 2: verify representative patch/tree evidence before any close decision.
313,Driving Intelligence V2 P5: Fahrzeugbelastung vs. Fahrverhalten getrennt,true,main,cursor/vehicle-load-conduct-separation-c2c2,59b0e9e10656f48f69eab0966230221954271379,76a6d686b1f508f134f0f29f3d79694c76313c45,59b0e9e10656f48f69eab0966230221954271379,1,18,cross-cutting,true,true,false,false,NON_EMPTY,258,318,CONFLICTING,NO_CHECKS_REPORTED,STACKED,HIGH,"commit reachability: 0/1 PR commits reachable from origin/main | patch equivalence: GIT_CHERRY_HAS_UNMATCHED_PATCHES; git cherry equivalent=0, unmatched=1, unrepresented=0 | three-dot diff origin/main...head: NON_EMPTY (18 paths) | GitHub target diff: 18 files, +142/-75 | GitHub mergeability: CONFLICTING/DIRTY | branch ancestry: 9 open ancestors, 5 open descendants; base=main | file overlap: 18 paths overlap 564 open PRs","Phase 2: review the cumulative stack tip first, then evaluate ancestors without treating ancestry as duplication."
314,Driving Intelligence V2 P6: PRUEFHINWEIS Reason-Kategorien,true,main,cursor/pruefhinweis-reason-categories-c2c2,59b0e9e10656f48f69eab0966230221954271379,198c8e22e090ce337fdcb72545070d917082f2e4,59b0e9e10656f48f69eab0966230221954271379,2,24,cross-cutting,true,true,false,false,NON_EMPTY,313,318,CONFLICTING,NO_CHECKS_REPORTED,STACKED,HIGH,"commit reachability: 0/2 PR commits reachable from origin/main | patch equivalence: GIT_CHERRY_HAS_UNMATCHED_PATCHES; git cherry equivalent=0, unmatched=2, unrepresented=0 | three-dot diff origin/main...head: NON_EMPTY (24 paths) | GitHub target diff: 24 files, +593/-101 | GitHub mergeability: CONFLICTING/DIRTY | branch ancestry: 10 open ancestors, 4 open descendants; base=main | file overlap: 24 paths overlap 564 open PRs","Phase 2: review the cumulative stack tip first, then evaluate ancestors without treating ancestry as duplication."
315,Driving Intelligence V2 P7 — TripAnalysisStatusResolver,true,main,cursor/trip-analysis-status-resolver-c2c2,59b0e9e10656f48f69eab0966230221954271379,1d3ccdd3feab5cfb05580e94ec11fe4441a54478,59b0e9e10656f48f69eab0966230221954271379,3,29,cross-cutting,true,true,false,false,NON_EMPTY,314,318,CONFLICTING,NO_CHECKS_REPORTED,STACKED,HIGH,"commit reachability: 0/3 PR commits reachable from origin/main | patch equivalence: GIT_CHERRY_HAS_UNMATCHED_PATCHES; git cherry equivalent=0, unmatched=3, unrepresented=0 | three-dot diff origin/main...head: NON_EMPTY (29 paths) | GitHub target diff: 29 files, +1341/-162 | GitHub mergeability: CONFLICTING/DIRTY | branch ancestry: 11 open ancestors, 3 open descendants; base=main | file overlap: 29 paths overlap 564 open PRs","Phase 2: review the cumulative stack tip first, then evaluate ancestors without treating ancestry as duplication."
316,Driving Intelligence V2 P8 — Driving-Impact Status-Sync,true,main,cursor/driving-impact-status-sync-c2c2,59b0e9e10656f48f69eab0966230221954271379,6ab6a324e5e5d5b6c30cad28e6bd1de027e894e0,59b0e9e10656f48f69eab0966230221954271379,4,43,cross-cutting,true,true,false,false,NON_EMPTY,315,318,CONFLICTING,NO_CHECKS_REPORTED,STACKED,HIGH,"commit reachability: 0/4 PR commits reachable from origin/main | patch equivalence: GIT_CHERRY_HAS_UNMATCHED_PATCHES; git cherry equivalent=0, unmatched=4, unrepresented=0 | three-dot diff origin/main...head: NON_EMPTY (43 paths) | GitHub target diff: 43 files, +2424/-314 | GitHub mergeability: CONFLICTING/DIRTY | branch ancestry: 12 open ancestors, 2 open descendants; base=main | file overlap: 43 paths overlap 580 open PRs","Phase 2: review the cumulative stack tip first, then evaluate ancestors without treating ancestry as duplication."
317,Driving Intelligence V2 P9 — Partial Stage Preservation,true,main,cursor/trip-analysis-partial-stages-c2c2,59b0e9e10656f48f69eab0966230221954271379,5383068a99334e9ea725505bee48b3aec28cedb9,59b0e9e10656f48f69eab0966230221954271379,5,46,cross-cutting,true,true,false,false,NON_EMPTY,316,318,CONFLICTING,NO_CHECKS_REPORTED,STACKED,HIGH,"commit reachability: 0/5 PR commits reachable from origin/main | patch equivalence: GIT_CHERRY_HAS_UNMATCHED_PATCHES; git cherry equivalent=0, unmatched=5, unrepresented=0 | three-dot diff origin/main...head: NON_EMPTY (46 paths) | GitHub target diff: 46 files, +2927/-440 | GitHub mergeability: CONFLICTING/DIRTY | branch ancestry: 13 open ancestors, 1 open descendants; base=main | file overlap: 46 paths overlap 580 open PRs","Phase 2: review the cumulative stack tip first, then evaluate ancestors without treating ancestry as duplication."
318,Driving Intelligence V2 P10 — Legacy Score Deprecation,true,main,cursor/legacy-score-deprecation-c2c2,59b0e9e10656f48f69eab0966230221954271379,77e7a8e5a5a9c684f9b27a74718fbe48959c02ad,59b0e9e10656f48f69eab0966230221954271379,6,57,cross-cutting,true,true,false,false,NON_EMPTY,317,318,CONFLICTING,NO_CHECKS_REPORTED,CUMULATIVE_STACK_TIP,HIGH,"commit reachability: 0/6 PR commits reachable from origin/main | patch equivalence: GIT_CHERRY_HAS_UNMATCHED_PATCHES; git cherry equivalent=0, unmatched=6, unrepresented=0 | three-dot diff origin/main...head: NON_EMPTY (57 paths) | GitHub target diff: 57 files, +3202/-492 | GitHub mergeability: CONFLICTING/DIRTY | branch ancestry: 14 open ancestors, 0 open descendants; base=main | file overlap: 52 paths overlap 580 open PRs","Phase 2: review the cumulative stack tip first, then evaluate ancestors without treating ancestry as duplication."
322,feat(driving-intelligence-v2): TripAssessability model and domain policy (P14),true,cursor/vehicle-driving-capability-c2c2,cursor/trip-assessability-c2c2,273e3b456ed01ef4d9efff9f35b334bd5527b7ce,b89cb30249781dc46721d7b5395b05831b56ccd4,b89cb30249781dc46721d7b5395b05831b56ccd4,1,12,trips,false,true,true,UNKNOWN,EMPTY,258,1013,NO_CONFLICT_REPORTED,NO_CHECKS_REPORTED,ALREADY_IN_MAIN,HIGH,"commit reachability: 1/1 PR commits reachable from origin/main | patch equivalence: NOT_APPLICABLE_ALL_COMMITS_DIRECTLY_REACHABLE; git cherry equivalent=0, unmatched=0, unrepresented=0 | three-dot diff origin/main...head: EMPTY (0 paths) | GitHub target diff: 12 files, +1316/-1 | GitHub mergeability: MERGEABLE/CLEAN | branch ancestry: 9 open ancestors, 523 open descendants; base=cursor/vehicle-driving-capability-c2c2 | file overlap: 9 paths overlap 568 open PRs",Phase 2: verify representative patch/tree evidence before any close decision.
323,feat(driving-intelligence-v2): DrivingEvidence contract and immutable store (P15),true,cursor/trip-assessability-c2c2,cursor/driving-evidence-c2c2,b89cb30249781dc46721d7b5395b05831b56ccd4,2e1ee3ae0a5426414ff4460455692311158ca00b,b89cb30249781dc46721d7b5395b05831b56ccd4,1,9,infrastructure,false,true,false,false,NON_EMPTY,322,323,NO_CONFLICT_REPORTED,NO_CHECKS_REPORTED,CUMULATIVE_STACK_TIP,HIGH,"commit reachability: 0/1 PR commits reachable from origin/main | patch equivalence: GIT_CHERRY_HAS_UNMATCHED_PATCHES; git cherry equivalent=0, unmatched=1, unrepresented=0 | three-dot diff origin/main...head: NON_EMPTY (9 paths) | GitHub target diff: 9 files, +772/-9 | GitHub mergeability: MERGEABLE/CLEAN | branch ancestry: 10 open ancestors, 0 open descendants; base=cursor/trip-assessability-c2c2 | file overlap: 9 paths overlap 282 open PRs","Phase 2: review the cumulative stack tip first, then evaluate ancestors without treating ancestry as duplication."
324,feat(driving-intelligence-v2): deterministic DrivingAnalysisRun (P16),true,cursor/driving-evidence-c2c2,cursor/driving-analysis-run-c2c2,2e1ee3ae0a5426414ff4460455692311158ca00b,3b9012e66bd66d611591048ac5ded01cfd8d23b1,3b9012e66bd66d611591048ac5ded01cfd8d23b1,2,19,trips,false,true,true,UNKNOWN,EMPTY,323,1013,CONFLICTING,NO_CHECKS_REPORTED,ALREADY_IN_MAIN,HIGH,"commit reachability: 2/2 PR commits reachable from origin/main | patch equivalence: NOT_APPLICABLE_ALL_COMMITS_DIRECTLY_REACHABLE; git cherry equivalent=0, unmatched=0, unrepresented=0 | three-dot diff origin/main...head: EMPTY (0 paths) | GitHub target diff: 19 files, +1623/-13 | GitHub mergeability: CONFLICTING/DIRTY | branch ancestry: 10 open ancestors, 521 open descendants; base=cursor/driving-evidence-c2c2 | file overlap: 13 paths overlap 568 open PRs",Phase 2: verify representative patch/tree evidence before any close decision.
325,docs(driving-intelligence-v2): job callsite matrix audit (P17),true,cursor/driving-analysis-run-c2c2,cursor/driving-v2-job-callsite-matrix-c2c2,3b9012e66bd66d611591048ac5ded01cfd8d23b1,4bcaf570dadd1f1378845804b869d2463c11ca9c,4bcaf570dadd1f1378845804b869d2463c11ca9c,1,1,documentation,false,true,true,UNKNOWN,EMPTY,324,1013,NO_CONFLICT_REPORTED,NO_CHECKS_REPORTED,ALREADY_IN_MAIN,HIGH,"commit reachability: 1/1 PR commits reachable from origin/main | patch equivalence: NOT_APPLICABLE_ALL_COMMITS_DIRECTLY_REACHABLE; git cherry equivalent=0, unmatched=0, unrepresented=0 | three-dot diff origin/main...head: EMPTY (0 paths) | GitHub target diff: 1 files, +280/-0 | GitHub mergeability: MERGEABLE/CLEAN | branch ancestry: 11 open ancestors, 520 open descendants; base=cursor/driving-analysis-run-c2c2 | all 1 changed files are documentation paths",Phase 2: verify representative patch/tree evidence before any close decision.
326,Driving Intelligence V2 P18 — Typed persistent job types,true,cursor/driving-v2-job-callsite-matrix-c2c2,cursor/driving-v2-typed-jobs-c2c2,4bcaf570dadd1f1378845804b869d2463c11ca9c,02c6e76d5f327a20e1d6c1d17b64bddc92b71a10,02c6e76d5f327a20e1d6c1d17b64bddc92b71a10,1,19,trips,false,true,true,UNKNOWN,EMPTY,325,1013,NO_CONFLICT_REPORTED,NO_CHECKS_REPORTED,ALREADY_IN_MAIN,HIGH,"commit reachability: 1/1 PR commits reachable from origin/main | patch equivalence: NOT_APPLICABLE_ALL_COMMITS_DIRECTLY_REACHABLE; git cherry equivalent=0, unmatched=0, unrepresented=0 | three-dot diff origin/main...head: EMPTY (0 paths) | GitHub target diff: 19 files, +1163/-33 | GitHub mergeability: MERGEABLE/CLEAN | branch ancestry: 12 open ancestors, 519 open descendants; base=cursor/driving-v2-job-callsite-matrix-c2c2 | file overlap: 14 paths overlap 568 open PRs",Phase 2: verify representative patch/tree evidence before any close decision.
327,Driving Intelligence V2 P19 — Trip analysis init after finalize,true,cursor/driving-v2-typed-jobs-c2c2,cursor/driving-v2-trip-analysis-init-c2c2,02c6e76d5f327a20e1d6c1d17b64bddc92b71a10,5c9124a23ac6b9e0fa84a0d224511a05bb398625,5c9124a23ac6b9e0fa84a0d224511a05bb398625,1,10,trips,false,true,true,UNKNOWN,EMPTY,326,1013,NO_CONFLICT_REPORTED,NO_CHECKS_REPORTED,ALREADY_IN_MAIN,HIGH,"commit reachability: 1/1 PR commits reachable from origin/main | patch equivalence: NOT_APPLICABLE_ALL_COMMITS_DIRECTLY_REACHABLE; git cherry equivalent=0, unmatched=0, unrepresented=0 | three-dot diff origin/main...head: EMPTY (0 paths) | GitHub target diff: 10 files, +682/-3 | GitHub mergeability: MERGEABLE/CLEAN | branch ancestry: 13 open ancestors, 518 open descendants; base=cursor/driving-v2-typed-jobs-c2c2 | file overlap: 9 paths overlap 555 open PRs",Phase 2: verify representative patch/tree evidence before any close decision.
328,"Driving Intelligence V2 P20 — Job retry, dead-letter & reconciliation",true,cursor/driving-v2-trip-analysis-init-c2c2,cursor/driving-v2-job-retry-reconciliation-c2c2,5c9124a23ac6b9e0fa84a0d224511a05bb398625,05a6a2ebbc5924e8d4e823cb43be513e6e88816a,05a6a2ebbc5924e8d4e823cb43be513e6e88816a,1,21,trips,false,true,true,UNKNOWN,EMPTY,327,1013,NO_CONFLICT_REPORTED,NO_CHECKS_REPORTED,ALREADY_IN_MAIN,HIGH,"commit reachability: 1/1 PR commits reachable from origin/main | patch equivalence: NOT_APPLICABLE_ALL_COMMITS_DIRECTLY_REACHABLE; git cherry equivalent=0, unmatched=0, unrepresented=0 | three-dot diff origin/main...head: EMPTY (0 paths) | GitHub target diff: 21 files, +1292/-19 | GitHub mergeability: MERGEABLE/CLEAN | branch ancestry: 14 open ancestors, 517 open descendants; base=cursor/driving-v2-trip-analysis-init-c2c2 | file overlap: 14 paths overlap 568 open PRs",Phase 2: verify representative patch/tree evidence before any close decision.
329,Driving Intelligence V2 P21 — Stage orchestration on Run / Fingerprint,true,cursor/driving-v2-job-retry-reconciliation-c2c2,cursor/driving-v2-stage-orchestration-c2c2,05a6a2ebbc5924e8d4e823cb43be513e6e88816a,f8e065004fc3b7066a3043e72903e5a46d57a385,f8e065004fc3b7066a3043e72903e5a46d57a385,1,21,cross-cutting,false,true,true,UNKNOWN,EMPTY,328,1013,NO_CONFLICT_REPORTED,NO_CHECKS_REPORTED,ALREADY_IN_MAIN,HIGH,"commit reachability: 1/1 PR commits reachable from origin/main | patch equivalence: NOT_APPLICABLE_ALL_COMMITS_DIRECTLY_REACHABLE; git cherry equivalent=0, unmatched=0, unrepresented=0 | three-dot diff origin/main...head: EMPTY (0 paths) | GitHub target diff: 21 files, +1420/-22 | GitHub mergeability: MERGEABLE/CLEAN | branch ancestry: 15 open ancestors, 516 open descendants; base=cursor/driving-v2-job-retry-reconciliation-c2c2 | file overlap: 11 paths overlap 568 open PRs",Phase 2: verify representative patch/tree evidence before any close decision.
330,Driving Intelligence V2 P22 — ClickHouse outage hardening for trip analysis,true,cursor/driving-v2-stage-orchestration-c2c2,cursor/driving-v2-clickhouse-hardening-c2c2,f8e065004fc3b7066a3043e72903e5a46d57a385,77401ab3eca4fa41bcd463783114ecdec71d54f5,77401ab3eca4fa41bcd463783114ecdec71d54f5,1,27,cross-cutting,false,true,true,UNKNOWN,EMPTY,329,1013,NO_CONFLICT_REPORTED,NO_CHECKS_REPORTED,ALREADY_IN_MAIN,HIGH,"commit reachability: 1/1 PR commits reachable from origin/main | patch equivalence: NOT_APPLICABLE_ALL_COMMITS_DIRECTLY_REACHABLE; git cherry equivalent=0, unmatched=0, unrepresented=0 | three-dot diff origin/main...head: EMPTY (0 paths) | GitHub target diff: 27 files, +1067/-35 | GitHub mergeability: MERGEABLE/CLEAN | branch ancestry: 16 open ancestors, 515 open descendants; base=cursor/driving-v2-stage-orchestration-c2c2 | file overlap: 16 paths overlap 547 open PRs",Phase 2: verify representative patch/tree evidence before any close decision.
331,Driving Intelligence V2 P23 — central versioned DIMO native event mapper,true,cursor/driving-v2-clickhouse-hardening-c2c2,cursor/driving-v2-dimo-native-event-mapper-c2c2,77401ab3eca4fa41bcd463783114ecdec71d54f5,144ea9ef1b4888a74a3305078a2dc3b2d692734f,144ea9ef1b4888a74a3305078a2dc3b2d692734f,1,14,cross-cutting,false,true,true,UNKNOWN,EMPTY,330,1013,NO_CONFLICT_REPORTED,NO_CHECKS_REPORTED,ALREADY_IN_MAIN,HIGH,"commit reachability: 1/1 PR commits reachable from origin/main | patch equivalence: NOT_APPLICABLE_ALL_COMMITS_DIRECTLY_REACHABLE; git cherry equivalent=0, unmatched=0, unrepresented=0 | three-dot diff origin/main...head: EMPTY (0 paths) | GitHub target diff: 14 files, +546/-91 | GitHub mergeability: MERGEABLE/CLEAN | branch ancestry: 17 open ancestors, 514 open descendants; base=cursor/driving-v2-clickhouse-hardening-c2c2 | file overlap: 7 paths overlap 559 open PRs",Phase 2: verify representative patch/tree evidence before any close decision.
332,Driving Intelligence V2 P24 — deterministic identity for native DIMO events,true,cursor/driving-v2-dimo-native-event-mapper-c2c2,cursor/driving-v2-dimo-native-event-identity-c2c2,144ea9ef1b4888a74a3305078a2dc3b2d692734f,07bf0bb6004b5dd73ea8b11117eccb75f0471096,07bf0bb6004b5dd73ea8b11117eccb75f0471096,1,11,cross-cutting,false,true,true,UNKNOWN,EMPTY,331,1013,NO_CONFLICT_REPORTED,NO_CHECKS_REPORTED,ALREADY_IN_MAIN,HIGH,"commit reachability: 1/1 PR commits reachable from origin/main | patch equivalence: NOT_APPLICABLE_ALL_COMMITS_DIRECTLY_REACHABLE; git cherry equivalent=0, unmatched=0, unrepresented=0 | three-dot diff origin/main...head: EMPTY (0 paths) | GitHub target diff: 11 files, +748/-79 | GitHub mergeability: MERGEABLE/CLEAN | branch ancestry: 18 open ancestors, 513 open descendants; base=cursor/driving-v2-dimo-native-event-mapper-c2c2 | file overlap: 5 paths overlap 283 open PRs",Phase 2: verify representative patch/tree evidence before any close decision.
334,Driving Intelligence V2 P25 — preserve native EXTREME acceleration classification,true,cursor/driving-v2-dimo-native-event-identity-c2c2,cursor/driving-v2-extreme-accel-classification-c2c2,07bf0bb6004b5dd73ea8b11117eccb75f0471096,62c3f380137d714c4986553804f9ddf439dbc506,62c3f380137d714c4986553804f9ddf439dbc506,1,9,cross-cutting,false,true,true,UNKNOWN,EMPTY,332,1013,NO_CONFLICT_REPORTED,NO_CHECKS_REPORTED,ALREADY_IN_MAIN,HIGH,"commit reachability: 1/1 PR commits reachable from origin/main | patch equivalence: NOT_APPLICABLE_ALL_COMMITS_DIRECTLY_REACHABLE; git cherry equivalent=0, unmatched=0, unrepresented=0 | three-dot diff origin/main...head: EMPTY (0 paths) | GitHub target diff: 9 files, +478/-12 | GitHub mergeability: MERGEABLE/CLEAN | branch ancestry: 19 open ancestors, 512 open descendants; base=cursor/driving-v2-dimo-native-event-identity-c2c2 | file overlap: 7 paths overlap 545 open PRs",Phase 2: verify representative patch/tree evidence before any close decision.
335,Driving Intelligence V2 P26 — Event Context via DRIVING_EVENT_CONTEXT_ENRICH jobs,true,cursor/driving-v2-extreme-accel-classification-c2c2,cursor/driving-v2-event-context-enrich-job-c2c2,62c3f380137d714c4986553804f9ddf439dbc506,a1fe7022ce39561b4924b35bac67830f4fa5fa70,a1fe7022ce39561b4924b35bac67830f4fa5fa70,1,25,cross-cutting,false,true,true,UNKNOWN,EMPTY,334,1013,NO_CONFLICT_REPORTED,NO_CHECKS_REPORTED,ALREADY_IN_MAIN,HIGH,"commit reachability: 1/1 PR commits reachable from origin/main | patch equivalence: NOT_APPLICABLE_ALL_COMMITS_DIRECTLY_REACHABLE; git cherry equivalent=0, unmatched=0, unrepresented=0 | three-dot diff origin/main...head: EMPTY (0 paths) | GitHub target diff: 25 files, +1265/-335 | GitHub mergeability: MERGEABLE/CLEAN | branch ancestry: 20 open ancestors, 511 open descendants; base=cursor/driving-v2-extreme-accel-classification-c2c2 | file overlap: 13 paths overlap 566 open PRs",Phase 2: verify representative patch/tree evidence before any close decision.
336,Driving Intelligence V2 P27 — traceable Event Context quality metadata,true,cursor/driving-v2-event-context-enrich-job-c2c2,cursor/driving-v2-event-context-quality-c2c2,a1fe7022ce39561b4924b35bac67830f4fa5fa70,0bfa1367d26ffb06d0693afd6d332d4caa2637d2,0bfa1367d26ffb06d0693afd6d332d4caa2637d2,1,12,trips,false,true,true,UNKNOWN,EMPTY,335,1013,NO_CONFLICT_REPORTED,NO_CHECKS_REPORTED,ALREADY_IN_MAIN,HIGH,"commit reachability: 1/1 PR commits reachable from origin/main | patch equivalence: NOT_APPLICABLE_ALL_COMMITS_DIRECTLY_REACHABLE; git cherry equivalent=0, unmatched=0, unrepresented=0 | three-dot diff origin/main...head: EMPTY (0 paths) | GitHub target diff: 12 files, +645/-8 | GitHub mergeability: MERGEABLE/CLEAN | branch ancestry: 21 open ancestors, 510 open descendants; base=cursor/driving-v2-event-context-enrich-job-c2c2 | file overlap: 8 paths overlap 562 open PRs",Phase 2: verify representative patch/tree evidence before any close decision.
337,Driving Intelligence V2 P28 — canonical Provider Collision / Impact Proxy / Inspection path,true,cursor/driving-v2-event-context-quality-c2c2,cursor/driving-v2-damage-incident-canonical-c2c2,0bfa1367d26ffb06d0693afd6d332d4caa2637d2,f38d9f2a71dfa7d90c53b43456a675411afb9bc2,f38d9f2a71dfa7d90c53b43456a675411afb9bc2,1,8,trips,false,true,true,UNKNOWN,EMPTY,336,1013,NO_CONFLICT_REPORTED,NO_CHECKS_REPORTED,ALREADY_IN_MAIN,HIGH,"commit reachability: 1/1 PR commits reachable from origin/main | patch equivalence: NOT_APPLICABLE_ALL_COMMITS_DIRECTLY_REACHABLE; git cherry equivalent=0, unmatched=0, unrepresented=0 | three-dot diff origin/main...head: EMPTY (0 paths) | GitHub target diff: 8 files, +835/-89 | GitHub mergeability: MERGEABLE/CLEAN | branch ancestry: 22 open ancestors, 509 open descendants; base=cursor/driving-v2-event-context-quality-c2c2 | file overlap: 4 paths overlap 543 open PRs",Phase 2: verify representative patch/tree evidence before any close decision.
338,Driving Intelligence V2 P29 — DIMO Available-Signals Preflight,true,cursor/driving-v2-damage-incident-canonical-c2c2,cursor/driving-v2-dimo-signals-preflight-c2c2,f38d9f2a71dfa7d90c53b43456a675411afb9bc2,895ba551f4bae9d5d1211cc7efd07bdd36f2ae64,895ba551f4bae9d5d1211cc7efd07bdd36f2ae64,1,14,cross-cutting,false,true,true,UNKNOWN,EMPTY,337,1013,NO_CONFLICT_REPORTED,NO_CHECKS_REPORTED,ALREADY_IN_MAIN,HIGH,"commit reachability: 1/1 PR commits reachable from origin/main | patch equivalence: NOT_APPLICABLE_ALL_COMMITS_DIRECTLY_REACHABLE; git cherry equivalent=0, unmatched=0, unrepresented=0 | three-dot diff origin/main...head: EMPTY (0 paths) | GitHub target diff: 14 files, +1061/-1 | GitHub mergeability: MERGEABLE/CLEAN | branch ancestry: 23 open ancestors, 508 open descendants; base=cursor/driving-v2-damage-incident-canonical-c2c2 | file overlap: 7 paths overlap 555 open PRs",Phase 2: verify representative patch/tree evidence before any close decision.
339,Driving Intelligence V2 P30 — canonical DIMO signal mapping,true,cursor/driving-v2-dimo-signals-preflight-c2c2,cursor/driving-v2-canonical-signal-mapping-c2c2,895ba551f4bae9d5d1211cc7efd07bdd36f2ae64,76ed53d2942fceddc43a7a11c126bd0002ce1728,76ed53d2942fceddc43a7a11c126bd0002ce1728,1,7,unknown,false,true,true,UNKNOWN,EMPTY,338,1013,NO_CONFLICT_REPORTED,NO_CHECKS_REPORTED,ALREADY_IN_MAIN,HIGH,"commit reachability: 1/1 PR commits reachable from origin/main | patch equivalence: NOT_APPLICABLE_ALL_COMMITS_DIRECTLY_REACHABLE; git cherry equivalent=0, unmatched=0, unrepresented=0 | three-dot diff origin/main...head: EMPTY (0 paths) | GitHub target diff: 7 files, +791/-0 | GitHub mergeability: MERGEABLE/CLEAN | branch ancestry: 24 open ancestors, 507 open descendants; base=cursor/driving-v2-dimo-signals-preflight-c2c2 | file overlap: 7 paths overlap 544 open PRs",Phase 2: verify representative patch/tree evidence before any close decision.
340,Driving Intelligence V2 P31 — chassis signal domain (transmission/brake/wheel),true,cursor/driving-v2-canonical-signal-mapping-c2c2,cursor/driving-v2-chassis-signal-mapping-c2c2,76ed53d2942fceddc43a7a11c126bd0002ce1728,0329182a121dcdf784165d59dcfe6e62d80a2a49,0329182a121dcdf784165d59dcfe6e62d80a2a49,1,9,unknown,false,true,true,UNKNOWN,EMPTY,339,1013,NO_CONFLICT_REPORTED,NO_CHECKS_REPORTED,ALREADY_IN_MAIN,HIGH,"commit reachability: 1/1 PR commits reachable from origin/main | patch equivalence: NOT_APPLICABLE_ALL_COMMITS_DIRECTLY_REACHABLE; git cherry equivalent=0, unmatched=0, unrepresented=0 | three-dot diff origin/main...head: EMPTY (0 paths) | GitHub target diff: 9 files, +728/-9 | GitHub mergeability: MERGEABLE/CLEAN | branch ancestry: 25 open ancestors, 506 open descendants; base=cursor/driving-v2-canonical-signal-mapping-c2c2 | file overlap: 5 paths overlap 1 open PRs",Phase 2: verify representative patch/tree evidence before any close decision.
341,feat(driving-v2): central detector capability resolver per vehicle (P32),true,cursor/driving-v2-chassis-signal-mapping-c2c2,cursor/driving-v2-detector-capability-resolver-c2c2,0329182a121dcdf784165d59dcfe6e62d80a2a49,ffb6181272c2af4377494716824417157a20ccf3,ffb6181272c2af4377494716824417157a20ccf3,1,13,trips,false,true,true,UNKNOWN,EMPTY,340,1013,NO_CONFLICT_REPORTED,NO_CHECKS_REPORTED,ALREADY_IN_MAIN,HIGH,"commit reachability: 1/1 PR commits reachable from origin/main | patch equivalence: NOT_APPLICABLE_ALL_COMMITS_DIRECTLY_REACHABLE; git cherry equivalent=0, unmatched=0, unrepresented=0 | three-dot diff origin/main...head: EMPTY (0 paths) | GitHub target diff: 13 files, +1144/-2 | GitHub mergeability: MERGEABLE/CLEAN | branch ancestry: 26 open ancestors, 505 open descendants; base=cursor/driving-v2-chassis-signal-mapping-c2c2 | file overlap: 5 paths overlap 555 open PRs",Phase 2: verify representative patch/tree evidence before any close decision.
342,feat(driving-v2): post-trip DIMO segment validation service (P33),true,cursor/driving-v2-detector-capability-resolver-c2c2,cursor/driving-v2-dimo-segment-validation-c2c2,ffb6181272c2af4377494716824417157a20ccf3,5b931efe5dddc83ad4f17c263686e33d121f5dd3,5b931efe5dddc83ad4f17c263686e33d121f5dd3,1,19,cross-cutting,false,true,true,UNKNOWN,EMPTY,341,1013,NO_CONFLICT_REPORTED,NO_CHECKS_REPORTED,ALREADY_IN_MAIN,HIGH,"commit reachability: 1/1 PR commits reachable from origin/main | patch equivalence: NOT_APPLICABLE_ALL_COMMITS_DIRECTLY_REACHABLE; git cherry equivalent=0, unmatched=0, unrepresented=0 | three-dot diff origin/main...head: EMPTY (0 paths) | GitHub target diff: 19 files, +1175/-2 | GitHub mergeability: MERGEABLE/CLEAN | branch ancestry: 27 open ancestors, 504 open descendants; base=cursor/driving-v2-detector-capability-resolver-c2c2 | file overlap: 11 paths overlap 558 open PRs",Phase 2: verify representative patch/tree evidence before any close decision.
343,feat(driving-v2): driving capability lifecycle and refresh (P34),true,cursor/driving-v2-dimo-segment-validation-c2c2,cursor/driving-v2-driving-capability-lifecycle-c2c2,5b931efe5dddc83ad4f17c263686e33d121f5dd3,b2fd71fc6ee534bace4a093de88d395f43a4a5a8,b2fd71fc6ee534bace4a093de88d395f43a4a5a8,1,18,cross-cutting,false,true,true,UNKNOWN,EMPTY,342,1013,NO_CONFLICT_REPORTED,NO_CHECKS_REPORTED,ALREADY_IN_MAIN,HIGH,"commit reachability: 1/1 PR commits reachable from origin/main | patch equivalence: NOT_APPLICABLE_ALL_COMMITS_DIRECTLY_REACHABLE; git cherry equivalent=0, unmatched=0, unrepresented=0 | three-dot diff origin/main...head: EMPTY (0 paths) | GitHub target diff: 18 files, +945/-13 | GitHub mergeability: MERGEABLE/CLEAN | branch ancestry: 28 open ancestors, 503 open descendants; base=cursor/driving-v2-dimo-segment-validation-c2c2 | file overlap: 9 paths overlap 561 open PRs",Phase 2: verify representative patch/tree evidence before any close decision.
345,Driving Intelligence V2 P35 — shared HF/signal shadow detector framework,true,cursor/driving-v2-driving-capability-lifecycle-c2c2,cursor/driving-v2-shadow-detector-framework-c2c2,b2fd71fc6ee534bace4a093de88d395f43a4a5a8,c0fa988a7fb3a21e4ccbc1f1c7a3cee2fd7b31ec,c0fa988a7fb3a21e4ccbc1f1c7a3cee2fd7b31ec,1,22,trips,false,true,true,UNKNOWN,EMPTY,343,1013,NO_CONFLICT_REPORTED,NO_CHECKS_REPORTED,ALREADY_IN_MAIN,HIGH,"commit reachability: 1/1 PR commits reachable from origin/main | patch equivalence: NOT_APPLICABLE_ALL_COMMITS_DIRECTLY_REACHABLE; git cherry equivalent=0, unmatched=0, unrepresented=0 | three-dot diff origin/main...head: EMPTY (0 paths) | GitHub target diff: 22 files, +1140/-0 | GitHub mergeability: MERGEABLE/CLEAN | branch ancestry: 29 open ancestors, 502 open descendants; base=cursor/driving-v2-driving-capability-lifecycle-c2c2 | file overlap: 19 paths overlap 559 open PRs",Phase 2: verify representative patch/tree evidence before any close decision.
347,Driving Intelligence V2 P36 — cold engine load shadow detector,true,cursor/driving-v2-shadow-detector-framework-c2c2,cursor/driving-v2-cold-engine-shadow-detector-c2c2,c0fa988a7fb3a21e4ccbc1f1c7a3cee2fd7b31ec,aa1d33b764961f06fc500535747e95de718bba3a,aa1d33b764961f06fc500535747e95de718bba3a,1,19,connectivity,false,true,true,UNKNOWN,EMPTY,345,1013,NO_CONFLICT_REPORTED,NO_CHECKS_REPORTED,ALREADY_IN_MAIN,HIGH,"commit reachability: 1/1 PR commits reachable from origin/main | patch equivalence: NOT_APPLICABLE_ALL_COMMITS_DIRECTLY_REACHABLE; git cherry equivalent=0, unmatched=0, unrepresented=0 | three-dot diff origin/main...head: EMPTY (0 paths) | GitHub target diff: 19 files, +1082/-4 | GitHub mergeability: MERGEABLE/CLEAN | branch ancestry: 30 open ancestors, 501 open descendants; base=cursor/driving-v2-shadow-detector-framework-c2c2 | file overlap: 17 paths overlap 556 open PRs",Phase 2: verify representative patch/tree evidence before any close decision.
348,Driving Intelligence V2 P37 — sustained high engine load shadow detector,true,cursor/driving-v2-cold-engine-shadow-detector-c2c2,cursor/driving-v2-sustained-high-load-shadow-c2c2,aa1d33b764961f06fc500535747e95de718bba3a,183888bf3dae1a0cea007873b9eabddf1934b664,183888bf3dae1a0cea007873b9eabddf1934b664,1,14,connectivity,false,true,true,UNKNOWN,EMPTY,347,1013,NO_CONFLICT_REPORTED,NO_CHECKS_REPORTED,ALREADY_IN_MAIN,HIGH,"commit reachability: 1/1 PR commits reachable from origin/main | patch equivalence: NOT_APPLICABLE_ALL_COMMITS_DIRECTLY_REACHABLE; git cherry equivalent=0, unmatched=0, unrepresented=0 | three-dot diff origin/main...head: EMPTY (0 paths) | GitHub target diff: 14 files, +751/-3 | GitHub mergeability: MERGEABLE/CLEAN | branch ancestry: 31 open ancestors, 500 open descendants; base=cursor/driving-v2-cold-engine-shadow-detector-c2c2 | file overlap: 12 paths overlap 9 open PRs",Phase 2: verify representative patch/tree evidence before any close decision.
349,Driving Intelligence V2 P38 — kickdown-like shadow detector,true,cursor/driving-v2-sustained-high-load-shadow-c2c2,cursor/driving-v2-kickdown-like-shadow-c2c2,183888bf3dae1a0cea007873b9eabddf1934b664,57e216059c5c951ff3f047e30ca487e4a3e7ec41,57e216059c5c951ff3f047e30ca487e4a3e7ec41,1,17,connectivity,false,true,true,UNKNOWN,EMPTY,348,1013,NO_CONFLICT_REPORTED,NO_CHECKS_REPORTED,ALREADY_IN_MAIN,HIGH,"commit reachability: 1/1 PR commits reachable from origin/main | patch equivalence: NOT_APPLICABLE_ALL_COMMITS_DIRECTLY_REACHABLE; git cherry equivalent=0, unmatched=0, unrepresented=0 | three-dot diff origin/main...head: EMPTY (0 paths) | GitHub target diff: 17 files, +829/-1 | GitHub mergeability: MERGEABLE/CLEAN | branch ancestry: 32 open ancestors, 499 open descendants; base=cursor/driving-v2-sustained-high-load-shadow-c2c2 | file overlap: 15 paths overlap 544 open PRs",Phase 2: verify representative patch/tree evidence before any close decision.
350,Driving Intelligence V2 P39 — idle shadow detectors (high RPM stationary + excessive idling),true,cursor/driving-v2-kickdown-like-shadow-c2c2,cursor/driving-v2-idle-shadow-detectors-c2c2,57e216059c5c951ff3f047e30ca487e4a3e7ec41,51881acaa2fb67f725fb6ddf465adc942a0e2b66,51881acaa2fb67f725fb6ddf465adc942a0e2b66,1,24,cross-cutting,false,true,true,UNKNOWN,EMPTY,349,1013,NO_CONFLICT_REPORTED,NO_CHECKS_REPORTED,ALREADY_IN_MAIN,HIGH,"commit reachability: 1/1 PR commits reachable from origin/main | patch equivalence: NOT_APPLICABLE_ALL_COMMITS_DIRECTLY_REACHABLE; git cherry equivalent=0, unmatched=0, unrepresented=0 | three-dot diff origin/main...head: EMPTY (0 paths) | GitHub target diff: 24 files, +1298/-40 | GitHub mergeability: MERGEABLE/CLEAN | branch ancestry: 33 open ancestors, 498 open descendants; base=cursor/driving-v2-kickdown-like-shadow-c2c2 | file overlap: 19 paths overlap 544 open PRs",Phase 2: verify representative patch/tree evidence before any close decision.
351,Driving Intelligence V2 P40 — BEV high power demand shadow detector,true,cursor/driving-v2-idle-shadow-detectors-c2c2,cursor/driving-v2-ev-power-demand-shadow-c2c2,51881acaa2fb67f725fb6ddf465adc942a0e2b66,a86614bea4b3945062149d71e6c520f85973101a,a86614bea4b3945062149d71e6c520f85973101a,1,23,cross-cutting,false,true,true,UNKNOWN,EMPTY,350,1013,NO_CONFLICT_REPORTED,NO_CHECKS_REPORTED,ALREADY_IN_MAIN,HIGH,"commit reachability: 1/1 PR commits reachable from origin/main | patch equivalence: NOT_APPLICABLE_ALL_COMMITS_DIRECTLY_REACHABLE; git cherry equivalent=0, unmatched=0, unrepresented=0 | three-dot diff origin/main...head: EMPTY (0 paths) | GitHub target diff: 23 files, +859/-0 | GitHub mergeability: MERGEABLE/CLEAN | branch ancestry: 34 open ancestors, 497 open descendants; base=cursor/driving-v2-idle-shadow-detectors-c2c2 | file overlap: 19 paths overlap 544 open PRs",Phase 2: verify representative patch/tree evidence before any close decision.
352,Driving Intelligence V2 P41 — Driving Impact source provenance,true,cursor/driving-v2-ev-power-demand-shadow-c2c2,cursor/driving-impact-provenance-c2c2,a86614bea4b3945062149d71e6c520f85973101a,f03f5061bd5bf466be2b6a9705d7f5f25a81411b,f03f5061bd5bf466be2b6a9705d7f5f25a81411b,1,8,infrastructure,false,true,true,UNKNOWN,EMPTY,351,1013,NO_CONFLICT_REPORTED,NO_CHECKS_REPORTED,ALREADY_IN_MAIN,HIGH,"commit reachability: 1/1 PR commits reachable from origin/main | patch equivalence: NOT_APPLICABLE_ALL_COMMITS_DIRECTLY_REACHABLE; git cherry equivalent=0, unmatched=0, unrepresented=0 | three-dot diff origin/main...head: EMPTY (0 paths) | GitHub target diff: 8 files, +899/-2 | GitHub mergeability: MERGEABLE/CLEAN | branch ancestry: 35 open ancestors, 496 open descendants; base=cursor/driving-v2-ev-power-demand-shadow-c2c2 | file overlap: 3 paths overlap 244 open PRs",Phase 2: verify representative patch/tree evidence before any close decision.
353,Driving Intelligence V2 P43 — Structured vehicle load components,true,cursor/driving-impact-braking-provenance-c2c2,cursor/driving-impact-load-components-c2c2,c07cc8eddf804187fb8554efd792f0c3e038e3ad,c8b6b8a0a8502c961a3ece6ce4f995015c6faac1,c8b6b8a0a8502c961a3ece6ce4f995015c6faac1,2,10,infrastructure,false,true,true,UNKNOWN,EMPTY,352,1013,NO_CONFLICT_REPORTED,NO_CHECKS_REPORTED,ALREADY_IN_MAIN,HIGH,"commit reachability: 2/2 PR commits reachable from origin/main | patch equivalence: NOT_APPLICABLE_ALL_COMMITS_DIRECTLY_REACHABLE; git cherry equivalent=0, unmatched=0, unrepresented=0 | three-dot diff origin/main...head: EMPTY (0 paths) | GitHub target diff: 10 files, +1169/-2 | GitHub mergeability: MERGEABLE/CLEAN | branch ancestry: 36 open ancestors, 495 open descendants; base=cursor/driving-impact-braking-provenance-c2c2 | file overlap: 5 paths overlap 559 open PRs",Phase 2: verify representative patch/tree evidence before any close decision.
354,feat(misuse-cases): per-category evidence strength profiles (P51),true,cursor/misuse-case-rating-reconciliation-c2c2,cursor/misuse-category-evidence-strength-c2c2,dbaab4a55e438934841f745ed59c963caf30f27e,ca01ca751f0c70377483605fe47df1289328b446,ca01ca751f0c70377483605fe47df1289328b446,1,8,unknown,false,true,true,UNKNOWN,EMPTY,353,1013,NO_CONFLICT_REPORTED,NO_CHECKS_REPORTED,ALREADY_IN_MAIN,HIGH,"commit reachability: 1/1 PR commits reachable from origin/main | patch equivalence: NOT_APPLICABLE_ALL_COMMITS_DIRECTLY_REACHABLE; git cherry equivalent=0, unmatched=0, unrepresented=0 | three-dot diff origin/main...head: EMPTY (0 paths) | GitHub target diff: 8 files, +1206/-22 | GitHub mergeability: MERGEABLE/CLEAN | branch ancestry: 37 open ancestors, 494 open descendants; base=cursor/misuse-case-rating-reconciliation-c2c2 | file overlap: 3 paths overlap 2 open PRs",Phase 2: verify representative patch/tree evidence before any close decision.
355,Driving Intelligence V2 P52 — DRIVING_MISUSE_RECONCILE orchestration,true,cursor/misuse-category-evidence-strength-c2c2,cursor/driving-misuse-reconcile-c2c2,ca01ca751f0c70377483605fe47df1289328b446,d990dd138577051a66bff8cfb4a79a71ee08a410,d990dd138577051a66bff8cfb4a79a71ee08a410,1,15,trips,false,true,true,UNKNOWN,EMPTY,354,1013,NO_CONFLICT_REPORTED,NO_CHECKS_REPORTED,ALREADY_IN_MAIN,HIGH,"commit reachability: 1/1 PR commits reachable from origin/main | patch equivalence: NOT_APPLICABLE_ALL_COMMITS_DIRECTLY_REACHABLE; git cherry equivalent=0, unmatched=0, unrepresented=0 | three-dot diff origin/main...head: EMPTY (0 paths) | GitHub target diff: 15 files, +946/-178 | GitHub mergeability: MERGEABLE/CLEAN | branch ancestry: 38 open ancestors, 493 open descendants; base=cursor/misuse-category-evidence-strength-c2c2 | file overlap: 10 paths overlap 545 open PRs",Phase 2: verify representative patch/tree evidence before any close decision.
356,Driving Intelligence V2 P53 — Booking customer vs driver role separation,true,cursor/driving-misuse-reconcile-c2c2,cursor/driver-customer-roles-c2c2,d990dd138577051a66bff8cfb4a79a71ee08a410,d4c7ac1713b8b10f9bdac4bb2304b0cd3a5e9c08,d4c7ac1713b8b10f9bdac4bb2304b0cd3a5e9c08,1,24,cross-cutting,false,true,true,UNKNOWN,EMPTY,355,1013,NO_CONFLICT_REPORTED,NO_CHECKS_REPORTED,ALREADY_IN_MAIN,HIGH,"commit reachability: 1/1 PR commits reachable from origin/main | patch equivalence: NOT_APPLICABLE_ALL_COMMITS_DIRECTLY_REACHABLE; git cherry equivalent=0, unmatched=0, unrepresented=0 | three-dot diff origin/main...head: EMPTY (0 paths) | GitHub target diff: 24 files, +893/-74 | GitHub mergeability: MERGEABLE/CLEAN | branch ancestry: 39 open ancestors, 492 open descendants; base=cursor/driving-misuse-reconcile-c2c2 | file overlap: 20 paths overlap 577 open PRs",Phase 2: verify representative patch/tree evidence before any close decision.
357,Driving Intelligence V2 P54 — DriverAttribution materialized model,true,cursor/driver-customer-roles-c2c2,cursor/driver-attribution-model-c2c2,d4c7ac1713b8b10f9bdac4bb2304b0cd3a5e9c08,32dc81a0443c6c6f895d86d76b2f937e11be411d,32dc81a0443c6c6f895d86d76b2f937e11be411d,1,17,trips,false,true,true,UNKNOWN,EMPTY,356,1013,NO_CONFLICT_REPORTED,NO_CHECKS_REPORTED,ALREADY_IN_MAIN,HIGH,"commit reachability: 1/1 PR commits reachable from origin/main | patch equivalence: NOT_APPLICABLE_ALL_COMMITS_DIRECTLY_REACHABLE; git cherry equivalent=0, unmatched=0, unrepresented=0 | three-dot diff origin/main...head: EMPTY (0 paths) | GitHub target diff: 17 files, +835/-2 | GitHub mergeability: MERGEABLE/CLEAN | branch ancestry: 40 open ancestors, 491 open descendants; base=cursor/driver-customer-roles-c2c2 | file overlap: 10 paths overlap 568 open PRs",Phase 2: verify representative patch/tree evidence before any close decision.
358,Driving Intelligence V2 P55 — Central Attribution Resolver,true,cursor/driver-attribution-model-c2c2,cursor/attribution-resolver-c2c2,32dc81a0443c6c6f895d86d76b2f937e11be411d,640fa3fc8ed8b9838a4cbeed1674b46eb841bc53,640fa3fc8ed8b9838a4cbeed1674b46eb841bc53,1,9,unknown,false,true,true,UNKNOWN,EMPTY,357,1013,NO_CONFLICT_REPORTED,NO_CHECKS_REPORTED,ALREADY_IN_MAIN,HIGH,"commit reachability: 1/1 PR commits reachable from origin/main | patch equivalence: NOT_APPLICABLE_ALL_COMMITS_DIRECTLY_REACHABLE; git cherry equivalent=0, unmatched=0, unrepresented=0 | three-dot diff origin/main...head: EMPTY (0 paths) | GitHub target diff: 9 files, +1085/-41 | GitHub mergeability: MERGEABLE/CLEAN | branch ancestry: 41 open ancestors, 490 open descendants; base=cursor/driver-attribution-model-c2c2 | file overlap: 6 paths overlap 545 open PRs",Phase 2: verify representative patch/tree evidence before any close decision.
359,Driving Intelligence V2 P56 — Booking additional drivers,true,cursor/attribution-resolver-c2c2,cursor/booking-additional-drivers-c2c2,640fa3fc8ed8b9838a4cbeed1674b46eb841bc53,067134585ff2148f2f0259791b43be26bed0ee19,067134585ff2148f2f0259791b43be26bed0ee19,1,18,cross-cutting,false,true,true,UNKNOWN,EMPTY,358,1013,NO_CONFLICT_REPORTED,NO_CHECKS_REPORTED,ALREADY_IN_MAIN,HIGH,"commit reachability: 1/1 PR commits reachable from origin/main | patch equivalence: NOT_APPLICABLE_ALL_COMMITS_DIRECTLY_REACHABLE; git cherry equivalent=0, unmatched=0, unrepresented=0 | three-dot diff origin/main...head: EMPTY (0 paths) | GitHub target diff: 18 files, +860/-4 | GitHub mergeability: MERGEABLE/CLEAN | branch ancestry: 42 open ancestors, 489 open descendants; base=cursor/attribution-resolver-c2c2 | file overlap: 12 paths overlap 269 open PRs",Phase 2: verify representative patch/tree evidence before any close decision.
360,"feat(vehicle-intelligence): tenant-scope driving events, trips, attribution (P57)",true,cursor/booking-additional-drivers-c2c2,cursor/tenant-scope-driving-c2c2,067134585ff2148f2f0259791b43be26bed0ee19,3248ba3f5993d0ff084de4d509e1829a6b8ba3fe,3248ba3f5993d0ff084de4d509e1829a6b8ba3fe,1,21,cross-cutting,false,true,true,UNKNOWN,EMPTY,359,1013,NO_CONFLICT_REPORTED,NO_CHECKS_REPORTED,ALREADY_IN_MAIN,HIGH,"commit reachability: 1/1 PR commits reachable from origin/main | patch equivalence: NOT_APPLICABLE_ALL_COMMITS_DIRECTLY_REACHABLE; git cherry equivalent=0, unmatched=0, unrepresented=0 | three-dot diff origin/main...head: EMPTY (0 paths) | GitHub target diff: 21 files, +746/-128 | GitHub mergeability: MERGEABLE/CLEAN | branch ancestry: 43 open ancestors, 488 open descendants; base=cursor/booking-additional-drivers-c2c2 | file overlap: 14 paths overlap 552 open PRs",Phase 2: verify representative patch/tree evidence before any close decision.
361,perf(vehicle-intelligence): batch canonical trip hydration (P58),true,cursor/tenant-scope-driving-c2c2,cursor/canonical-trip-hydration-batch-c2c2,3248ba3f5993d0ff084de4d509e1829a6b8ba3fe,52a3b27a40a6701008c4b806e2b35ce99efa21c2,52a3b27a40a6701008c4b806e2b35ce99efa21c2,1,13,cross-cutting,false,true,true,UNKNOWN,EMPTY,360,1013,NO_CONFLICT_REPORTED,NO_CHECKS_REPORTED,ALREADY_IN_MAIN,HIGH,"commit reachability: 1/1 PR commits reachable from origin/main | patch equivalence: NOT_APPLICABLE_ALL_COMMITS_DIRECTLY_REACHABLE; git cherry equivalent=0, unmatched=0, unrepresented=0 | three-dot diff origin/main...head: EMPTY (0 paths) | GitHub target diff: 13 files, +937/-161 | GitHub mergeability: MERGEABLE/CLEAN | branch ancestry: 44 open ancestors, 487 open descendants; base=cursor/tenant-scope-driving-c2c2 | file overlap: 8 paths overlap 545 open PRs",Phase 2: verify representative patch/tree evidence before any close decision.
362,"feat(rental-driving-analysis): versioning, fingerprint idempotency, supersede chain (P59)",true,cursor/canonical-trip-hydration-batch-c2c2,cursor/rental-driving-analysis-versioning-c2c2,52a3b27a40a6701008c4b806e2b35ce99efa21c2,f1414da9ec5e03c71fd68270a4aa2c7930e21324,f1414da9ec5e03c71fd68270a4aa2c7930e21324,1,15,cross-cutting,false,true,true,UNKNOWN,EMPTY,361,1013,NO_CONFLICT_REPORTED,NO_CHECKS_REPORTED,ALREADY_IN_MAIN,HIGH,"commit reachability: 1/1 PR commits reachable from origin/main | patch equivalence: NOT_APPLICABLE_ALL_COMMITS_DIRECTLY_REACHABLE; git cherry equivalent=0, unmatched=0, unrepresented=0 | three-dot diff origin/main...head: EMPTY (0 paths) | GitHub target diff: 15 files, +869/-128 | GitHub mergeability: MERGEABLE/CLEAN | branch ancestry: 45 open ancestors, 486 open descendants; base=cursor/canonical-trip-hydration-batch-c2c2 | file overlap: 12 paths overlap 559 open PRs",Phase 2: verify representative patch/tree evidence before any close decision.
363,feat(rental-driving-analysis): deterministic recompute with PROVISIONAL/STABLE (P60),true,cursor/rental-driving-analysis-versioning-c2c2,cursor/rental-driving-analysis-recompute-c2c2,f1414da9ec5e03c71fd68270a4aa2c7930e21324,95254223db1c046701e4992d545944fabca2cb2e,95254223db1c046701e4992d545944fabca2cb2e,1,22,cross-cutting,false,true,true,UNKNOWN,EMPTY,362,1013,NO_CONFLICT_REPORTED,NO_CHECKS_REPORTED,ALREADY_IN_MAIN,HIGH,"commit reachability: 1/1 PR commits reachable from origin/main | patch equivalence: NOT_APPLICABLE_ALL_COMMITS_DIRECTLY_REACHABLE; git cherry equivalent=0, unmatched=0, unrepresented=0 | three-dot diff origin/main...head: EMPTY (0 paths) | GitHub target diff: 22 files, +1089/-116 | GitHub mergeability: MERGEABLE/CLEAN | branch ancestry: 46 open ancestors, 485 open descendants; base=cursor/rental-driving-analysis-versioning-c2c2 | file overlap: 14 paths overlap 325 open PRs",Phase 2: verify representative patch/tree evidence before any close decision.
364,feat(rental-driving-analysis): assessment completeness gate (P61),true,cursor/rental-driving-analysis-recompute-c2c2,cursor/rental-driving-analysis-assessment-c2c2,95254223db1c046701e4992d545944fabca2cb2e,acf61d07d116e9a0e49c1f63477bd3c6a3d676af,acf61d07d116e9a0e49c1f63477bd3c6a3d676af,1,10,trips,false,true,true,UNKNOWN,EMPTY,363,1013,NO_CONFLICT_REPORTED,NO_CHECKS_REPORTED,ALREADY_IN_MAIN,HIGH,"commit reachability: 1/1 PR commits reachable from origin/main | patch equivalence: NOT_APPLICABLE_ALL_COMMITS_DIRECTLY_REACHABLE; git cherry equivalent=0, unmatched=0, unrepresented=0 | three-dot diff origin/main...head: EMPTY (0 paths) | GitHub target diff: 10 files, +822/-43 | GitHub mergeability: MERGEABLE/CLEAN | branch ancestry: 47 open ancestors, 484 open descendants; base=cursor/rental-driving-analysis-recompute-c2c2 | file overlap: 7 paths overlap 559 open PRs",Phase 2: verify representative patch/tree evidence before any close decision.
365,feat(rental-driving-analysis): normalized rental metrics (P62),true,cursor/rental-driving-analysis-assessment-c2c2,cursor/rental-driving-analysis-normalized-metrics-c2c2,acf61d07d116e9a0e49c1f63477bd3c6a3d676af,6bedf2a706dfdcf4db3208b303cc8011ccdf3ae8,6bedf2a706dfdcf4db3208b303cc8011ccdf3ae8,1,8,trips,false,true,true,UNKNOWN,EMPTY,364,1013,NO_CONFLICT_REPORTED,NO_CHECKS_REPORTED,ALREADY_IN_MAIN,HIGH,"commit reachability: 1/1 PR commits reachable from origin/main | patch equivalence: NOT_APPLICABLE_ALL_COMMITS_DIRECTLY_REACHABLE; git cherry equivalent=0, unmatched=0, unrepresented=0 | three-dot diff origin/main...head: EMPTY (0 paths) | GitHub target diff: 8 files, +780/-34 | GitHub mergeability: MERGEABLE/CLEAN | branch ancestry: 48 open ancestors, 483 open descendants; base=cursor/rental-driving-analysis-assessment-c2c2 | file overlap: 5 paths overlap 544 open PRs",Phase 2: verify representative patch/tree evidence before any close decision.
366,fix(rental-driving-analysis): distance-weighted road distribution (P63),true,cursor/rental-driving-analysis-normalized-metrics-c2c2,cursor/rental-driving-analysis-road-distribution-c2c2,6bedf2a706dfdcf4db3208b303cc8011ccdf3ae8,5d44972a5dc5a43247656adb206b66c3e149a449,5d44972a5dc5a43247656adb206b66c3e149a449,1,6,trips,false,true,true,UNKNOWN,EMPTY,365,1013,NO_CONFLICT_REPORTED,NO_CHECKS_REPORTED,ALREADY_IN_MAIN,HIGH,"commit reachability: 1/1 PR commits reachable from origin/main | patch equivalence: NOT_APPLICABLE_ALL_COMMITS_DIRECTLY_REACHABLE; git cherry equivalent=0, unmatched=0, unrepresented=0 | three-dot diff origin/main...head: EMPTY (0 paths) | GitHub target diff: 6 files, +344/-13 | GitHub mergeability: MERGEABLE/CLEAN | branch ancestry: 49 open ancestors, 482 open descendants; base=cursor/rental-driving-analysis-normalized-metrics-c2c2 | file overlap: 4 paths overlap 544 open PRs",Phase 2: verify representative patch/tree evidence before any close decision.
367,Driving Intelligence V2 P64 — Rental Pattern Summary,true,cursor/rental-driving-analysis-road-distribution-c2c2,cursor/rental-driving-analysis-pattern-summary-c2c2,5d44972a5dc5a43247656adb206b66c3e149a449,4b99ceab8329f26189606fa8881d2e62df51cc5a,4b99ceab8329f26189606fa8881d2e62df51cc5a,1,7,trips,false,true,true,UNKNOWN,EMPTY,366,1013,NO_CONFLICT_REPORTED,NO_CHECKS_REPORTED,ALREADY_IN_MAIN,HIGH,"commit reachability: 1/1 PR commits reachable from origin/main | patch equivalence: NOT_APPLICABLE_ALL_COMMITS_DIRECTLY_REACHABLE; git cherry equivalent=0, unmatched=0, unrepresented=0 | three-dot diff origin/main...head: EMPTY (0 paths) | GitHub target diff: 7 files, +822/-0 | GitHub mergeability: MERGEABLE/CLEAN | branch ancestry: 50 open ancestors, 481 open descendants; base=cursor/rental-driving-analysis-road-distribution-c2c2 | file overlap: 4 paths overlap 544 open PRs",Phase 2: verify representative patch/tree evidence before any close decision.
370,docs(architecture): Document Intake V2 binding architecture contract (Prompt 2/84),true,main,cursor/document-intake-v2-architecture-7ddc,340f1f938c7b35b303c14b86b37a1b2546afc19c,e1ac9a6b384da7c104eec83b92e0ac0025fdb92e,340f1f938c7b35b303c14b86b37a1b2546afc19c,1,1,documentation,true,true,false,false,NON_EMPTY,312,370,NO_CONFLICT_REPORTED,NO_CHECKS_REPORTED,CUMULATIVE_STACK_TIP,HIGH,"commit reachability: 0/1 PR commits reachable from origin/main | patch equivalence: GIT_CHERRY_HAS_UNMATCHED_PATCHES; git cherry equivalent=0, unmatched=1, unrepresented=0 | three-dot diff origin/main...head: NON_EMPTY (1 paths) | GitHub target diff: 1 files, +607/-0 | GitHub mergeability: MERGEABLE/CLEAN | branch ancestry: 86 open ancestors, 0 open descendants; base=main | all 1 changed files are documentation paths","Phase 2: review the cumulative stack tip first, then evaluate ancestors without treating ancestry as duplication."
371,docs(architecture): Document Intake V2 rollout flags contract (Prompt 3/84),true,main,cursor/document-intake-v2-rollout-flags-7ddc,340f1f938c7b35b303c14b86b37a1b2546afc19c,671b6c486cb06e591cefee63235abfa5f18b22b4,340f1f938c7b35b303c14b86b37a1b2546afc19c,1,1,documentation,true,true,false,false,NON_EMPTY,312,371,NO_CONFLICT_REPORTED,NO_CHECKS_REPORTED,CUMULATIVE_STACK_TIP,HIGH,"commit reachability: 0/1 PR commits reachable from origin/main | patch equivalence: GIT_CHERRY_HAS_UNMATCHED_PATCHES; git cherry equivalent=0, unmatched=1, unrepresented=0 | three-dot diff origin/main...head: NON_EMPTY (1 paths) | GitHub target diff: 1 files, +745/-0 | GitHub mergeability: MERGEABLE/CLEAN | branch ancestry: 86 open ancestors, 0 open descendants; base=main | all 1 changed files are documentation paths","Phase 2: review the cumulative stack tip first, then evaluate ancestors without treating ancestry as duplication."
372,docs(architecture): Document Intake V2 migration rollout plan (Prompt 4/84),true,main,cursor/document-intake-v2-migration-rollout-plan-7ddc,340f1f938c7b35b303c14b86b37a1b2546afc19c,1756228f8b3e3946b19fdb9e045cdb65d307c011,340f1f938c7b35b303c14b86b37a1b2546afc19c,1,1,documentation,true,true,false,false,NON_EMPTY,312,372,NO_CONFLICT_REPORTED,NO_CHECKS_REPORTED,CUMULATIVE_STACK_TIP,HIGH,"commit reachability: 0/1 PR commits reachable from origin/main | patch equivalence: GIT_CHERRY_HAS_UNMATCHED_PATCHES; git cherry equivalent=0, unmatched=1, unrepresented=0 | three-dot diff origin/main...head: NON_EMPTY (1 paths) | GitHub target diff: 1 files, +769/-0 | GitHub mergeability: MERGEABLE/CLEAN | branch ancestry: 86 open ancestors, 0 open descendants; base=main | all 1 changed files are documentation paths","Phase 2: review the cumulative stack tip first, then evaluate ancestors without treating ancestry as duplication."
373,docs(audit): PM2 restart root cause — bootstrap crash loops (Prompt 5/84),true,main,cursor/document-worker-pm2-stability-audit-7ddc,340f1f938c7b35b303c14b86b37a1b2546afc19c,c2a0306d251f6729d13c38765202924147e8be80,340f1f938c7b35b303c14b86b37a1b2546afc19c,1,1,documentation,true,true,false,false,NON_EMPTY,312,373,NO_CONFLICT_REPORTED,NO_CHECKS_REPORTED,CUMULATIVE_STACK_TIP,HIGH,"commit reachability: 0/1 PR commits reachable from origin/main | patch equivalence: GIT_CHERRY_HAS_UNMATCHED_PATCHES; git cherry equivalent=0, unmatched=1, unrepresented=0 | three-dot diff origin/main...head: NON_EMPTY (1 paths) | GitHub target diff: 1 files, +281/-0 | GitHub mergeability: MERGEABLE/CLEAN | branch ancestry: 86 open ancestors, 0 open descendants; base=main | all 1 changed files are documentation paths","Phase 2: review the cumulative stack tip first, then evaluate ancestors without treating ancestry as duplication."
374,"fix(ops): PM2 bootstrap stability — smoke gate, crash-loop caps, Battery V2 job IDs",true,main,cursor/pm2-stability-fix-7ddc,340f1f938c7b35b303c14b86b37a1b2546afc19c,826e7a31368717a6b43c5cc799c4a4eed91e8731,340f1f938c7b35b303c14b86b37a1b2546afc19c,1,11,cross-cutting,true,true,false,false,NON_EMPTY,312,381,CONFLICTING,NO_CHECKS_REPORTED,STACKED,HIGH,"commit reachability: 0/1 PR commits reachable from origin/main | patch equivalence: GIT_CHERRY_HAS_UNMATCHED_PATCHES; git cherry equivalent=0, unmatched=1, unrepresented=0 | three-dot diff origin/main...head: NON_EMPTY (11 paths) | GitHub target diff: 11 files, +212/-12 | GitHub mergeability: CONFLICTING/DIRTY | branch ancestry: 86 open ancestors, 6 open descendants; base=main | file overlap: 11 paths overlap 549 open PRs","Phase 2: review the cumulative stack tip first, then evaluate ancestors without treating ancestry as duplication."
375,feat(ops): opt-in PM2 split for document extraction worker (Prompt 7),true,main,cursor/document-worker-split-7ddc,340f1f938c7b35b303c14b86b37a1b2546afc19c,56b381bfc973ba05c3f0d9e194675dc8d1cd405b,340f1f938c7b35b303c14b86b37a1b2546afc19c,2,25,cross-cutting,true,true,false,false,NON_EMPTY,374,381,CONFLICTING,NO_CHECKS_REPORTED,STACKED,HIGH,"commit reachability: 0/2 PR commits reachable from origin/main | patch equivalence: GIT_CHERRY_HAS_UNMATCHED_PATCHES; git cherry equivalent=0, unmatched=2, unrepresented=0 | three-dot diff origin/main...head: NON_EMPTY (25 paths) | GitHub target diff: 25 files, +766/-21 | GitHub mergeability: CONFLICTING/DIRTY | branch ancestry: 87 open ancestors, 5 open descendants; base=main | file overlap: 25 paths overlap 553 open PRs","Phase 2: review the cumulative stack tip first, then evaluate ancestors without treating ancestry as duplication."
376,feat(document-extraction): extend health with runtime readiness signals,true,main,cursor/document-extraction-health-runtime-7ddc,340f1f938c7b35b303c14b86b37a1b2546afc19c,2b9332fb23a40e1808c48fd9877ab96330b7f330,340f1f938c7b35b303c14b86b37a1b2546afc19c,3,32,cross-cutting,true,true,false,false,NON_EMPTY,375,381,CONFLICTING,NO_CHECKS_REPORTED,STACKED,HIGH,"commit reachability: 0/3 PR commits reachable from origin/main | patch equivalence: GIT_CHERRY_HAS_UNMATCHED_PATCHES; git cherry equivalent=0, unmatched=3, unrepresented=0 | three-dot diff origin/main...head: NON_EMPTY (32 paths) | GitHub target diff: 32 files, +1284/-93 | GitHub mergeability: CONFLICTING/DIRTY | branch ancestry: 88 open ancestors, 4 open descendants; base=main | file overlap: 32 paths overlap 553 open PRs","Phase 2: review the cumulative stack tip first, then evaluate ancestors without treating ancestry as duplication."
377,feat(document-extraction): central DocumentApplySafetyPolicy gate,true,main,cursor/document-apply-safety-policy-7ddc,340f1f938c7b35b303c14b86b37a1b2546afc19c,1b733efed78c9a5c1d420ba98de8a4d6d1fae2eb,340f1f938c7b35b303c14b86b37a1b2546afc19c,4,46,cross-cutting,true,true,false,false,NON_EMPTY,376,381,CONFLICTING,NO_CHECKS_REPORTED,STACKED,HIGH,"commit reachability: 0/4 PR commits reachable from origin/main | patch equivalence: GIT_CHERRY_HAS_UNMATCHED_PATCHES; git cherry equivalent=0, unmatched=4, unrepresented=0 | three-dot diff origin/main...head: NON_EMPTY (46 paths) | GitHub target diff: 46 files, +2320/-137 | GitHub mergeability: CONFLICTING/DIRTY | branch ancestry: 89 open ancestors, 3 open descendants; base=main | file overlap: 46 paths overlap 553 open PRs","Phase 2: review the cumulative stack tip first, then evaluate ancestors without treating ancestry as duplication."
378,feat(document-extraction): proven downstream apply gate before APPLIED,true,main,cursor/document-apply-provenance-gate-7ddc,340f1f938c7b35b303c14b86b37a1b2546afc19c,8471c966a09122efba20c9cf810d74c687fd5fa6,340f1f938c7b35b303c14b86b37a1b2546afc19c,5,52,cross-cutting,true,true,false,false,NON_EMPTY,377,381,CONFLICTING,NO_CHECKS_REPORTED,STACKED,HIGH,"commit reachability: 0/5 PR commits reachable from origin/main | patch equivalence: GIT_CHERRY_HAS_UNMATCHED_PATCHES; git cherry equivalent=0, unmatched=5, unrepresented=0 | three-dot diff origin/main...head: NON_EMPTY (52 paths) | GitHub target diff: 52 files, +3086/-227 | GitHub mergeability: CONFLICTING/DIRTY | branch ancestry: 90 open ancestors, 2 open descendants; base=main | file overlap: 52 paths overlap 553 open PRs","Phase 2: review the cumulative stack tip first, then evaluate ancestors without treating ancestry as duplication."
379,feat(document-extraction): plausibility BLOCKER as server-side apply gate,true,main,cursor/plausibility-blocker-apply-gate-7ddc,340f1f938c7b35b303c14b86b37a1b2546afc19c,0cfca04c84f4c765f4ab1f81b1802a38060969e0,340f1f938c7b35b303c14b86b37a1b2546afc19c,6,58,cross-cutting,true,true,false,false,NON_EMPTY,378,381,CONFLICTING,NO_CHECKS_REPORTED,STACKED,HIGH,"commit reachability: 0/6 PR commits reachable from origin/main | patch equivalence: GIT_CHERRY_HAS_UNMATCHED_PATCHES; git cherry equivalent=0, unmatched=6, unrepresented=0 | three-dot diff origin/main...head: NON_EMPTY (58 paths) | GitHub target diff: 58 files, +3580/-267 | GitHub mergeability: CONFLICTING/DIRTY | branch ancestry: 91 open ancestors, 1 open descendants; base=main | file overlap: 58 paths overlap 553 open PRs","Phase 2: review the cumulative stack tip first, then evaluate ancestors without treating ancestry as duplication."
380,docs(ops): Battery REST Shadow Canary Phase 3 gestartet (T0 2026-07-17),true,main,cursor/rest-shadow-canary-be2f,340f1f938c7b35b303c14b86b37a1b2546afc19c,d223a64ace0d656301851bbee50f0205cd8e8ada,340f1f938c7b35b303c14b86b37a1b2546afc19c,1,4,health,true,true,false,false,NON_EMPTY,312,380,CONFLICTING,NO_CHECKS_REPORTED,CUMULATIVE_STACK_TIP,HIGH,"commit reachability: 0/1 PR commits reachable from origin/main | patch equivalence: GIT_CHERRY_HAS_UNMATCHED_PATCHES; git cherry equivalent=0, unmatched=1, unrepresented=0 | three-dot diff origin/main...head: NON_EMPTY (4 paths) | GitHub target diff: 4 files, +164/-1 | GitHub mergeability: CONFLICTING/DIRTY | branch ancestry: 86 open ancestors, 0 open descendants; base=main | file overlap: 3 paths overlap 543 open PRs","Phase 2: review the cumulative stack tip first, then evaluate ancestors without treating ancestry as duplication."
381,V4.9.588 — Remove invented apply defaults from DocumentExtractionApplyService,true,main,cursor/remove-apply-invented-defaults-7ddc,340f1f938c7b35b303c14b86b37a1b2546afc19c,4f00b1400d52653bfe5fdd93a505b8351f0ea994,340f1f938c7b35b303c14b86b37a1b2546afc19c,7,61,cross-cutting,true,true,false,false,NON_EMPTY,379,381,CONFLICTING,NO_CHECKS_REPORTED,CUMULATIVE_STACK_TIP,HIGH,"commit reachability: 0/7 PR commits reachable from origin/main | patch equivalence: GIT_CHERRY_HAS_UNMATCHED_PATCHES; git cherry equivalent=0, unmatched=7, unrepresented=0 | three-dot diff origin/main...head: NON_EMPTY (61 paths) | GitHub target diff: 61 files, +4224/-309 | GitHub mergeability: CONFLICTING/DIRTY | branch ancestry: 92 open ancestors, 0 open descendants; base=main | file overlap: 58 paths overlap 553 open PRs","Phase 2: review the cumulative stack tip first, then evaluate ancestors without treating ancestry as duplication."
382,V4.9.589 — Document Intake V2 lifecycle state machine (domain),true,main,cursor/document-intake-v2-lifecycle-7ddc,340f1f938c7b35b303c14b86b37a1b2546afc19c,80a2c36c05ca8c7fdd6872ae481d92c882b1a1d3,340f1f938c7b35b303c14b86b37a1b2546afc19c,1,5,documents,true,true,false,false,NON_EMPTY,312,397,CONFLICTING,NO_CHECKS_REPORTED,STACKED,HIGH,"commit reachability: 0/1 PR commits reachable from origin/main | patch equivalence: GIT_CHERRY_HAS_UNMATCHED_PATCHES; git cherry equivalent=0, unmatched=1, unrepresented=0 | three-dot diff origin/main...head: NON_EMPTY (5 paths) | GitHub target diff: 5 files, +619/-0 | GitHub mergeability: CONFLICTING/DIRTY | branch ancestry: 86 open ancestors, 15 open descendants; base=main | file overlap: 5 paths overlap 543 open PRs","Phase 2: review the cumulative stack tip first, then evaluate ancestors without treating ancestry as duplication."
383,V4.9.590 — Document Intake V2 additive Prisma migration plan (spec),true,main,cursor/document-intake-v2-prisma-plan-7ddc,340f1f938c7b35b303c14b86b37a1b2546afc19c,853c83739f2a7f76708e56e24ccfded662ca38db,340f1f938c7b35b303c14b86b37a1b2546afc19c,2,6,documents,true,true,false,false,NON_EMPTY,382,397,CONFLICTING,NO_CHECKS_REPORTED,STACKED,HIGH,"commit reachability: 0/2 PR commits reachable from origin/main | patch equivalence: GIT_CHERRY_HAS_UNMATCHED_PATCHES; git cherry equivalent=0, unmatched=2, unrepresented=0 | three-dot diff origin/main...head: NON_EMPTY (6 paths) | GitHub target diff: 6 files, +1352/-0 | GitHub mergeability: CONFLICTING/DIRTY | branch ancestry: 87 open ancestors, 14 open descendants; base=main | file overlap: 6 paths overlap 543 open PRs","Phase 2: review the cumulative stack tip first, then evaluate ancestors without treating ancestry as duplication."
384,V4.9.591 — Document Intake V2 additive Prisma enums (Prompt 15),true,main,cursor/document-intake-v2-enums-7ddc,340f1f938c7b35b303c14b86b37a1b2546afc19c,fd6e0062a7517f4cbf3debf6cd192017b9c98398,340f1f938c7b35b303c14b86b37a1b2546afc19c,3,8,documents,true,true,false,false,NON_EMPTY,383,397,CONFLICTING,NO_CHECKS_REPORTED,STACKED,HIGH,"commit reachability: 0/3 PR commits reachable from origin/main | patch equivalence: GIT_CHERRY_HAS_UNMATCHED_PATCHES; git cherry equivalent=0, unmatched=3, unrepresented=0 | three-dot diff origin/main...head: NON_EMPTY (8 paths) | GitHub target diff: 8 files, +2128/-499 | GitHub mergeability: CONFLICTING/DIRTY | branch ancestry: 88 open ancestors, 13 open descendants; base=main | file overlap: 8 paths overlap 559 open PRs","Phase 2: review the cumulative stack tip first, then evaluate ancestors without treating ancestry as duplication."
385,feat(document-intake): DocumentActionPlan model with versioning (P16),true,cursor/document-intake-v2-enums-7ddc,cursor/document-action-plan-7ddc,fd6e0062a7517f4cbf3debf6cd192017b9c98398,4bb2ed9d4406ed5ceab616cf01a192edd6189a8b,340f1f938c7b35b303c14b86b37a1b2546afc19c,1,13,documents,false,true,false,false,NON_EMPTY,384,397,NO_CONFLICT_REPORTED,NO_CHECKS_REPORTED,STACKED,HIGH,"commit reachability: 0/1 PR commits reachable from origin/main | patch equivalence: GIT_CHERRY_HAS_UNMATCHED_PATCHES; git cherry equivalent=0, unmatched=1, unrepresented=0 | three-dot diff origin/main...head: NON_EMPTY (17 paths) | GitHub target diff: 13 files, +836/-1 | GitHub mergeability: MERGEABLE/CLEAN | branch ancestry: 89 open ancestors, 12 open descendants; base=cursor/document-intake-v2-enums-7ddc | file overlap: 13 paths overlap 561 open PRs","Phase 2: review the cumulative stack tip first, then evaluate ancestors without treating ancestry as duplication."
386,feat(document-intake): DocumentAction model with idempotency (P17),true,cursor/document-action-plan-7ddc,cursor/document-action-7ddc,4bb2ed9d4406ed5ceab616cf01a192edd6189a8b,110a679b435264c74b542427f05eb30be2cca420,340f1f938c7b35b303c14b86b37a1b2546afc19c,1,13,documents,false,true,false,false,NON_EMPTY,385,397,NO_CONFLICT_REPORTED,NO_CHECKS_REPORTED,STACKED,HIGH,"commit reachability: 0/1 PR commits reachable from origin/main | patch equivalence: GIT_CHERRY_HAS_UNMATCHED_PATCHES; git cherry equivalent=0, unmatched=1, unrepresented=0 | three-dot diff origin/main...head: NON_EMPTY (25 paths) | GitHub target diff: 13 files, +778/-0 | GitHub mergeability: MERGEABLE/CLEAN | branch ancestry: 90 open ancestors, 11 open descendants; base=cursor/document-action-plan-7ddc | file overlap: 13 paths overlap 561 open PRs","Phase 2: review the cumulative stack tip first, then evaluate ancestors without treating ancestry as duplication."
387,feat(document-intake): DocumentEntityCandidate + Link models (P18),true,cursor/document-action-7ddc,cursor/document-entity-candidate-link-7ddc,110a679b435264c74b542427f05eb30be2cca420,8bfe108e8c4f9fd14152f3dc84af4fceb8704a4b,340f1f938c7b35b303c14b86b37a1b2546afc19c,1,15,documents,false,true,false,false,NON_EMPTY,386,397,NO_CONFLICT_REPORTED,NO_CHECKS_REPORTED,STACKED,HIGH,"commit reachability: 0/1 PR commits reachable from origin/main | patch equivalence: GIT_CHERRY_HAS_UNMATCHED_PATCHES; git cherry equivalent=0, unmatched=1, unrepresented=0 | three-dot diff origin/main...head: NON_EMPTY (35 paths) | GitHub target diff: 15 files, +1062/-0 | GitHub mergeability: MERGEABLE/CLEAN | branch ancestry: 91 open ancestors, 10 open descendants; base=cursor/document-action-7ddc | file overlap: 15 paths overlap 561 open PRs","Phase 2: review the cumulative stack tip first, then evaluate ancestors without treating ancestry as duplication."
388,feat(document-intake): V2 extraction control fields on VehicleDocumentExtraction (P19),true,cursor/document-entity-candidate-link-7ddc,cursor/document-extraction-v2-fields-7ddc,8bfe108e8c4f9fd14152f3dc84af4fceb8704a4b,341b4daa53c72f8ad952a63223a8b7c282f9e0e2,340f1f938c7b35b303c14b86b37a1b2546afc19c,1,14,cross-cutting,false,true,false,false,NON_EMPTY,387,397,NO_CONFLICT_REPORTED,NO_CHECKS_REPORTED,STACKED,HIGH,"commit reachability: 0/1 PR commits reachable from origin/main | patch equivalence: GIT_CHERRY_HAS_UNMATCHED_PATCHES; git cherry equivalent=0, unmatched=1, unrepresented=0 | three-dot diff origin/main...head: NON_EMPTY (45 paths) | GitHub target diff: 14 files, +371/-18 | GitHub mergeability: MERGEABLE/CLEAN | branch ancestry: 92 open ancestors, 9 open descendants; base=cursor/document-entity-candidate-link-7ddc | file overlap: 14 paths overlap 560 open PRs","Phase 2: review the cumulative stack tip first, then evaluate ancestors without treating ancestry as duplication."
389,feat(document-intake): deterministic DocumentActionPlanner engine (P20),true,cursor/document-extraction-v2-fields-7ddc,cursor/document-action-planner-engine-7ddc,341b4daa53c72f8ad952a63223a8b7c282f9e0e2,f1bf734bf5c4990c89f0ba1f7352a58fd17843af,340f1f938c7b35b303c14b86b37a1b2546afc19c,1,12,documents,false,true,false,false,NON_EMPTY,388,397,NO_CONFLICT_REPORTED,NO_CHECKS_REPORTED,STACKED,HIGH,"commit reachability: 0/1 PR commits reachable from origin/main | patch equivalence: GIT_CHERRY_HAS_UNMATCHED_PATCHES; git cherry equivalent=0, unmatched=1, unrepresented=0 | three-dot diff origin/main...head: NON_EMPTY (54 paths) | GitHub target diff: 12 files, +1549/-0 | GitHub mergeability: MERGEABLE/CLEAN | branch ancestry: 93 open ancestors, 8 open descendants; base=cursor/document-extraction-v2-fields-7ddc | file overlap: 12 paths overlap 543 open PRs","Phase 2: review the cumulative stack tip first, then evaluate ancestors without treating ancestry as duplication."
390,feat(document-intake): action plan dry-run API (P21),true,cursor/document-action-planner-engine-7ddc,cursor/document-action-plan-dry-run-7ddc,f1bf734bf5c4990c89f0ba1f7352a58fd17843af,6ef226dcf23e08fb2849d9696db7837ceb0af342,340f1f938c7b35b303c14b86b37a1b2546afc19c,1,13,documents,false,true,false,false,NON_EMPTY,389,397,NO_CONFLICT_REPORTED,NO_CHECKS_REPORTED,STACKED,HIGH,"commit reachability: 0/1 PR commits reachable from origin/main | patch equivalence: GIT_CHERRY_HAS_UNMATCHED_PATCHES; git cherry equivalent=0, unmatched=1, unrepresented=0 | three-dot diff origin/main...head: NON_EMPTY (60 paths) | GitHub target diff: 13 files, +931/-2 | GitHub mergeability: MERGEABLE/CLEAN | branch ancestry: 94 open ancestors, 7 open descendants; base=cursor/document-action-planner-engine-7ddc | file overlap: 13 paths overlap 545 open PRs","Phase 2: review the cumulative stack tip first, then evaluate ancestors without treating ancestry as duplication."
391,feat(document-intake): archive-only action plan rules (P22),true,cursor/document-action-plan-dry-run-7ddc,cursor/document-archive-only-plan-rules-7ddc,6ef226dcf23e08fb2849d9696db7837ceb0af342,368eb5a3e6edf88f4f45a85dfc7d0d5f14c91b00,340f1f938c7b35b303c14b86b37a1b2546afc19c,1,9,documents,false,true,false,false,NON_EMPTY,390,397,NO_CONFLICT_REPORTED,NO_CHECKS_REPORTED,STACKED,HIGH,"commit reachability: 0/1 PR commits reachable from origin/main | patch equivalence: GIT_CHERRY_HAS_UNMATCHED_PATCHES; git cherry equivalent=0, unmatched=1, unrepresented=0 | three-dot diff origin/main...head: NON_EMPTY (62 paths) | GitHub target diff: 9 files, +671/-8 | GitHub mergeability: MERGEABLE/CLEAN | branch ancestry: 95 open ancestors, 6 open descendants; base=cursor/document-action-plan-dry-run-7ddc | file overlap: 9 paths overlap 543 open PRs","Phase 2: review the cumulative stack tip first, then evaluate ancestors without treating ancestry as duplication."
392,feat(document-intake): Fine / Anhörungsbogen / Fahrerermittlung Action Planner (Prompt 23),true,main,cursor/document-fine-planner-rules-7ddc,340f1f938c7b35b303c14b86b37a1b2546afc19c,6e30a9987956dd2112c16c36a3b3dc9aa71dec99,340f1f938c7b35b303c14b86b37a1b2546afc19c,11,64,cross-cutting,true,true,false,false,NON_EMPTY,391,397,CONFLICTING,NO_CHECKS_REPORTED,STACKED,HIGH,"commit reachability: 0/11 PR commits reachable from origin/main | patch equivalence: GIT_CHERRY_HAS_UNMATCHED_PATCHES; git cherry equivalent=0, unmatched=11, unrepresented=0 | three-dot diff origin/main...head: NON_EMPTY (64 paths) | GitHub target diff: 64 files, +9178/-513 | GitHub mergeability: CONFLICTING/DIRTY | branch ancestry: 96 open ancestors, 5 open descendants; base=main | file overlap: 64 paths overlap 561 open PRs","Phase 2: review the cumulative stack tip first, then evaluate ancestors without treating ancestry as duplication."
393,feat(document-intake): Invoice / Gutschrift / Mahnung / Zahlungsnachweis Action Planner (Prompt 24),true,main,cursor/document-invoice-planner-rules-7ddc,340f1f938c7b35b303c14b86b37a1b2546afc19c,d60ca989a0763ebcc20025be984050c5a5c79651,340f1f938c7b35b303c14b86b37a1b2546afc19c,12,66,cross-cutting,true,true,false,false,NON_EMPTY,392,397,CONFLICTING,NO_CHECKS_REPORTED,STACKED,HIGH,"commit reachability: 0/12 PR commits reachable from origin/main | patch equivalence: GIT_CHERRY_HAS_UNMATCHED_PATCHES; git cherry equivalent=0, unmatched=12, unrepresented=0 | three-dot diff origin/main...head: NON_EMPTY (66 paths) | GitHub target diff: 66 files, +10497/-513 | GitHub mergeability: CONFLICTING/DIRTY | branch ancestry: 97 open ancestors, 4 open descendants; base=main | file overlap: 66 paths overlap 561 open PRs","Phase 2: review the cumulative stack tip first, then evaluate ancestors without treating ancestry as duplication."
394,feat(document-intake): Maintenance / Inspection / Damage Action Planner (Prompt 25),true,main,cursor/document-maintenance-planner-rules-7ddc,340f1f938c7b35b303c14b86b37a1b2546afc19c,18724c5650e5729ec65cdc52fde553ee94a3419e,340f1f938c7b35b303c14b86b37a1b2546afc19c,14,68,cross-cutting,true,true,false,false,NON_EMPTY,393,397,CONFLICTING,NO_CHECKS_REPORTED,STACKED,HIGH,"commit reachability: 0/14 PR commits reachable from origin/main | patch equivalence: GIT_CHERRY_HAS_UNMATCHED_PATCHES; git cherry equivalent=0, unmatched=14, unrepresented=0 | three-dot diff origin/main...head: NON_EMPTY (68 paths) | GitHub target diff: 68 files, +11431/-513 | GitHub mergeability: CONFLICTING/DIRTY | branch ancestry: 98 open ancestors, 3 open descendants; base=main | file overlap: 68 paths overlap 561 open PRs","Phase 2: review the cumulative stack tip first, then evaluate ancestors without treating ancestry as duplication."
395,Document Intake V2: Evidence action planner rules (Tire/Brake/Battery/Workshop),true,main,cursor/document-evidence-planner-rules-7ddc,340f1f938c7b35b303c14b86b37a1b2546afc19c,6486d87ea74ff2e7802fe24e4d3d0df18180e4a5,340f1f938c7b35b303c14b86b37a1b2546afc19c,15,70,cross-cutting,true,true,false,false,NON_EMPTY,394,397,CONFLICTING,NO_CHECKS_REPORTED,STACKED,HIGH,"commit reachability: 0/15 PR commits reachable from origin/main | patch equivalence: GIT_CHERRY_HAS_UNMATCHED_PATCHES; git cherry equivalent=0, unmatched=15, unrepresented=0 | three-dot diff origin/main...head: NON_EMPTY (70 paths) | GitHub target diff: 70 files, +12576/-513 | GitHub mergeability: CONFLICTING/DIRTY | branch ancestry: 99 open ancestors, 2 open descendants; base=main | file overlap: 70 paths overlap 561 open PRs","Phase 2: review the cumulative stack tip first, then evaluate ancestors without treating ancestry as duplication."
396,Document Intake V2: Versioned required-field registry (Prompt 27),true,main,cursor/document-required-field-registry-7ddc,340f1f938c7b35b303c14b86b37a1b2546afc19c,55b8ac4dd743084b6fb17f35772d71e54adf4887,340f1f938c7b35b303c14b86b37a1b2546afc19c,16,81,cross-cutting,true,true,false,false,NON_EMPTY,395,397,CONFLICTING,NO_CHECKS_REPORTED,STACKED,HIGH,"commit reachability: 0/16 PR commits reachable from origin/main | patch equivalence: GIT_CHERRY_HAS_UNMATCHED_PATCHES; git cherry equivalent=0, unmatched=16, unrepresented=0 | three-dot diff origin/main...head: NON_EMPTY (81 paths) | GitHub target diff: 81 files, +14199/-533 | GitHub mergeability: CONFLICTING/DIRTY | branch ancestry: 100 open ancestors, 1 open descendants; base=main | file overlap: 81 paths overlap 561 open PRs","Phase 2: review the cumulative stack tip first, then evaluate ancestors without treating ancestry as duplication."
397,"Document Intake V2: Fine / hearing form schema, plausibility & apply gates (Prompt 28)",true,main,cursor/document-fine-hardening-7ddc,340f1f938c7b35b303c14b86b37a1b2546afc19c,b8cbe59b5172aec19075718123acd3f83e6a46b9,340f1f938c7b35b303c14b86b37a1b2546afc19c,17,90,cross-cutting,true,true,false,false,NON_EMPTY,396,397,CONFLICTING,NO_CHECKS_REPORTED,CUMULATIVE_STACK_TIP,HIGH,"commit reachability: 0/17 PR commits reachable from origin/main | patch equivalence: GIT_CHERRY_HAS_UNMATCHED_PATCHES; git cherry equivalent=0, unmatched=17, unrepresented=0 | three-dot diff origin/main...head: NON_EMPTY (90 paths) | GitHub target diff: 90 files, +15007/-558 | GitHub mergeability: CONFLICTING/DIRTY | branch ancestry: 101 open ancestors, 0 open descendants; base=main | file overlap: 90 paths overlap 561 open PRs","Phase 2: review the cumulative stack tip first, then evaluate ancestors without treating ancestry as duplication."
404,feat(mcp): ElevenLabs + Twilio MCP servers for Cursor agents,true,main,cursor/elevenlabs-mcp-install-c2c2,340f1f938c7b35b303c14b86b37a1b2546afc19c,22bf95b52139a0147ada0452ebeda20a0b37422c,935b883edd7ac716abd19c340cbcb011176c3fc9,2,5,infrastructure,true,true,false,false,NON_EMPTY,312,404,CONFLICTING,NO_CHECKS_REPORTED,CUMULATIVE_STACK_TIP,HIGH,"commit reachability: 0/2 PR commits reachable from origin/main | patch equivalence: GIT_CHERRY_HAS_UNMATCHED_PATCHES; git cherry equivalent=0, unmatched=2, unrepresented=0 | three-dot diff origin/main...head: NON_EMPTY (5 paths) | GitHub target diff: 5 files, +56/-0 | GitHub mergeability: CONFLICTING/DIRTY | branch ancestry: 86 open ancestors, 0 open descendants; base=main | file overlap: 3 paths overlap 543 open PRs","Phase 2: review the cumulative stack tip first, then evaluate ancestors without treating ancestry as duplication."
405,feat(document-intake): DocumentActionExecutor framework with ARCHIVE + LINK executors (V4.9.611),true,cursor/document-plausibility-consistency-7ddc,cursor/document-action-executor-7ddc,30b16f877ced8be617349bd7d51053a47e4e527b,83b90690f33a57ae5353ef0a3fc7cd68c366f4f6,83b90690f33a57ae5353ef0a3fc7cd68c366f4f6,1,20,documents,false,true,true,UNKNOWN,EMPTY,312,1013,NO_CONFLICT_REPORTED,NO_CHECKS_REPORTED,ALREADY_IN_MAIN,HIGH,"commit reachability: 1/1 PR commits reachable from origin/main | patch equivalence: NOT_APPLICABLE_ALL_COMMITS_DIRECTLY_REACHABLE; git cherry equivalent=0, unmatched=0, unrepresented=0 | three-dot diff origin/main...head: EMPTY (0 paths) | GitHub target diff: 20 files, +1541/-14 | GitHub mergeability: MERGEABLE/CLEAN | branch ancestry: 86 open ancestors, 386 open descendants; base=cursor/document-plausibility-consistency-7ddc | file overlap: 15 paths overlap 545 open PRs",Phase 2: verify representative patch/tree evidence before any close decision.
406,feat(document-intake): idempotent fine apply with extraction linkage (V4.9.612),true,cursor/document-action-executor-7ddc,cursor/document-fine-apply-idempotent-7ddc,83b90690f33a57ae5353ef0a3fc7cd68c366f4f6,800220ce46fb4e3992baf7a77faad241d3c936ba,800220ce46fb4e3992baf7a77faad241d3c936ba,1,21,cross-cutting,false,true,true,UNKNOWN,EMPTY,405,1013,NO_CONFLICT_REPORTED,NO_CHECKS_REPORTED,ALREADY_IN_MAIN,HIGH,"commit reachability: 1/1 PR commits reachable from origin/main | patch equivalence: NOT_APPLICABLE_ALL_COMMITS_DIRECTLY_REACHABLE; git cherry equivalent=0, unmatched=0, unrepresented=0 | three-dot diff origin/main...head: EMPTY (0 paths) | GitHub target diff: 21 files, +1179/-47 | GitHub mergeability: MERGEABLE/CLEAN | branch ancestry: 87 open ancestors, 385 open descendants; base=cursor/document-action-executor-7ddc | file overlap: 16 paths overlap 561 open PRs",Phase 2: verify representative patch/tree evidence before any close decision.
407,V4.9.613 — Document Intake V2 Idempotent Invoice Apply via Action Executor,true,cursor/document-fine-apply-idempotent-7ddc,cursor/document-invoice-apply-executor-7ddc,800220ce46fb4e3992baf7a77faad241d3c936ba,adb8ea6c5543c6ff2a5d1e701210b3b1147ef54c,adb8ea6c5543c6ff2a5d1e701210b3b1147ef54c,1,19,cross-cutting,false,true,true,UNKNOWN,EMPTY,406,1013,NO_CONFLICT_REPORTED,NO_CHECKS_REPORTED,ALREADY_IN_MAIN,HIGH,"commit reachability: 1/1 PR commits reachable from origin/main | patch equivalence: NOT_APPLICABLE_ALL_COMMITS_DIRECTLY_REACHABLE; git cherry equivalent=0, unmatched=0, unrepresented=0 | three-dot diff origin/main...head: EMPTY (0 paths) | GitHub target diff: 19 files, +1211/-82 | GitHub mergeability: MERGEABLE/CLEAN | branch ancestry: 88 open ancestors, 384 open descendants; base=cursor/document-fine-apply-idempotent-7ddc | file overlap: 12 paths overlap 561 open PRs",Phase 2: verify representative patch/tree evidence before any close decision.
408,V4.9.614 — Document Intake V2 Idempotent Service & Inspection Apply via Action Executor,true,cursor/document-invoice-apply-executor-7ddc,cursor/document-service-apply-executor-7ddc,adb8ea6c5543c6ff2a5d1e701210b3b1147ef54c,a676bc1b96b5a1256234657a2b052e5188961859,a676bc1b96b5a1256234657a2b052e5188961859,1,23,documents,false,true,true,UNKNOWN,EMPTY,407,1013,NO_CONFLICT_REPORTED,NO_CHECKS_REPORTED,ALREADY_IN_MAIN,HIGH,"commit reachability: 1/1 PR commits reachable from origin/main | patch equivalence: NOT_APPLICABLE_ALL_COMMITS_DIRECTLY_REACHABLE; git cherry equivalent=0, unmatched=0, unrepresented=0 | three-dot diff origin/main...head: EMPTY (0 paths) | GitHub target diff: 23 files, +1475/-276 | GitHub mergeability: MERGEABLE/CLEAN | branch ancestry: 89 open ancestors, 383 open descendants; base=cursor/document-invoice-apply-executor-7ddc | file overlap: 9 paths overlap 561 open PRs",Phase 2: verify representative patch/tree evidence before any close decision.
410,V4.9.615 — Document Intake V2 Idempotent Damage & Accident Apply via Action Executor,true,cursor/document-service-apply-executor-7ddc,cursor/document-damage-apply-executor-7ddc,a676bc1b96b5a1256234657a2b052e5188961859,0802eb1677af8c79b7a598acbab652f44b2645b1,0802eb1677af8c79b7a598acbab652f44b2645b1,1,16,documents,false,true,true,UNKNOWN,EMPTY,408,1013,NO_CONFLICT_REPORTED,NO_CHECKS_REPORTED,ALREADY_IN_MAIN,HIGH,"commit reachability: 1/1 PR commits reachable from origin/main | patch equivalence: NOT_APPLICABLE_ALL_COMMITS_DIRECTLY_REACHABLE; git cherry equivalent=0, unmatched=0, unrepresented=0 | three-dot diff origin/main...head: EMPTY (0 paths) | GitHub target diff: 16 files, +1091/-97 | GitHub mergeability: MERGEABLE/CLEAN | branch ancestry: 90 open ancestors, 382 open descendants; base=cursor/document-service-apply-executor-7ddc | file overlap: 10 paths overlap 561 open PRs",Phase 2: verify representative patch/tree evidence before any close decision.
411,V4.9.616 — Document Intake V2 Idempotent Tire/Brake/Battery Apply via Action Executor,true,cursor/document-damage-apply-executor-7ddc,cursor/document-technical-apply-executor-7ddc,0802eb1677af8c79b7a598acbab652f44b2645b1,37f427a454cccbeb2572cd6618ffafcc685cd128,37f427a454cccbeb2572cd6618ffafcc685cd128,1,21,cross-cutting,false,true,true,UNKNOWN,EMPTY,410,1013,NO_CONFLICT_REPORTED,NO_CHECKS_REPORTED,ALREADY_IN_MAIN,HIGH,"commit reachability: 1/1 PR commits reachable from origin/main | patch equivalence: NOT_APPLICABLE_ALL_COMMITS_DIRECTLY_REACHABLE; git cherry equivalent=0, unmatched=0, unrepresented=0 | three-dot diff origin/main...head: EMPTY (0 paths) | GitHub target diff: 21 files, +1472/-408 | GitHub mergeability: MERGEABLE/CLEAN | branch ancestry: 91 open ancestors, 381 open descendants; base=cursor/document-damage-apply-executor-7ddc | file overlap: 9 paths overlap 561 open PRs",Phase 2: verify representative patch/tree evidence before any close decision.
412,V4.9.617 — Document Intake V2 Action Plan Apply Lifecycle State Machine,true,cursor/document-technical-apply-executor-7ddc,cursor/document-action-plan-state-machine-7ddc,37f427a454cccbeb2572cd6618ffafcc685cd128,319095027adbf376aeac5de76d50eac967c21a9a,319095027adbf376aeac5de76d50eac967c21a9a,1,17,cross-cutting,false,true,true,UNKNOWN,EMPTY,411,1013,NO_CONFLICT_REPORTED,NO_CHECKS_REPORTED,ALREADY_IN_MAIN,HIGH,"commit reachability: 1/1 PR commits reachable from origin/main | patch equivalence: NOT_APPLICABLE_ALL_COMMITS_DIRECTLY_REACHABLE; git cherry equivalent=0, unmatched=0, unrepresented=0 | three-dot diff origin/main...head: EMPTY (0 paths) | GitHub target diff: 17 files, +976/-32 | GitHub mergeability: MERGEABLE/CLEAN | branch ancestry: 92 open ancestors, 380 open descendants; base=cursor/document-technical-apply-executor-7ddc | file overlap: 14 paths overlap 560 open PRs",Phase 2: verify representative patch/tree evidence before any close decision.
414,V4.9.618 — Document Intake V2 Action Recovery Scheduler & Inventory Reconciliation,true,cursor/document-action-plan-state-machine-7ddc,cursor/document-intake-recovery-reconcile-7ddc,319095027adbf376aeac5de76d50eac967c21a9a,49f4c17e51d4de0c07bd0be96283b1f782af90a3,49f4c17e51d4de0c07bd0be96283b1f782af90a3,1,15,documents,false,true,true,UNKNOWN,EMPTY,412,1013,NO_CONFLICT_REPORTED,NO_CHECKS_REPORTED,ALREADY_IN_MAIN,HIGH,"commit reachability: 1/1 PR commits reachable from origin/main | patch equivalence: NOT_APPLICABLE_ALL_COMMITS_DIRECTLY_REACHABLE; git cherry equivalent=0, unmatched=0, unrepresented=0 | three-dot diff origin/main...head: EMPTY (0 paths) | GitHub target diff: 15 files, +1461/-1 | GitHub mergeability: MERGEABLE/CLEAN | branch ancestry: 93 open ancestors, 379 open descendants; base=cursor/document-action-plan-state-machine-7ddc | file overlap: 9 paths overlap 545 open PRs",Phase 2: verify representative patch/tree evidence before any close decision.
415,V4.9.619 — Document Intake V2 Upload Content Hash (SHA-256),true,cursor/document-intake-recovery-reconcile-7ddc,cursor/document-content-hash-upload-7ddc,49f4c17e51d4de0c07bd0be96283b1f782af90a3,7191b9d269c4cbbdade4005df96a4d63bbad0e4b,7191b9d269c4cbbdade4005df96a4d63bbad0e4b,1,14,cross-cutting,false,true,true,UNKNOWN,EMPTY,414,1013,NO_CONFLICT_REPORTED,NO_CHECKS_REPORTED,ALREADY_IN_MAIN,HIGH,"commit reachability: 1/1 PR commits reachable from origin/main | patch equivalence: NOT_APPLICABLE_ALL_COMMITS_DIRECTLY_REACHABLE; git cherry equivalent=0, unmatched=0, unrepresented=0 | three-dot diff origin/main...head: EMPTY (0 paths) | GitHub target diff: 14 files, +528/-12 | GitHub mergeability: MERGEABLE/CLEAN | branch ancestry: 94 open ancestors, 378 open descendants; base=cursor/document-intake-recovery-reconcile-7ddc | file overlap: 10 paths overlap 560 open PRs",Phase 2: verify representative patch/tree evidence before any close decision.
416,V4.9.620 — Document Intake V2 Upload Duplicate Policy,true,cursor/document-content-hash-upload-7ddc,cursor/document-upload-duplicate-policy-7ddc,7191b9d269c4cbbdade4005df96a4d63bbad0e4b,9ece380c259e186c59a97f4f7b1373af57030398,9ece380c259e186c59a97f4f7b1373af57030398,1,37,cross-cutting,false,true,true,UNKNOWN,EMPTY,415,1013,NO_CONFLICT_REPORTED,NO_CHECKS_REPORTED,ALREADY_IN_MAIN,HIGH,"commit reachability: 1/1 PR commits reachable from origin/main | patch equivalence: NOT_APPLICABLE_ALL_COMMITS_DIRECTLY_REACHABLE; git cherry equivalent=0, unmatched=0, unrepresented=0 | three-dot diff origin/main...head: EMPTY (0 paths) | GitHub target diff: 37 files, +1774/-58 | GitHub mergeability: MERGEABLE/CLEAN | branch ancestry: 95 open ancestors, 377 open descendants; base=cursor/document-content-hash-upload-7ddc | file overlap: 22 paths overlap 579 open PRs",Phase 2: verify representative patch/tree evidence before any close decision.
417,V4.9.621 — Document Intake V2 Upload Rate Limits,true,cursor/document-upload-duplicate-policy-7ddc,cursor/document-upload-rate-limits-7ddc,9ece380c259e186c59a97f4f7b1373af57030398,d46b798b20db4ff858a06e41729a6eeac6491a19,d46b798b20db4ff858a06e41729a6eeac6491a19,2,26,cross-cutting,false,true,true,UNKNOWN,EMPTY,416,1013,NO_CONFLICT_REPORTED,NO_CHECKS_REPORTED,ALREADY_IN_MAIN,HIGH,"commit reachability: 2/2 PR commits reachable from origin/main | patch equivalence: NOT_APPLICABLE_ALL_COMMITS_DIRECTLY_REACHABLE; git cherry equivalent=0, unmatched=0, unrepresented=0 | three-dot diff origin/main...head: EMPTY (0 paths) | GitHub target diff: 26 files, +847/-3 | GitHub mergeability: MERGEABLE/CLEAN | branch ancestry: 96 open ancestors, 376 open descendants; base=cursor/document-upload-duplicate-policy-7ddc | file overlap: 19 paths overlap 566 open PRs",Phase 2: verify representative patch/tree evidence before any close decision.
418,V4.9.622 — Document Intake V2 File Identification Hardening,true,cursor/document-upload-rate-limits-7ddc,cursor/document-file-identification-hardening-7ddc,d46b798b20db4ff858a06e41729a6eeac6491a19,fb43970c9b2e11d66eaafa15e7ffecefb3b26ba3,fb43970c9b2e11d66eaafa15e7ffecefb3b26ba3,1,21,documents,false,true,true,UNKNOWN,EMPTY,417,1013,NO_CONFLICT_REPORTED,NO_CHECKS_REPORTED,ALREADY_IN_MAIN,HIGH,"commit reachability: 1/1 PR commits reachable from origin/main | patch equivalence: NOT_APPLICABLE_ALL_COMMITS_DIRECTLY_REACHABLE; git cherry equivalent=0, unmatched=0, unrepresented=0 | three-dot diff origin/main...head: EMPTY (0 paths) | GitHub target diff: 21 files, +989/-24 | GitHub mergeability: MERGEABLE/CLEAN | branch ancestry: 97 open ancestors, 375 open descendants; base=cursor/document-upload-rate-limits-7ddc | file overlap: 10 paths overlap 565 open PRs",Phase 2: verify representative patch/tree evidence before any close decision.
419,V4.9.623 — Document Intake V2 Malware Scan Abstraction,true,cursor/document-file-identification-hardening-7ddc,cursor/document-malware-scan-abstraction-7ddc,fb43970c9b2e11d66eaafa15e7ffecefb3b26ba3,36fcc26b0ebbad595b10b894ac3f900f7e121646,36fcc26b0ebbad595b10b894ac3f900f7e121646,1,32,cross-cutting,false,true,true,UNKNOWN,EMPTY,418,1013,NO_CONFLICT_REPORTED,NO_CHECKS_REPORTED,ALREADY_IN_MAIN,HIGH,"commit reachability: 1/1 PR commits reachable from origin/main | patch equivalence: NOT_APPLICABLE_ALL_COMMITS_DIRECTLY_REACHABLE; git cherry equivalent=0, unmatched=0, unrepresented=0 | three-dot diff origin/main...head: EMPTY (0 paths) | GitHub target diff: 32 files, +1018/-33 | GitHub mergeability: MERGEABLE/CLEAN | branch ancestry: 98 open ancestors, 374 open descendants; base=cursor/document-file-identification-hardening-7ddc | file overlap: 24 paths overlap 547 open PRs",Phase 2: verify representative patch/tree evidence before any close decision.
420,docs(ops): DI V2 Shadow Canary gestartet — parallel zu Battery (T0 2026-07-17),true,main,cursor/di-v2-shadow-canary-be2f,c9b3d7c6a91da8f4c2e8e0f87e24c4d6fcfb24aa,bf616c541d5b061ce5bc5bf21a235948f9a0cefd,c9b3d7c6a91da8f4c2e8e0f87e24c4d6fcfb24aa,1,4,trips,true,true,false,false,NON_EMPTY,312,420,CONFLICTING,NO_CHECKS_REPORTED,CUMULATIVE_STACK_TIP,HIGH,"commit reachability: 0/1 PR commits reachable from origin/main | patch equivalence: GIT_CHERRY_HAS_UNMATCHED_PATCHES; git cherry equivalent=0, unmatched=1, unrepresented=0 | three-dot diff origin/main...head: NON_EMPTY (4 paths) | GitHub target diff: 4 files, +179/-2 | GitHub mergeability: CONFLICTING/DIRTY | branch ancestry: 86 open ancestors, 0 open descendants; base=main | file overlap: 2 paths overlap 543 open PRs","Phase 2: review the cumulative stack tip first, then evaluate ancestors without treating ancestry as duplication."
421,V4.9.624 — Document Intake V2 Storage & Lifecycle Hardening,true,cursor/document-malware-scan-abstraction-7ddc,cursor/document-storage-lifecycle-7ddc,36fcc26b0ebbad595b10b894ac3f900f7e121646,aad9c76dd9fc6e961ecb4afff462474fea8a1413,aad9c76dd9fc6e961ecb4afff462474fea8a1413,1,35,cross-cutting,false,true,true,UNKNOWN,EMPTY,419,1013,NO_CONFLICT_REPORTED,NO_CHECKS_REPORTED,ALREADY_IN_MAIN,HIGH,"commit reachability: 1/1 PR commits reachable from origin/main | patch equivalence: NOT_APPLICABLE_ALL_COMMITS_DIRECTLY_REACHABLE; git cherry equivalent=0, unmatched=0, unrepresented=0 | three-dot diff origin/main...head: EMPTY (0 paths) | GitHub target diff: 35 files, +1941/-44 | GitHub mergeability: MERGEABLE/CLEAN | branch ancestry: 99 open ancestors, 373 open descendants; base=cursor/document-malware-scan-abstraction-7ddc | file overlap: 25 paths overlap 547 open PRs",Phase 2: verify representative patch/tree evidence before any close decision.
422,V4.9.625 — Document Intake V2 Org-Wide Upload Endpoint,true,cursor/document-storage-lifecycle-7ddc,cursor/document-org-upload-endpoint-7ddc,aad9c76dd9fc6e961ecb4afff462474fea8a1413,9cc5857e5d32adeeec11765f955d81966b442766,9cc5857e5d32adeeec11765f955d81966b442766,1,29,cross-cutting,false,true,true,UNKNOWN,EMPTY,421,1013,NO_CONFLICT_REPORTED,NO_CHECKS_REPORTED,ALREADY_IN_MAIN,HIGH,"commit reachability: 1/1 PR commits reachable from origin/main | patch equivalence: NOT_APPLICABLE_ALL_COMMITS_DIRECTLY_REACHABLE; git cherry equivalent=0, unmatched=0, unrepresented=0 | three-dot diff origin/main...head: EMPTY (0 paths) | GitHub target diff: 29 files, +774/-71 | GitHub mergeability: MERGEABLE/CLEAN | branch ancestry: 100 open ancestors, 372 open descendants; base=cursor/document-storage-lifecycle-7ddc | file overlap: 26 paths overlap 561 open PRs",Phase 2: verify representative patch/tree evidence before any close decision.
423,V4.9.626 — Document Intake V2 OptionalContext Contract,true,cursor/document-org-upload-endpoint-7ddc,cursor/document-optional-context-contract-7ddc,9cc5857e5d32adeeec11765f955d81966b442766,fd90a6d10bfa642d629cfc80719c57e858cfca4c,fd90a6d10bfa642d629cfc80719c57e858cfca4c,1,25,cross-cutting,false,true,true,UNKNOWN,EMPTY,422,1013,NO_CONFLICT_REPORTED,NO_CHECKS_REPORTED,ALREADY_IN_MAIN,HIGH,"commit reachability: 1/1 PR commits reachable from origin/main | patch equivalence: NOT_APPLICABLE_ALL_COMMITS_DIRECTLY_REACHABLE; git cherry equivalent=0, unmatched=0, unrepresented=0 | three-dot diff origin/main...head: EMPTY (0 paths) | GitHub target diff: 25 files, +1135/-74 | GitHub mergeability: MERGEABLE/CLEAN | branch ancestry: 101 open ancestors, 371 open descendants; base=cursor/document-org-upload-endpoint-7ddc | file overlap: 22 paths overlap 546 open PRs",Phase 2: verify representative patch/tree evidence before any close decision.
424,V4.9.627 — Document Intake V2 Vehicle Candidate Resolver,true,cursor/document-optional-context-contract-7ddc,cursor/vehicle-candidate-resolver-7ddc,fd90a6d10bfa642d629cfc80719c57e858cfca4c,bdd021e9f60dd77b79f5878d90aff7207002ec6c,bdd021e9f60dd77b79f5878d90aff7207002ec6c,2,17,cross-cutting,false,true,true,UNKNOWN,EMPTY,423,1013,NO_CONFLICT_REPORTED,NO_CHECKS_REPORTED,ALREADY_IN_MAIN,HIGH,"commit reachability: 2/2 PR commits reachable from origin/main | patch equivalence: NOT_APPLICABLE_ALL_COMMITS_DIRECTLY_REACHABLE; git cherry equivalent=0, unmatched=0, unrepresented=0 | three-dot diff origin/main...head: EMPTY (0 paths) | GitHub target diff: 17 files, +1010/-4 | GitHub mergeability: MERGEABLE/CLEAN | branch ancestry: 102 open ancestors, 370 open descendants; base=cursor/document-optional-context-contract-7ddc | file overlap: 11 paths overlap 545 open PRs",Phase 2: verify representative patch/tree evidence before any close decision.
425,V4.9.628 — Document Intake V2 Booking Candidate Resolver,true,cursor/vehicle-candidate-resolver-7ddc,cursor/booking-candidate-resolver-7ddc,bdd021e9f60dd77b79f5878d90aff7207002ec6c,3fb448b6da6d11ee35e4ab1de51f6e5b94e9ffa3,3fb448b6da6d11ee35e4ab1de51f6e5b94e9ffa3,1,17,cross-cutting,false,true,true,UNKNOWN,EMPTY,424,1013,NO_CONFLICT_REPORTED,NO_CHECKS_REPORTED,ALREADY_IN_MAIN,HIGH,"commit reachability: 1/1 PR commits reachable from origin/main | patch equivalence: NOT_APPLICABLE_ALL_COMMITS_DIRECTLY_REACHABLE; git cherry equivalent=0, unmatched=0, unrepresented=0 | three-dot diff origin/main...head: EMPTY (0 paths) | GitHub target diff: 17 files, +1038/-3 | GitHub mergeability: MERGEABLE/CLEAN | branch ancestry: 103 open ancestors, 369 open descendants; base=cursor/vehicle-candidate-resolver-7ddc | file overlap: 11 paths overlap 545 open PRs",Phase 2: verify representative patch/tree evidence before any close decision.
426,V4.9.629 — Document Intake V2 Customer Candidate Resolver,true,cursor/booking-candidate-resolver-7ddc,cursor/customer-candidate-resolver-7ddc,3fb448b6da6d11ee35e4ab1de51f6e5b94e9ffa3,5b38dbd3f4138b7282e66ba16f850fe50446cb32,5b38dbd3f4138b7282e66ba16f850fe50446cb32,1,17,cross-cutting,false,true,true,UNKNOWN,EMPTY,425,1013,NO_CONFLICT_REPORTED,NO_CHECKS_REPORTED,ALREADY_IN_MAIN,HIGH,"commit reachability: 1/1 PR commits reachable from origin/main | patch equivalence: NOT_APPLICABLE_ALL_COMMITS_DIRECTLY_REACHABLE; git cherry equivalent=0, unmatched=0, unrepresented=0 | three-dot diff origin/main...head: EMPTY (0 paths) | GitHub target diff: 17 files, +1095/-1 | GitHub mergeability: MERGEABLE/CLEAN | branch ancestry: 104 open ancestors, 368 open descendants; base=cursor/booking-candidate-resolver-7ddc | file overlap: 11 paths overlap 545 open PRs",Phase 2: verify representative patch/tree evidence before any close decision.
428,V4.9.630 — Document Intake V2 Driver Candidate Resolver,true,cursor/customer-candidate-resolver-7ddc,cursor/driver-candidate-resolver-7ddc,5b38dbd3f4138b7282e66ba16f850fe50446cb32,bb357d0ceaae8ad79647f7eb91d3d5629e26d6fc,bb357d0ceaae8ad79647f7eb91d3d5629e26d6fc,1,17,cross-cutting,false,true,true,UNKNOWN,EMPTY,426,1013,NO_CONFLICT_REPORTED,NO_CHECKS_REPORTED,ALREADY_IN_MAIN,HIGH,"commit reachability: 1/1 PR commits reachable from origin/main | patch equivalence: NOT_APPLICABLE_ALL_COMMITS_DIRECTLY_REACHABLE; git cherry equivalent=0, unmatched=0, unrepresented=0 | three-dot diff origin/main...head: EMPTY (0 paths) | GitHub target diff: 17 files, +1248/-3 | GitHub mergeability: MERGEABLE/CLEAN | branch ancestry: 105 open ancestors, 367 open descendants; base=cursor/customer-candidate-resolver-7ddc | file overlap: 11 paths overlap 545 open PRs",Phase 2: verify representative patch/tree evidence before any close decision.
429,V4.9.631 — Document Intake V2 Partner Candidate Resolver,true,cursor/driver-candidate-resolver-7ddc,cursor/partner-candidate-resolver-7ddc,bb357d0ceaae8ad79647f7eb91d3d5629e26d6fc,41fec98447926f15e0cf6862dd2f0de334f5e849,41fec98447926f15e0cf6862dd2f0de334f5e849,2,17,cross-cutting,false,true,true,UNKNOWN,EMPTY,428,1013,NO_CONFLICT_REPORTED,NO_CHECKS_REPORTED,ALREADY_IN_MAIN,HIGH,"commit reachability: 2/2 PR commits reachable from origin/main | patch equivalence: NOT_APPLICABLE_ALL_COMMITS_DIRECTLY_REACHABLE; git cherry equivalent=0, unmatched=0, unrepresented=0 | three-dot diff origin/main...head: EMPTY (0 paths) | GitHub target diff: 17 files, +1418/-1 | GitHub mergeability: MERGEABLE/CLEAN | branch ancestry: 106 open ancestors, 366 open descendants; base=cursor/driver-candidate-resolver-7ddc | file overlap: 11 paths overlap 545 open PRs",Phase 2: verify representative patch/tree evidence before any close decision.
430,V4.9.632 — Document Intake V2 Entity Candidate Ranking Policy,true,cursor/partner-candidate-resolver-7ddc,cursor/entity-candidate-ranking-policy-7ddc,41fec98447926f15e0cf6862dd2f0de334f5e849,168dd825f71ebb5fe21b470d474ba67df8e1c886,168dd825f71ebb5fe21b470d474ba67df8e1c886,2,13,documents,false,true,true,UNKNOWN,EMPTY,429,1013,NO_CONFLICT_REPORTED,NO_CHECKS_REPORTED,ALREADY_IN_MAIN,HIGH,"commit reachability: 2/2 PR commits reachable from origin/main | patch equivalence: NOT_APPLICABLE_ALL_COMMITS_DIRECTLY_REACHABLE; git cherry equivalent=0, unmatched=0, unrepresented=0 | three-dot diff origin/main...head: EMPTY (0 paths) | GitHub target diff: 13 files, +832/-0 | GitHub mergeability: MERGEABLE/CLEAN | branch ancestry: 107 open ancestors, 365 open descendants; base=cursor/partner-candidate-resolver-7ddc | file overlap: 7 paths overlap 545 open PRs",Phase 2: verify representative patch/tree evidence before any close decision.
431,V4.9.633 — Document Intake V2 Entity Links API,true,cursor/entity-candidate-ranking-policy-7ddc,cursor/document-entity-links-api-7ddc,168dd825f71ebb5fe21b470d474ba67df8e1c886,cf6a4bcae196d060d8e0a1e3c67e87124e95d8ff,cf6a4bcae196d060d8e0a1e3c67e87124e95d8ff,1,15,documents,false,true,true,UNKNOWN,EMPTY,430,1013,NO_CONFLICT_REPORTED,NO_CHECKS_REPORTED,ALREADY_IN_MAIN,HIGH,"commit reachability: 1/1 PR commits reachable from origin/main | patch equivalence: NOT_APPLICABLE_ALL_COMMITS_DIRECTLY_REACHABLE; git cherry equivalent=0, unmatched=0, unrepresented=0 | three-dot diff origin/main...head: EMPTY (0 paths) | GitHub target diff: 15 files, +1062/-2 | GitHub mergeability: MERGEABLE/CLEAN | branch ancestry: 108 open ancestors, 364 open descendants; base=cursor/entity-candidate-ranking-policy-7ddc | file overlap: 9 paths overlap 545 open PRs",Phase 2: verify representative patch/tree evidence before any close decision.
432,V4.9.634 — Document Intake V2 Two-Stage Taxonomy,true,cursor/document-entity-links-api-7ddc,cursor/document-taxonomy-7ddc,cf6a4bcae196d060d8e0a1e3c67e87124e95d8ff,a610f375802ba218fb6b35ddba556f8317301e60,a610f375802ba218fb6b35ddba556f8317301e60,1,18,documents,false,true,true,UNKNOWN,EMPTY,431,1013,NO_CONFLICT_REPORTED,NO_CHECKS_REPORTED,ALREADY_IN_MAIN,HIGH,"commit reachability: 1/1 PR commits reachable from origin/main | patch equivalence: NOT_APPLICABLE_ALL_COMMITS_DIRECTLY_REACHABLE; git cherry equivalent=0, unmatched=0, unrepresented=0 | three-dot diff origin/main...head: EMPTY (0 paths) | GitHub target diff: 18 files, +833/-20 | GitHub mergeability: MERGEABLE/CLEAN | branch ancestry: 109 open ancestors, 363 open descendants; base=cursor/document-entity-links-api-7ddc | file overlap: 14 paths overlap 545 open PRs",Phase 2: verify representative patch/tree evidence before any close decision.
433,V4.9.635 — Document Intake V2 Schema Registry,true,cursor/document-taxonomy-7ddc,cursor/document-schema-registry-7ddc,a610f375802ba218fb6b35ddba556f8317301e60,dcf4440562d6231bf5fdeb18ea97c38e4eccd3d2,dcf4440562d6231bf5fdeb18ea97c38e4eccd3d2,1,14,documents,false,true,true,UNKNOWN,EMPTY,432,1013,NO_CONFLICT_REPORTED,NO_CHECKS_REPORTED,ALREADY_IN_MAIN,HIGH,"commit reachability: 1/1 PR commits reachable from origin/main | patch equivalence: NOT_APPLICABLE_ALL_COMMITS_DIRECTLY_REACHABLE; git cherry equivalent=0, unmatched=0, unrepresented=0 | three-dot diff origin/main...head: EMPTY (0 paths) | GitHub target diff: 14 files, +951/-57 | GitHub mergeability: MERGEABLE/CLEAN | branch ancestry: 110 open ancestors, 362 open descendants; base=cursor/document-taxonomy-7ddc | file overlap: 8 paths overlap 47 open PRs",Phase 2: verify representative patch/tree evidence before any close decision.
434,V4.9.636 — Document Intake V2 Classification Taxonomy Contract,true,cursor/document-schema-registry-7ddc,cursor/document-classification-taxonomy-7ddc,dcf4440562d6231bf5fdeb18ea97c38e4eccd3d2,a66af18654a4464544c367fecf656b0353c57386,a66af18654a4464544c367fecf656b0353c57386,1,18,cross-cutting,false,true,true,UNKNOWN,EMPTY,433,1013,NO_CONFLICT_REPORTED,NO_CHECKS_REPORTED,ALREADY_IN_MAIN,HIGH,"commit reachability: 1/1 PR commits reachable from origin/main | patch equivalence: NOT_APPLICABLE_ALL_COMMITS_DIRECTLY_REACHABLE; git cherry equivalent=0, unmatched=0, unrepresented=0 | three-dot diff origin/main...head: EMPTY (0 paths) | GitHub target diff: 18 files, +1334/-180 | GitHub mergeability: MERGEABLE/CLEAN | branch ancestry: 111 open ancestors, 361 open descendants; base=cursor/document-schema-registry-7ddc | file overlap: 9 paths overlap 543 open PRs",Phase 2: verify representative patch/tree evidence before any close decision.
435,V4.9.637 — Document Intake V2 Structured Extraction via Schema Registry,true,cursor/document-classification-taxonomy-7ddc,cursor/document-structured-extraction-registry-7ddc,a66af18654a4464544c367fecf656b0353c57386,60181e4d28d8702a8845efeac48b091ecdb00aa4,60181e4d28d8702a8845efeac48b091ecdb00aa4,1,14,documents,false,true,true,UNKNOWN,EMPTY,434,1013,NO_CONFLICT_REPORTED,NO_CHECKS_REPORTED,ALREADY_IN_MAIN,HIGH,"commit reachability: 1/1 PR commits reachable from origin/main | patch equivalence: NOT_APPLICABLE_ALL_COMMITS_DIRECTLY_REACHABLE; git cherry equivalent=0, unmatched=0, unrepresented=0 | three-dot diff origin/main...head: EMPTY (0 paths) | GitHub target diff: 14 files, +841/-18 | GitHub mergeability: MERGEABLE/CLEAN | branch ancestry: 112 open ancestors, 360 open descendants; base=cursor/document-classification-taxonomy-7ddc | file overlap: 10 paths overlap 544 open PRs",Phase 2: verify representative patch/tree evidence before any close decision.
436,V4.9.638 — Document Intake V2 Field Provenance,true,cursor/document-structured-extraction-registry-7ddc,cursor/document-field-provenance-7ddc,60181e4d28d8702a8845efeac48b091ecdb00aa4,916d6cb0a6cb35698ac817589e2577efedbe6f4d,916d6cb0a6cb35698ac817589e2577efedbe6f4d,1,16,documents,false,true,true,UNKNOWN,EMPTY,435,1013,NO_CONFLICT_REPORTED,NO_CHECKS_REPORTED,ALREADY_IN_MAIN,HIGH,"commit reachability: 1/1 PR commits reachable from origin/main | patch equivalence: NOT_APPLICABLE_ALL_COMMITS_DIRECTLY_REACHABLE; git cherry equivalent=0, unmatched=0, unrepresented=0 | three-dot diff origin/main...head: EMPTY (0 paths) | GitHub target diff: 16 files, +661/-15 | GitHub mergeability: MERGEABLE/CLEAN | branch ancestry: 113 open ancestors, 359 open descendants; base=cursor/document-structured-extraction-registry-7ddc | file overlap: 11 paths overlap 544 open PRs",Phase 2: verify representative patch/tree evidence before any close decision.
437,V4.9.639 — Document Intake V2 Golden Fixture Corpus,true,cursor/document-field-provenance-7ddc,cursor/document-golden-fixture-corpus-7ddc,916d6cb0a6cb35698ac817589e2577efedbe6f4d,c06ec4d92cddbb52cbf78960f03aa47878fbc8ea,c06ec4d92cddbb52cbf78960f03aa47878fbc8ea,1,12,cross-cutting,false,true,true,UNKNOWN,EMPTY,436,1013,NO_CONFLICT_REPORTED,NO_CHECKS_REPORTED,ALREADY_IN_MAIN,HIGH,"commit reachability: 1/1 PR commits reachable from origin/main | patch equivalence: NOT_APPLICABLE_ALL_COMMITS_DIRECTLY_REACHABLE; git cherry equivalent=0, unmatched=0, unrepresented=0 | three-dot diff origin/main...head: EMPTY (0 paths) | GitHub target diff: 12 files, +1137/-2 | GitHub mergeability: MERGEABLE/CLEAN | branch ancestry: 114 open ancestors, 358 open descendants; base=cursor/document-field-provenance-7ddc | file overlap: 4 paths overlap 543 open PRs",Phase 2: verify representative patch/tree evidence before any close decision.
438,V4.9.640 — Document Intake Unified Flow (canonical hook),true,cursor/document-golden-fixture-corpus-7ddc,cursor/document-intake-flow-consolidation-7ddc,c06ec4d92cddbb52cbf78960f03aa47878fbc8ea,a0b249dcdffcac1a268a39782a34f874c8a49d9a,a0b249dcdffcac1a268a39782a34f874c8a49d9a,1,17,cross-cutting,false,true,true,UNKNOWN,EMPTY,437,1013,NO_CONFLICT_REPORTED,NO_CHECKS_REPORTED,ALREADY_IN_MAIN,HIGH,"commit reachability: 1/1 PR commits reachable from origin/main | patch equivalence: NOT_APPLICABLE_ALL_COMMITS_DIRECTLY_REACHABLE; git cherry equivalent=0, unmatched=0, unrepresented=0 | three-dot diff origin/main...head: EMPTY (0 paths) | GitHub target diff: 17 files, +1518/-1082 | GitHub mergeability: MERGEABLE/CLEAN | branch ancestry: 115 open ancestors, 357 open descendants; base=cursor/document-golden-fixture-corpus-7ddc | file overlap: 15 paths overlap 544 open PRs",Phase 2: verify representative patch/tree evidence before any close decision.
439,V4.9.641 — Document Intake Initial UX (upload-first),true,cursor/document-intake-flow-consolidation-7ddc,cursor/document-intake-initial-ux-7ddc,a0b249dcdffcac1a268a39782a34f874c8a49d9a,7d80df837401144e54a74a496bb37cdc254c79df,7d80df837401144e54a74a496bb37cdc254c79df,1,23,documents,false,true,true,UNKNOWN,EMPTY,438,1013,NO_CONFLICT_REPORTED,NO_CHECKS_REPORTED,ALREADY_IN_MAIN,HIGH,"commit reachability: 1/1 PR commits reachable from origin/main | patch equivalence: NOT_APPLICABLE_ALL_COMMITS_DIRECTLY_REACHABLE; git cherry equivalent=0, unmatched=0, unrepresented=0 | three-dot diff origin/main...head: EMPTY (0 paths) | GitHub target diff: 23 files, +733/-229 | GitHub mergeability: MERGEABLE/CLEAN | branch ancestry: 116 open ancestors, 356 open descendants; base=cursor/document-intake-flow-consolidation-7ddc | file overlap: 19 paths overlap 565 open PRs",Phase 2: verify representative patch/tree evidence before any close decision.
440,V4.9.642 — Document Intake User-Facing Status Flow,true,cursor/document-intake-initial-ux-7ddc,cursor/document-intake-status-flow-7ddc,7d80df837401144e54a74a496bb37cdc254c79df,bc3c9216f770bf222fd2ee352bdac0c693f1c253,bc3c9216f770bf222fd2ee352bdac0c693f1c253,1,14,documents,false,true,true,UNKNOWN,EMPTY,439,1013,NO_CONFLICT_REPORTED,NO_CHECKS_REPORTED,ALREADY_IN_MAIN,HIGH,"commit reachability: 1/1 PR commits reachable from origin/main | patch equivalence: NOT_APPLICABLE_ALL_COMMITS_DIRECTLY_REACHABLE; git cherry equivalent=0, unmatched=0, unrepresented=0 | three-dot diff origin/main...head: EMPTY (0 paths) | GitHub target diff: 14 files, +725/-118 | GitHub mergeability: MERGEABLE/CLEAN | branch ancestry: 117 open ancestors, 355 open descendants; base=cursor/document-intake-initial-ux-7ddc | file overlap: 10 paths overlap 110 open PRs",Phase 2: verify representative patch/tree evidence before any close decision.
441,V4.9.643 — Document Intake Classification Result UI (Prompt 68),true,cursor/document-intake-status-flow-7ddc,cursor/document-intake-classification-result-7ddc,bc3c9216f770bf222fd2ee352bdac0c693f1c253,7fd9ac4742c5130b20e707ed8de611e1e293de8f,7fd9ac4742c5130b20e707ed8de611e1e293de8f,2,15,documents,false,true,true,UNKNOWN,EMPTY,440,1013,NO_CONFLICT_REPORTED,NO_CHECKS_REPORTED,ALREADY_IN_MAIN,HIGH,"commit reachability: 2/2 PR commits reachable from origin/main | patch equivalence: NOT_APPLICABLE_ALL_COMMITS_DIRECTLY_REACHABLE; git cherry equivalent=0, unmatched=0, unrepresented=0 | three-dot diff origin/main...head: EMPTY (0 paths) | GitHub target diff: 15 files, +1156/-52 | GitHub mergeability: MERGEABLE/CLEAN | branch ancestry: 118 open ancestors, 354 open descendants; base=cursor/document-intake-status-flow-7ddc | file overlap: 9 paths overlap 565 open PRs",Phase 2: verify representative patch/tree evidence before any close decision.
442,V4.9.644 — Document Intake Shared Entity Review (Prompt 69),true,cursor/document-intake-classification-result-7ddc,cursor/document-intake-entity-review-7ddc,7fd9ac4742c5130b20e707ed8de611e1e293de8f,f4f6485b8f5c355f13dab476cad26fd1577c049b,f4f6485b8f5c355f13dab476cad26fd1577c049b,1,16,cross-cutting,false,true,true,UNKNOWN,EMPTY,441,1013,NO_CONFLICT_REPORTED,NO_CHECKS_REPORTED,ALREADY_IN_MAIN,HIGH,"commit reachability: 1/1 PR commits reachable from origin/main | patch equivalence: NOT_APPLICABLE_ALL_COMMITS_DIRECTLY_REACHABLE; git cherry equivalent=0, unmatched=0, unrepresented=0 | three-dot diff origin/main...head: EMPTY (0 paths) | GitHub target diff: 16 files, +1706/-28 | GitHub mergeability: MERGEABLE/CLEAN | branch ancestry: 119 open ancestors, 353 open descendants; base=cursor/document-intake-classification-result-7ddc | file overlap: 11 paths overlap 564 open PRs",Phase 2: verify representative patch/tree evidence before any close decision.
443,V4.9.645 — Document Intake Schema-Driven Field Review,true,cursor/document-intake-entity-review-7ddc,cursor/document-intake-schema-field-review-7ddc,f4f6485b8f5c355f13dab476cad26fd1577c049b,68f96801b42e8ccf94cfd2f8bfab1ff9c63e3d71,68f96801b42e8ccf94cfd2f8bfab1ff9c63e3d71,1,23,documents,false,true,true,UNKNOWN,EMPTY,442,1013,NO_CONFLICT_REPORTED,NO_CHECKS_REPORTED,ALREADY_IN_MAIN,HIGH,"commit reachability: 1/1 PR commits reachable from origin/main | patch equivalence: NOT_APPLICABLE_ALL_COMMITS_DIRECTLY_REACHABLE; git cherry equivalent=0, unmatched=0, unrepresented=0 | three-dot diff origin/main...head: EMPTY (0 paths) | GitHub target diff: 23 files, +1556/-48 | GitHub mergeability: MERGEABLE/CLEAN | branch ancestry: 120 open ancestors, 352 open descendants; base=cursor/document-intake-entity-review-7ddc | file overlap: 17 paths overlap 566 open PRs",Phase 2: verify representative patch/tree evidence before any close decision.
444,feat(document-intake): Action Plan Review „Was soll übernommen werden?“ (V4.9.646),true,cursor/document-intake-schema-field-review-7ddc,cursor/document-intake-action-plan-review-7ddc,68f96801b42e8ccf94cfd2f8bfab1ff9c63e3d71,343eb2bc5546a2e9747b0f687d4a009883058c81,343eb2bc5546a2e9747b0f687d4a009883058c81,1,35,documents,false,true,true,UNKNOWN,EMPTY,443,1013,NO_CONFLICT_REPORTED,NO_CHECKS_REPORTED,ALREADY_IN_MAIN,HIGH,"commit reachability: 1/1 PR commits reachable from origin/main | patch equivalence: NOT_APPLICABLE_ALL_COMMITS_DIRECTLY_REACHABLE; git cherry equivalent=0, unmatched=0, unrepresented=0 | three-dot diff origin/main...head: EMPTY (0 paths) | GitHub target diff: 35 files, +1897/-48 | GitHub mergeability: MERGEABLE/CLEAN | branch ancestry: 121 open ancestors, 351 open descendants; base=cursor/document-intake-schema-field-review-7ddc | file overlap: 20 paths overlap 566 open PRs",Phase 2: verify representative patch/tree evidence before any close decision.
446,feat(document-intake): central follow-up suggestion domain (V4.9.648),true,cursor/document-intake-apply-result-7ddc,cursor/document-follow-up-suggestion-7ddc,fa458687783c40dffa599b833e9763f847af4cb1,2510d8b10c82a0310bb1a3fe09180234b0cc5d84,fa458687783c40dffa599b833e9763f847af4cb1,1,14,documents,false,true,false,false,NON_EMPTY,444,446,NO_CONFLICT_REPORTED,NO_CHECKS_REPORTED,CUMULATIVE_STACK_TIP,HIGH,"commit reachability: 0/1 PR commits reachable from origin/main | patch equivalence: GIT_CHERRY_HAS_UNMATCHED_PATCHES; git cherry equivalent=0, unmatched=1, unrepresented=0 | three-dot diff origin/main...head: NON_EMPTY (14 paths) | GitHub target diff: 14 files, +1099/-2 | GitHub mergeability: MERGEABLE/CLEAN | branch ancestry: 122 open ancestors, 0 open descendants; base=cursor/document-intake-apply-result-7ddc | file overlap: 14 paths overlap 61 open PRs","Phase 2: review the cumulative stack tip first, then evaluate ancestors without treating ancestry as duplication."
447,feat(document-intake): connect follow-up suggestions to Task Domain V2 (Prompt 74),true,cursor/document-follow-up-suggestion-7ddc,cursor/document-follow-up-task-v2-7ddc,2510d8b10c82a0310bb1a3fe09180234b0cc5d84,b6eb3d85145ffd16d7b5b368ac457435a98b9410,b6eb3d85145ffd16d7b5b368ac457435a98b9410,2,21,cross-cutting,false,true,true,UNKNOWN,EMPTY,446,1013,CONFLICTING,NO_CHECKS_REPORTED,ALREADY_IN_MAIN,HIGH,"commit reachability: 2/2 PR commits reachable from origin/main | patch equivalence: NOT_APPLICABLE_ALL_COMMITS_DIRECTLY_REACHABLE; git cherry equivalent=0, unmatched=0, unrepresented=0 | three-dot diff origin/main...head: EMPTY (0 paths) | GitHub target diff: 21 files, +1982/-2 | GitHub mergeability: CONFLICTING/DIRTY | branch ancestry: 122 open ancestors, 349 open descendants; base=cursor/document-follow-up-suggestion-7ddc | file overlap: 16 paths overlap 545 open PRs",Phase 2: verify representative patch/tree evidence before any close decision.
449,feat(document-intake): follow-up contact prepare without auto-send (V4.9.650),true,cursor/document-follow-up-task-v2-7ddc,cursor/document-follow-up-contact-prepare-7ddc,b6eb3d85145ffd16d7b5b368ac457435a98b9410,9d8e6ac144646a9601856513012b322496587ecb,9d8e6ac144646a9601856513012b322496587ecb,1,25,documents,false,true,true,UNKNOWN,EMPTY,447,1013,NO_CONFLICT_REPORTED,NO_CHECKS_REPORTED,ALREADY_IN_MAIN,HIGH,"commit reachability: 1/1 PR commits reachable from origin/main | patch equivalence: NOT_APPLICABLE_ALL_COMMITS_DIRECTLY_REACHABLE; git cherry equivalent=0, unmatched=0, unrepresented=0 | three-dot diff origin/main...head: EMPTY (0 paths) | GitHub target diff: 25 files, +2207/-1 | GitHub mergeability: MERGEABLE/CLEAN | branch ancestry: 123 open ancestors, 348 open descendants; base=cursor/document-follow-up-task-v2-7ddc | file overlap: 12 paths overlap 566 open PRs",Phase 2: verify representative patch/tree evidence before any close decision.
451,feat(document-intake): versioned follow-up subtype rules (V4.9.651),true,cursor/document-follow-up-contact-prepare-7ddc,cursor/document-follow-up-subtype-rules-7ddc,9d8e6ac144646a9601856513012b322496587ecb,93c1b943910ff1a78ee7a1279114af800cfba750,93c1b943910ff1a78ee7a1279114af800cfba750,1,16,documents,false,true,true,UNKNOWN,EMPTY,449,1013,NO_CONFLICT_REPORTED,NO_CHECKS_REPORTED,ALREADY_IN_MAIN,HIGH,"commit reachability: 1/1 PR commits reachable from origin/main | patch equivalence: NOT_APPLICABLE_ALL_COMMITS_DIRECTLY_REACHABLE; git cherry equivalent=0, unmatched=0, unrepresented=0 | three-dot diff origin/main...head: EMPTY (0 paths) | GitHub target diff: 16 files, +877/-62 | GitHub mergeability: MERGEABLE/CLEAN | branch ancestry: 124 open ancestors, 347 open descendants; base=cursor/document-follow-up-contact-prepare-7ddc | file overlap: 11 paths overlap 545 open PRs",Phase 2: verify representative patch/tree evidence before any close decision.
461,feat(stations-v2): Prompt 7 — canonical Stations V2 permissions,true,main,cursor/stations-v2-permissions-c2c2,e5ae35a141527e742ae51dd379c8e1725ccd0eb7,ee3849d546ab9930a28fd702c9b073d0b59856be,e5ae35a141527e742ae51dd379c8e1725ccd0eb7,1,9,cross-cutting,true,true,false,false,NON_EMPTY,312,549,CONFLICTING,NO_CHECKS_REPORTED,STACKED,HIGH,"commit reachability: 0/1 PR commits reachable from origin/main | patch equivalence: GIT_CHERRY_HAS_UNMATCHED_PATCHES; git cherry equivalent=0, unmatched=1, unrepresented=0 | three-dot diff origin/main...head: NON_EMPTY (9 paths) | GitHub target diff: 9 files, +751/-38 | GitHub mergeability: CONFLICTING/DIRTY | branch ancestry: 86 open ancestors, 63 open descendants; base=main | file overlap: 9 paths overlap 544 open PRs","Phase 2: review the cumulative stack tip first, then evaluate ancestors without treating ancestry as duplication."
462,feat(stations-v2): Prompt 7+8 — permissions and station scope resolver,true,main,cursor/stations-v2-station-scope-c2c2,e5ae35a141527e742ae51dd379c8e1725ccd0eb7,dd1bfff44e330c5e5857ae774630ff751a41db97,e5ae35a141527e742ae51dd379c8e1725ccd0eb7,2,20,cross-cutting,true,true,false,false,NON_EMPTY,461,549,CONFLICTING,NO_CHECKS_REPORTED,STACKED,HIGH,"commit reachability: 0/2 PR commits reachable from origin/main | patch equivalence: GIT_CHERRY_HAS_UNMATCHED_PATCHES; git cherry equivalent=0, unmatched=2, unrepresented=0 | three-dot diff origin/main...head: NON_EMPTY (20 paths) | GitHub target diff: 20 files, +2279/-54 | GitHub mergeability: CONFLICTING/DIRTY | branch ancestry: 87 open ancestors, 62 open descendants; base=main | file overlap: 20 paths overlap 544 open PRs","Phase 2: review the cumulative stack tip first, then evaluate ancestors without treating ancestry as duplication."
464,"Stations V2: permissions, scope, read + mutation endpoint security (Prompts 7–10)",true,main,cursor/stations-v2-read-endpoints-c2c2,e5ae35a141527e742ae51dd379c8e1725ccd0eb7,343d247d0470407eb390f9e7b6be0abef7dc29c7,e5ae35a141527e742ae51dd379c8e1725ccd0eb7,4,38,cross-cutting,true,true,false,false,NON_EMPTY,462,549,CONFLICTING,NO_CHECKS_REPORTED,STACKED,HIGH,"commit reachability: 0/4 PR commits reachable from origin/main | patch equivalence: GIT_CHERRY_HAS_UNMATCHED_PATCHES; git cherry equivalent=0, unmatched=4, unrepresented=0 | three-dot diff origin/main...head: NON_EMPTY (38 paths) | GitHub target diff: 38 files, +3909/-120 | GitHub mergeability: CONFLICTING/DIRTY | branch ancestry: 88 open ancestors, 61 open descendants; base=main | file overlap: 38 paths overlap 544 open PRs","Phase 2: review the cumulative stack tip first, then evaluate ancestors without treating ancestry as duplication."
465,Stations V2: Access Scope + Nested Security + UI Permissions (Prompts 11–13),true,cursor/stations-v2-read-endpoints-c2c2,cursor/station-access-scope-service-c2c2,343d247d0470407eb390f9e7b6be0abef7dc29c7,168445c6ce129b2f8c64d76790e31f931e672d9b,e5ae35a141527e742ae51dd379c8e1725ccd0eb7,3,31,cross-cutting,false,true,false,false,NON_EMPTY,464,549,NO_CONFLICT_REPORTED,NO_CHECKS_REPORTED,STACKED,HIGH,"commit reachability: 0/3 PR commits reachable from origin/main | patch equivalence: GIT_CHERRY_HAS_UNMATCHED_PATCHES; git cherry equivalent=0, unmatched=3, unrepresented=0 | three-dot diff origin/main...head: NON_EMPTY (59 paths) | GitHub target diff: 31 files, +2344/-180 | GitHub mergeability: MERGEABLE/CLEAN | branch ancestry: 89 open ancestors, 60 open descendants; base=cursor/stations-v2-read-endpoints-c2c2 | file overlap: 31 paths overlap 564 open PRs","Phase 2: review the cumulative stack tip first, then evaluate ancestors without treating ancestry as duplication."
466,test(stations-v2): full authz test package (Prompt 14/78),true,main,cursor/stations-v2-authz-tests-c2c2,e5ae35a141527e742ae51dd379c8e1725ccd0eb7,c5108ad33bd73414cbfec48a3dbb3708b9cc8fb4,e5ae35a141527e742ae51dd379c8e1725ccd0eb7,8,63,cross-cutting,true,true,false,false,NON_EMPTY,465,549,CONFLICTING,NO_CHECKS_REPORTED,STACKED,HIGH,"commit reachability: 0/8 PR commits reachable from origin/main | patch equivalence: GIT_CHERRY_HAS_UNMATCHED_PATCHES; git cherry equivalent=0, unmatched=8, unrepresented=0 | three-dot diff origin/main...head: NON_EMPTY (63 paths) | GitHub target diff: 63 files, +7264/-217 | GitHub mergeability: CONFLICTING/DIRTY | branch ancestry: 90 open ancestors, 59 open descendants; base=main | file overlap: 63 paths overlap 565 open PRs","Phase 2: review the cumulative stack tip first, then evaluate ancestors without treating ancestry as duplication."
467,feat(stations-v2): central StationLifecyclePolicy (Prompt 15/78),true,main,cursor/station-lifecycle-policy-c2c2,e5ae35a141527e742ae51dd379c8e1725ccd0eb7,6a4893361d0a3f127a4bdac2ec9deadefba04d3c,e5ae35a141527e742ae51dd379c8e1725ccd0eb7,9,66,cross-cutting,true,true,false,false,NON_EMPTY,466,549,CONFLICTING,NO_CHECKS_REPORTED,STACKED,HIGH,"commit reachability: 0/9 PR commits reachable from origin/main | patch equivalence: GIT_CHERRY_HAS_UNMATCHED_PATCHES; git cherry equivalent=0, unmatched=9, unrepresented=0 | three-dot diff origin/main...head: NON_EMPTY (66 paths) | GitHub target diff: 66 files, +8603/-217 | GitHub mergeability: CONFLICTING/DIRTY | branch ancestry: 91 open ancestors, 58 open descendants; base=main | file overlap: 66 paths overlap 565 open PRs","Phase 2: review the cumulative stack tip first, then evaluate ancestors without treating ancestry as duplication."
468,feat(stations-v2): harden station create validation (Prompt 16/78),true,main,cursor/station-create-hardening-c2c2,e5ae35a141527e742ae51dd379c8e1725ccd0eb7,cbf3b4d83718ddab0d20ef07870455bba25ad857,e5ae35a141527e742ae51dd379c8e1725ccd0eb7,10,72,cross-cutting,true,true,false,false,NON_EMPTY,467,549,CONFLICTING,NO_CHECKS_REPORTED,STACKED,HIGH,"commit reachability: 0/10 PR commits reachable from origin/main | patch equivalence: GIT_CHERRY_HAS_UNMATCHED_PATCHES; git cherry equivalent=0, unmatched=10, unrepresented=0 | three-dot diff origin/main...head: NON_EMPTY (72 paths) | GitHub target diff: 72 files, +9554/-222 | GitHub mergeability: CONFLICTING/DIRTY | branch ancestry: 92 open ancestors, 57 open descendants; base=main | file overlap: 72 paths overlap 565 open PRs","Phase 2: review the cumulative stack tip first, then evaluate ancestors without treating ancestry as duplication."
469,feat(stations-v2): restrict generic PATCH to master/ops fields (Prompt 17/78),true,main,cursor/station-update-restrict-c2c2,e5ae35a141527e742ae51dd379c8e1725ccd0eb7,935130cf73fb6eb21caa3838137062a6a6d1209b,e5ae35a141527e742ae51dd379c8e1725ccd0eb7,11,75,cross-cutting,true,true,false,false,NON_EMPTY,468,549,CONFLICTING,NO_CHECKS_REPORTED,STACKED,HIGH,"commit reachability: 0/11 PR commits reachable from origin/main | patch equivalence: GIT_CHERRY_HAS_UNMATCHED_PATCHES; git cherry equivalent=0, unmatched=11, unrepresented=0 | three-dot diff origin/main...head: NON_EMPTY (75 paths) | GitHub target diff: 75 files, +10156/-243 | GitHub mergeability: CONFLICTING/DIRTY | branch ancestry: 93 open ancestors, 56 open descendants; base=main | file overlap: 75 paths overlap 565 open PRs","Phase 2: review the cumulative stack tip first, then evaluate ancestors without treating ancestry as duplication."
470,feat(stations-v2): activate/deactivate lifecycle commands (Prompt 18/78),true,main,cursor/station-activate-deactivate-c2c2,e5ae35a141527e742ae51dd379c8e1725ccd0eb7,07f47f3bcb1ae2a29c6143614a3eb0a6a580e611,e5ae35a141527e742ae51dd379c8e1725ccd0eb7,12,79,cross-cutting,true,true,false,false,NON_EMPTY,469,549,CONFLICTING,NO_CHECKS_REPORTED,STACKED,HIGH,"commit reachability: 0/12 PR commits reachable from origin/main | patch equivalence: GIT_CHERRY_HAS_UNMATCHED_PATCHES; git cherry equivalent=0, unmatched=12, unrepresented=0 | three-dot diff origin/main...head: NON_EMPTY (79 paths) | GitHub target diff: 79 files, +10888/-243 | GitHub mergeability: CONFLICTING/DIRTY | branch ancestry: 94 open ancestors, 55 open descendants; base=main | file overlap: 79 paths overlap 565 open PRs","Phase 2: review the cumulative stack tip first, then evaluate ancestors without treating ancestry as duplication."
471,test(document-intake): V2 frontend & E2E coverage package (Prompt 81),true,cursor/document-intake-v2-backend-tests-7ddc,cursor/document-intake-v2-frontend-e2e-tests-7ddc,7abeb51d3028cf8acbbd9f5fa31628f721008ae3,e5e8acfbb3443f1ea6cf901f0b41646878b5885e,e5e8acfbb3443f1ea6cf901f0b41646878b5885e,1,17,documents,false,true,true,UNKNOWN,EMPTY,451,1013,NO_CONFLICT_REPORTED,NO_CHECKS_REPORTED,ALREADY_IN_MAIN,HIGH,"commit reachability: 1/1 PR commits reachable from origin/main | patch equivalence: NOT_APPLICABLE_ALL_COMMITS_DIRECTLY_REACHABLE; git cherry equivalent=0, unmatched=0, unrepresented=0 | three-dot diff origin/main...head: EMPTY (0 paths) | GitHub target diff: 17 files, +1693/-33 | GitHub mergeability: MERGEABLE/CLEAN | branch ancestry: 125 open ancestors, 346 open descendants; base=cursor/document-intake-v2-backend-tests-7ddc | file overlap: 6 paths overlap 545 open PRs",Phase 2: verify representative patch/tree evidence before any close decision.
472,feat(stations-v2): Prompt 19 — Archive Preview Endpoint,true,main,cursor/station-archive-preview-c2c2,e5ae35a141527e742ae51dd379c8e1725ccd0eb7,46f0c33b56ccdac264c9c0bf0e951702c3bb75d9,e5ae35a141527e742ae51dd379c8e1725ccd0eb7,13,83,cross-cutting,true,true,false,false,NON_EMPTY,470,549,CONFLICTING,NO_CHECKS_REPORTED,STACKED,HIGH,"commit reachability: 0/13 PR commits reachable from origin/main | patch equivalence: GIT_CHERRY_HAS_UNMATCHED_PATCHES; git cherry equivalent=0, unmatched=13, unrepresented=0 | three-dot diff origin/main...head: NON_EMPTY (83 paths) | GitHub target diff: 83 files, +12180/-243 | GitHub mergeability: CONFLICTING/DIRTY | branch ancestry: 95 open ancestors, 54 open descendants; base=main | file overlap: 83 paths overlap 565 open PRs","Phase 2: review the cumulative stack tip first, then evaluate ancestors without treating ancestry as duplication."
473,feat(stations-v2): Prompt 20 — Production-Safe Archive Command,true,main,cursor/station-archive-command-c2c2,e5ae35a141527e742ae51dd379c8e1725ccd0eb7,ad17735392e0dea94eba3d3d3744149bbf0d545b,e5ae35a141527e742ae51dd379c8e1725ccd0eb7,14,91,cross-cutting,true,true,false,false,NON_EMPTY,472,549,CONFLICTING,NO_CHECKS_REPORTED,STACKED,HIGH,"commit reachability: 0/14 PR commits reachable from origin/main | patch equivalence: GIT_CHERRY_HAS_UNMATCHED_PATCHES; git cherry equivalent=0, unmatched=14, unrepresented=0 | three-dot diff origin/main...head: NON_EMPTY (91 paths) | GitHub target diff: 91 files, +13249/-341 | GitHub mergeability: CONFLICTING/DIRTY | branch ancestry: 96 open ancestors, 53 open descendants; base=main | file overlap: 91 paths overlap 579 open PRs","Phase 2: review the cumulative stack tip first, then evaluate ancestors without treating ancestry as duplication."
474,Document Intake V2 Prometheus metrics & Grafana dashboards,true,cursor/document-intake-v2-frontend-e2e-tests-7ddc,cursor/document-intake-v2-metrics-grafana-7ddc,e5e8acfbb3443f1ea6cf901f0b41646878b5885e,506e49c032b012aaa3643b971f69c7f009077645,506e49c032b012aaa3643b971f69c7f009077645,1,22,cross-cutting,false,true,true,UNKNOWN,EMPTY,471,1013,NO_CONFLICT_REPORTED,NO_CHECKS_REPORTED,ALREADY_IN_MAIN,HIGH,"commit reachability: 1/1 PR commits reachable from origin/main | patch equivalence: NOT_APPLICABLE_ALL_COMMITS_DIRECTLY_REACHABLE; git cherry equivalent=0, unmatched=0, unrepresented=0 | three-dot diff origin/main...head: EMPTY (0 paths) | GitHub target diff: 22 files, +1364/-21 | GitHub mergeability: MERGEABLE/CLEAN | branch ancestry: 126 open ancestors, 345 open descendants; base=cursor/document-intake-v2-frontend-e2e-tests-7ddc | file overlap: 17 paths overlap 545 open PRs",Phase 2: verify representative patch/tree evidence before any close decision.
475,feat(stations): Secure Restore Command + Preview (Prompt 21/78),true,main,cursor/station-restore-command-c2c2,e5ae35a141527e742ae51dd379c8e1725ccd0eb7,39c5cef93b19525467f77f0f95d62783ba690b8c,e5ae35a141527e742ae51dd379c8e1725ccd0eb7,15,99,cross-cutting,true,true,false,false,NON_EMPTY,473,549,CONFLICTING,NO_CHECKS_REPORTED,STACKED,HIGH,"commit reachability: 0/15 PR commits reachable from origin/main | patch equivalence: GIT_CHERRY_HAS_UNMATCHED_PATCHES; git cherry equivalent=0, unmatched=15, unrepresented=0 | three-dot diff origin/main...head: NON_EMPTY (99 paths) | GitHub target diff: 99 files, +14925/-445 | GitHub mergeability: CONFLICTING/DIRTY | branch ancestry: 97 open ancestors, 52 open descendants; base=main | file overlap: 99 paths overlap 579 open PRs","Phase 2: review the cumulative stack tip first, then evaluate ancestors without treating ancestry as duplication."
476,Document Intake V2 deployment and shadow validation runbooks,true,cursor/document-intake-v2-metrics-grafana-7ddc,cursor/document-intake-v2-runbooks-7ddc,506e49c032b012aaa3643b971f69c7f009077645,4649f8c9d76b23950770406530029e233f20a3c5,4649f8c9d76b23950770406530029e233f20a3c5,1,4,documents,false,true,true,UNKNOWN,EMPTY,474,1013,NO_CONFLICT_REPORTED,NO_CHECKS_REPORTED,ALREADY_IN_MAIN,HIGH,"commit reachability: 1/1 PR commits reachable from origin/main | patch equivalence: NOT_APPLICABLE_ALL_COMMITS_DIRECTLY_REACHABLE; git cherry equivalent=0, unmatched=0, unrepresented=0 | three-dot diff origin/main...head: EMPTY (0 paths) | GitHub target diff: 4 files, +941/-0 | GitHub mergeability: MERGEABLE/CLEAN | branch ancestry: 127 open ancestors, 344 open descendants; base=cursor/document-intake-v2-metrics-grafana-7ddc | file overlap: 3 paths overlap 543 open PRs",Phase 2: verify representative patch/tree evidence before any close decision.
477,feat(stations): Remove Hard Delete — 410 Deprecation (Prompt 22/78),true,main,cursor/station-no-hard-delete-c2c2,e5ae35a141527e742ae51dd379c8e1725ccd0eb7,3ee18166fc4ba26b30ec22179c2d8baefbfc93a7,e5ae35a141527e742ae51dd379c8e1725ccd0eb7,16,107,cross-cutting,true,true,false,false,NON_EMPTY,475,549,CONFLICTING,NO_CHECKS_REPORTED,STACKED,HIGH,"commit reachability: 0/16 PR commits reachable from origin/main | patch equivalence: GIT_CHERRY_HAS_UNMATCHED_PATCHES; git cherry equivalent=0, unmatched=16, unrepresented=0 | three-dot diff origin/main...head: NON_EMPTY (107 paths) | GitHub target diff: 107 files, +15144/-544 | GitHub mergeability: CONFLICTING/DIRTY | branch ancestry: 98 open ancestors, 51 open descendants; base=main | file overlap: 107 paths overlap 579 open PRs","Phase 2: review the cumulative stack tip first, then evaluate ancestors without treating ancestry as duplication."
478,feat(stations): One Primary Per Org Invariant (Prompt 23/78),true,main,cursor/station-primary-invariant-c2c2,e5ae35a141527e742ae51dd379c8e1725ccd0eb7,449da943d8d3d28e01eac74b59c5e578522af069,e5ae35a141527e742ae51dd379c8e1725ccd0eb7,17,116,cross-cutting,true,true,false,false,NON_EMPTY,477,549,CONFLICTING,NO_CHECKS_REPORTED,STACKED,HIGH,"commit reachability: 0/17 PR commits reachable from origin/main | patch equivalence: GIT_CHERRY_HAS_UNMATCHED_PATCHES; git cherry equivalent=0, unmatched=17, unrepresented=0 | three-dot diff origin/main...head: NON_EMPTY (116 paths) | GitHub target diff: 116 files, +16050/-552 | GitHub mergeability: CONFLICTING/DIRTY | branch ancestry: 99 open ancestors, 50 open descendants; base=main | file overlap: 116 paths overlap 579 open PRs","Phase 2: review the cumulative stack tip first, then evaluate ancestors without treating ancestry as duplication."
479,Stations V2 Prompt 24: Harden location master data,true,main,cursor/station-location-masterdata-c2c2,e5ae35a141527e742ae51dd379c8e1725ccd0eb7,e91f9d7b66b250afc379e2b2339517665cef8f38,e5ae35a141527e742ae51dd379c8e1725ccd0eb7,18,124,cross-cutting,true,true,false,false,NON_EMPTY,478,549,CONFLICTING,NO_CHECKS_REPORTED,STACKED,HIGH,"commit reachability: 0/18 PR commits reachable from origin/main | patch equivalence: GIT_CHERRY_HAS_UNMATCHED_PATCHES; git cherry equivalent=0, unmatched=18, unrepresented=0 | three-dot diff origin/main...head: NON_EMPTY (124 paths) | GitHub target diff: 124 files, +16597/-521 | GitHub mergeability: CONFLICTING/DIRTY | branch ancestry: 100 open ancestors, 49 open descendants; base=main | file overlap: 124 paths overlap 579 open PRs","Phase 2: review the cumulative stack tip first, then evaluate ancestors without treating ancestry as duplication."
480,Document Intake V2 final audit — P0/P1 fixes (Prompt 84/84),true,cursor/document-intake-v2-runbooks-7ddc,cursor/document-intake-v2-final-audit-7ddc,4649f8c9d76b23950770406530029e233f20a3c5,9f62f9dc3b160a5f1c6902bb01bc9ec4be75d2a8,9f62f9dc3b160a5f1c6902bb01bc9ec4be75d2a8,2,40,cross-cutting,false,true,true,UNKNOWN,EMPTY,476,1013,NO_CONFLICT_REPORTED,NO_CHECKS_REPORTED,ALREADY_IN_MAIN,HIGH,"commit reachability: 2/2 PR commits reachable from origin/main | patch equivalence: NOT_APPLICABLE_ALL_COMMITS_DIRECTLY_REACHABLE; git cherry equivalent=0, unmatched=0, unrepresented=0 | three-dot diff origin/main...head: EMPTY (0 paths) | GitHub target diff: 40 files, +1526/-859 | GitHub mergeability: MERGEABLE/CLEAN | branch ancestry: 128 open ancestors, 343 open descendants; base=cursor/document-intake-v2-runbooks-7ddc | file overlap: 34 paths overlap 580 open PRs",Phase 2: verify representative patch/tree evidence before any close decision.
481,Stations V2 Prompt 25: Versioned OpeningHours contract v2,true,main,cursor/station-opening-hours-contract-c2c2,e5ae35a141527e742ae51dd379c8e1725ccd0eb7,b63188e38aec82f8537e10f6a08fdd2abf805d54,e5ae35a141527e742ae51dd379c8e1725ccd0eb7,19,128,cross-cutting,true,true,false,false,NON_EMPTY,479,549,CONFLICTING,NO_CHECKS_REPORTED,STACKED,HIGH,"commit reachability: 0/19 PR commits reachable from origin/main | patch equivalence: GIT_CHERRY_HAS_UNMATCHED_PATCHES; git cherry equivalent=0, unmatched=19, unrepresented=0 | three-dot diff origin/main...head: NON_EMPTY (128 paths) | GitHub target diff: 128 files, +17260/-532 | GitHub mergeability: CONFLICTING/DIRTY | branch ancestry: 101 open ancestors, 48 open descendants; base=main | file overlap: 128 paths overlap 579 open PRs","Phase 2: review the cumulative stack tip first, then evaluate ancestors without treating ancestry as duplication."
482,feat(stations): StationCalendarException model (Stations V2 Prompt 26/78),true,main,cursor/station-calendar-exception-c2c2,e5ae35a141527e742ae51dd379c8e1725ccd0eb7,9faf5c05a2b8eaf6163b874335796eb8eb6d3da1,e5ae35a141527e742ae51dd379c8e1725ccd0eb7,20,138,cross-cutting,true,true,false,false,NON_EMPTY,481,549,CONFLICTING,NO_CHECKS_REPORTED,STACKED,HIGH,"commit reachability: 0/20 PR commits reachable from origin/main | patch equivalence: GIT_CHERRY_HAS_UNMATCHED_PATCHES; git cherry equivalent=0, unmatched=20, unrepresented=0 | three-dot diff origin/main...head: NON_EMPTY (138 paths) | GitHub target diff: 138 files, +19147/-532 | GitHub mergeability: CONFLICTING/DIRTY | branch ancestry: 102 open ancestors, 47 open descendants; base=main | file overlap: 138 paths overlap 579 open PRs","Phase 2: review the cumulative stack tip first, then evaluate ancestors without treating ancestry as duplication."
483,feat(stations): StationOperationalCapabilityResolver (Stations V2 Prompt 27/78),true,main,cursor/station-operational-capability-c2c2,e5ae35a141527e742ae51dd379c8e1725ccd0eb7,cf69bcce66b73e6b2b1e34a7f3d467c77d2fbb31,e5ae35a141527e742ae51dd379c8e1725ccd0eb7,22,145,cross-cutting,true,true,false,false,NON_EMPTY,482,549,CONFLICTING,NO_CHECKS_REPORTED,STACKED,HIGH,"commit reachability: 0/22 PR commits reachable from origin/main | patch equivalence: GIT_CHERRY_HAS_UNMATCHED_PATCHES; git cherry equivalent=0, unmatched=22, unrepresented=0 | three-dot diff origin/main...head: NON_EMPTY (145 paths) | GitHub target diff: 145 files, +21083/-532 | GitHub mergeability: CONFLICTING/DIRTY | branch ancestry: 103 open ancestors, 46 open descendants; base=main | file overlap: 145 paths overlap 579 open PRs","Phase 2: review the cumulative stack tip first, then evaluate ancestors without treating ancestry as duplication."
484,feat(stations): central station timezone utilities (Stations V2 Prompt 28/78),true,main,cursor/station-timezone-utils-c2c2,e5ae35a141527e742ae51dd379c8e1725ccd0eb7,db58a8e55dcdbceb10b73bfcf0ac8dfdea4ff706,e5ae35a141527e742ae51dd379c8e1725ccd0eb7,23,148,cross-cutting,true,true,false,false,NON_EMPTY,483,549,CONFLICTING,NO_CHECKS_REPORTED,STACKED,HIGH,"commit reachability: 0/23 PR commits reachable from origin/main | patch equivalence: GIT_CHERRY_HAS_UNMATCHED_PATCHES; git cherry equivalent=0, unmatched=23, unrepresented=0 | three-dot diff origin/main...head: NON_EMPTY (148 paths) | GitHub target diff: 148 files, +21697/-532 | GitHub mergeability: CONFLICTING/DIRTY | branch ancestry: 104 open ancestors, 45 open descendants; base=main | file overlap: 148 paths overlap 579 open PRs","Phase 2: review the cumulative stack tip first, then evaluate ancestors without treating ancestry as duplication."
485,feat(stations): StationCapacityPolicy (Stations V2 Prompt 29/78),true,main,cursor/station-capacity-policy-c2c2,e5ae35a141527e742ae51dd379c8e1725ccd0eb7,93877903a20625f11010ee190bf8a45465779e7c,e5ae35a141527e742ae51dd379c8e1725ccd0eb7,24,151,cross-cutting,true,true,false,false,NON_EMPTY,484,549,CONFLICTING,NO_CHECKS_REPORTED,STACKED,HIGH,"commit reachability: 0/24 PR commits reachable from origin/main | patch equivalence: GIT_CHERRY_HAS_UNMATCHED_PATCHES; git cherry equivalent=0, unmatched=24, unrepresented=0 | three-dot diff origin/main...head: NON_EMPTY (151 paths) | GitHub target diff: 151 files, +22422/-532 | GitHub mergeability: CONFLICTING/DIRTY | branch ancestry: 105 open ancestors, 44 open descendants; base=main | file overlap: 151 paths overlap 579 open PRs","Phase 2: review the cumulative stack tip first, then evaluate ancestors without treating ancestry as duplication."
486,feat(stations): Geofence Capability Status (Stations V2 Prompt 30/78),true,main,cursor/station-geofence-capability-c2c2,e5ae35a141527e742ae51dd379c8e1725ccd0eb7,3a172a22cfa2814d697bfdebb50ec1356c15e74a,e5ae35a141527e742ae51dd379c8e1725ccd0eb7,25,154,cross-cutting,true,true,false,false,NON_EMPTY,485,549,CONFLICTING,NO_CHECKS_REPORTED,STACKED,HIGH,"commit reachability: 0/25 PR commits reachable from origin/main | patch equivalence: GIT_CHERRY_HAS_UNMATCHED_PATCHES; git cherry equivalent=0, unmatched=25, unrepresented=0 | three-dot diff origin/main...head: NON_EMPTY (154 paths) | GitHub target diff: 154 files, +22967/-532 | GitHub mergeability: CONFLICTING/DIRTY | branch ancestry: 106 open ancestors, 43 open descendants; base=main | file overlap: 154 paths overlap 579 open PRs","Phase 2: review the cumulative stack tip first, then evaluate ancestors without treating ancestry as duplication."
487,feat(stations): Canonical StationOperationsDto (Stations V2 Prompt 31/78),true,main,cursor/station-operations-dto-c2c2,e5ae35a141527e742ae51dd379c8e1725ccd0eb7,95ec19e6ea7922a55af0e0a3f2e1871d1298a52f,e5ae35a141527e742ae51dd379c8e1725ccd0eb7,26,160,cross-cutting,true,true,false,false,NON_EMPTY,486,549,CONFLICTING,NO_CHECKS_REPORTED,STACKED,HIGH,"commit reachability: 0/26 PR commits reachable from origin/main | patch equivalence: GIT_CHERRY_HAS_UNMATCHED_PATCHES; git cherry equivalent=0, unmatched=26, unrepresented=0 | three-dot diff origin/main...head: NON_EMPTY (160 paths) | GitHub target diff: 160 files, +24483/-540 | GitHub mergeability: CONFLICTING/DIRTY | branch ancestry: 107 open ancestors, 42 open descendants; base=main | file overlap: 160 paths overlap 579 open PRs","Phase 2: review the cumulative stack tip first, then evaluate ancestors without treating ancestry as duplication."
488,docs(stations): Vehicle Station Positioning V2 spec (Prompt 32/78),true,main,cursor/vehicle-station-positioning-v2-c2c2,ab7a33efd68feb317ebd212a4fc5beb71b35a2fc,d2f53b7d7f2523ebef44d21887354451ab5e3684,e5ae35a141527e742ae51dd379c8e1725ccd0eb7,27,161,cross-cutting,true,true,false,false,NON_EMPTY,487,549,CONFLICTING,NO_CHECKS_REPORTED,STACKED,HIGH,"commit reachability: 0/27 PR commits reachable from origin/main | patch equivalence: GIT_CHERRY_HAS_UNMATCHED_PATCHES; git cherry equivalent=0, unmatched=27, unrepresented=0 | three-dot diff origin/main...head: NON_EMPTY (161 paths) | GitHub target diff: 161 files, +24932/-540 | GitHub mergeability: CONFLICTING/DIRTY | branch ancestry: 108 open ancestors, 41 open descendants; base=main | file overlap: 161 paths overlap 579 open PRs","Phase 2: review the cumulative stack tip first, then evaluate ancestors without treating ancestry as duplication."
490,V4.9.613 — Stations V2: Vehicle Position Metadata Schema (Prompt 33/78),true,cursor/vehicle-station-positioning-v2-c2c2,cursor/vehicle-position-metadata-c2c2,d2f53b7d7f2523ebef44d21887354451ab5e3684,8285a1714907c877aa4a281e8c7c9b985049ae6c,e5ae35a141527e742ae51dd379c8e1725ccd0eb7,1,5,administration,false,true,false,false,NON_EMPTY,488,549,NO_CONFLICT_REPORTED,NO_CHECKS_REPORTED,STACKED,HIGH,"commit reachability: 0/1 PR commits reachable from origin/main | patch equivalence: GIT_CHERRY_HAS_UNMATCHED_PATCHES; git cherry equivalent=0, unmatched=1, unrepresented=0 | three-dot diff origin/main...head: NON_EMPTY (163 paths) | GitHub target diff: 5 files, +912/-791 | GitHub mergeability: MERGEABLE/CLEAN | branch ancestry: 109 open ancestors, 40 open descendants; base=cursor/vehicle-station-positioning-v2-c2c2 | file overlap: 5 paths overlap 559 open PRs","Phase 2: review the cumulative stack tip first, then evaluate ancestors without treating ancestry as duplication."
492,V4.9.614 — Stations V2: ChangeVehicleHomeStationCommand (Prompt 34/78),true,cursor/vehicle-position-metadata-c2c2,cursor/change-vehicle-home-station-c2c2,8285a1714907c877aa4a281e8c7c9b985049ae6c,6784ea35ab90721ec4cce5f45d95274c9a6c0e01,e5ae35a141527e742ae51dd379c8e1725ccd0eb7,1,18,cross-cutting,false,true,false,false,NON_EMPTY,490,549,NO_CONFLICT_REPORTED,NO_CHECKS_REPORTED,STACKED,HIGH,"commit reachability: 0/1 PR commits reachable from origin/main | patch equivalence: GIT_CHERRY_HAS_UNMATCHED_PATCHES; git cherry equivalent=0, unmatched=1, unrepresented=0 | three-dot diff origin/main...head: NON_EMPTY (169 paths) | GitHub target diff: 18 files, +791/-5 | GitHub mergeability: MERGEABLE/CLEAN | branch ancestry: 110 open ancestors, 39 open descendants; base=cursor/vehicle-position-metadata-c2c2 | file overlap: 18 paths overlap 543 open PRs","Phase 2: review the cumulative stack tip first, then evaluate ancestors without treating ancestry as duplication."
494,V4.9.615 — Stations V2: Deprecate SET /stations/:id/vehicles (Prompt 35/78),true,cursor/change-vehicle-home-station-c2c2,cursor/deprecate-set-vehicles-c2c2,6784ea35ab90721ec4cce5f45d95274c9a6c0e01,566a56efcf3e9a4a573d2c62c532f4c424002b1e,e5ae35a141527e742ae51dd379c8e1725ccd0eb7,1,16,cross-cutting,false,true,false,false,NON_EMPTY,492,549,NO_CONFLICT_REPORTED,NO_CHECKS_REPORTED,STACKED,HIGH,"commit reachability: 0/1 PR commits reachable from origin/main | patch equivalence: GIT_CHERRY_HAS_UNMATCHED_PATCHES; git cherry equivalent=0, unmatched=1, unrepresented=0 | three-dot diff origin/main...head: NON_EMPTY (178 paths) | GitHub target diff: 16 files, +629/-86 | GitHub mergeability: MERGEABLE/CLEAN | branch ancestry: 111 open ancestors, 38 open descendants; base=cursor/change-vehicle-home-station-c2c2 | file overlap: 16 paths overlap 563 open PRs","Phase 2: review the cumulative stack tip first, then evaluate ancestors without treating ancestry as duplication."
496,V4.9.616 — Stations V2: Home-Fleet Delta Endpoints (Prompt 36/78),true,cursor/deprecate-set-vehicles-c2c2,cursor/home-fleet-delta-endpoints-c2c2,566a56efcf3e9a4a573d2c62c532f4c424002b1e,13bf3c2f90d76fba370b65918322bae1b4d87614,e5ae35a141527e742ae51dd379c8e1725ccd0eb7,1,17,cross-cutting,false,true,false,false,NON_EMPTY,494,549,NO_CONFLICT_REPORTED,NO_CHECKS_REPORTED,STACKED,HIGH,"commit reachability: 0/1 PR commits reachable from origin/main | patch equivalence: GIT_CHERRY_HAS_UNMATCHED_PATCHES; git cherry equivalent=0, unmatched=1, unrepresented=0 | three-dot diff origin/main...head: NON_EMPTY (184 paths) | GitHub target diff: 17 files, +1175/-4 | GitHub mergeability: MERGEABLE/CLEAN | branch ancestry: 112 open ancestors, 37 open descendants; base=cursor/deprecate-set-vehicles-c2c2 | file overlap: 17 paths overlap 562 open PRs","Phase 2: review the cumulative stack tip first, then evaluate ancestors without treating ancestry as duplication."
497,V4.9.617 — Stations V2: Home Assignment Preview (Prompt 37/78),true,cursor/home-fleet-delta-endpoints-c2c2,cursor/home-assignment-preview-c2c2,13bf3c2f90d76fba370b65918322bae1b4d87614,6d03c3ef5b36603c865e7a24af8929363b27677f,e5ae35a141527e742ae51dd379c8e1725ccd0eb7,1,15,cross-cutting,false,true,false,false,NON_EMPTY,496,549,NO_CONFLICT_REPORTED,NO_CHECKS_REPORTED,STACKED,HIGH,"commit reachability: 0/1 PR commits reachable from origin/main | patch equivalence: GIT_CHERRY_HAS_UNMATCHED_PATCHES; git cherry equivalent=0, unmatched=1, unrepresented=0 | three-dot diff origin/main...head: NON_EMPTY (190 paths) | GitHub target diff: 15 files, +1134/-4 | GitHub mergeability: MERGEABLE/CLEAN | branch ancestry: 113 open ancestors, 36 open descendants; base=cursor/home-fleet-delta-endpoints-c2c2 | file overlap: 15 paths overlap 562 open PRs","Phase 2: review the cumulative stack tip first, then evaluate ancestors without treating ancestry as duplication."
498,V4.9.618 — Stations V2: Optimistic Concurrency (Prompt 38/78),true,cursor/home-assignment-preview-c2c2,cursor/station-optimistic-concurrency-c2c2,6d03c3ef5b36603c865e7a24af8929363b27677f,f654507eca15c205660020bce8e441328e8e4fc8,e5ae35a141527e742ae51dd379c8e1725ccd0eb7,1,23,cross-cutting,false,true,false,false,NON_EMPTY,497,549,NO_CONFLICT_REPORTED,NO_CHECKS_REPORTED,STACKED,HIGH,"commit reachability: 0/1 PR commits reachable from origin/main | patch equivalence: GIT_CHERRY_HAS_UNMATCHED_PATCHES; git cherry equivalent=0, unmatched=1, unrepresented=0 | three-dot diff origin/main...head: NON_EMPTY (197 paths) | GitHub target diff: 23 files, +917/-68 | GitHub mergeability: MERGEABLE/CLEAN | branch ancestry: 114 open ancestors, 35 open descendants; base=cursor/home-assignment-preview-c2c2 | file overlap: 23 paths overlap 562 open PRs","Phase 2: review the cumulative stack tip first, then evaluate ancestors without treating ancestry as duplication."
499,V4.9.619 — Stations V2: CorrectVehicleCurrentStation Command (Prompt 39/78),true,cursor/station-optimistic-concurrency-c2c2,cursor/correct-vehicle-current-station-c2c2,f654507eca15c205660020bce8e441328e8e4fc8,45680d3a8b06a57acb8e0772f26943fd3e096bc4,e5ae35a141527e742ae51dd379c8e1725ccd0eb7,1,15,cross-cutting,false,true,false,false,NON_EMPTY,498,549,NO_CONFLICT_REPORTED,NO_CHECKS_REPORTED,STACKED,HIGH,"commit reachability: 0/1 PR commits reachable from origin/main | patch equivalence: GIT_CHERRY_HAS_UNMATCHED_PATCHES; git cherry equivalent=0, unmatched=1, unrepresented=0 | three-dot diff origin/main...head: NON_EMPTY (203 paths) | GitHub target diff: 15 files, +1093/-2 | GitHub mergeability: MERGEABLE/CLEAN | branch ancestry: 115 open ancestors, 34 open descendants; base=cursor/station-optimistic-concurrency-c2c2 | file overlap: 15 paths overlap 562 open PRs","Phase 2: review the cumulative stack tip first, then evaluate ancestors without treating ancestry as duplication."
500,V4.9.620 — Stations V2: Handover → Current Station Wiring (Prompt 40/78),true,cursor/correct-vehicle-current-station-c2c2,cursor/handover-current-station-wiring-c2c2,45680d3a8b06a57acb8e0772f26943fd3e096bc4,83f8f720ef8989f2270af332204459054d4617fd,e5ae35a141527e742ae51dd379c8e1725ccd0eb7,1,4,cross-cutting,false,true,false,false,NON_EMPTY,499,500,NO_CONFLICT_REPORTED,NO_CHECKS_REPORTED,CUMULATIVE_STACK_TIP,HIGH,"commit reachability: 0/1 PR commits reachable from origin/main | patch equivalence: GIT_CHERRY_HAS_UNMATCHED_PATCHES; git cherry equivalent=0, unmatched=1, unrepresented=0 | three-dot diff origin/main...head: NON_EMPTY (207 paths) | GitHub target diff: 4 files, +527/-12 | GitHub mergeability: MERGEABLE/CLEAN | branch ancestry: 116 open ancestors, 0 open descendants; base=cursor/correct-vehicle-current-station-c2c2 | file overlap: 4 paths overlap 48 open PRs","Phase 2: review the cumulative stack tip first, then evaluate ancestors without treating ancestry as duplication."
501,V4.9.621 — Stations V2: ExpectedStationPolicy (Prompt 41/78),true,cursor/handover-current-station-wiring-c2c2,cursor/expected-station-policy-c2c2,83f8f720ef8989f2270af332204459054d4617fd,de3b3b9463140ee99fad0ecdd0ff74eb5a9c10b8,e5ae35a141527e742ae51dd379c8e1725ccd0eb7,2,9,cross-cutting,false,true,false,false,NON_EMPTY,500,549,CONFLICTING,NO_CHECKS_REPORTED,STACKED,HIGH,"commit reachability: 0/2 PR commits reachable from origin/main | patch equivalence: GIT_CHERRY_HAS_UNMATCHED_PATCHES; git cherry equivalent=0, unmatched=2, unrepresented=0 | three-dot diff origin/main...head: NON_EMPTY (210 paths) | GitHub target diff: 9 files, +1402/-14 | GitHub mergeability: CONFLICTING/DIRTY | branch ancestry: 116 open ancestors, 32 open descendants; base=cursor/handover-current-station-wiring-c2c2 | file overlap: 9 paths overlap 544 open PRs","Phase 2: review the cumulative stack tip first, then evaluate ancestors without treating ancestry as duplication."
502,V4.9.622 — Stations V2: VehicleStationTransfer Domain (Prompt 42/78),true,cursor/expected-station-policy-c2c2,cursor/vehicle-station-transfer-domain-c2c2,de3b3b9463140ee99fad0ecdd0ff74eb5a9c10b8,5a27605d25be6c665b0e38395396d48290828e60,e5ae35a141527e742ae51dd379c8e1725ccd0eb7,1,17,cross-cutting,false,true,false,false,NON_EMPTY,501,549,NO_CONFLICT_REPORTED,NO_CHECKS_REPORTED,STACKED,HIGH,"commit reachability: 0/1 PR commits reachable from origin/main | patch equivalence: GIT_CHERRY_HAS_UNMATCHED_PATCHES; git cherry equivalent=0, unmatched=1, unrepresented=0 | three-dot diff origin/main...head: NON_EMPTY (219 paths) | GitHub target diff: 17 files, +1769/-6 | GitHub mergeability: MERGEABLE/CLEAN | branch ancestry: 117 open ancestors, 31 open descendants; base=cursor/expected-station-policy-c2c2 | file overlap: 17 paths overlap 559 open PRs","Phase 2: review the cumulative stack tip first, then evaluate ancestors without treating ancestry as duplication."
503,V4.9.623 — Stations V2: StationBookingRulesService (Prompt 43/78),true,cursor/vehicle-station-transfer-domain-c2c2,cursor/station-booking-rules-service-c2c2,5a27605d25be6c665b0e38395396d48290828e60,0c5d7bb5dc753bbdc1c5b044561cb9688d9fba2c,e5ae35a141527e742ae51dd379c8e1725ccd0eb7,1,7,cross-cutting,false,true,false,false,NON_EMPTY,502,549,NO_CONFLICT_REPORTED,NO_CHECKS_REPORTED,STACKED,HIGH,"commit reachability: 0/1 PR commits reachable from origin/main | patch equivalence: GIT_CHERRY_HAS_UNMATCHED_PATCHES; git cherry equivalent=0, unmatched=1, unrepresented=0 | three-dot diff origin/main...head: NON_EMPTY (224 paths) | GitHub target diff: 7 files, +925/-3 | GitHub mergeability: MERGEABLE/CLEAN | branch ancestry: 118 open ancestors, 30 open descendants; base=cursor/vehicle-station-transfer-domain-c2c2 | file overlap: 7 paths overlap 516 open PRs","Phase 2: review the cumulative stack tip first, then evaluate ancestors without treating ancestry as duplication."
504,V4.9.624 — Stations V2: Pickup Booking Rules (Prompt 44/78),true,cursor/station-booking-rules-service-c2c2,cursor/station-booking-pickup-rules-c2c2,0c5d7bb5dc753bbdc1c5b044561cb9688d9fba2c,e61cbe5fabdca4488dbe40a2f394139d2856ff58,e5ae35a141527e742ae51dd379c8e1725ccd0eb7,1,10,cross-cutting,false,true,false,false,NON_EMPTY,503,549,NO_CONFLICT_REPORTED,NO_CHECKS_REPORTED,STACKED,HIGH,"commit reachability: 0/1 PR commits reachable from origin/main | patch equivalence: GIT_CHERRY_HAS_UNMATCHED_PATCHES; git cherry equivalent=0, unmatched=1, unrepresented=0 | three-dot diff origin/main...head: NON_EMPTY (227 paths) | GitHub target diff: 10 files, +886/-6 | GitHub mergeability: MERGEABLE/CLEAN | branch ancestry: 119 open ancestors, 29 open descendants; base=cursor/station-booking-rules-service-c2c2 | file overlap: 10 paths overlap 543 open PRs","Phase 2: review the cumulative stack tip first, then evaluate ancestors without treating ancestry as duplication."
505,feat(stations): Return Booking Rules (Stations V2 Prompt 45/78),true,cursor/station-booking-pickup-rules-c2c2,cursor/station-booking-return-rules-c2c2,e61cbe5fabdca4488dbe40a2f394139d2856ff58,073488ad392a3945f988bde166d9d1b5402a3c99,e5ae35a141527e742ae51dd379c8e1725ccd0eb7,1,10,cross-cutting,false,true,false,false,NON_EMPTY,504,549,NO_CONFLICT_REPORTED,NO_CHECKS_REPORTED,STACKED,HIGH,"commit reachability: 0/1 PR commits reachable from origin/main | patch equivalence: GIT_CHERRY_HAS_UNMATCHED_PATCHES; git cherry equivalent=0, unmatched=1, unrepresented=0 | three-dot diff origin/main...head: NON_EMPTY (230 paths) | GitHub target diff: 10 files, +960/-366 | GitHub mergeability: MERGEABLE/CLEAN | branch ancestry: 120 open ancestors, 28 open descendants; base=cursor/station-booking-pickup-rules-c2c2 | file overlap: 10 paths overlap 543 open PRs","Phase 2: review the cumulative stack tip first, then evaluate ancestors without treating ancestry as duplication."
506,feat(stations): Booking Rules Calendar + Timezone Wiring (Prompt 46/78),true,cursor/station-booking-return-rules-c2c2,cursor/station-booking-calendar-tz-c2c2,073488ad392a3945f988bde166d9d1b5402a3c99,72ce3ba52ff18c27f0d5a884271c322171c215c6,e5ae35a141527e742ae51dd379c8e1725ccd0eb7,1,14,cross-cutting,false,true,false,false,NON_EMPTY,505,549,NO_CONFLICT_REPORTED,NO_CHECKS_REPORTED,STACKED,HIGH,"commit reachability: 0/1 PR commits reachable from origin/main | patch equivalence: GIT_CHERRY_HAS_UNMATCHED_PATCHES; git cherry equivalent=0, unmatched=1, unrepresented=0 | three-dot diff origin/main...head: NON_EMPTY (234 paths) | GitHub target diff: 14 files, +674/-24 | GitHub mergeability: MERGEABLE/CLEAN | branch ancestry: 121 open ancestors, 27 open descendants; base=cursor/station-booking-return-rules-c2c2 | file overlap: 14 paths overlap 543 open PRs","Phase 2: review the cumulative stack tip first, then evaluate ancestors without treating ancestry as duplication."
507,Stations V2: StationCapacityPolicy in Booking + Transfer Evaluations (Prompt 47/78),true,cursor/station-booking-calendar-tz-c2c2,cursor/station-capacity-policy-integration-c2c2,72ce3ba52ff18c27f0d5a884271c322171c215c6,548cce543e240a4373b9d72b5d9b822fdc878734,e5ae35a141527e742ae51dd379c8e1725ccd0eb7,1,18,cross-cutting,false,true,false,false,NON_EMPTY,506,549,NO_CONFLICT_REPORTED,NO_CHECKS_REPORTED,STACKED,HIGH,"commit reachability: 0/1 PR commits reachable from origin/main | patch equivalence: GIT_CHERRY_HAS_UNMATCHED_PATCHES; git cherry equivalent=0, unmatched=1, unrepresented=0 | three-dot diff origin/main...head: NON_EMPTY (240 paths) | GitHub target diff: 18 files, +1230/-124 | GitHub mergeability: MERGEABLE/CLEAN | branch ancestry: 122 open ancestors, 26 open descendants; base=cursor/station-booking-calendar-tz-c2c2 | file overlap: 18 paths overlap 543 open PRs","Phase 2: review the cumulative stack tip first, then evaluate ancestors without treating ancestry as duplication."
508,feat(voice): add tenant rollout and canary gating,true,main,cursor/voice-rollout-gating-70b3,ffcb3e0cdbcfbba903739d7ca4ed3ff1be7c48b4,91805eac9ef9ac7d514b66926927a12d47dbbf33,ffcb3e0cdbcfbba903739d7ca4ed3ff1be7c48b4,2,52,cross-cutting,true,true,false,false,NON_EMPTY,480,511,CONFLICTING,NO_CHECKS_REPORTED,STACKED,HIGH,"commit reachability: 0/2 PR commits reachable from origin/main | patch equivalence: GIT_CHERRY_HAS_UNMATCHED_PATCHES; git cherry equivalent=0, unmatched=2, unrepresented=0 | three-dot diff origin/main...head: NON_EMPTY (52 paths) | GitHub target diff: 52 files, +2381/-114 | GitHub mergeability: CONFLICTING/DIRTY | branch ancestry: 129 open ancestors, 1 open descendants; base=main | file overlap: 52 paths overlap 265 open PRs","Phase 2: review the cumulative stack tip first, then evaluate ancestors without treating ancestry as duplication."
509,V4.9.628 — Stations V2: Audited manual override for WARNING + MANUAL_CONFIRMATION (Prompt 48/78),true,cursor/station-capacity-policy-integration-c2c2,cursor/station-rule-manual-override-c2c2,548cce543e240a4373b9d72b5d9b822fdc878734,3a8004c9aa8ec3c66cc3f336f446054f2f3ab93c,e5ae35a141527e742ae51dd379c8e1725ccd0eb7,1,36,cross-cutting,false,true,false,false,NON_EMPTY,507,549,NO_CONFLICT_REPORTED,NO_CHECKS_REPORTED,STACKED,HIGH,"commit reachability: 0/1 PR commits reachable from origin/main | patch equivalence: GIT_CHERRY_HAS_UNMATCHED_PATCHES; git cherry equivalent=0, unmatched=1, unrepresented=0 | three-dot diff origin/main...head: NON_EMPTY (249 paths) | GitHub target diff: 36 files, +1587/-189 | GitHub mergeability: MERGEABLE/CLEAN | branch ancestry: 123 open ancestors, 25 open descendants; base=cursor/station-capacity-policy-integration-c2c2 | file overlap: 36 paths overlap 559 open PRs","Phase 2: review the cumulative stack tip first, then evaluate ancestors without treating ancestry as duplication."
510,V4.9.629 — Stations V2: Wire StationBookingRules into Booking Create/Update (Prompt 49/78),true,cursor/station-rule-manual-override-c2c2,cursor/station-booking-rules-wiring-c2c2,3a8004c9aa8ec3c66cc3f336f446054f2f3ab93c,7418506ab51a278d2a9da2b5d5edb71dfdbdf2ff,e5ae35a141527e742ae51dd379c8e1725ccd0eb7,1,13,cross-cutting,false,true,false,false,NON_EMPTY,509,549,NO_CONFLICT_REPORTED,NO_CHECKS_REPORTED,STACKED,HIGH,"commit reachability: 0/1 PR commits reachable from origin/main | patch equivalence: GIT_CHERRY_HAS_UNMATCHED_PATCHES; git cherry equivalent=0, unmatched=1, unrepresented=0 | three-dot diff origin/main...head: NON_EMPTY (255 paths) | GitHub target diff: 13 files, +862/-22 | GitHub mergeability: MERGEABLE/CLEAN | branch ancestry: 124 open ancestors, 24 open descendants; base=cursor/station-rule-manual-override-c2c2 | file overlap: 13 paths overlap 559 open PRs","Phase 2: review the cumulative stack tip first, then evaluate ancestors without treating ancestry as duplication."
511,fix(build): restore reproducible voice AI validation,true,main,cursor/voice-build-reproducibility-70b3,ffcb3e0cdbcfbba903739d7ca4ed3ff1be7c48b4,087808dff1a8176d2151db915c98d1a0964e04a9,ffcb3e0cdbcfbba903739d7ca4ed3ff1be7c48b4,4,68,cross-cutting,true,true,false,false,NON_EMPTY,508,511,CONFLICTING,NO_CHECKS_REPORTED,CUMULATIVE_STACK_TIP,HIGH,"commit reachability: 0/4 PR commits reachable from origin/main | patch equivalence: GIT_CHERRY_HAS_UNMATCHED_PATCHES; git cherry equivalent=0, unmatched=4, unrepresented=0 | three-dot diff origin/main...head: NON_EMPTY (68 paths) | GitHub target diff: 68 files, +3224/-255 | GitHub mergeability: CONFLICTING/DIRTY | branch ancestry: 130 open ancestors, 0 open descendants; base=main | file overlap: 57 paths overlap 272 open PRs","Phase 2: review the cumulative stack tip first, then evaluate ancestors without treating ancestry as duplication."
512,feat(stations): re-validate station rules at pickup/return handover,true,cursor/station-booking-rules-wiring-c2c2,cursor/station-handover-rules-revalidation-c2c2,7418506ab51a278d2a9da2b5d5edb71dfdbdf2ff,cab243804676a5ae5ee46c32ef6cbe1a44f088a3,e5ae35a141527e742ae51dd379c8e1725ccd0eb7,1,18,cross-cutting,false,true,false,false,NON_EMPTY,510,549,NO_CONFLICT_REPORTED,NO_CHECKS_REPORTED,STACKED,HIGH,"commit reachability: 0/1 PR commits reachable from origin/main | patch equivalence: GIT_CHERRY_HAS_UNMATCHED_PATCHES; git cherry equivalent=0, unmatched=1, unrepresented=0 | three-dot diff origin/main...head: NON_EMPTY (263 paths) | GitHub target diff: 18 files, +990/-22 | GitHub mergeability: MERGEABLE/CLEAN | branch ancestry: 125 open ancestors, 23 open descendants; base=cursor/station-booking-rules-wiring-c2c2 | file overlap: 18 paths overlap 560 open PRs","Phase 2: review the cumulative stack tip first, then evaluate ancestors without treating ancestry as duplication."
513,feat(voice-ui): add shared voice design system (4A),true,main,cursor/voice-design-system-70b3,ffcb3e0cdbcfbba903739d7ca4ed3ff1be7c48b4,95a1f5e6c5152b8ab9b860fb0fe8695a5fff7bcc,ffcb3e0cdbcfbba903739d7ca4ed3ff1be7c48b4,1,21,voice-ai,true,true,false,false,NON_EMPTY,480,554,NO_CONFLICT_REPORTED,NO_CHECKS_REPORTED,STACKED,HIGH,"commit reachability: 0/1 PR commits reachable from origin/main | patch equivalence: GIT_CHERRY_HAS_UNMATCHED_PATCHES; git cherry equivalent=0, unmatched=1, unrepresented=0 | three-dot diff origin/main...head: NON_EMPTY (21 paths) | GitHub target diff: 21 files, +1359/-0 | GitHub mergeability: MERGEABLE/CLEAN | branch ancestry: 129 open ancestors, 13 open descendants; base=main | file overlap: 21 paths overlap 5 open PRs","Phase 2: review the cumulative stack tip first, then evaluate ancestors without treating ancestry as duplication."
514,feat(stations): one-way return follow-up recommendations after handover,true,cursor/station-handover-rules-revalidation-c2c2,cursor/one-way-return-follow-up-c2c2,cab243804676a5ae5ee46c32ef6cbe1a44f088a3,a78a8dbad50525564870cb6b0285d0eb2585fb6b,e5ae35a141527e742ae51dd379c8e1725ccd0eb7,1,14,cross-cutting,false,true,false,false,NON_EMPTY,512,549,NO_CONFLICT_REPORTED,NO_CHECKS_REPORTED,STACKED,HIGH,"commit reachability: 0/1 PR commits reachable from origin/main | patch equivalence: GIT_CHERRY_HAS_UNMATCHED_PATCHES; git cherry equivalent=0, unmatched=1, unrepresented=0 | three-dot diff origin/main...head: NON_EMPTY (270 paths) | GitHub target diff: 14 files, +1018/-2 | GitHub mergeability: MERGEABLE/CLEAN | branch ancestry: 126 open ancestors, 22 open descendants; base=cursor/station-handover-rules-revalidation-c2c2 | file overlap: 14 paths overlap 561 open PRs","Phase 2: review the cumulative stack tip first, then evaluate ancestors without treating ancestry as duplication."
515,refactor(voice-ui): establish voice information architecture (4B),true,main,cursor/voice-ia-route-state-70b3,ffcb3e0cdbcfbba903739d7ca4ed3ff1be7c48b4,1194d13bf839cc08b10f87991e17c912f2da8ff1,ffcb3e0cdbcfbba903739d7ca4ed3ff1be7c48b4,2,44,voice-ai,true,true,false,false,NON_EMPTY,513,554,CONFLICTING,NO_CHECKS_REPORTED,STACKED,HIGH,"commit reachability: 0/2 PR commits reachable from origin/main | patch equivalence: GIT_CHERRY_HAS_UNMATCHED_PATCHES; git cherry equivalent=0, unmatched=2, unrepresented=0 | three-dot diff origin/main...head: NON_EMPTY (44 paths) | GitHub target diff: 44 files, +3060/-128 | GitHub mergeability: CONFLICTING/DIRTY | branch ancestry: 130 open ancestors, 12 open descendants; base=main | file overlap: 44 paths overlap 579 open PRs","Phase 2: review the cumulative stack tip first, then evaluate ancestors without treating ancestry as duplication."
516,feat(stations): define canonical station KPIs domain service,true,cursor/one-way-return-follow-up-c2c2,cursor/station-kpis-domain-service-c2c2,a78a8dbad50525564870cb6b0285d0eb2585fb6b,faf0236a32aca74dc058f4a189e3c1bbb9d36380,e5ae35a141527e742ae51dd379c8e1725ccd0eb7,1,5,administration,false,true,false,false,NON_EMPTY,514,549,NO_CONFLICT_REPORTED,NO_CHECKS_REPORTED,STACKED,HIGH,"commit reachability: 0/1 PR commits reachable from origin/main | patch equivalence: GIT_CHERRY_HAS_UNMATCHED_PATCHES; git cherry equivalent=0, unmatched=1, unrepresented=0 | three-dot diff origin/main...head: NON_EMPTY (273 paths) | GitHub target diff: 5 files, +881/-1 | GitHub mergeability: MERGEABLE/CLEAN | branch ancestry: 127 open ancestors, 21 open descendants; base=cursor/one-way-return-follow-up-c2c2 | file overlap: 5 paths overlap 543 open PRs","Phase 2: review the cumulative stack tip first, then evaluate ancestors without treating ancestry as duplication."
517,feat(stations): add canonical StationSummaryReadModel per station,true,cursor/station-kpis-domain-service-c2c2,cursor/station-summary-read-model-c2c2,faf0236a32aca74dc058f4a189e3c1bbb9d36380,bd0b8788533b49b3cf1aedffabe62c0b9bbec606,e5ae35a141527e742ae51dd379c8e1725ccd0eb7,1,10,cross-cutting,false,true,false,false,NON_EMPTY,516,549,NO_CONFLICT_REPORTED,NO_CHECKS_REPORTED,STACKED,HIGH,"commit reachability: 0/1 PR commits reachable from origin/main | patch equivalence: GIT_CHERRY_HAS_UNMATCHED_PATCHES; git cherry equivalent=0, unmatched=1, unrepresented=0 | three-dot diff origin/main...head: NON_EMPTY (278 paths) | GitHub target diff: 10 files, +960/-2 | GitHub mergeability: MERGEABLE/CLEAN | branch ancestry: 128 open ancestors, 20 open descendants; base=cursor/station-kpis-domain-service-c2c2 | file overlap: 10 paths overlap 543 open PRs","Phase 2: review the cumulative stack tip first, then evaluate ancestors without treating ancestry as duplication."
518,feat(voice-ui): redesign plan and assistant onboarding (5A),true,main,cursor/voice-plan-assistant-onboarding-70b3,ffcb3e0cdbcfbba903739d7ca4ed3ff1be7c48b4,fa0a9f5e0cf4a29d4735b0cce26a8f04b83ebf99,ffcb3e0cdbcfbba903739d7ca4ed3ff1be7c48b4,3,53,voice-ai,true,true,false,false,NON_EMPTY,515,554,CONFLICTING,NO_CHECKS_REPORTED,STACKED,HIGH,"commit reachability: 0/3 PR commits reachable from origin/main | patch equivalence: GIT_CHERRY_HAS_UNMATCHED_PATCHES; git cherry equivalent=0, unmatched=3, unrepresented=0 | three-dot diff origin/main...head: NON_EMPTY (53 paths) | GitHub target diff: 53 files, +4694/-242 | GitHub mergeability: CONFLICTING/DIRTY | branch ancestry: 131 open ancestors, 11 open descendants; base=main | file overlap: 53 paths overlap 579 open PRs","Phase 2: review the cumulative stack tip first, then evaluate ancestors without treating ancestry as duplication."
519,V4.9.634 — Stations V2: Organization-wide scope-filtered summaries (Prompt 54/78),true,cursor/station-summary-read-model-c2c2,cursor/station-org-summaries-c2c2,bd0b8788533b49b3cf1aedffabe62c0b9bbec606,336246442dbc70c05b9741dda775f8696d0dbdc5,e5ae35a141527e742ae51dd379c8e1725ccd0eb7,1,14,cross-cutting,false,true,false,false,NON_EMPTY,517,549,NO_CONFLICT_REPORTED,NO_CHECKS_REPORTED,STACKED,HIGH,"commit reachability: 0/1 PR commits reachable from origin/main | patch equivalence: GIT_CHERRY_HAS_UNMATCHED_PATCHES; git cherry equivalent=0, unmatched=1, unrepresented=0 | three-dot diff origin/main...head: NON_EMPTY (285 paths) | GitHub target diff: 14 files, +1705/-203 | GitHub mergeability: MERGEABLE/CLEAN | branch ancestry: 129 open ancestors, 19 open descendants; base=cursor/station-summary-read-model-c2c2 | file overlap: 14 paths overlap 559 open PRs","Phase 2: review the cumulative stack tip first, then evaluate ancestors without treating ancestry as duplication."
520,feat(voice-ui): add voice knowledge and permission center (5B),true,cursor/voice-plan-assistant-onboarding-70b3,cursor/voice-knowledge-permissions-70b3,fa0a9f5e0cf4a29d4735b0cce26a8f04b83ebf99,d57b72f0671cfb5c838ad2e5bcadfdaededaf3ce,ffcb3e0cdbcfbba903739d7ca4ed3ff1be7c48b4,1,22,voice-ai,false,true,false,false,NON_EMPTY,518,554,NO_CONFLICT_REPORTED,NO_CHECKS_REPORTED,STACKED,HIGH,"commit reachability: 0/1 PR commits reachable from origin/main | patch equivalence: GIT_CHERRY_HAS_UNMATCHED_PATCHES; git cherry equivalent=0, unmatched=1, unrepresented=0 | three-dot diff origin/main...head: NON_EMPTY (68 paths) | GitHub target diff: 22 files, +1617/-173 | GitHub mergeability: MERGEABLE/CLEAN | branch ancestry: 132 open ancestors, 10 open descendants; base=cursor/voice-plan-assistant-onboarding-70b3 | file overlap: 22 paths overlap 555 open PRs","Phase 2: review the cumulative stack tip first, then evaluate ancestors without treating ancestry as duplication."
521,V4.9.635 — Stations V2: StationsView summary migration (Prompt 55/78),true,cursor/station-org-summaries-c2c2,cursor/stations-view-summary-migration-c2c2,336246442dbc70c05b9741dda775f8696d0dbdc5,79f07208531a5f315951cdf4604ce0945243ad00,e5ae35a141527e742ae51dd379c8e1725ccd0eb7,1,12,administration,false,true,false,false,NON_EMPTY,519,549,NO_CONFLICT_REPORTED,NO_CHECKS_REPORTED,STACKED,HIGH,"commit reachability: 0/1 PR commits reachable from origin/main | patch equivalence: GIT_CHERRY_HAS_UNMATCHED_PATCHES; git cherry equivalent=0, unmatched=1, unrepresented=0 | three-dot diff origin/main...head: NON_EMPTY (292 paths) | GitHub target diff: 12 files, +1111/-127 | GitHub mergeability: MERGEABLE/CLEAN | branch ancestry: 130 open ancestors, 18 open descendants; base=cursor/station-org-summaries-c2c2 | file overlap: 12 paths overlap 244 open PRs","Phase 2: review the cumulative stack tip first, then evaluate ancestors without treating ancestry as duplication."
522,feat(voice-ui): redesign phone number onboarding (6A),true,cursor/voice-knowledge-permissions-70b3,cursor/voice-phone-onboarding-70b3,d57b72f0671cfb5c838ad2e5bcadfdaededaf3ce,1b7cddc2891b1de5bff8367426ddbd6895515598,ffcb3e0cdbcfbba903739d7ca4ed3ff1be7c48b4,1,22,voice-ai,false,true,false,false,NON_EMPTY,520,554,NO_CONFLICT_REPORTED,NO_CHECKS_REPORTED,STACKED,HIGH,"commit reachability: 0/1 PR commits reachable from origin/main | patch equivalence: GIT_CHERRY_HAS_UNMATCHED_PATCHES; git cherry equivalent=0, unmatched=1, unrepresented=0 | three-dot diff origin/main...head: NON_EMPTY (80 paths) | GitHub target diff: 22 files, +1638/-486 | GitHub mergeability: MERGEABLE/CLEAN | branch ancestry: 133 open ancestors, 9 open descendants; base=cursor/voice-knowledge-permissions-70b3 | file overlap: 22 paths overlap 578 open PRs","Phase 2: review the cumulative stack tip first, then evaluate ancestors without treating ancestry as duplication."
523,feat(voice-ui): complete voice readiness and activation flow (6B),true,cursor/voice-phone-onboarding-70b3,cursor/voice-readiness-activation-70b3,1b7cddc2891b1de5bff8367426ddbd6895515598,51fc3d95e3a9c3704f582838b19ca44f3fe6c133,ffcb3e0cdbcfbba903739d7ca4ed3ff1be7c48b4,1,31,cross-cutting,false,true,false,false,NON_EMPTY,522,554,NO_CONFLICT_REPORTED,NO_CHECKS_REPORTED,STACKED,HIGH,"commit reachability: 0/1 PR commits reachable from origin/main | patch equivalence: GIT_CHERRY_HAS_UNMATCHED_PATCHES; git cherry equivalent=0, unmatched=1, unrepresented=0 | three-dot diff origin/main...head: NON_EMPTY (96 paths) | GitHub target diff: 31 files, +3341/-555 | GitHub mergeability: MERGEABLE/CLEAN | branch ancestry: 134 open ancestors, 8 open descendants; base=cursor/voice-phone-onboarding-70b3 | file overlap: 31 paths overlap 566 open PRs","Phase 2: review the cumulative stack tip first, then evaluate ancestors without treating ancestry as duplication."
524,feat(stations): wire on-site KPIs to vehicle runtime state engine (Prompt 56/78),true,cursor/stations-view-summary-migration-c2c2,cursor/station-runtime-kpis-c2c2,79f07208531a5f315951cdf4604ce0945243ad00,75ff4ae98d07baff40e7ffd5f20c86d6ece86f27,e5ae35a141527e742ae51dd379c8e1725ccd0eb7,1,22,cross-cutting,false,true,false,false,NON_EMPTY,521,549,NO_CONFLICT_REPORTED,NO_CHECKS_REPORTED,STACKED,HIGH,"commit reachability: 0/1 PR commits reachable from origin/main | patch equivalence: GIT_CHERRY_HAS_UNMATCHED_PATCHES; git cherry equivalent=0, unmatched=1, unrepresented=0 | three-dot diff origin/main...head: NON_EMPTY (296 paths) | GitHub target diff: 22 files, +1318/-140 | GitHub mergeability: MERGEABLE/CLEAN | branch ancestry: 131 open ancestors, 17 open descendants; base=cursor/stations-view-summary-migration-c2c2 | file overlap: 22 paths overlap 562 open PRs","Phase 2: review the cumulative stack tip first, then evaluate ancestors without treating ancestry as duplication."
525,feat(voice-ui): redesign voice overview and conversations (7A),true,cursor/voice-readiness-activation-70b3,cursor/voice-overview-conversations-70b3,51fc3d95e3a9c3704f582838b19ca44f3fe6c133,0d950f0837f7b02934d239d00c45f3727638b3df,ffcb3e0cdbcfbba903739d7ca4ed3ff1be7c48b4,1,16,voice-ai,false,true,false,false,NON_EMPTY,523,554,NO_CONFLICT_REPORTED,NO_CHECKS_REPORTED,STACKED,HIGH,"commit reachability: 0/1 PR commits reachable from origin/main | patch equivalence: GIT_CHERRY_HAS_UNMATCHED_PATCHES; git cherry equivalent=0, unmatched=1, unrepresented=0 | three-dot diff origin/main...head: NON_EMPTY (106 paths) | GitHub target diff: 16 files, +2233/-516 | GitHub mergeability: MERGEABLE/CLEAN | branch ancestry: 135 open ancestors, 7 open descendants; base=cursor/voice-readiness-activation-70b3 | file overlap: 16 paths overlap 554 open PRs","Phase 2: review the cumulative stack tip first, then evaluate ancestors without treating ancestry as duplication."
526,feat(stations): operations summary for tasks and notifications (Prompt 57/78),true,cursor/station-runtime-kpis-c2c2,cursor/station-operations-summary-c2c2,75ff4ae98d07baff40e7ffd5f20c86d6ece86f27,6cdc896f6303a694d57e819dfea085143b856d7f,e5ae35a141527e742ae51dd379c8e1725ccd0eb7,1,18,cross-cutting,false,true,false,false,NON_EMPTY,524,549,NO_CONFLICT_REPORTED,NO_CHECKS_REPORTED,STACKED,HIGH,"commit reachability: 0/1 PR commits reachable from origin/main | patch equivalence: GIT_CHERRY_HAS_UNMATCHED_PATCHES; git cherry equivalent=0, unmatched=1, unrepresented=0 | three-dot diff origin/main...head: NON_EMPTY (301 paths) | GitHub target diff: 18 files, +1285/-35 | GitHub mergeability: MERGEABLE/CLEAN | branch ancestry: 132 open ancestors, 16 open descendants; base=cursor/station-runtime-kpis-c2c2 | file overlap: 18 paths overlap 562 open PRs","Phase 2: review the cumulative stack tip first, then evaluate ancestors without treating ancestry as duplication."
527,feat(voice-ui): add voice automation analytics and settings (7B),true,cursor/voice-overview-conversations-70b3,cursor/voice-automation-analytics-settings-70b3,0d950f0837f7b02934d239d00c45f3727638b3df,9302bd8ba34c206f1c4bc53de8380f7e4e30fe57,ffcb3e0cdbcfbba903739d7ca4ed3ff1be7c48b4,1,21,voice-ai,false,true,false,false,NON_EMPTY,525,554,NO_CONFLICT_REPORTED,NO_CHECKS_REPORTED,STACKED,HIGH,"commit reachability: 0/1 PR commits reachable from origin/main | patch equivalence: GIT_CHERRY_HAS_UNMATCHED_PATCHES; git cherry equivalent=0, unmatched=1, unrepresented=0 | three-dot diff origin/main...head: NON_EMPTY (120 paths) | GitHub target diff: 21 files, +2517/-177 | GitHub mergeability: MERGEABLE/CLEAN | branch ancestry: 136 open ancestors, 6 open descendants; base=cursor/voice-overview-conversations-70b3 | file overlap: 21 paths overlap 563 open PRs","Phase 2: review the cumulative stack tip first, then evaluate ancestors without treating ancestry as duplication."
528,V4.9.638 — Stations V2: Canonical Operations Timeline (Prompt 58/78),true,cursor/station-operations-summary-c2c2,cursor/station-operations-timeline-c2c2,6cdc896f6303a694d57e819dfea085143b856d7f,48c19bad8fe72f64092582f6d155dd5b758ad0d1,e5ae35a141527e742ae51dd379c8e1725ccd0eb7,1,13,cross-cutting,false,true,false,false,NON_EMPTY,526,549,NO_CONFLICT_REPORTED,NO_CHECKS_REPORTED,STACKED,HIGH,"commit reachability: 0/1 PR commits reachable from origin/main | patch equivalence: GIT_CHERRY_HAS_UNMATCHED_PATCHES; git cherry equivalent=0, unmatched=1, unrepresented=0 | three-dot diff origin/main...head: NON_EMPTY (307 paths) | GitHub target diff: 13 files, +1765/-2 | GitHub mergeability: MERGEABLE/CLEAN | branch ancestry: 133 open ancestors, 15 open descendants; base=cursor/station-operations-summary-c2c2 | file overlap: 13 paths overlap 562 open PRs","Phase 2: review the cumulative stack tip first, then evaluate ancestors without treating ancestry as duplication."
529,V4.9.639 — Stations V2: Query path analysis & additive indexes (Prompt 59/78),true,cursor/station-operations-timeline-c2c2,cursor/station-query-analysis-c2c2,48c19bad8fe72f64092582f6d155dd5b758ad0d1,60bd866935792e44a0bbce5ca6b06dece3371971,e5ae35a141527e742ae51dd379c8e1725ccd0eb7,1,6,administration,false,true,false,false,NON_EMPTY,528,549,NO_CONFLICT_REPORTED,NO_CHECKS_REPORTED,STACKED,HIGH,"commit reachability: 0/1 PR commits reachable from origin/main | patch equivalence: GIT_CHERRY_HAS_UNMATCHED_PATCHES; git cherry equivalent=0, unmatched=1, unrepresented=0 | three-dot diff origin/main...head: NON_EMPTY (310 paths) | GitHub target diff: 6 files, +310/-2 | GitHub mergeability: MERGEABLE/CLEAN | branch ancestry: 134 open ancestors, 14 open descendants; base=cursor/station-operations-timeline-c2c2 | file overlap: 6 paths overlap 559 open PRs","Phase 2: review the cumulative stack tip first, then evaluate ancestors without treating ancestry as duplication."
530,feat(master): redesign voice platform overview (8A),true,cursor/voice-automation-analytics-settings-70b3,cursor/master-voice-platform-overview-70b3,9302bd8ba34c206f1c4bc53de8380f7e4e30fe57,9fa458e7d23a00dd72c6de789d7d436699ab9ed3,ffcb3e0cdbcfbba903739d7ca4ed3ff1be7c48b4,1,15,cross-cutting,false,true,false,false,NON_EMPTY,527,554,NO_CONFLICT_REPORTED,NO_CHECKS_REPORTED,STACKED,HIGH,"commit reachability: 0/1 PR commits reachable from origin/main | patch equivalence: GIT_CHERRY_HAS_UNMATCHED_PATCHES; git cherry equivalent=0, unmatched=1, unrepresented=0 | three-dot diff origin/main...head: NON_EMPTY (132 paths) | GitHub target diff: 15 files, +1151/-149 | GitHub mergeability: MERGEABLE/CLEAN | branch ancestry: 137 open ancestors, 5 open descendants; base=cursor/voice-automation-analytics-settings-70b3 | file overlap: 15 paths overlap 564 open PRs","Phase 2: review the cumulative stack tip first, then evaluate ancestors without treating ancestry as duplication."
531,V4.9.640 — Stations V2: StationsView auf Summary Read Model (Prompt 60/78),true,cursor/station-query-analysis-c2c2,cursor/stations-view-summary-c2c2,60bd866935792e44a0bbce5ca6b06dece3371971,3d8c92f82e07c867699bfc234ef78b21d1745b30,e5ae35a141527e742ae51dd379c8e1725ccd0eb7,1,11,administration,false,true,false,false,NON_EMPTY,529,549,NO_CONFLICT_REPORTED,NO_CHECKS_REPORTED,STACKED,HIGH,"commit reachability: 0/1 PR commits reachable from origin/main | patch equivalence: GIT_CHERRY_HAS_UNMATCHED_PATCHES; git cherry equivalent=0, unmatched=1, unrepresented=0 | three-dot diff origin/main...head: NON_EMPTY (310 paths) | GitHub target diff: 11 files, +319/-79 | GitHub mergeability: MERGEABLE/CLEAN | branch ancestry: 135 open ancestors, 13 open descendants; base=cursor/station-query-analysis-c2c2 | file overlap: 11 paths overlap 553 open PRs","Phase 2: review the cumulative stack tip first, then evaluate ancestors without treating ancestry as duplication."
532,feat(master): add voice organization operations workspace (8B),true,cursor/master-voice-platform-overview-70b3,cursor/master-voice-org-workspace-70b3,9fa458e7d23a00dd72c6de789d7d436699ab9ed3,9fd7f182f7c596f5e1679e8032b79a9259fc316a,ffcb3e0cdbcfbba903739d7ca4ed3ff1be7c48b4,1,21,cross-cutting,false,true,false,false,NON_EMPTY,530,554,NO_CONFLICT_REPORTED,NO_CHECKS_REPORTED,STACKED,HIGH,"commit reachability: 0/1 PR commits reachable from origin/main | patch equivalence: GIT_CHERRY_HAS_UNMATCHED_PATCHES; git cherry equivalent=0, unmatched=1, unrepresented=0 | three-dot diff origin/main...head: NON_EMPTY (149 paths) | GitHub target diff: 21 files, +1968/-209 | GitHub mergeability: MERGEABLE/CLEAN | branch ancestry: 138 open ancestors, 4 open descendants; base=cursor/master-voice-platform-overview-70b3 | file overlap: 21 paths overlap 544 open PRs","Phase 2: review the cumulative stack tip first, then evaluate ancestors without treating ancestry as duplication."
533,V4.9.641 — Stations V2: Detail-Tabs konsolidiert (Prompt 61/78),true,cursor/stations-view-summary-c2c2,cursor/station-detail-tabs-c2c2,3d8c92f82e07c867699bfc234ef78b21d1745b30,47504199c8951adb6cd115a602e5b75c638effa3,e5ae35a141527e742ae51dd379c8e1725ccd0eb7,1,10,administration,false,true,false,false,NON_EMPTY,531,549,NO_CONFLICT_REPORTED,NO_CHECKS_REPORTED,STACKED,HIGH,"commit reachability: 0/1 PR commits reachable from origin/main | patch equivalence: GIT_CHERRY_HAS_UNMATCHED_PATCHES; git cherry equivalent=0, unmatched=1, unrepresented=0 | three-dot diff origin/main...head: NON_EMPTY (315 paths) | GitHub target diff: 10 files, +866/-336 | GitHub mergeability: MERGEABLE/CLEAN | branch ancestry: 136 open ancestors, 12 open descendants; base=cursor/stations-view-summary-c2c2 | file overlap: 10 paths overlap 250 open PRs","Phase 2: review the cumulative stack tip first, then evaluate ancestors without treating ancestry as duplication."
534,Stations V2: Overview tab as operative decision surface (Prompt 62/78),true,cursor/station-detail-tabs-c2c2,cursor/station-overview-decision-c2c2,47504199c8951adb6cd115a602e5b75c638effa3,598e86694f46236b57dea327e85b050475afcae9,e5ae35a141527e742ae51dd379c8e1725ccd0eb7,1,9,administration,false,true,false,false,NON_EMPTY,533,549,NO_CONFLICT_REPORTED,NO_CHECKS_REPORTED,STACKED,HIGH,"commit reachability: 0/1 PR commits reachable from origin/main | patch equivalence: GIT_CHERRY_HAS_UNMATCHED_PATCHES; git cherry equivalent=0, unmatched=1, unrepresented=0 | three-dot diff origin/main...head: NON_EMPTY (318 paths) | GitHub target diff: 9 files, +986/-156 | GitHub mergeability: MERGEABLE/CLEAN | branch ancestry: 137 open ancestors, 11 open descendants; base=cursor/station-detail-tabs-c2c2 | file overlap: 9 paths overlap 553 open PRs","Phase 2: review the cumulative stack tip first, then evaluate ancestors without treating ancestry as duplication."
535,chore(voice): prepare secure voice staging environment (9A),true,main,cursor/voice-staging-preflight-70b3,ffcb3e0cdbcfbba903739d7ca4ed3ff1be7c48b4,901dbefa3373a68bb54488e4b749cd1200a952a1,ffcb3e0cdbcfbba903739d7ca4ed3ff1be7c48b4,11,162,cross-cutting,true,true,false,false,NON_EMPTY,532,554,CONFLICTING,NO_CHECKS_REPORTED,STACKED,HIGH,"commit reachability: 0/11 PR commits reachable from origin/main | patch equivalence: GIT_CHERRY_HAS_UNMATCHED_PATCHES; git cherry equivalent=0, unmatched=11, unrepresented=0 | three-dot diff origin/main...head: NON_EMPTY (162 paths) | GitHub target diff: 162 files, +20200/-2438 | GitHub mergeability: CONFLICTING/DIRTY | branch ancestry: 139 open ancestors, 3 open descendants; base=main | file overlap: 162 paths overlap 579 open PRs","Phase 2: review the cumulative stack tip first, then evaluate ancestors without treating ancestry as duplication."
536,Stations V2: Fleet tab grouped read model (Prompt 63/78),true,cursor/station-overview-decision-c2c2,cursor/station-fleet-groups-c2c2,598e86694f46236b57dea327e85b050475afcae9,02341ccacabfe9afe6838591861593be5f8a66fd,e5ae35a141527e742ae51dd379c8e1725ccd0eb7,1,22,cross-cutting,false,true,false,false,NON_EMPTY,534,549,NO_CONFLICT_REPORTED,NO_CHECKS_REPORTED,STACKED,HIGH,"commit reachability: 0/1 PR commits reachable from origin/main | patch equivalence: GIT_CHERRY_HAS_UNMATCHED_PATCHES; git cherry equivalent=0, unmatched=1, unrepresented=0 | three-dot diff origin/main...head: NON_EMPTY (326 paths) | GitHub target diff: 22 files, +1541/-20 | GitHub mergeability: MERGEABLE/CLEAN | branch ancestry: 138 open ancestors, 10 open descendants; base=cursor/station-overview-decision-c2c2 | file overlap: 22 paths overlap 564 open PRs","Phase 2: review the cumulative stack tip first, then evaluate ancestors without treating ancestry as duplication."
537,test(voice): provision voice AI staging tenant (9B),true,cursor/voice-staging-preflight-70b3,cursor/voice-staging-provision-70b3,901dbefa3373a68bb54488e4b749cd1200a952a1,52248a6beaa79362db0df063d9493f58b8b792fe,ffcb3e0cdbcfbba903739d7ca4ed3ff1be7c48b4,1,15,cross-cutting,false,true,false,false,NON_EMPTY,535,554,NO_CONFLICT_REPORTED,NO_CHECKS_REPORTED,STACKED,HIGH,"commit reachability: 0/1 PR commits reachable from origin/main | patch equivalence: GIT_CHERRY_HAS_UNMATCHED_PATCHES; git cherry equivalent=0, unmatched=1, unrepresented=0 | three-dot diff origin/main...head: NON_EMPTY (172 paths) | GitHub target diff: 15 files, +902/-9 | GitHub mergeability: MERGEABLE/CLEAN | branch ancestry: 140 open ancestors, 2 open descendants; base=cursor/voice-staging-preflight-70b3 | file overlap: 15 paths overlap 545 open PRs","Phase 2: review the cumulative stack tip first, then evaluate ancestors without treating ancestry as duplication."
538,test(voice): validate real staging call flows (10A),true,main,cursor/voice-staging-e2e-acceptance-70b3,ffcb3e0cdbcfbba903739d7ca4ed3ff1be7c48b4,524fd4cd7b8dbc43beb1b5220d72811b74384730,ffcb3e0cdbcfbba903739d7ca4ed3ff1be7c48b4,13,178,cross-cutting,true,true,false,false,NON_EMPTY,537,538,CONFLICTING,NO_CHECKS_REPORTED,CUMULATIVE_STACK_TIP,HIGH,"commit reachability: 0/13 PR commits reachable from origin/main | patch equivalence: GIT_CHERRY_HAS_UNMATCHED_PATCHES; git cherry equivalent=0, unmatched=13, unrepresented=0 | three-dot diff origin/main...head: NON_EMPTY (178 paths) | GitHub target diff: 178 files, +21939/-2447 | GitHub mergeability: CONFLICTING/DIRTY | branch ancestry: 141 open ancestors, 0 open descendants; base=main | file overlap: 172 paths overlap 579 open PRs","Phase 2: review the cumulative stack tip first, then evaluate ancestors without treating ancestry as duplication."
539,Stations V2: Five separate vehicle workflows (Prompt 64/78),true,cursor/station-fleet-groups-c2c2,cursor/station-vehicle-workflows-c2c2,02341ccacabfe9afe6838591861593be5f8a66fd,9217382697f621e221d3519fe5cc85039c0c0abb,e5ae35a141527e742ae51dd379c8e1725ccd0eb7,1,25,cross-cutting,false,true,false,false,NON_EMPTY,536,549,NO_CONFLICT_REPORTED,NO_CHECKS_REPORTED,STACKED,HIGH,"commit reachability: 0/1 PR commits reachable from origin/main | patch equivalence: GIT_CHERRY_HAS_UNMATCHED_PATCHES; git cherry equivalent=0, unmatched=1, unrepresented=0 | three-dot diff origin/main...head: NON_EMPTY (337 paths) | GitHub target diff: 25 files, +2234/-91 | GitHub mergeability: MERGEABLE/CLEAN | branch ancestry: 139 open ancestors, 9 open descendants; base=cursor/station-fleet-groups-c2c2 | file overlap: 25 paths overlap 564 open PRs","Phase 2: review the cumulative stack tip first, then evaluate ancestors without treating ancestry as duplication."
540,docs(voice): complete final production acceptance (10B),true,main,cursor/voice-final-production-acceptance-70b3,ffcb3e0cdbcfbba903739d7ca4ed3ff1be7c48b4,8e0817223376c987af5c3d0ca4e175351dc0a9fa,ffcb3e0cdbcfbba903739d7ca4ed3ff1be7c48b4,1,4,voice-ai,true,true,false,false,NON_EMPTY,480,540,CONFLICTING,NO_CHECKS_REPORTED,CUMULATIVE_STACK_TIP,HIGH,"commit reachability: 0/1 PR commits reachable from origin/main | patch equivalence: GIT_CHERRY_HAS_UNMATCHED_PATCHES; git cherry equivalent=0, unmatched=1, unrepresented=0 | three-dot diff origin/main...head: NON_EMPTY (4 paths) | GitHub target diff: 4 files, +606/-1 | GitHub mergeability: CONFLICTING/DIRTY | branch ancestry: 129 open ancestors, 0 open descendants; base=main | file overlap: 2 paths overlap 543 open PRs","Phase 2: review the cumulative stack tip first, then evaluate ancestors without treating ancestry as duplication."
541,V4.9.645 — Stations V2: Simplify Create/Edit Station form (Prompt 65/78),true,cursor/station-vehicle-workflows-c2c2,cursor/station-form-simplify-c2c2,9217382697f621e221d3519fe5cc85039c0c0abb,04d72ff7c9682d2760769667c4fb8fc74133591f,e5ae35a141527e742ae51dd379c8e1725ccd0eb7,1,13,administration,false,true,false,false,NON_EMPTY,539,549,NO_CONFLICT_REPORTED,NO_CHECKS_REPORTED,STACKED,HIGH,"commit reachability: 0/1 PR commits reachable from origin/main | patch equivalence: GIT_CHERRY_HAS_UNMATCHED_PATCHES; git cherry equivalent=0, unmatched=1, unrepresented=0 | three-dot diff origin/main...head: NON_EMPTY (340 paths) | GitHub target diff: 13 files, +1043/-263 | GitHub mergeability: MERGEABLE/CLEAN | branch ancestry: 140 open ancestors, 8 open descendants; base=cursor/station-vehicle-workflows-c2c2 | file overlap: 13 paths overlap 564 open PRs","Phase 2: review the cumulative stack tip first, then evaluate ancestors without treating ancestry as duplication."
542,V4.9.646 — Stations V2: Kanonische Datenzustände (Prompt 66/78),true,cursor/station-form-simplify-c2c2,cursor/station-view-states-c2c2,04d72ff7c9682d2760769667c4fb8fc74133591f,00bab20e02469262a11fb4ab575d13ddf9de88a2,e5ae35a141527e742ae51dd379c8e1725ccd0eb7,1,15,cross-cutting,false,true,false,false,NON_EMPTY,541,549,NO_CONFLICT_REPORTED,NO_CHECKS_REPORTED,STACKED,HIGH,"commit reachability: 0/1 PR commits reachable from origin/main | patch equivalence: GIT_CHERRY_HAS_UNMATCHED_PATCHES; git cherry equivalent=0, unmatched=1, unrepresented=0 | three-dot diff origin/main...head: NON_EMPTY (345 paths) | GitHub target diff: 15 files, +937/-170 | GitHub mergeability: MERGEABLE/CLEAN | branch ancestry: 141 open ancestors, 7 open descendants; base=cursor/station-form-simplify-c2c2 | file overlap: 15 paths overlap 564 open PRs","Phase 2: review the cumulative stack tip first, then evaluate ancestors without treating ancestry as duplication."
543,feat(stations): Team & Aktivität fachlich korrekt (Prompt 67/78),true,cursor/station-view-states-c2c2,cursor/station-team-activity-c2c2,00bab20e02469262a11fb4ab575d13ddf9de88a2,fe6a99b3f8ed0b12d392a189eddaefd6776be7f1,e5ae35a141527e742ae51dd379c8e1725ccd0eb7,1,20,cross-cutting,false,true,false,false,NON_EMPTY,542,549,NO_CONFLICT_REPORTED,NO_CHECKS_REPORTED,STACKED,HIGH,"commit reachability: 0/1 PR commits reachable from origin/main | patch equivalence: GIT_CHERRY_HAS_UNMATCHED_PATCHES; git cherry equivalent=0, unmatched=1, unrepresented=0 | three-dot diff origin/main...head: NON_EMPTY (352 paths) | GitHub target diff: 20 files, +1069/-175 | GitHub mergeability: MERGEABLE/CLEAN | branch ancestry: 142 open ancestors, 6 open descendants; base=cursor/station-view-states-c2c2 | file overlap: 20 paths overlap 564 open PRs","Phase 2: review the cumulative stack tip first, then evaluate ancestors without treating ancestry as duplication."
544,feat(stations): UI-Qualität & Accessibility (Prompt 68/78),true,cursor/station-team-activity-c2c2,cursor/station-ui-quality-c2c2,fe6a99b3f8ed0b12d392a189eddaefd6776be7f1,6ed65bf1064284726b482f4f580dd8acd9ed88a6,e5ae35a141527e742ae51dd379c8e1725ccd0eb7,1,20,cross-cutting,false,true,false,false,NON_EMPTY,543,549,NO_CONFLICT_REPORTED,NO_CHECKS_REPORTED,STACKED,HIGH,"commit reachability: 0/1 PR commits reachable from origin/main | patch equivalence: GIT_CHERRY_HAS_UNMATCHED_PATCHES; git cherry equivalent=0, unmatched=1, unrepresented=0 | three-dot diff origin/main...head: NON_EMPTY (359 paths) | GitHub target diff: 20 files, +501/-85 | GitHub mergeability: MERGEABLE/CLEAN | branch ancestry: 143 open ancestors, 5 open descendants; base=cursor/station-team-activity-c2c2 | file overlap: 20 paths overlap 553 open PRs","Phase 2: review the cumulative stack tip first, then evaluate ancestors without treating ancestry as duplication."
545,Stations V2: Kanonischer Domain-Audit-Trail (Prompt 69/78),true,cursor/station-ui-quality-c2c2,cursor/station-domain-audit-c2c2,6ed65bf1064284726b482f4f580dd8acd9ed88a6,680a1e19e77c2caa4f2223dbbd4e8745186e3481,e5ae35a141527e742ae51dd379c8e1725ccd0eb7,1,33,cross-cutting,false,true,false,false,NON_EMPTY,544,549,NO_CONFLICT_REPORTED,NO_CHECKS_REPORTED,STACKED,HIGH,"commit reachability: 0/1 PR commits reachable from origin/main | patch equivalence: GIT_CHERRY_HAS_UNMATCHED_PATCHES; git cherry equivalent=0, unmatched=1, unrepresented=0 | three-dot diff origin/main...head: NON_EMPTY (366 paths) | GitHub target diff: 33 files, +957/-17 | GitHub mergeability: MERGEABLE/CLEAN | branch ancestry: 144 open ancestors, 4 open descendants; base=cursor/station-ui-quality-c2c2 | file overlap: 33 paths overlap 543 open PRs","Phase 2: review the cumulative stack tip first, then evaluate ancestors without treating ancestry as duplication."
546,feat(stations-v2): Prometheus metrics and Grafana dashboards (Prompt 70/78),true,cursor/station-domain-audit-c2c2,cursor/station-prometheus-metrics-c2c2,680a1e19e77c2caa4f2223dbbd4e8745186e3481,7217a02f3f3c63026d66aeaf96469f0147ea3534,e5ae35a141527e742ae51dd379c8e1725ccd0eb7,1,19,cross-cutting,false,true,false,false,NON_EMPTY,545,549,NO_CONFLICT_REPORTED,NO_CHECKS_REPORTED,STACKED,HIGH,"commit reachability: 0/1 PR commits reachable from origin/main | patch equivalence: GIT_CHERRY_HAS_UNMATCHED_PATCHES; git cherry equivalent=0, unmatched=1, unrepresented=0 | three-dot diff origin/main...head: NON_EMPTY (377 paths) | GitHub target diff: 19 files, +1093/-10 | GitHub mergeability: MERGEABLE/CLEAN | branch ancestry: 145 open ancestors, 3 open descendants; base=cursor/station-domain-audit-c2c2 | file overlap: 19 paths overlap 545 open PRs","Phase 2: review the cumulative stack tip first, then evaluate ancestors without treating ancestry as duplication."
547,test(stations-v2): full backend test package and coverage doc (Prompt 71/78),true,cursor/station-prometheus-metrics-c2c2,cursor/station-backend-test-package-c2c2,7217a02f3f3c63026d66aeaf96469f0147ea3534,cbebdd8ceea26270d342b04e97773db7a3e8b986,e5ae35a141527e742ae51dd379c8e1725ccd0eb7,1,30,cross-cutting,false,true,false,false,NON_EMPTY,546,549,NO_CONFLICT_REPORTED,NO_CHECKS_REPORTED,STACKED,HIGH,"commit reachability: 0/1 PR commits reachable from origin/main | patch equivalence: GIT_CHERRY_HAS_UNMATCHED_PATCHES; git cherry equivalent=0, unmatched=1, unrepresented=0 | three-dot diff origin/main...head: NON_EMPTY (385 paths) | GitHub target diff: 30 files, +708/-25 | GitHub mergeability: MERGEABLE/CLEAN | branch ancestry: 146 open ancestors, 2 open descendants; base=cursor/station-prometheus-metrics-c2c2 | file overlap: 30 paths overlap 546 open PRs","Phase 2: review the cumulative stack tip first, then evaluate ancestors without treating ancestry as duplication."
548,test(stations-v2): Frontend & E2E coverage package (Prompt 72/78),true,cursor/station-backend-test-package-c2c2,cursor/station-frontend-e2e-tests-c2c2,cbebdd8ceea26270d342b04e97773db7a3e8b986,eb61fef807b8ce048a18188892a17858c77dcb90,e5ae35a141527e742ae51dd379c8e1725ccd0eb7,1,10,administration,false,true,false,false,NON_EMPTY,547,549,NO_CONFLICT_REPORTED,NO_CHECKS_REPORTED,STACKED,HIGH,"commit reachability: 0/1 PR commits reachable from origin/main | patch equivalence: GIT_CHERRY_HAS_UNMATCHED_PATCHES; git cherry equivalent=0, unmatched=1, unrepresented=0 | three-dot diff origin/main...head: NON_EMPTY (393 paths) | GitHub target diff: 10 files, +1834/-1 | GitHub mergeability: MERGEABLE/CLEAN | branch ancestry: 147 open ancestors, 1 open descendants; base=cursor/station-backend-test-package-c2c2 | file overlap: 10 paths overlap 544 open PRs","Phase 2: review the cumulative stack tip first, then evaluate ancestors without treating ancestry as duplication."
549,feat(stations): read-only stations-v2-diagnose CLI (prompt 73/78),true,main,cursor/station-v2-diagnose-cli-c2c2,ffcb3e0cdbcfbba903739d7ca4ed3ff1be7c48b4,da729ccd94cf7441031a152098370b982ef3ded0,e5ae35a141527e742ae51dd379c8e1725ccd0eb7,68,404,cross-cutting,true,true,false,false,NON_EMPTY,548,549,CONFLICTING,NO_CHECKS_REPORTED,CUMULATIVE_STACK_TIP,HIGH,"commit reachability: 0/68 PR commits reachable from origin/main | patch equivalence: GIT_CHERRY_HAS_UNMATCHED_PATCHES; git cherry equivalent=0, unmatched=68, unrepresented=0 | three-dot diff origin/main...head: NON_EMPTY (404 paths) | GitHub target diff: 404 files, +67603/-2382 | GitHub mergeability: CONFLICTING/DIRTY | branch ancestry: 148 open ancestors, 0 open descendants; base=main | file overlap: 394 paths overlap 580 open PRs","Phase 2: review the cumulative stack tip first, then evaluate ancestors without treating ancestry as duplication."
554,fix(voice): IE1 staging Twilio credential import path,true,main,cursor/voice-staging-ie1-remediation-70b3,ba8d8b77d90aadb80436d47221f05a65564dee34,25b7d54d80bce6ace71540d4435d1c749bac8b37,ffcb3e0cdbcfbba903739d7ca4ed3ff1be7c48b4,14,177,cross-cutting,true,true,false,false,NON_EMPTY,537,554,CONFLICTING,NO_CHECKS_REPORTED,CUMULATIVE_STACK_TIP,HIGH,"commit reachability: 0/14 PR commits reachable from origin/main | patch equivalence: GIT_CHERRY_HAS_UNMATCHED_PATCHES; git cherry equivalent=0, unmatched=14, unrepresented=0 | three-dot diff origin/main...head: NON_EMPTY (177 paths) | GitHub target diff: 177 files, +21720/-2447 | GitHub mergeability: CONFLICTING/DIRTY | branch ancestry: 141 open ancestors, 0 open descendants; base=main | file overlap: 173 paths overlap 579 open PRs","Phase 2: review the cumulative stack tip first, then evaluate ancestors without treating ancestry as duplication."
555,fix(connectivity): harden device webhook intake and retries,true,fix/fleet-connectivity-production-readiness-2026-07,cursor/device-webhook-inbox-retries-2e0d,954a50deb697237806eb09be09a954d83c361cbd,8da865cf6d1c4527c921695189d525177f6b6930,954a50deb697237806eb09be09a954d83c361cbd,1,20,cross-cutting,false,true,false,false,NON_EMPTY,480,556,NO_CONFLICT_REPORTED,NO_CHECKS_REPORTED,STACKED,HIGH,"commit reachability: 0/1 PR commits reachable from origin/main | patch equivalence: GIT_CHERRY_HAS_UNMATCHED_PATCHES; git cherry equivalent=0, unmatched=1, unrepresented=0 | three-dot diff origin/main...head: NON_EMPTY (20 paths) | GitHub target diff: 20 files, +1601/-102 | GitHub mergeability: MERGEABLE/CLEAN | branch ancestry: 129 open ancestors, 1 open descendants; base=fix/fleet-connectivity-production-readiness-2026-07 | file overlap: 20 paths overlap 265 open PRs","Phase 2: review the cumulative stack tip first, then evaluate ancestors without treating ancestry as duplication."
556,fix(connectivity): derive webhook configuration from actual trigger state,true,fix/fleet-connectivity-production-readiness-2026-07,cursor/webhook-config-trigger-state-2e0d,954a50deb697237806eb09be09a954d83c361cbd,3c8ff4a08bc7e15b8f10e7093294a85166c22e8a,954a50deb697237806eb09be09a954d83c361cbd,2,39,cross-cutting,false,true,false,false,NON_EMPTY,555,556,NO_CONFLICT_REPORTED,NO_CHECKS_REPORTED,CUMULATIVE_STACK_TIP,HIGH,"commit reachability: 0/2 PR commits reachable from origin/main | patch equivalence: GIT_CHERRY_HAS_UNMATCHED_PATCHES; git cherry equivalent=0, unmatched=2, unrepresented=0 | three-dot diff origin/main...head: NON_EMPTY (39 paths) | GitHub target diff: 39 files, +3189/-128 | GitHub mergeability: MERGEABLE/CLEAN | branch ancestry: 130 open ancestors, 0 open descendants; base=fix/fleet-connectivity-production-readiness-2026-07 | file overlap: 26 paths overlap 366 open PRs","Phase 2: review the cumulative stack tip first, then evaluate ancestors without treating ancestry as duplication."
557,fix(connectivity): canonicalize provider link authorization and consent,true,fix/fleet-connectivity-production-readiness-2026-07,cursor/provider-link-state-2e0d,954a50deb697237806eb09be09a954d83c361cbd,0a9c9a9132c8932263be1d9c5e390f0ead5a0549,0a9c9a9132c8932263be1d9c5e390f0ead5a0549,1,14,cross-cutting,false,true,true,UNKNOWN,EMPTY,480,1013,NO_CONFLICT_REPORTED,NO_CHECKS_REPORTED,ALREADY_IN_MAIN,HIGH,"commit reachability: 1/1 PR commits reachable from origin/main | patch equivalence: NOT_APPLICABLE_ALL_COMMITS_DIRECTLY_REACHABLE; git cherry equivalent=0, unmatched=0, unrepresented=0 | three-dot diff origin/main...head: EMPTY (0 paths) | GitHub target diff: 14 files, +1129/-80 | GitHub mergeability: MERGEABLE/CLEAN | branch ancestry: 129 open ancestors, 312 open descendants; base=fix/fleet-connectivity-production-readiness-2026-07 | file overlap: 14 paths overlap 12 open PRs",Phase 2: verify representative patch/tree evidence before any close decision.
558,fix(connectivity): unify telemetry freshness across connectivity consumers,true,fix/fleet-connectivity-production-readiness-2026-07,cursor/unify-telemetry-freshness-2e0d,954a50deb697237806eb09be09a954d83c361cbd,45a81bd6d85394583c5ad319af7010226e392242,45a81bd6d85394583c5ad319af7010226e392242,2,32,cross-cutting,false,true,true,UNKNOWN,EMPTY,557,1013,NO_CONFLICT_REPORTED,NO_CHECKS_REPORTED,ALREADY_IN_MAIN,HIGH,"commit reachability: 2/2 PR commits reachable from origin/main | patch equivalence: NOT_APPLICABLE_ALL_COMMITS_DIRECTLY_REACHABLE; git cherry equivalent=0, unmatched=0, unrepresented=0 | three-dot diff origin/main...head: EMPTY (0 paths) | GitHub target diff: 32 files, +1797/-248 | GitHub mergeability: MERGEABLE/CLEAN | branch ancestry: 130 open ancestors, 311 open descendants; base=fix/fleet-connectivity-production-readiness-2026-07 | file overlap: 32 paths overlap 250 open PRs",Phase 2: verify representative patch/tree evidence before any close decision.
559,fix(connectivity): make data coverage capability and freshness aware,true,fix/fleet-connectivity-production-readiness-2026-07,cursor/data-coverage-capability-2e0d,954a50deb697237806eb09be09a954d83c361cbd,08c68b263768e5fcd337045525128332235c95fa,08c68b263768e5fcd337045525128332235c95fa,3,37,cross-cutting,false,true,true,UNKNOWN,EMPTY,558,1013,NO_CONFLICT_REPORTED,NO_CHECKS_REPORTED,ALREADY_IN_MAIN,HIGH,"commit reachability: 3/3 PR commits reachable from origin/main | patch equivalence: NOT_APPLICABLE_ALL_COMMITS_DIRECTLY_REACHABLE; git cherry equivalent=0, unmatched=0, unrepresented=0 | three-dot diff origin/main...head: EMPTY (0 paths) | GitHub target diff: 37 files, +2990/-331 | GitHub mergeability: MERGEABLE/CLEAN | branch ancestry: 131 open ancestors, 310 open descendants; base=fix/fleet-connectivity-production-readiness-2026-07 | file overlap: 37 paths overlap 250 open PRs",Phase 2: verify representative patch/tree evidence before any close decision.
560,fix(connectivity): resolve and deduplicate connectivity alerts,true,fix/fleet-connectivity-production-readiness-2026-07,cursor/connectivity-alerts-2e0d,954a50deb697237806eb09be09a954d83c361cbd,cf01dd4b649efffb89a2703f0521b25989ad22e1,cf01dd4b649efffb89a2703f0521b25989ad22e1,4,49,cross-cutting,false,true,true,UNKNOWN,EMPTY,559,1013,NO_CONFLICT_REPORTED,NO_CHECKS_REPORTED,ALREADY_IN_MAIN,HIGH,"commit reachability: 4/4 PR commits reachable from origin/main | patch equivalence: NOT_APPLICABLE_ALL_COMMITS_DIRECTLY_REACHABLE; git cherry equivalent=0, unmatched=0, unrepresented=0 | three-dot diff origin/main...head: EMPTY (0 paths) | GitHub target diff: 49 files, +4667/-418 | GitHub mergeability: MERGEABLE/CLEAN | branch ancestry: 132 open ancestors, 309 open descendants; base=fix/fleet-connectivity-production-readiness-2026-07 | file overlap: 49 paths overlap 263 open PRs",Phase 2: verify representative patch/tree evidence before any close decision.
561,refactor(connectivity): migrate consumers to canonical runtime state,true,fix/fleet-connectivity-production-readiness-2026-07,cursor/connectivity-runtime-migration-2e0d,954a50deb697237806eb09be09a954d83c361cbd,6040961795a26e6d8b0b1f0a818f8b312d396e54,6040961795a26e6d8b0b1f0a818f8b312d396e54,5,59,cross-cutting,false,true,true,UNKNOWN,EMPTY,560,1013,NO_CONFLICT_REPORTED,NO_CHECKS_REPORTED,ALREADY_IN_MAIN,HIGH,"commit reachability: 5/5 PR commits reachable from origin/main | patch equivalence: NOT_APPLICABLE_ALL_COMMITS_DIRECTLY_REACHABLE; git cherry equivalent=0, unmatched=0, unrepresented=0 | three-dot diff origin/main...head: EMPTY (0 paths) | GitHub target diff: 59 files, +6126/-605 | GitHub mergeability: MERGEABLE/CLEAN | branch ancestry: 133 open ancestors, 308 open descendants; base=fix/fleet-connectivity-production-readiness-2026-07 | file overlap: 59 paths overlap 273 open PRs",Phase 2: verify representative patch/tree evidence before any close decision.
562,feat(connectivity): fleet connectivity remediation — API v2 UI + production readiness (prompts 13–18),true,fix/fleet-connectivity-production-readiness-2026-07,cursor/fleet-connectivity-redesign-2e0d,954a50deb697237806eb09be09a954d83c361cbd,883449b2c2e861340a7b581c1dc431c2a25cadfd,883449b2c2e861340a7b581c1dc431c2a25cadfd,7,84,cross-cutting,false,true,true,UNKNOWN,EMPTY,561,1013,NO_CONFLICT_REPORTED,NO_CHECKS_REPORTED,ALREADY_IN_MAIN,HIGH,"commit reachability: 7/7 PR commits reachable from origin/main | patch equivalence: NOT_APPLICABLE_ALL_COMMITS_DIRECTLY_REACHABLE; git cherry equivalent=0, unmatched=0, unrepresented=0 | three-dot diff origin/main...head: EMPTY (0 paths) | GitHub target diff: 84 files, +9771/-1309 | GitHub mergeability: MERGEABLE/CLEAN | branch ancestry: 134 open ancestors, 307 open descendants; base=fix/fleet-connectivity-production-readiness-2026-07 | file overlap: 74 paths overlap 567 open PRs",Phase 2: verify representative patch/tree evidence before any close decision.
563,fix(connectivity): persist reliable webhook processing states (phase 2 prompt 1/10),true,cursor/fleet-connectivity-redesign-2e0d,cursor/webhook-processing-states-2e0d,883449b2c2e861340a7b581c1dc431c2a25cadfd,8a16d2bc0858d6f8085c992edd668aab15cc4a75,8a16d2bc0858d6f8085c992edd668aab15cc4a75,7,83,cross-cutting,false,true,true,UNKNOWN,EMPTY,562,1013,NO_CONFLICT_REPORTED,NO_CHECKS_REPORTED,ALREADY_IN_MAIN,HIGH,"commit reachability: 7/7 PR commits reachable from origin/main | patch equivalence: NOT_APPLICABLE_ALL_COMMITS_DIRECTLY_REACHABLE; git cherry equivalent=0, unmatched=0, unrepresented=0 | three-dot diff origin/main...head: EMPTY (0 paths) | GitHub target diff: 83 files, +6302/-706 | GitHub mergeability: MERGEABLE/CLEAN | branch ancestry: 135 open ancestors, 306 open descendants; base=cursor/fleet-connectivity-redesign-2e0d | file overlap: 42 paths overlap 413 open PRs",Phase 2: verify representative patch/tree evidence before any close decision.
566,fix(trips): restore live detection and DIMO-first trip repair,false,main,cursor/trip-detection-dimo-repair-b403,06d5642b310b8a81c34c98f9fd9feb320017f92f,7855a17914ba5f2c31b247290ed8c6cc53819aea,ba8d8b77d90aadb80436d47221f05a65564dee34,1,7,cross-cutting,true,true,false,true,NON_EMPTY,480,566,CONFLICTING,NO_CHECKS_REPORTED,ALREADY_IN_MAIN,HIGH,"commit reachability: 0/1 PR commits reachable from origin/main | patch equivalence: GIT_CHERRY_ALL_NON_REACHABLE_COMMITS_PATCH_EQUIVALENT; git cherry equivalent=1, unmatched=0, unrepresented=0 | three-dot diff origin/main...head: NON_EMPTY (7 paths) | GitHub target diff: 7 files, +295/-59 | GitHub mergeability: CONFLICTING/DIRTY | branch ancestry: 129 open ancestors, 0 open descendants; base=main | file overlap: 6 paths overlap 554 open PRs",Phase 2: verify representative patch/tree evidence before any close decision.
568,fix(fleet-health): rental health availability contract (FHS P17–P20),true,cursor/fleet-health-remediation-tracker-bad3,cursor/rental-health-availability-contract-bad3,b2a4003b8d6f1b190074b368a5c8d166fc29f9ec,6ee3a6bd15ab00a0e60b24d3514a25363fde7b7f,6ee3a6bd15ab00a0e60b24d3514a25363fde7b7f,3,24,cross-cutting,false,true,true,UNKNOWN,EMPTY,480,1013,NO_CONFLICT_REPORTED,NO_CHECKS_REPORTED,ALREADY_IN_MAIN,HIGH,"commit reachability: 3/3 PR commits reachable from origin/main | patch equivalence: NOT_APPLICABLE_ALL_COMMITS_DIRECTLY_REACHABLE; git cherry equivalent=0, unmatched=0, unrepresented=0 | three-dot diff origin/main...head: EMPTY (0 paths) | GitHub target diff: 24 files, +1125/-86 | GitHub mergeability: MERGEABLE/CLEAN | branch ancestry: 129 open ancestors, 283 open descendants; base=cursor/fleet-health-remediation-tracker-bad3 | file overlap: 24 paths overlap 564 open PRs",Phase 2: verify representative patch/tree evidence before any close decision.
573,feat(service-center): load service cases (FHS Phase 4 P25),true,main,cursor/service-center-service-cases-bad3,f1cd747acd49d384f556453669f14e46a2ee84a0,d2abd646495d61f522d381af6fe736ae29f2d558,393a8f5b0716fed81c1af7d5e4215aa0412dc6cf,29,105,cross-cutting,true,true,false,false,NON_EMPTY,568,581,UNKNOWN,NO_CHECKS_REPORTED,STACKED,HIGH,"commit reachability: 27/29 PR commits reachable from origin/main | patch equivalence: GIT_CHERRY_HAS_UNMATCHED_PATCHES; git cherry equivalent=0, unmatched=2, unrepresented=0 | three-dot diff origin/main...head: NON_EMPTY (7 paths) | GitHub target diff: 105 files, +8642/-387 | GitHub mergeability: UNKNOWN/UNKNOWN | branch ancestry: 130 open ancestors, 8 open descendants; base=main | file overlap: 105 paths overlap 567 open PRs","Phase 2: review the cumulative stack tip first, then evaluate ancestors without treating ancestry as duplication."
574,feat(fleet-health-service): add service case view model (FHS Phase 4 P26),true,main,cursor/fleet-health-service-case-viewmodel-bad3,f1cd747acd49d384f556453669f14e46a2ee84a0,2b5f1fd51465ae1016c7bbd6889a52cf19e9a27c,393a8f5b0716fed81c1af7d5e4215aa0412dc6cf,31,107,cross-cutting,true,true,false,false,NON_EMPTY,573,581,UNKNOWN,NO_CHECKS_REPORTED,STACKED,HIGH,"commit reachability: 27/31 PR commits reachable from origin/main | patch equivalence: GIT_CHERRY_HAS_UNMATCHED_PATCHES; git cherry equivalent=0, unmatched=4, unrepresented=0 | three-dot diff origin/main...head: NON_EMPTY (12 paths) | GitHub target diff: 107 files, +9247/-424 | GitHub mergeability: UNKNOWN/UNKNOWN | branch ancestry: 131 open ancestors, 7 open descendants; base=main | file overlap: 107 paths overlap 567 open PRs","Phase 2: review the cumulative stack tip first, then evaluate ancestors without treating ancestry as duplication."
575,feat(fleet-health-service): add work area shell (FHS P27),true,main,cursor/fleet-health-work-area-shell-bad3,f1cd747acd49d384f556453669f14e46a2ee84a0,0bd5824f3683d5416862e6e233b9fe92a2445c83,393a8f5b0716fed81c1af7d5e4215aa0412dc6cf,32,114,cross-cutting,true,true,false,false,NON_EMPTY,574,581,UNKNOWN,NO_CHECKS_REPORTED,STACKED,HIGH,"commit reachability: 27/32 PR commits reachable from origin/main | patch equivalence: GIT_CHERRY_HAS_UNMATCHED_PATCHES; git cherry equivalent=0, unmatched=5, unrepresented=0 | three-dot diff origin/main...head: NON_EMPTY (20 paths) | GitHub target diff: 114 files, +9701/-442 | GitHub mergeability: UNKNOWN/UNKNOWN | branch ancestry: 132 open ancestors, 6 open descendants; base=main | file overlap: 114 paths overlap 567 open PRs","Phase 2: review the cumulative stack tip first, then evaluate ancestors without treating ancestry as duplication."
576,refactor(fleet-health-service): move tasks into work area (FHS P28),true,main,cursor/fleet-health-tasks-work-area-bad3,f1cd747acd49d384f556453669f14e46a2ee84a0,ff52afec308f461387b2cac725e41e0aed0dcba6,393a8f5b0716fed81c1af7d5e4215aa0412dc6cf,33,119,cross-cutting,true,true,false,false,NON_EMPTY,575,581,UNKNOWN,NO_CHECKS_REPORTED,STACKED,HIGH,"commit reachability: 27/33 PR commits reachable from origin/main | patch equivalence: GIT_CHERRY_HAS_UNMATCHED_PATCHES; git cherry equivalent=0, unmatched=6, unrepresented=0 | three-dot diff origin/main...head: NON_EMPTY (25 paths) | GitHub target diff: 119 files, +10245/-466 | GitHub mergeability: UNKNOWN/UNKNOWN | branch ancestry: 133 open ancestors, 5 open descendants; base=main | file overlap: 119 paths overlap 567 open PRs","Phase 2: review the cumulative stack tip first, then evaluate ancestors without treating ancestry as duplication."
577,feat(service-cases): add fleet work list (FHS P29),true,main,cursor/fleet-health-service-cases-list-bad3,f1cd747acd49d384f556453669f14e46a2ee84a0,c672ba3df188a89977bc2d812c37dbc23529f500,393a8f5b0716fed81c1af7d5e4215aa0412dc6cf,34,123,cross-cutting,true,true,false,false,NON_EMPTY,576,581,CONFLICTING,NO_CHECKS_REPORTED,STACKED,HIGH,"commit reachability: 27/34 PR commits reachable from origin/main | patch equivalence: GIT_CHERRY_HAS_UNMATCHED_PATCHES; git cherry equivalent=0, unmatched=7, unrepresented=0 | three-dot diff origin/main...head: NON_EMPTY (29 paths) | GitHub target diff: 123 files, +10931/-466 | GitHub mergeability: CONFLICTING/DIRTY | branch ancestry: 134 open ancestors, 4 open descendants; base=main | file overlap: 123 paths overlap 567 open PRs","Phase 2: review the cumulative stack tip first, then evaluate ancestors without treating ancestry as duplication."
578,feat(service-cases): add fleet detail panel (FHS Phase 4 P30),true,main,cursor/fleet-health-service-case-detail-bad3,f1cd747acd49d384f556453669f14e46a2ee84a0,db6dc0aafa24e7abd0b17b9b7aea0624b38d300b,393a8f5b0716fed81c1af7d5e4215aa0412dc6cf,35,128,cross-cutting,true,true,false,false,NON_EMPTY,577,581,UNKNOWN,NO_CHECKS_REPORTED,STACKED,HIGH,"commit reachability: 27/35 PR commits reachable from origin/main | patch equivalence: GIT_CHERRY_HAS_UNMATCHED_PATCHES; git cherry equivalent=0, unmatched=8, unrepresented=0 | three-dot diff origin/main...head: NON_EMPTY (34 paths) | GitHub target diff: 128 files, +11813/-466 | GitHub mergeability: UNKNOWN/UNKNOWN | branch ancestry: 135 open ancestors, 3 open descendants; base=main | file overlap: 128 paths overlap 567 open PRs","Phase 2: review the cumulative stack tip first, then evaluate ancestors without treating ancestry as duplication."
579,feat(health-service): create service case from finding (FHS Phase 4 P31),true,main,cursor/health-service-create-case-from-finding-bad3,f1cd747acd49d384f556453669f14e46a2ee84a0,0229d9c05e662d1aa9ef78b4a0d989d5537b9fc7,393a8f5b0716fed81c1af7d5e4215aa0412dc6cf,36,134,cross-cutting,true,true,false,false,NON_EMPTY,578,581,UNKNOWN,NO_CHECKS_REPORTED,STACKED,HIGH,"commit reachability: 27/36 PR commits reachable from origin/main | patch equivalence: GIT_CHERRY_HAS_UNMATCHED_PATCHES; git cherry equivalent=0, unmatched=9, unrepresented=0 | three-dot diff origin/main...head: NON_EMPTY (40 paths) | GitHub target diff: 134 files, +12767/-501 | GitHub mergeability: UNKNOWN/UNKNOWN | branch ancestry: 136 open ancestors, 2 open descendants; base=main | file overlap: 134 paths overlap 567 open PRs","Phase 2: review the cumulative stack tip first, then evaluate ancestors without treating ancestry as duplication."
580,feat(service-cases): link operational tasks (FHS Phase 4 P32),true,main,cursor/service-cases-link-tasks-bad3,f1cd747acd49d384f556453669f14e46a2ee84a0,8f272e8be6593ce2ce373d086cecf27164bec297,393a8f5b0716fed81c1af7d5e4215aa0412dc6cf,37,141,cross-cutting,true,true,false,false,NON_EMPTY,579,581,UNKNOWN,NO_CHECKS_REPORTED,STACKED,HIGH,"commit reachability: 27/37 PR commits reachable from origin/main | patch equivalence: GIT_CHERRY_HAS_UNMATCHED_PATCHES; git cherry equivalent=0, unmatched=10, unrepresented=0 | three-dot diff origin/main...head: NON_EMPTY (52 paths) | GitHub target diff: 141 files, +13741/-512 | GitHub mergeability: UNKNOWN/UNKNOWN | branch ancestry: 137 open ancestors, 1 open descendants; base=main | file overlap: 141 paths overlap 567 open PRs","Phase 2: review the cumulative stack tip first, then evaluate ancestors without treating ancestry as duplication."
581,feat(fleet-service): combine tasks and case schedules (FHS P33),true,main,cursor/fleet-service-combine-schedules-bad3,ddee8c1c67ee148182718e924032a98a3997ca6c,702469e7035c4b3df8f5b3797be91a9235013ccb,393a8f5b0716fed81c1af7d5e4215aa0412dc6cf,38,145,cross-cutting,true,true,false,false,NON_EMPTY,580,581,UNKNOWN,NO_CHECKS_REPORTED,CUMULATIVE_STACK_TIP,HIGH,"commit reachability: 27/38 PR commits reachable from origin/main | patch equivalence: GIT_CHERRY_HAS_UNMATCHED_PATCHES; git cherry equivalent=0, unmatched=11, unrepresented=0 | three-dot diff origin/main...head: NON_EMPTY (56 paths) | GitHub target diff: 145 files, +14494/-516 | GitHub mergeability: UNKNOWN/UNKNOWN | branch ancestry: 138 open ancestors, 0 open descendants; base=main | file overlap: 141 paths overlap 567 open PRs","Phase 2: review the cumulative stack tip first, then evaluate ancestors without treating ancestry as duplication."
582,feat(fleet-service): add unified service history (FHS P34),true,main,cursor/fleet-service-unified-history-bad3,90e8c48a56dc14056d55a355cfa1308e20876288,72084114059aab31ded398dc478d2ea7b698d8dd,ddee8c1c67ee148182718e924032a98a3997ca6c,1,9,cross-cutting,true,true,false,false,NON_EMPTY,563,582,UNKNOWN,NO_CHECKS_REPORTED,CUMULATIVE_STACK_TIP,HIGH,"commit reachability: 0/1 PR commits reachable from origin/main | patch equivalence: GIT_CHERRY_HAS_UNMATCHED_PATCHES; git cherry equivalent=0, unmatched=1, unrepresented=0 | three-dot diff origin/main...head: NON_EMPTY (9 paths) | GitHub target diff: 9 files, +1225/-37 | GitHub mergeability: UNKNOWN/UNKNOWN | branch ancestry: 136 open ancestors, 0 open descendants; base=main | file overlap: 3 paths overlap 543 open PRs","Phase 2: review the cumulative stack tip first, then evaluate ancestors without treating ancestry as duplication."
583,feat(rental-health): define stable finding identity (P35),true,main,cursor/rental-health-finding-identity-bad3,90e8c48a56dc14056d55a355cfa1308e20876288,57ad8f0901f8160db70178748b65810b8b59929c,90e8c48a56dc14056d55a355cfa1308e20876288,1,6,health,true,true,false,false,NON_EMPTY,563,593,UNKNOWN,NO_CHECKS_REPORTED,STACKED,HIGH,"commit reachability: 0/1 PR commits reachable from origin/main | patch equivalence: GIT_CHERRY_HAS_UNMATCHED_PATCHES; git cherry equivalent=0, unmatched=1, unrepresented=0 | three-dot diff origin/main...head: NON_EMPTY (6 paths) | GitHub target diff: 6 files, +500/-0 | GitHub mergeability: UNKNOWN/UNKNOWN | branch ancestry: 136 open ancestors, 10 open descendants; base=main | file overlap: 6 paths overlap 542 open PRs","Phase 2: review the cumulative stack tip first, then evaluate ancestors without treating ancestry as duplication."
584,feat(rental-health): expose source finding identifiers (Phase 5 P36),true,main,cursor/rental-health-expose-finding-ids-bad3,90e8c48a56dc14056d55a355cfa1308e20876288,ccdb05911267d30aa70e05cb4adb5be0139f9f9d,90e8c48a56dc14056d55a355cfa1308e20876288,2,15,health,true,true,false,false,NON_EMPTY,583,593,UNKNOWN,NO_CHECKS_REPORTED,STACKED,HIGH,"commit reachability: 0/2 PR commits reachable from origin/main | patch equivalence: GIT_CHERRY_HAS_UNMATCHED_PATCHES; git cherry equivalent=0, unmatched=2, unrepresented=0 | three-dot diff origin/main...head: NON_EMPTY (15 paths) | GitHub target diff: 15 files, +1738/-14 | GitHub mergeability: UNKNOWN/UNKNOWN | branch ancestry: 137 open ancestors, 9 open descendants; base=main | file overlap: 15 paths overlap 562 open PRs","Phase 2: review the cumulative stack tip first, then evaluate ancestors without treating ancestry as duplication."
585,feat(health-task): persist finding identity (Phase 5 P37),true,main,cursor/health-task-finding-identity-bad3,90e8c48a56dc14056d55a355cfa1308e20876288,648de2ca5377b6de8210614d3fe4c8a2aaeb66b4,90e8c48a56dc14056d55a355cfa1308e20876288,3,26,cross-cutting,true,true,false,false,NON_EMPTY,584,593,UNKNOWN,NO_CHECKS_REPORTED,STACKED,HIGH,"commit reachability: 0/3 PR commits reachable from origin/main | patch equivalence: GIT_CHERRY_HAS_UNMATCHED_PATCHES; git cherry equivalent=0, unmatched=3, unrepresented=0 | three-dot diff origin/main...head: NON_EMPTY (26 paths) | GitHub target diff: 26 files, +2558/-72 | GitHub mergeability: UNKNOWN/UNKNOWN | branch ancestry: 138 open ancestors, 8 open descendants; base=main | file overlap: 22 paths overlap 564 open PRs","Phase 2: review the cumulative stack tip first, then evaluate ancestors without treating ancestry as duplication."
586,fix(health-task): require exact finding matches (Phase 5 P38),true,cursor/health-task-finding-identity-bad3,cursor/health-task-exact-matches-bad3,648de2ca5377b6de8210614d3fe4c8a2aaeb66b4,f17eebe79f3349e968e7a81167ff5f20918f5486,90e8c48a56dc14056d55a355cfa1308e20876288,1,7,cross-cutting,false,true,false,false,NON_EMPTY,585,593,NO_CONFLICT_REPORTED,NO_CHECKS_REPORTED,STACKED,HIGH,"commit reachability: 0/1 PR commits reachable from origin/main | patch equivalence: GIT_CHERRY_HAS_UNMATCHED_PATCHES; git cherry equivalent=0, unmatched=1, unrepresented=0 | three-dot diff origin/main...head: NON_EMPTY (28 paths) | GitHub target diff: 7 files, +500/-81 | GitHub mergeability: MERGEABLE/CLEAN | branch ancestry: 139 open ancestors, 7 open descendants; base=cursor/health-task-finding-identity-bad3 | file overlap: 7 paths overlap 545 open PRs","Phase 2: review the cumulative stack tip first, then evaluate ancestors without treating ancestry as duplication."
587,fix(health-task): remove broad match heuristics (Phase 5 P39),true,cursor/health-task-exact-matches-bad3,cursor/health-task-remove-heuristics-bad3,f17eebe79f3349e968e7a81167ff5f20918f5486,5b4bac47f2cf24bb64aa9d2cba13780c4d8615df,90e8c48a56dc14056d55a355cfa1308e20876288,1,6,cross-cutting,false,true,false,false,NON_EMPTY,586,587,NO_CONFLICT_REPORTED,NO_CHECKS_REPORTED,CUMULATIVE_STACK_TIP,HIGH,"commit reachability: 0/1 PR commits reachable from origin/main | patch equivalence: GIT_CHERRY_HAS_UNMATCHED_PATCHES; git cherry equivalent=0, unmatched=1, unrepresented=0 | three-dot diff origin/main...head: NON_EMPTY (29 paths) | GitHub target diff: 6 files, +452/-40 | GitHub mergeability: MERGEABLE/CLEAN | branch ancestry: 140 open ancestors, 0 open descendants; base=cursor/health-task-exact-matches-bad3 | file overlap: 6 paths overlap 19 open PRs","Phase 2: review the cumulative stack tip first, then evaluate ancestors without treating ancestry as duplication."
588,feat(health-service): support multiple findings per module (Phase 5 P40),true,cursor/health-task-remove-heuristics-bad3,cursor/health-service-multi-findings-bad3,5b4bac47f2cf24bb64aa9d2cba13780c4d8615df,0756304101ee9d947b3b1d9813c0195460f876fc,90e8c48a56dc14056d55a355cfa1308e20876288,2,8,cross-cutting,false,true,false,false,NON_EMPTY,587,593,CONFLICTING,NO_CHECKS_REPORTED,STACKED,HIGH,"commit reachability: 0/2 PR commits reachable from origin/main | patch equivalence: GIT_CHERRY_HAS_UNMATCHED_PATCHES; git cherry equivalent=0, unmatched=2, unrepresented=0 | three-dot diff origin/main...head: NON_EMPTY (29 paths) | GitHub target diff: 8 files, +974/-116 | GitHub mergeability: CONFLICTING/DIRTY | branch ancestry: 140 open ancestors, 5 open descendants; base=cursor/health-task-remove-heuristics-bad3 | file overlap: 8 paths overlap 545 open PRs","Phase 2: review the cumulative stack tip first, then evaluate ancestors without treating ancestry as duplication."
589,test(health-service): cover finding work bridge (Phase 5 P41),true,cursor/health-service-multi-findings-bad3,cursor/health-finding-work-bridge-tests-bad3,0756304101ee9d947b3b1d9813c0195460f876fc,3a60af0db0ef89a47fe0f7608574f39ec432f4e8,90e8c48a56dc14056d55a355cfa1308e20876288,1,16,cross-cutting,false,true,false,false,NON_EMPTY,588,593,NO_CONFLICT_REPORTED,NO_CHECKS_REPORTED,STACKED,HIGH,"commit reachability: 0/1 PR commits reachable from origin/main | patch equivalence: GIT_CHERRY_HAS_UNMATCHED_PATCHES; git cherry equivalent=0, unmatched=1, unrepresented=0 | three-dot diff origin/main...head: NON_EMPTY (44 paths) | GitHub target diff: 16 files, +969/-2 | GitHub mergeability: MERGEABLE/CLEAN | branch ancestry: 141 open ancestors, 4 open descendants; base=cursor/health-service-multi-findings-bad3 | file overlap: 2 paths overlap 22 open PRs","Phase 2: review the cumulative stack tip first, then evaluate ancestors without treating ancestry as duplication."
590,feat(runtime-state): include blocking service cases,true,cursor/health-finding-work-bridge-tests-bad3,cursor/runtime-state-blocking-service-cases-bad3,3a60af0db0ef89a47fe0f7608574f39ec432f4e8,fca6151553d08f357220be3af470f20ee1b8ebf8,90e8c48a56dc14056d55a355cfa1308e20876288,1,11,unknown,false,true,false,false,NON_EMPTY,589,593,NO_CONFLICT_REPORTED,NO_CHECKS_REPORTED,STACKED,HIGH,"commit reachability: 0/1 PR commits reachable from origin/main | patch equivalence: GIT_CHERRY_HAS_UNMATCHED_PATCHES; git cherry equivalent=0, unmatched=1, unrepresented=0 | three-dot diff origin/main...head: NON_EMPTY (53 paths) | GitHub target diff: 11 files, +349/-7 | GitHub mergeability: MERGEABLE/CLEAN | branch ancestry: 142 open ancestors, 3 open descendants; base=cursor/health-finding-work-bridge-tests-bad3 | file overlap: 8 paths overlap 554 open PRs","Phase 2: review the cumulative stack tip first, then evaluate ancestors without treating ancestry as duplication."
591,fix(runtime-state): normalize operational work blockers,true,cursor/runtime-state-blocking-service-cases-bad3,cursor/runtime-state-normalize-operational-blockers-bad3,fca6151553d08f357220be3af470f20ee1b8ebf8,620f801e79b1dedc5c15ddeb61fab3d659403adf,90e8c48a56dc14056d55a355cfa1308e20876288,1,11,unknown,false,true,false,false,NON_EMPTY,590,593,NO_CONFLICT_REPORTED,NO_CHECKS_REPORTED,STACKED,HIGH,"commit reachability: 0/1 PR commits reachable from origin/main | patch equivalence: GIT_CHERRY_HAS_UNMATCHED_PATCHES; git cherry equivalent=0, unmatched=1, unrepresented=0 | three-dot diff origin/main...head: NON_EMPTY (56 paths) | GitHub target diff: 11 files, +442/-17 | GitHub mergeability: MERGEABLE/CLEAN | branch ancestry: 143 open ancestors, 2 open descendants; base=cursor/runtime-state-blocking-service-cases-bad3 | file overlap: 8 paths overlap 554 open PRs","Phase 2: review the cumulative stack tip first, then evaluate ancestors without treating ancestry as duplication."
592,feat(runtime-state): display service blocking reasons,true,cursor/runtime-state-normalize-operational-blockers-bad3,cursor/runtime-state-display-blocking-reasons-bad3,620f801e79b1dedc5c15ddeb61fab3d659403adf,1fdcf4f03763215424f2fd2e3e90dd30fbe4343c,90e8c48a56dc14056d55a355cfa1308e20876288,1,7,unknown,false,true,false,false,NON_EMPTY,591,593,NO_CONFLICT_REPORTED,NO_CHECKS_REPORTED,STACKED,HIGH,"commit reachability: 0/1 PR commits reachable from origin/main | patch equivalence: GIT_CHERRY_HAS_UNMATCHED_PATCHES; git cherry equivalent=0, unmatched=1, unrepresented=0 | three-dot diff origin/main...head: NON_EMPTY (61 paths) | GitHub target diff: 7 files, +659/-73 | GitHub mergeability: MERGEABLE/CLEAN | branch ancestry: 144 open ancestors, 1 open descendants; base=cursor/runtime-state-normalize-operational-blockers-bad3 | file overlap: 3 paths overlap 543 open PRs","Phase 2: review the cumulative stack tip first, then evaluate ancestors without treating ancestry as duplication."
593,test(runtime-state): cover health and service blockers (Phase 6 P45),true,cursor/runtime-state-display-blocking-reasons-bad3,cursor/runtime-state-health-service-blocker-tests-bad3,1fdcf4f03763215424f2fd2e3e90dd30fbe4343c,dc37981bd4820e888a18d0f6bdbef7ef0a6f7a0f,90e8c48a56dc14056d55a355cfa1308e20876288,1,6,cross-cutting,false,true,false,false,NON_EMPTY,592,593,NO_CONFLICT_REPORTED,NO_CHECKS_REPORTED,CUMULATIVE_STACK_TIP,HIGH,"commit reachability: 0/1 PR commits reachable from origin/main | patch equivalence: GIT_CHERRY_HAS_UNMATCHED_PATCHES; git cherry equivalent=0, unmatched=1, unrepresented=0 | three-dot diff origin/main...head: NON_EMPTY (65 paths) | GitHub target diff: 6 files, +647/-27 | GitHub mergeability: MERGEABLE/CLEAN | branch ancestry: 145 open ancestors, 0 open descendants; base=cursor/runtime-state-display-blocking-reasons-bad3 | file overlap: 3 paths overlap 544 open PRs","Phase 2: review the cumulative stack tip first, then evaluate ancestors without treating ancestry as duplication."
594,feat(tasks): add cursor pagination (Phase 7 P46),true,main,cursor/tasks-cursor-pagination-bad3,90e8c48a56dc14056d55a355cfa1308e20876288,5c9aca08dee6a4da2e768a7af663ee79f5535ebe,90e8c48a56dc14056d55a355cfa1308e20876288,1,11,workflow-automation,true,true,false,false,NON_EMPTY,563,595,UNKNOWN,NO_CHECKS_REPORTED,STACKED,HIGH,"commit reachability: 0/1 PR commits reachable from origin/main | patch equivalence: GIT_CHERRY_HAS_UNMATCHED_PATCHES; git cherry equivalent=0, unmatched=1, unrepresented=0 | three-dot diff origin/main...head: NON_EMPTY (11 paths) | GitHub target diff: 11 files, +657/-37 | GitHub mergeability: UNKNOWN/UNKNOWN | branch ancestry: 136 open ancestors, 1 open descendants; base=main | file overlap: 8 paths overlap 562 open PRs","Phase 2: review the cumulative stack tip first, then evaluate ancestors without treating ancestry as duplication."
595,feat(fleet-tasks): consume cursor pagination (Phase 7 P47),true,cursor/tasks-cursor-pagination-bad3,cursor/fleet-tasks-cursor-pagination-bad3,5c9aca08dee6a4da2e768a7af663ee79f5535ebe,317e852afb8676cdf992392babced8ecaea56594,90e8c48a56dc14056d55a355cfa1308e20876288,1,14,cross-cutting,false,true,false,false,NON_EMPTY,594,595,NO_CONFLICT_REPORTED,NO_CHECKS_REPORTED,CUMULATIVE_STACK_TIP,HIGH,"commit reachability: 0/1 PR commits reachable from origin/main | patch equivalence: GIT_CHERRY_HAS_UNMATCHED_PATCHES; git cherry equivalent=0, unmatched=1, unrepresented=0 | three-dot diff origin/main...head: NON_EMPTY (23 paths) | GitHub target diff: 14 files, +614/-73 | GitHub mergeability: MERGEABLE/CLEAN | branch ancestry: 137 open ancestors, 0 open descendants; base=cursor/tasks-cursor-pagination-bad3 | file overlap: 4 paths overlap 543 open PRs","Phase 2: review the cumulative stack tip first, then evaluate ancestors without treating ancestry as duplication."
596,feat(service-cases): add cursor pagination (Phase 7 P48),true,main,cursor/service-cases-cursor-pagination-bad3,90e8c48a56dc14056d55a355cfa1308e20876288,8181336700dfbae3d34e1d0275f9568df336fcad,90e8c48a56dc14056d55a355cfa1308e20876288,1,20,unknown,true,true,false,false,NON_EMPTY,563,596,UNKNOWN,NO_CHECKS_REPORTED,CUMULATIVE_STACK_TIP,HIGH,"commit reachability: 0/1 PR commits reachable from origin/main | patch equivalence: GIT_CHERRY_HAS_UNMATCHED_PATCHES; git cherry equivalent=0, unmatched=1, unrepresented=0 | three-dot diff origin/main...head: NON_EMPTY (20 paths) | GitHub target diff: 20 files, +1474/-48 | GitHub mergeability: UNKNOWN/UNKNOWN | branch ancestry: 136 open ancestors, 0 open descendants; base=main | file overlap: 6 paths overlap 562 open PRs","Phase 2: review the cumulative stack tip first, then evaluate ancestors without treating ancestry as duplication."
598,perf(rental-health): add fleet summary read model (P50),true,cursor/rental-health-scoped-fleet-bad3,cursor/rental-health-fleet-summary-bad3,ac0ec53a34d2aed954fca3c72e11a96220255164,ce9fcc34de4fd82fb40e6544d8219b8ddd237707,ce9fcc34de4fd82fb40e6544d8219b8ddd237707,1,21,cross-cutting,false,true,true,UNKNOWN,EMPTY,563,1013,NO_CONFLICT_REPORTED,NO_CHECKS_REPORTED,ALREADY_IN_MAIN,HIGH,"commit reachability: 1/1 PR commits reachable from origin/main | patch equivalence: NOT_APPLICABLE_ALL_COMMITS_DIRECTLY_REACHABLE; git cherry equivalent=0, unmatched=0, unrepresented=0 | three-dot diff origin/main...head: EMPTY (0 paths) | GitHub target diff: 21 files, +666/-118 | GitHub mergeability: MERGEABLE/CLEAN | branch ancestry: 136 open ancestors, 288 open descendants; base=cursor/rental-health-scoped-fleet-bad3 | file overlap: 9 paths overlap 564 open PRs",Phase 2: verify representative patch/tree evidence before any close decision.
599,test(fleet-health-service): add scale coverage (P51),true,cursor/rental-health-fleet-summary-bad3,cursor/fleet-health-scale-coverage-bad3,ce9fcc34de4fd82fb40e6544d8219b8ddd237707,8e76950b95d35c1a08a40fcc03664bd1228510e1,8e76950b95d35c1a08a40fcc03664bd1228510e1,1,16,cross-cutting,false,true,true,UNKNOWN,EMPTY,598,1013,NO_CONFLICT_REPORTED,NO_CHECKS_REPORTED,ALREADY_IN_MAIN,HIGH,"commit reachability: 1/1 PR commits reachable from origin/main | patch equivalence: NOT_APPLICABLE_ALL_COMMITS_DIRECTLY_REACHABLE; git cherry equivalent=0, unmatched=0, unrepresented=0 | three-dot diff origin/main...head: EMPTY (0 paths) | GitHub target diff: 16 files, +989/-112 | GitHub mergeability: MERGEABLE/CLEAN | branch ancestry: 137 open ancestors, 287 open descendants; base=cursor/rental-health-fleet-summary-bad3 | file overlap: 8 paths overlap 563 open PRs",Phase 2: verify representative patch/tree evidence before any close decision.
600,refactor(fleet-health-service): simplify navigation (Phase 8 P52),true,cursor/fleet-health-scale-coverage-bad3,cursor/fleet-health-nav-simplify-bad3,8e76950b95d35c1a08a40fcc03664bd1228510e1,b67aaf39948526eba8146ac57b0ee5b51eae7f3a,b67aaf39948526eba8146ac57b0ee5b51eae7f3a,1,13,cross-cutting,false,true,true,UNKNOWN,EMPTY,599,1013,NO_CONFLICT_REPORTED,NO_CHECKS_REPORTED,ALREADY_IN_MAIN,HIGH,"commit reachability: 1/1 PR commits reachable from origin/main | patch equivalence: NOT_APPLICABLE_ALL_COMMITS_DIRECTLY_REACHABLE; git cherry equivalent=0, unmatched=0, unrepresented=0 | three-dot diff origin/main...head: EMPTY (0 paths) | GitHub target diff: 13 files, +549/-97 | GitHub mergeability: MERGEABLE/CLEAN | branch ancestry: 138 open ancestors, 286 open descendants; base=cursor/fleet-health-scale-coverage-bad3 | file overlap: 13 paths overlap 563 open PRs",Phase 2: verify representative patch/tree evidence before any close decision.
601,feat(fleet-health-service): redesign priority overview (Phase 8 P53),true,cursor/fleet-health-nav-simplify-bad3,cursor/fleet-health-priority-overview-bad3,b67aaf39948526eba8146ac57b0ee5b51eae7f3a,e46291cc36d880a1921df32ab760d0608e03ffd4,e46291cc36d880a1921df32ab760d0608e03ffd4,1,10,cross-cutting,false,true,true,UNKNOWN,EMPTY,600,1013,NO_CONFLICT_REPORTED,NO_CHECKS_REPORTED,ALREADY_IN_MAIN,HIGH,"commit reachability: 1/1 PR commits reachable from origin/main | patch equivalence: NOT_APPLICABLE_ALL_COMMITS_DIRECTLY_REACHABLE; git cherry equivalent=0, unmatched=0, unrepresented=0 | three-dot diff origin/main...head: EMPTY (0 paths) | GitHub target diff: 10 files, +719/-68 | GitHub mergeability: MERGEABLE/CLEAN | branch ancestry: 139 open ancestors, 285 open descendants; base=cursor/fleet-health-nav-simplify-bad3 | file overlap: 10 paths overlap 554 open PRs",Phase 2: verify representative patch/tree evidence before any close decision.
602,feat(fleet-health-service): separate health and execution KPIs (Phase 8 P54),true,cursor/fleet-health-priority-overview-bad3,cursor/fleet-health-kpi-split-bad3,e46291cc36d880a1921df32ab760d0608e03ffd4,7b43c772615da719f9be98b0600d4c1b75881961,7b43c772615da719f9be98b0600d4c1b75881961,1,17,cross-cutting,false,true,true,UNKNOWN,EMPTY,601,1013,NO_CONFLICT_REPORTED,NO_CHECKS_REPORTED,ALREADY_IN_MAIN,HIGH,"commit reachability: 1/1 PR commits reachable from origin/main | patch equivalence: NOT_APPLICABLE_ALL_COMMITS_DIRECTLY_REACHABLE; git cherry equivalent=0, unmatched=0, unrepresented=0 | three-dot diff origin/main...head: EMPTY (0 paths) | GitHub target diff: 17 files, +631/-145 | GitHub mergeability: MERGEABLE/CLEAN | branch ancestry: 140 open ancestors, 284 open descendants; base=cursor/fleet-health-priority-overview-bad3 | file overlap: 16 paths overlap 553 open PRs",Phase 2: verify representative patch/tree evidence before any close decision.
603,feat(fleet-health-service): expose multiple vehicle findings (Phase 8 P55),true,cursor/fleet-health-kpi-split-bad3,cursor/fleet-health-vehicle-findings-bad3,7b43c772615da719f9be98b0600d4c1b75881961,5db233db9502de96aa5b9253999e29d680726a3f,5db233db9502de96aa5b9253999e29d680726a3f,1,13,cross-cutting,false,true,true,UNKNOWN,EMPTY,602,1013,NO_CONFLICT_REPORTED,NO_CHECKS_REPORTED,ALREADY_IN_MAIN,HIGH,"commit reachability: 1/1 PR commits reachable from origin/main | patch equivalence: NOT_APPLICABLE_ALL_COMMITS_DIRECTLY_REACHABLE; git cherry equivalent=0, unmatched=0, unrepresented=0 | three-dot diff origin/main...head: EMPTY (0 paths) | GitHub target diff: 13 files, +1061/-117 | GitHub mergeability: MERGEABLE/CLEAN | branch ancestry: 141 open ancestors, 283 open descendants; base=cursor/fleet-health-kpi-split-bad3 | file overlap: 13 paths overlap 554 open PRs",Phase 2: verify representative patch/tree evidence before any close decision.
604,feat(fleet-health-service): add canonical deep-link filters (Phase 8 P56),true,cursor/fleet-health-vehicle-findings-bad3,cursor/fleet-health-deep-link-filters-bad3,5db233db9502de96aa5b9253999e29d680726a3f,1bb275c6013d44340244187d5a6b67a5980ce788,1bb275c6013d44340244187d5a6b67a5980ce788,1,14,cross-cutting,false,true,true,UNKNOWN,EMPTY,603,1013,NO_CONFLICT_REPORTED,NO_CHECKS_REPORTED,ALREADY_IN_MAIN,HIGH,"commit reachability: 1/1 PR commits reachable from origin/main | patch equivalence: NOT_APPLICABLE_ALL_COMMITS_DIRECTLY_REACHABLE; git cherry equivalent=0, unmatched=0, unrepresented=0 | three-dot diff origin/main...head: EMPTY (0 paths) | GitHub target diff: 14 files, +553/-66 | GitHub mergeability: MERGEABLE/CLEAN | branch ancestry: 142 open ancestors, 282 open descendants; base=cursor/fleet-health-vehicle-findings-bad3 | file overlap: 14 paths overlap 544 open PRs",Phase 2: verify representative patch/tree evidence before any close decision.
605,fix(i18n): normalize fleet service terminology (Phase 8 P57),true,cursor/fleet-health-deep-link-filters-bad3,cursor/fleet-health-terminology-bad3,1bb275c6013d44340244187d5a6b67a5980ce788,44efd5e12b8c98471522640b84110df7481948eb,44efd5e12b8c98471522640b84110df7481948eb,1,22,cross-cutting,false,true,true,UNKNOWN,EMPTY,604,1013,NO_CONFLICT_REPORTED,NO_CHECKS_REPORTED,ALREADY_IN_MAIN,HIGH,"commit reachability: 1/1 PR commits reachable from origin/main | patch equivalence: NOT_APPLICABLE_ALL_COMMITS_DIRECTLY_REACHABLE; git cherry equivalent=0, unmatched=0, unrepresented=0 | three-dot diff origin/main...head: EMPTY (0 paths) | GitHub target diff: 22 files, +304/-67 | GitHub mergeability: MERGEABLE/CLEAN | branch ancestry: 143 open ancestors, 281 open descendants; base=cursor/fleet-health-deep-link-filters-bad3 | file overlap: 15 paths overlap 554 open PRs",Phase 2: verify representative patch/tree evidence before any close decision.
606,fix(fleet-health-service): improve mobile accessibility (Phase 8 P58),true,cursor/fleet-health-terminology-bad3,cursor/fleet-health-mobile-a11y-bad3,44efd5e12b8c98471522640b84110df7481948eb,cf15f9a540efdfac8decf1c93b655d9a280bf018,cf15f9a540efdfac8decf1c93b655d9a280bf018,1,15,cross-cutting,false,true,true,UNKNOWN,EMPTY,605,1013,NO_CONFLICT_REPORTED,NO_CHECKS_REPORTED,ALREADY_IN_MAIN,HIGH,"commit reachability: 1/1 PR commits reachable from origin/main | patch equivalence: NOT_APPLICABLE_ALL_COMMITS_DIRECTLY_REACHABLE; git cherry equivalent=0, unmatched=0, unrepresented=0 | three-dot diff origin/main...head: EMPTY (0 paths) | GitHub target diff: 15 files, +741/-157 | GitHub mergeability: MERGEABLE/CLEAN | branch ancestry: 144 open ancestors, 280 open descendants; base=cursor/fleet-health-terminology-bad3 | file overlap: 12 paths overlap 553 open PRs",Phase 2: verify representative patch/tree evidence before any close decision.
607,feat(observability): add fleet health service metrics (Phase 9 P59),true,cursor/fleet-health-mobile-a11y-bad3,cursor/fleet-health-metrics-bad3,cf15f9a540efdfac8decf1c93b655d9a280bf018,35d51f051cab929fe51eca3765a85cd67d1643d9,35d51f051cab929fe51eca3765a85cd67d1643d9,1,20,cross-cutting,false,true,true,UNKNOWN,EMPTY,606,1013,NO_CONFLICT_REPORTED,NO_CHECKS_REPORTED,ALREADY_IN_MAIN,HIGH,"commit reachability: 1/1 PR commits reachable from origin/main | patch equivalence: NOT_APPLICABLE_ALL_COMMITS_DIRECTLY_REACHABLE; git cherry equivalent=0, unmatched=0, unrepresented=0 | three-dot diff origin/main...head: EMPTY (0 paths) | GitHub target diff: 20 files, +1128/-95 | GitHub mergeability: MERGEABLE/CLEAN | branch ancestry: 145 open ancestors, 279 open descendants; base=cursor/fleet-health-mobile-a11y-bad3 | file overlap: 12 paths overlap 544 open PRs",Phase 2: verify representative patch/tree evidence before any close decision.
608,feat(grafana): add fleet health service dashboard (Phase 9 P60),true,cursor/fleet-health-metrics-bad3,cursor/fleet-health-grafana-bad3,35d51f051cab929fe51eca3765a85cd67d1643d9,bb57db39622957607a47d2d2a19d99325cf7f20a,bb57db39622957607a47d2d2a19d99325cf7f20a,1,4,cross-cutting,false,true,true,UNKNOWN,EMPTY,607,1013,NO_CONFLICT_REPORTED,NO_CHECKS_REPORTED,ALREADY_IN_MAIN,HIGH,"commit reachability: 1/1 PR commits reachable from origin/main | patch equivalence: NOT_APPLICABLE_ALL_COMMITS_DIRECTLY_REACHABLE; git cherry equivalent=0, unmatched=0, unrepresented=0 | three-dot diff origin/main...head: EMPTY (0 paths) | GitHub target diff: 4 files, +340/-1 | GitHub mergeability: MERGEABLE/CLEAN | branch ancestry: 146 open ancestors, 278 open descendants; base=cursor/fleet-health-metrics-bad3 | file overlap: 3 paths overlap 543 open PRs",Phase 2: verify representative patch/tree evidence before any close decision.
609,feat(alerting): add fleet service readiness rules (Phase 9 P61),true,cursor/fleet-health-grafana-bad3,cursor/fleet-health-alerting-bad3,bb57db39622957607a47d2d2a19d99325cf7f20a,5e2c19bbb287a17ccddbe51b94e56d778d672773,5e2c19bbb287a17ccddbe51b94e56d778d672773,1,8,cross-cutting,false,true,true,UNKNOWN,EMPTY,608,1013,NO_CONFLICT_REPORTED,NO_CHECKS_REPORTED,ALREADY_IN_MAIN,HIGH,"commit reachability: 1/1 PR commits reachable from origin/main | patch equivalence: NOT_APPLICABLE_ALL_COMMITS_DIRECTLY_REACHABLE; git cherry equivalent=0, unmatched=0, unrepresented=0 | three-dot diff origin/main...head: EMPTY (0 paths) | GitHub target diff: 8 files, +549/-30 | GitHub mergeability: MERGEABLE/CLEAN | branch ancestry: 147 open ancestors, 277 open descendants; base=cursor/fleet-health-grafana-bad3 | file overlap: 6 paths overlap 543 open PRs",Phase 2: verify representative patch/tree evidence before any close decision.
610,test(fleet-health-service): add domain integration coverage (Phase 9 P62),true,cursor/fleet-health-alerting-bad3,cursor/fleet-health-domain-integration-bad3,5e2c19bbb287a17ccddbe51b94e56d778d672773,18f9ea2407c27c8e3ce0c875c32117c77b19b1c5,18f9ea2407c27c8e3ce0c875c32117c77b19b1c5,1,8,cross-cutting,false,true,true,UNKNOWN,EMPTY,609,1013,NO_CONFLICT_REPORTED,NO_CHECKS_REPORTED,ALREADY_IN_MAIN,HIGH,"commit reachability: 1/1 PR commits reachable from origin/main | patch equivalence: NOT_APPLICABLE_ALL_COMMITS_DIRECTLY_REACHABLE; git cherry equivalent=0, unmatched=0, unrepresented=0 | three-dot diff origin/main...head: EMPTY (0 paths) | GitHub target diff: 8 files, +1138/-1 | GitHub mergeability: MERGEABLE/CLEAN | branch ancestry: 148 open ancestors, 276 open descendants; base=cursor/fleet-health-alerting-bad3 | file overlap: 3 paths overlap 543 open PRs",Phase 2: verify representative patch/tree evidence before any close decision.
614,docs(audit): Fleet Health Service post-remediation readiness (Phase 9 P65),true,cursor/fleet-health-e2e-bad3,cursor/fleet-health-post-audit-bad3,439ed532c6179ec2afb8bdda49ae1ee8743c6796,e640fe55719a31b64cf8170fd4f6cb39dd10c2f3,e640fe55719a31b64cf8170fd4f6cb39dd10c2f3,2,2,cross-cutting,false,true,true,UNKNOWN,EMPTY,610,1013,NO_CONFLICT_REPORTED,NO_CHECKS_REPORTED,ALREADY_IN_MAIN,HIGH,"commit reachability: 2/2 PR commits reachable from origin/main | patch equivalence: NOT_APPLICABLE_ALL_COMMITS_DIRECTLY_REACHABLE; git cherry equivalent=0, unmatched=0, unrepresented=0 | three-dot diff origin/main...head: EMPTY (0 paths) | GitHub target diff: 2 files, +329/-0 | GitHub mergeability: MERGEABLE/CLEAN | branch ancestry: 149 open ancestors, 275 open descendants; base=cursor/fleet-health-e2e-bad3 | file overlap: 1 paths overlap 542 open PRs",Phase 2: verify representative patch/tree evidence before any close decision.
615,docs(release): Fleet Health Service rollout gates and sign-off (Phase 9 P66),true,cursor/fleet-health-post-audit-bad3,cursor/fleet-health-rollout-plan-bad3,e640fe55719a31b64cf8170fd4f6cb39dd10c2f3,bbbf138384a9ba55ba37806185a1d8fa5ac3b799,bbbf138384a9ba55ba37806185a1d8fa5ac3b799,1,3,cross-cutting,false,true,true,UNKNOWN,EMPTY,614,1013,NO_CONFLICT_REPORTED,NO_CHECKS_REPORTED,ALREADY_IN_MAIN,HIGH,"commit reachability: 1/1 PR commits reachable from origin/main | patch equivalence: NOT_APPLICABLE_ALL_COMMITS_DIRECTLY_REACHABLE; git cherry equivalent=0, unmatched=0, unrepresented=0 | three-dot diff origin/main...head: EMPTY (0 paths) | GitHub target diff: 3 files, +712/-0 | GitHub mergeability: MERGEABLE/CLEAN | branch ancestry: 150 open ancestors, 274 open descendants; base=cursor/fleet-health-post-audit-bad3 | file overlap: 2 paths overlap 542 open PRs",Phase 2: verify representative patch/tree evidence before any close decision.
623,feat(iam): add versioned organization role assignments (Prompt 10),true,main,cursor/iam-versioned-role-assignments-fb6e,5e806d364a50265fb4b0daf7f9cfea50c498bffb,c8e2b53089ced01e5a9a7d9a59f8691f33153139,6967f3e2af2ff82bbf5a45387fba21ba25c08b4a,17,134,cross-cutting,true,true,false,false,NON_EMPTY,563,623,UNKNOWN,NO_CHECKS_REPORTED,CUMULATIVE_STACK_TIP,HIGH,"commit reachability: 16/17 PR commits reachable from origin/main | patch equivalence: GIT_CHERRY_HAS_UNMATCHED_PATCHES; git cherry equivalent=0, unmatched=1, unrepresented=0 | three-dot diff origin/main...head: NON_EMPTY (11 paths) | GitHub target diff: 134 files, +14299/-610 | GitHub mergeability: UNKNOWN/UNKNOWN | branch ancestry: 136 open ancestors, 0 open descendants; base=main | file overlap: 134 paths overlap 576 open PRs","Phase 2: review the cumulative stack tip first, then evaluate ancestors without treating ancestry as duplication."
626,fix(iam): harden confirmed endpoint authorization gaps (Prompt 13),true,main,cursor/iam-endpoint-authorization-hardening-fb6e,5e806d364a50265fb4b0daf7f9cfea50c498bffb,5ce48480e291128f6110bd33600d6949fa2d7a13,c3166e3efba83871ec4200a4f6ba37db3e2acbab,20,160,cross-cutting,true,true,false,true,NON_EMPTY,563,626,UNKNOWN,NO_CHECKS_REPORTED,ALREADY_IN_MAIN,HIGH,"commit reachability: 19/20 PR commits reachable from origin/main | patch equivalence: GIT_CHERRY_ALL_NON_REACHABLE_COMMITS_PATCH_EQUIVALENT; git cherry equivalent=1, unmatched=0, unrepresented=0 | three-dot diff origin/main...head: NON_EMPTY (14 paths) | GitHub target diff: 160 files, +18761/-674 | GitHub mergeability: UNKNOWN/UNKNOWN | branch ancestry: 136 open ancestors, 0 open descendants; base=main | file overlap: 137 paths overlap 576 open PRs",Phase 2: verify representative patch/tree evidence before any close decision.
642,Legal Documents — Application Scope (Prompt 7/32),true,cursor/legal-docs-consumer-info-28ca,cursor/legal-docs-application-scope-28ca,332bb499734edad4258dc3aa4d398f677fea1b12,526f2ec77fbb46c77646a71b66872d70c122311b,526f2ec77fbb46c77646a71b66872d70c122311b,1,25,cross-cutting,false,true,true,UNKNOWN,EMPTY,568,1013,NO_CONFLICT_REPORTED,NO_CHECKS_REPORTED,ALREADY_IN_MAIN,HIGH,"commit reachability: 1/1 PR commits reachable from origin/main | patch equivalence: NOT_APPLICABLE_ALL_COMMITS_DIRECTLY_REACHABLE; git cherry equivalent=0, unmatched=0, unrepresented=0 | three-dot diff origin/main...head: EMPTY (0 paths) | GitHub target diff: 25 files, +1824/-22 | GitHub mergeability: MERGEABLE/CLEAN | branch ancestry: 152 open ancestors, 273 open descendants; base=cursor/legal-docs-consumer-info-28ca | file overlap: 13 paths overlap 560 open PRs",Phase 2: verify representative patch/tree evidence before any close decision.
643,Legal Documents — Central Resolver (Prompt 8/32),true,cursor/legal-docs-application-scope-28ca,cursor/legal-docs-resolver-28ca,526f2ec77fbb46c77646a71b66872d70c122311b,7839a2d788b22645c63d51ed52899e8009105c95,7839a2d788b22645c63d51ed52899e8009105c95,1,11,cross-cutting,false,true,true,UNKNOWN,EMPTY,642,1013,NO_CONFLICT_REPORTED,NO_CHECKS_REPORTED,ALREADY_IN_MAIN,HIGH,"commit reachability: 1/1 PR commits reachable from origin/main | patch equivalence: NOT_APPLICABLE_ALL_COMMITS_DIRECTLY_REACHABLE; git cherry equivalent=0, unmatched=0, unrepresented=0 | three-dot diff origin/main...head: EMPTY (0 paths) | GitHub target diff: 11 files, +1604/-0 | GitHub mergeability: MERGEABLE/CLEAN | branch ancestry: 153 open ancestors, 272 open descendants; base=cursor/legal-docs-application-scope-28ca | file overlap: 5 paths overlap 42 open PRs",Phase 2: verify representative patch/tree evidence before any close decision.
644,feat(legal-docs): API & DTO professionalization (Prompt 9/32),true,cursor/legal-docs-resolver-28ca,cursor/legal-docs-api-28ca,7839a2d788b22645c63d51ed52899e8009105c95,40312e780339ee5718666e76e195c0c71c3e40f1,40312e780339ee5718666e76e195c0c71c3e40f1,1,21,cross-cutting,false,true,true,UNKNOWN,EMPTY,643,1013,NO_CONFLICT_REPORTED,NO_CHECKS_REPORTED,ALREADY_IN_MAIN,HIGH,"commit reachability: 1/1 PR commits reachable from origin/main | patch equivalence: NOT_APPLICABLE_ALL_COMMITS_DIRECTLY_REACHABLE; git cherry equivalent=0, unmatched=0, unrepresented=0 | three-dot diff origin/main...head: EMPTY (0 paths) | GitHub target diff: 21 files, +1445/-221 | GitHub mergeability: MERGEABLE/CLEAN | branch ancestry: 154 open ancestors, 271 open descendants; base=cursor/legal-docs-resolver-28ca | file overlap: 17 paths overlap 543 open PRs",Phase 2: verify representative patch/tree evidence before any close decision.
645,feat(legal-docs): dedicated RBAC permissions and four-eyes (Prompt 10/32),true,cursor/legal-docs-api-28ca,cursor/legal-docs-permissions-28ca,40312e780339ee5718666e76e195c0c71c3e40f1,6eb605395e6bd0e3f8ea1d683273d91de4c402d9,6eb605395e6bd0e3f8ea1d683273d91de4c402d9,1,30,cross-cutting,false,true,true,UNKNOWN,EMPTY,644,1013,NO_CONFLICT_REPORTED,NO_CHECKS_REPORTED,ALREADY_IN_MAIN,HIGH,"commit reachability: 1/1 PR commits reachable from origin/main | patch equivalence: NOT_APPLICABLE_ALL_COMMITS_DIRECTLY_REACHABLE; git cherry equivalent=0, unmatched=0, unrepresented=0 | three-dot diff origin/main...head: EMPTY (0 paths) | GitHub target diff: 30 files, +843/-49 | GitHub mergeability: MERGEABLE/CLEAN | branch ancestry: 155 open ancestors, 270 open descendants; base=cursor/legal-docs-api-28ca | file overlap: 18 paths overlap 561 open PRs",Phase 2: verify representative patch/tree evidence before any close decision.
646,feat(legal-docs): secure PDF validation & quarantine (Prompt 11/32),true,cursor/legal-docs-permissions-28ca,cursor/legal-docs-pdf-validation-28ca,6eb605395e6bd0e3f8ea1d683273d91de4c402d9,e25bce2a3e3bd13bcffd4c774e54a058cbb0cd59,e25bce2a3e3bd13bcffd4c774e54a058cbb0cd59,1,29,cross-cutting,false,true,true,UNKNOWN,EMPTY,645,1013,NO_CONFLICT_REPORTED,NO_CHECKS_REPORTED,ALREADY_IN_MAIN,HIGH,"commit reachability: 1/1 PR commits reachable from origin/main | patch equivalence: NOT_APPLICABLE_ALL_COMMITS_DIRECTLY_REACHABLE; git cherry equivalent=0, unmatched=0, unrepresented=0 | three-dot diff origin/main...head: EMPTY (0 paths) | GitHub target diff: 29 files, +1487/-115 | GitHub mergeability: MERGEABLE/CLEAN | branch ancestry: 156 open ancestors, 269 open descendants; base=cursor/legal-docs-permissions-28ca | file overlap: 23 paths overlap 560 open PRs",Phase 2: verify representative patch/tree evidence before any close decision.
647,feat(legal-docs): malware scanner adapter (Prompt 12/32),true,cursor/legal-docs-pdf-validation-28ca,cursor/legal-docs-malware-adapter-28ca,e25bce2a3e3bd13bcffd4c774e54a058cbb0cd59,2b793e7e756856aabe4fef394531760e8eb9c297,2b793e7e756856aabe4fef394531760e8eb9c297,2,30,cross-cutting,false,true,true,UNKNOWN,EMPTY,646,1013,NO_CONFLICT_REPORTED,NO_CHECKS_REPORTED,ALREADY_IN_MAIN,HIGH,"commit reachability: 2/2 PR commits reachable from origin/main | patch equivalence: NOT_APPLICABLE_ALL_COMMITS_DIRECTLY_REACHABLE; git cherry equivalent=0, unmatched=0, unrepresented=0 | three-dot diff origin/main...head: EMPTY (0 paths) | GitHub target diff: 30 files, +1444/-75 | GitHub mergeability: MERGEABLE/CLEAN | branch ancestry: 157 open ancestors, 268 open descendants; base=cursor/legal-docs-pdf-validation-28ca | file overlap: 14 paths overlap 560 open PRs",Phase 2: verify representative patch/tree evidence before any close decision.
648,Legal Documents — Private Object Storage (Prompt 13/32),true,cursor/legal-docs-malware-adapter-28ca,cursor/legal-docs-storage-adapter-28ca,2b793e7e756856aabe4fef394531760e8eb9c297,aecf9f38d11c92e6caaf5c4d562434e5d99d8095,aecf9f38d11c92e6caaf5c4d562434e5d99d8095,1,24,cross-cutting,false,true,true,UNKNOWN,EMPTY,647,1013,NO_CONFLICT_REPORTED,NO_CHECKS_REPORTED,ALREADY_IN_MAIN,HIGH,"commit reachability: 1/1 PR commits reachable from origin/main | patch equivalence: NOT_APPLICABLE_ALL_COMMITS_DIRECTLY_REACHABLE; git cherry equivalent=0, unmatched=0, unrepresented=0 | three-dot diff origin/main...head: EMPTY (0 paths) | GitHub target diff: 24 files, +1581/-88 | GitHub mergeability: MERGEABLE/CLEAN | branch ancestry: 158 open ancestors, 267 open descendants; base=cursor/legal-docs-malware-adapter-28ca | file overlap: 13 paths overlap 546 open PRs",Phase 2: verify representative patch/tree evidence before any close decision.
649,Legal Documents — Checksum Verification & Reconciliation (Prompt 14/32),true,cursor/legal-docs-storage-adapter-28ca,cursor/legal-docs-integrity-reconciliation-28ca,aecf9f38d11c92e6caaf5c4d562434e5d99d8095,214d5812f67cfb5549390301dbed519a3ed81a2e,214d5812f67cfb5549390301dbed519a3ed81a2e,1,41,cross-cutting,false,true,true,UNKNOWN,EMPTY,648,1013,NO_CONFLICT_REPORTED,NO_CHECKS_REPORTED,ALREADY_IN_MAIN,HIGH,"commit reachability: 1/1 PR commits reachable from origin/main | patch equivalence: NOT_APPLICABLE_ALL_COMMITS_DIRECTLY_REACHABLE; git cherry equivalent=0, unmatched=0, unrepresented=0 | three-dot diff origin/main...head: EMPTY (0 paths) | GitHub target diff: 41 files, +1873/-33 | GitHub mergeability: MERGEABLE/CLEAN | branch ancestry: 159 open ancestors, 266 open descendants; base=cursor/legal-docs-storage-adapter-28ca | file overlap: 31 paths overlap 560 open PRs",Phase 2: verify representative patch/tree evidence before any close decision.
651,Legal Documents — Bundle Pointer Wiring (Prompt 15/32),true,cursor/legal-docs-integrity-reconciliation-28ca,cursor/legal-docs-bundle-pointers-28ca,214d5812f67cfb5549390301dbed519a3ed81a2e,9f149c9956fa131bb76e1fe23d0db6f15ab6c953,9f149c9956fa131bb76e1fe23d0db6f15ab6c953,1,16,cross-cutting,false,true,true,UNKNOWN,EMPTY,649,1013,NO_CONFLICT_REPORTED,NO_CHECKS_REPORTED,ALREADY_IN_MAIN,HIGH,"commit reachability: 1/1 PR commits reachable from origin/main | patch equivalence: NOT_APPLICABLE_ALL_COMMITS_DIRECTLY_REACHABLE; git cherry equivalent=0, unmatched=0, unrepresented=0 | three-dot diff origin/main...head: EMPTY (0 paths) | GitHub target diff: 16 files, +1144/-99 | GitHub mergeability: MERGEABLE/CLEAN | branch ancestry: 160 open ancestors, 265 open descendants; base=cursor/legal-docs-integrity-reconciliation-28ca | file overlap: 9 paths overlap 545 open PRs",Phase 2: verify representative patch/tree evidence before any close decision.
652,Legal Documents — Bundle Completeness Service (Prompt 16/32),true,cursor/legal-docs-bundle-pointers-28ca,cursor/legal-docs-bundle-completeness-28ca,9f149c9956fa131bb76e1fe23d0db6f15ab6c953,772120372a96cc1ad818a290534f570edfba5050,772120372a96cc1ad818a290534f570edfba5050,1,18,cross-cutting,false,true,true,UNKNOWN,EMPTY,651,1013,NO_CONFLICT_REPORTED,NO_CHECKS_REPORTED,ALREADY_IN_MAIN,HIGH,"commit reachability: 1/1 PR commits reachable from origin/main | patch equivalence: NOT_APPLICABLE_ALL_COMMITS_DIRECTLY_REACHABLE; git cherry equivalent=0, unmatched=0, unrepresented=0 | three-dot diff origin/main...head: EMPTY (0 paths) | GitHub target diff: 18 files, +1635/-171 | GitHub mergeability: MERGEABLE/CLEAN | branch ancestry: 161 open ancestors, 264 open descendants; base=cursor/legal-docs-bundle-pointers-28ca | file overlap: 11 paths overlap 545 open PRs",Phase 2: verify representative patch/tree evidence before any close decision.
653,feat(documents): immutable rental contract legal snapshot (Prompt 17/32),true,cursor/legal-docs-bundle-completeness-28ca,cursor/legal-docs-rental-contract-snapshot-28ca,772120372a96cc1ad818a290534f570edfba5050,a20485c16d725dc2ddc9235c898ff0889c96eecd,a20485c16d725dc2ddc9235c898ff0889c96eecd,1,17,cross-cutting,false,true,true,UNKNOWN,EMPTY,652,1013,NO_CONFLICT_REPORTED,NO_CHECKS_REPORTED,ALREADY_IN_MAIN,HIGH,"commit reachability: 1/1 PR commits reachable from origin/main | patch equivalence: NOT_APPLICABLE_ALL_COMMITS_DIRECTLY_REACHABLE; git cherry equivalent=0, unmatched=0, unrepresented=0 | three-dot diff origin/main...head: EMPTY (0 paths) | GitHub target diff: 17 files, +1313/-114 | GitHub mergeability: MERGEABLE/CLEAN | branch ancestry: 162 open ancestors, 263 open descendants; base=cursor/legal-docs-bundle-completeness-28ca | file overlap: 9 paths overlap 560 open PRs",Phase 2: verify representative patch/tree evidence before any close decision.
654,feat(documents): legal document delivery evidence model (Prompt 18/32),true,cursor/legal-docs-rental-contract-snapshot-28ca,cursor/legal-docs-delivery-evidence-28ca,a20485c16d725dc2ddc9235c898ff0889c96eecd,5f31c0b7d28b55ded55203eb9b1f75af219d92b8,5f31c0b7d28b55ded55203eb9b1f75af219d92b8,1,15,cross-cutting,false,true,true,UNKNOWN,EMPTY,653,1013,NO_CONFLICT_REPORTED,NO_CHECKS_REPORTED,ALREADY_IN_MAIN,HIGH,"commit reachability: 1/1 PR commits reachable from origin/main | patch equivalence: NOT_APPLICABLE_ALL_COMMITS_DIRECTLY_REACHABLE; git cherry equivalent=0, unmatched=0, unrepresented=0 | three-dot diff origin/main...head: EMPTY (0 paths) | GitHub target diff: 15 files, +1464/-2 | GitHub mergeability: MERGEABLE/CLEAN | branch ancestry: 163 open ancestors, 262 open descendants; base=cursor/legal-docs-rental-contract-snapshot-28ca | file overlap: 7 paths overlap 560 open PRs",Phase 2: verify representative patch/tree evidence before any close decision.
655,feat(documents): idempotent booking document generation workflow (Prompt 19/32),true,cursor/legal-docs-delivery-evidence-28ca,cursor/legal-docs-generation-workflow-28ca,5f31c0b7d28b55ded55203eb9b1f75af219d92b8,d6fc7682e616f7a6abb16efba01c17710ea1b3ac,d6fc7682e616f7a6abb16efba01c17710ea1b3ac,1,25,cross-cutting,false,true,true,UNKNOWN,EMPTY,654,1013,NO_CONFLICT_REPORTED,NO_CHECKS_REPORTED,ALREADY_IN_MAIN,HIGH,"commit reachability: 1/1 PR commits reachable from origin/main | patch equivalence: NOT_APPLICABLE_ALL_COMMITS_DIRECTLY_REACHABLE; git cherry equivalent=0, unmatched=0, unrepresented=0 | three-dot diff origin/main...head: EMPTY (0 paths) | GitHub target diff: 25 files, +1585/-23 | GitHub mergeability: MERGEABLE/CLEAN | branch ancestry: 164 open ancestors, 261 open descendants; base=cursor/legal-docs-delivery-evidence-28ca | file overlap: 15 paths overlap 568 open PRs",Phase 2: verify representative patch/tree evidence before any close decision.
656,feat(bookings): server-side pickup gate for legal prerequisites (Prompt 20/32),true,cursor/legal-docs-generation-workflow-28ca,cursor/legal-docs-pickup-gate-28ca,d6fc7682e616f7a6abb16efba01c17710ea1b3ac,cb784edb2b948d68aa75c610197041d10497fdb9,cb784edb2b948d68aa75c610197041d10497fdb9,1,19,cross-cutting,false,true,true,UNKNOWN,EMPTY,655,1013,NO_CONFLICT_REPORTED,NO_CHECKS_REPORTED,ALREADY_IN_MAIN,HIGH,"commit reachability: 1/1 PR commits reachable from origin/main | patch equivalence: NOT_APPLICABLE_ALL_COMMITS_DIRECTLY_REACHABLE; git cherry equivalent=0, unmatched=0, unrepresented=0 | three-dot diff origin/main...head: EMPTY (0 paths) | GitHub target diff: 19 files, +1391/-27 | GitHub mergeability: MERGEABLE/CLEAN | branch ancestry: 165 open ancestors, 260 open descendants; base=cursor/legal-docs-generation-workflow-28ca | file overlap: 13 paths overlap 561 open PRs",Phase 2: verify representative patch/tree evidence before any close decision.
657,feat(outbound-email): frozen legal document email delivery + evidence chain (Prompt 21/32),true,cursor/legal-docs-pickup-gate-28ca,cursor/legal-docs-delivery-send-28ca,cb784edb2b948d68aa75c610197041d10497fdb9,f4914aa154a1c704ed0cca6bb1e86394a0113cdd,f4914aa154a1c704ed0cca6bb1e86394a0113cdd,1,20,cross-cutting,false,true,true,UNKNOWN,EMPTY,656,1013,NO_CONFLICT_REPORTED,NO_CHECKS_REPORTED,ALREADY_IN_MAIN,HIGH,"commit reachability: 1/1 PR commits reachable from origin/main | patch equivalence: NOT_APPLICABLE_ALL_COMMITS_DIRECTLY_REACHABLE; git cherry equivalent=0, unmatched=0, unrepresented=0 | three-dot diff origin/main...head: EMPTY (0 paths) | GitHub target diff: 20 files, +1099/-12 | GitHub mergeability: MERGEABLE/CLEAN | branch ancestry: 166 open ancestors, 259 open descendants; base=cursor/legal-docs-pickup-gate-28ca | file overlap: 10 paths overlap 559 open PRs",Phase 2: verify representative patch/tree evidence before any close decision.
658,"Legal Documents — Retention, Legal Hold & Secure Deletion (Prompt 22/32)",true,cursor/legal-docs-delivery-send-28ca,cursor/legal-docs-retention-legal-hold-28ca,f4914aa154a1c704ed0cca6bb1e86394a0113cdd,03e7284c970f5b55320b04ce2a560fb23f03e57b,03e7284c970f5b55320b04ce2a560fb23f03e57b,1,26,cross-cutting,false,true,true,UNKNOWN,EMPTY,657,1013,NO_CONFLICT_REPORTED,NO_CHECKS_REPORTED,ALREADY_IN_MAIN,HIGH,"commit reachability: 1/1 PR commits reachable from origin/main | patch equivalence: NOT_APPLICABLE_ALL_COMMITS_DIRECTLY_REACHABLE; git cherry equivalent=0, unmatched=0, unrepresented=0 | three-dot diff origin/main...head: EMPTY (0 paths) | GitHub target diff: 26 files, +2167/-2 | GitHub mergeability: MERGEABLE/CLEAN | branch ancestry: 167 open ancestors, 258 open descendants; base=cursor/legal-docs-delivery-send-28ca | file overlap: 9 paths overlap 560 open PRs",Phase 2: verify representative patch/tree evidence before any close decision.
659,Legal Documents — Kunden-Rechtstexte Information Architecture (Prompt 23/32),true,cursor/legal-docs-retention-legal-hold-28ca,cursor/legal-docs-customer-texts-ia-28ca,03e7284c970f5b55320b04ce2a560fb23f03e57b,d07916b52dbca12eb4bdd3be0757b43da70b84b2,d07916b52dbca12eb4bdd3be0757b43da70b84b2,1,16,cross-cutting,false,true,true,UNKNOWN,EMPTY,658,1013,NO_CONFLICT_REPORTED,NO_CHECKS_REPORTED,ALREADY_IN_MAIN,HIGH,"commit reachability: 1/1 PR commits reachable from origin/main | patch equivalence: NOT_APPLICABLE_ALL_COMMITS_DIRECTLY_REACHABLE; git cherry equivalent=0, unmatched=0, unrepresented=0 | three-dot diff origin/main...head: EMPTY (0 paths) | GitHub target diff: 16 files, +1452/-422 | GitHub mergeability: MERGEABLE/CLEAN | branch ancestry: 168 open ancestors, 257 open descendants; base=cursor/legal-docs-retention-legal-hold-28ca | file overlap: 15 paths overlap 564 open PRs",Phase 2: verify representative patch/tree evidence before any close decision.
660,Legal Documents — Upload & Review Wizard (Prompt 24/32),true,cursor/legal-docs-customer-texts-ia-28ca,cursor/legal-docs-upload-wizard-28ca,d07916b52dbca12eb4bdd3be0757b43da70b84b2,02313ff9007671616671dc0da4efd07b18fbcfe6,02313ff9007671616671dc0da4efd07b18fbcfe6,1,16,cross-cutting,false,true,true,UNKNOWN,EMPTY,659,1013,NO_CONFLICT_REPORTED,NO_CHECKS_REPORTED,ALREADY_IN_MAIN,HIGH,"commit reachability: 1/1 PR commits reachable from origin/main | patch equivalence: NOT_APPLICABLE_ALL_COMMITS_DIRECTLY_REACHABLE; git cherry equivalent=0, unmatched=0, unrepresented=0 | three-dot diff origin/main...head: EMPTY (0 paths) | GitHub target diff: 16 files, +1939/-185 | GitHub mergeability: MERGEABLE/CLEAN | branch ancestry: 169 open ancestors, 256 open descendants; base=cursor/legal-docs-customer-texts-ia-28ca | file overlap: 14 paths overlap 562 open PRs",Phase 2: verify representative patch/tree evidence before any close decision.
661,Legal Documents — Lifecycle Dialogs (Prompt 25/32),true,cursor/legal-docs-upload-wizard-28ca,cursor/legal-docs-lifecycle-dialogs-28ca,02313ff9007671616671dc0da4efd07b18fbcfe6,6a951b78303fb28a2d64fbefb8a8752d538d7631,6a951b78303fb28a2d64fbefb8a8752d538d7631,2,22,cross-cutting,false,true,true,UNKNOWN,EMPTY,660,1013,NO_CONFLICT_REPORTED,NO_CHECKS_REPORTED,ALREADY_IN_MAIN,HIGH,"commit reachability: 2/2 PR commits reachable from origin/main | patch equivalence: NOT_APPLICABLE_ALL_COMMITS_DIRECTLY_REACHABLE; git cherry equivalent=0, unmatched=0, unrepresented=0 | three-dot diff origin/main...head: EMPTY (0 paths) | GitHub target diff: 22 files, +1412/-169 | GitHub mergeability: MERGEABLE/CLEAN | branch ancestry: 170 open ancestors, 255 open descendants; base=cursor/legal-docs-upload-wizard-28ca | file overlap: 20 paths overlap 562 open PRs",Phase 2: verify representative patch/tree evidence before any close decision.
662,Legal Documents — Version History & Detail View (Prompt 26/32),true,cursor/legal-docs-lifecycle-dialogs-28ca,cursor/legal-docs-version-history-28ca,6a951b78303fb28a2d64fbefb8a8752d538d7631,5120dee902a276031544e7ac76072122092d6946,5120dee902a276031544e7ac76072122092d6946,1,22,cross-cutting,false,true,true,UNKNOWN,EMPTY,661,1013,NO_CONFLICT_REPORTED,NO_CHECKS_REPORTED,ALREADY_IN_MAIN,HIGH,"commit reachability: 1/1 PR commits reachable from origin/main | patch equivalence: NOT_APPLICABLE_ALL_COMMITS_DIRECTLY_REACHABLE; git cherry equivalent=0, unmatched=0, unrepresented=0 | three-dot diff origin/main...head: EMPTY (0 paths) | GitHub target diff: 22 files, +2213/-236 | GitHub mergeability: MERGEABLE/CLEAN | branch ancestry: 171 open ancestors, 254 open descendants; base=cursor/legal-docs-lifecycle-dialogs-28ca | file overlap: 17 paths overlap 563 open PRs",Phase 2: verify representative patch/tree evidence before any close decision.
663,Legal Documents — WCAG Accessibility (Prompt 27/32),true,cursor/legal-docs-version-history-28ca,cursor/legal-docs-a11y-28ca,5120dee902a276031544e7ac76072122092d6946,1c02fad9ffe20aa28c2e70104de0a3ccd6e36eaf,1c02fad9ffe20aa28c2e70104de0a3ccd6e36eaf,1,27,cross-cutting,false,true,true,UNKNOWN,EMPTY,662,1013,NO_CONFLICT_REPORTED,NO_CHECKS_REPORTED,ALREADY_IN_MAIN,HIGH,"commit reachability: 1/1 PR commits reachable from origin/main | patch equivalence: NOT_APPLICABLE_ALL_COMMITS_DIRECTLY_REACHABLE; git cherry equivalent=0, unmatched=0, unrepresented=0 | three-dot diff origin/main...head: EMPTY (0 paths) | GitHub target diff: 27 files, +969/-155 | GitHub mergeability: MERGEABLE/CLEAN | branch ancestry: 172 open ancestors, 253 open descendants; base=cursor/legal-docs-version-history-28ca | file overlap: 18 paths overlap 544 open PRs",Phase 2: verify representative patch/tree evidence before any close decision.
664,Legal Documents — i18n DE/EN & UX copy (Prompt 28/32),true,cursor/legal-docs-a11y-28ca,cursor/legal-docs-i18n-28ca,1c02fad9ffe20aa28c2e70104de0a3ccd6e36eaf,8a14cad252c89031d2290750e47726018359fb6e,8a14cad252c89031d2290750e47726018359fb6e,1,43,cross-cutting,false,true,true,UNKNOWN,EMPTY,663,1013,NO_CONFLICT_REPORTED,NO_CHECKS_REPORTED,ALREADY_IN_MAIN,HIGH,"commit reachability: 1/1 PR commits reachable from origin/main | patch equivalence: NOT_APPLICABLE_ALL_COMMITS_DIRECTLY_REACHABLE; git cherry equivalent=0, unmatched=0, unrepresented=0 | three-dot diff origin/main...head: EMPTY (0 paths) | GitHub target diff: 43 files, +2381/-704 | GitHub mergeability: MERGEABLE/CLEAN | branch ancestry: 173 open ancestors, 252 open descendants; base=cursor/legal-docs-a11y-28ca | file overlap: 37 paths overlap 553 open PRs",Phase 2: verify representative patch/tree evidence before any close decision.
665,Legal Documents — central operational notifications (Prompt 29/32),true,cursor/legal-docs-i18n-28ca,cursor/legal-docs-notifications-28ca,8a14cad252c89031d2290750e47726018359fb6e,ff1a47ab564ea8c66cf8236b69d005c2d1405fe1,ff1a47ab564ea8c66cf8236b69d005c2d1405fe1,1,32,cross-cutting,false,true,true,UNKNOWN,EMPTY,664,1013,NO_CONFLICT_REPORTED,NO_CHECKS_REPORTED,ALREADY_IN_MAIN,HIGH,"commit reachability: 1/1 PR commits reachable from origin/main | patch equivalence: NOT_APPLICABLE_ALL_COMMITS_DIRECTLY_REACHABLE; git cherry equivalent=0, unmatched=0, unrepresented=0 | three-dot diff origin/main...head: EMPTY (0 paths) | GitHub target diff: 32 files, +2242/-83 | GitHub mergeability: MERGEABLE/CLEAN | branch ancestry: 174 open ancestors, 251 open descendants; base=cursor/legal-docs-i18n-28ca | file overlap: 18 paths overlap 564 open PRs",Phase 2: verify representative patch/tree evidence before any close decision.
666,test(legal-docs): Backend test coverage and security negatives (Prompt 30),true,cursor/legal-docs-notifications-28ca,cursor/legal-docs-backend-tests-28ca,ff1a47ab564ea8c66cf8236b69d005c2d1405fe1,01e8df5947d959daa0b1a77f6ff36c0b84791c3e,01e8df5947d959daa0b1a77f6ff36c0b84791c3e,1,17,cross-cutting,false,true,true,UNKNOWN,EMPTY,665,1013,NO_CONFLICT_REPORTED,NO_CHECKS_REPORTED,ALREADY_IN_MAIN,HIGH,"commit reachability: 1/1 PR commits reachable from origin/main | patch equivalence: NOT_APPLICABLE_ALL_COMMITS_DIRECTLY_REACHABLE; git cherry equivalent=0, unmatched=0, unrepresented=0 | three-dot diff origin/main...head: EMPTY (0 paths) | GitHub target diff: 17 files, +1322/-6 | GitHub mergeability: MERGEABLE/CLEAN | branch ancestry: 175 open ancestors, 250 open descendants; base=cursor/legal-docs-notifications-28ca | file overlap: 11 paths overlap 545 open PRs",Phase 2: verify representative patch/tree evidence before any close decision.
671,docs(audit): Booking production-readiness baseline (Prompt 1/34),true,main,cursor/booking-remediation-baseline-6eff,36ffe51b4f272b53e93352a607efa38341a6f00a,9debfcfa106342101585dda9b263e775ded5701c,36ffe51b4f272b53e93352a607efa38341a6f00a,1,1,documentation,true,true,false,false,NON_EMPTY,666,671,NO_CONFLICT_REPORTED,NO_CHECKS_REPORTED,CUMULATIVE_STACK_TIP,HIGH,"commit reachability: 0/1 PR commits reachable from origin/main | patch equivalence: GIT_CHERRY_HAS_UNMATCHED_PATCHES; git cherry equivalent=0, unmatched=1, unrepresented=0 | three-dot diff origin/main...head: NON_EMPTY (1 paths) | GitHub target diff: 1 files, +605/-0 | GitHub mergeability: MERGEABLE/CLEAN | branch ancestry: 176 open ancestors, 0 open descendants; base=main | all 1 changed files are documentation paths","Phase 2: review the cumulative stack tip first, then evaluate ancestors without treating ancestry as duplication."
672,feat(iam): canonical booking permission model (Prompt 2/34),true,main,cursor/booking-permission-model-6eff,36ffe51b4f272b53e93352a607efa38341a6f00a,26a61226dcc1ab340e9161de11b62a5ac11cd93f,36ffe51b4f272b53e93352a607efa38341a6f00a,1,15,cross-cutting,true,true,false,false,NON_EMPTY,666,692,UNKNOWN,FAILURE,STACKED,HIGH,"commit reachability: 0/1 PR commits reachable from origin/main | patch equivalence: GIT_CHERRY_HAS_UNMATCHED_PATCHES; git cherry equivalent=0, unmatched=1, unrepresented=0 | three-dot diff origin/main...head: NON_EMPTY (15 paths) | GitHub target diff: 15 files, +1069/-25 | GitHub mergeability: UNKNOWN/UNKNOWN | branch ancestry: 176 open ancestors, 10 open descendants; base=main | file overlap: 15 paths overlap 93 open PRs","Phase 2: review the cumulative stack tip first, then evaluate ancestors without treating ancestry as duplication."
673,feat(bookings): deny-by-default endpoint security (Prompt 3/34),true,main,cursor/booking-endpoint-security-6eff,36ffe51b4f272b53e93352a607efa38341a6f00a,bc3db99861deeebd7aa1b3397c265e73e17d6b2e,36ffe51b4f272b53e93352a607efa38341a6f00a,2,30,cross-cutting,true,true,false,false,NON_EMPTY,672,692,UNKNOWN,FAILURE,STACKED,HIGH,"commit reachability: 0/2 PR commits reachable from origin/main | patch equivalence: GIT_CHERRY_HAS_UNMATCHED_PATCHES; git cherry equivalent=0, unmatched=2, unrepresented=0 | three-dot diff origin/main...head: NON_EMPTY (30 paths) | GitHub target diff: 30 files, +2573/-90 | GitHub mergeability: UNKNOWN/UNKNOWN | branch ancestry: 177 open ancestors, 9 open descendants; base=main | file overlap: 30 paths overlap 548 open PRs","Phase 2: review the cumulative stack tip first, then evaluate ancestors without treating ancestry as duplication."
674,feat(bookings): validated DTOs replace Prisma HTTP bodies (Prompt 4/34),true,main,cursor/booking-dto-validation-6eff,36ffe51b4f272b53e93352a607efa38341a6f00a,b94ee5dd48d2b20081e840328ce7169a4fa2e6dd,36ffe51b4f272b53e93352a607efa38341a6f00a,3,42,cross-cutting,true,true,false,false,NON_EMPTY,673,692,UNKNOWN,FAILURE,STACKED,HIGH,"commit reachability: 0/3 PR commits reachable from origin/main | patch equivalence: GIT_CHERRY_HAS_UNMATCHED_PATCHES; git cherry equivalent=0, unmatched=3, unrepresented=0 | three-dot diff origin/main...head: NON_EMPTY (42 paths) | GitHub target diff: 42 files, +3275/-228 | GitHub mergeability: UNKNOWN/UNKNOWN | branch ancestry: 178 open ancestors, 8 open descendants; base=main | file overlap: 42 paths overlap 567 open PRs","Phase 2: review the cumulative stack tip first, then evaluate ancestors without treating ancestry as duplication."
675,Booking Production-Readiness — Create Validation (Prompt 5/34),true,main,cursor/booking-create-validation-6eff,36ffe51b4f272b53e93352a607efa38341a6f00a,5568f23c1d67250de31dde2ae97eb711b3d98ee3,36ffe51b4f272b53e93352a607efa38341a6f00a,4,47,cross-cutting,true,true,false,false,NON_EMPTY,674,692,UNKNOWN,FAILURE,STACKED,HIGH,"commit reachability: 0/4 PR commits reachable from origin/main | patch equivalence: GIT_CHERRY_HAS_UNMATCHED_PATCHES; git cherry equivalent=0, unmatched=4, unrepresented=0 | three-dot diff origin/main...head: NON_EMPTY (47 paths) | GitHub target diff: 47 files, +4324/-281 | GitHub mergeability: UNKNOWN/UNKNOWN | branch ancestry: 179 open ancestors, 7 open descendants; base=main | file overlap: 47 paths overlap 567 open PRs","Phase 2: review the cumulative stack tip first, then evaluate ancestors without treating ancestry as duplication."
676,feat(bookings): typed update commands replace generic PATCH (Prompt 6/34),true,main,cursor/booking-update-commands-6eff,36ffe51b4f272b53e93352a607efa38341a6f00a,6d41c665d7137aa27e56379578aa298ce4c085be,36ffe51b4f272b53e93352a607efa38341a6f00a,6,64,cross-cutting,true,true,false,false,NON_EMPTY,675,692,UNKNOWN,FAILURE,STACKED,HIGH,"commit reachability: 0/6 PR commits reachable from origin/main | patch equivalence: GIT_CHERRY_HAS_UNMATCHED_PATCHES; git cherry equivalent=0, unmatched=6, unrepresented=0 | three-dot diff origin/main...head: NON_EMPTY (64 paths) | GitHub target diff: 64 files, +6567/-313 | GitHub mergeability: UNKNOWN/UNKNOWN | branch ancestry: 180 open ancestors, 6 open descendants; base=main | file overlap: 64 paths overlap 567 open PRs","Phase 2: review the cumulative stack tip first, then evaluate ancestors without treating ancestry as duplication."
677,feat(bookings): secure handover DTOs for pickup/return (Prompt 7/34),true,main,cursor/handover-dto-validation-6eff,36ffe51b4f272b53e93352a607efa38341a6f00a,5d2463cc5614e0cfcd1174a36e8fa6825fb0175b,36ffe51b4f272b53e93352a607efa38341a6f00a,7,80,cross-cutting,true,true,false,false,NON_EMPTY,676,692,UNKNOWN,FAILURE,STACKED,HIGH,"commit reachability: 0/7 PR commits reachable from origin/main | patch equivalence: GIT_CHERRY_HAS_UNMATCHED_PATCHES; git cherry equivalent=0, unmatched=7, unrepresented=0 | three-dot diff origin/main...head: NON_EMPTY (80 paths) | GitHub target diff: 80 files, +7727/-497 | GitHub mergeability: UNKNOWN/UNKNOWN | branch ancestry: 181 open ancestors, 5 open descendants; base=main | file overlap: 80 paths overlap 568 open PRs","Phase 2: review the cumulative stack tip first, then evaluate ancestors without treating ancestry as duplication."
678,Booking Production-Readiness — Central State Machine (Prompt 8/34),true,main,cursor/booking-state-machine-6eff,36ffe51b4f272b53e93352a607efa38341a6f00a,e03a8a52822823b29351814cfa8fbb4901738c28,36ffe51b4f272b53e93352a607efa38341a6f00a,8,87,cross-cutting,true,true,false,false,NON_EMPTY,677,692,UNKNOWN,FAILURE,STACKED,HIGH,"commit reachability: 0/8 PR commits reachable from origin/main | patch equivalence: GIT_CHERRY_HAS_UNMATCHED_PATCHES; git cherry equivalent=0, unmatched=8, unrepresented=0 | three-dot diff origin/main...head: NON_EMPTY (87 paths) | GitHub target diff: 87 files, +8771/-537 | GitHub mergeability: UNKNOWN/UNKNOWN | branch ancestry: 182 open ancestors, 4 open descendants; base=main | file overlap: 87 paths overlap 568 open PRs","Phase 2: review the cumulative stack tip first, then evaluate ancestors without treating ancestry as duplication."
680,Booking Production-Readiness — Dedicated Status Commands (Prompt 9/34),true,main,cursor/booking-status-commands-6eff,36ffe51b4f272b53e93352a607efa38341a6f00a,dc625630893f103a52f7a7a62129a1f8767d4da9,36ffe51b4f272b53e93352a607efa38341a6f00a,9,99,cross-cutting,true,true,false,false,NON_EMPTY,678,692,UNKNOWN,FAILURE,STACKED,HIGH,"commit reachability: 0/9 PR commits reachable from origin/main | patch equivalence: GIT_CHERRY_HAS_UNMATCHED_PATCHES; git cherry equivalent=0, unmatched=9, unrepresented=0 | three-dot diff origin/main...head: NON_EMPTY (99 paths) | GitHub target diff: 99 files, +10217/-624 | GitHub mergeability: UNKNOWN/UNKNOWN | branch ancestry: 183 open ancestors, 3 open descendants; base=main | file overlap: 99 paths overlap 579 open PRs","Phase 2: review the cumulative stack tip first, then evaluate ancestors without treating ancestry as duplication."
682,feat(bookings): Harden cancellation & admin override (Prompt 10/34),true,main,cursor/booking-cancellation-hardening-6eff,36ffe51b4f272b53e93352a607efa38341a6f00a,53a04be8c868ee04a310e69fbfce978223aa22ac,36ffe51b4f272b53e93352a607efa38341a6f00a,10,118,cross-cutting,true,true,false,false,NON_EMPTY,680,692,UNKNOWN,FAILURE,STACKED,HIGH,"commit reachability: 0/10 PR commits reachable from origin/main | patch equivalence: GIT_CHERRY_HAS_UNMATCHED_PATCHES; git cherry equivalent=0, unmatched=10, unrepresented=0 | three-dot diff origin/main...head: NON_EMPTY (118 paths) | GitHub target diff: 118 files, +11943/-647 | GitHub mergeability: UNKNOWN/UNKNOWN | branch ancestry: 184 open ancestors, 2 open descendants; base=main | file overlap: 118 paths overlap 579 open PRs","Phase 2: review the cumulative stack tip first, then evaluate ancestors without treating ancestry as duplication."
687,feat(bookings): freeze canonical deposit through quote and checkout (Prompt 31),true,cursor/deposit-resolver-1001,cursor/deposit-checkout-freeze-1001,957b47325fbd231d4d2d84a0a00b865b0f151b01,132ca9c29302cf08f89c284eefa3700cd1149a1c,132ca9c29302cf08f89c284eefa3700cd1149a1c,1,29,cross-cutting,false,true,true,UNKNOWN,EMPTY,666,1013,NO_CONFLICT_REPORTED,FAILURE,ALREADY_IN_MAIN,HIGH,"commit reachability: 1/1 PR commits reachable from origin/main | patch equivalence: NOT_APPLICABLE_ALL_COMMITS_DIRECTLY_REACHABLE; git cherry equivalent=0, unmatched=0, unrepresented=0 | three-dot diff origin/main...head: EMPTY (0 paths) | GitHub target diff: 29 files, +784/-12 | GitHub mergeability: MERGEABLE/UNSTABLE | branch ancestry: 176 open ancestors, 235 open descendants; base=cursor/deposit-resolver-1001 | file overlap: 13 paths overlap 567 open PRs",Phase 2: verify representative patch/tree evidence before any close decision.
688,feat(rental-rules): restructure settings UI with scalable matrix (Prompt 32),true,cursor/rental-rule-revisions-1001,cursor/rental-rules-ui-1001,9983ecd745799f6e41625dc0b9265ff6a6c83821,0e4c9eb2b903d2292906257a692b897732d69d98,0e4c9eb2b903d2292906257a692b897732d69d98,1,24,cross-cutting,false,true,true,UNKNOWN,EMPTY,666,1013,NO_CONFLICT_REPORTED,FAILURE,ALREADY_IN_MAIN,HIGH,"commit reachability: 1/1 PR commits reachable from origin/main | patch equivalence: NOT_APPLICABLE_ALL_COMMITS_DIRECTLY_REACHABLE; git cherry equivalent=0, unmatched=0, unrepresented=0 | three-dot diff origin/main...head: EMPTY (0 paths) | GitHub target diff: 24 files, +2029/-479 | GitHub mergeability: MERGEABLE/UNSTABLE | branch ancestry: 176 open ancestors, 236 open descendants; base=cursor/rental-rule-revisions-1001 | file overlap: 11 paths overlap 564 open PRs",Phase 2: verify representative patch/tree evidence before any close decision.
689,feat(rental-rules): edit/preview/publish/history workflow (Prompt 33),true,cursor/rental-rules-ui-1001,cursor/rental-rules-workflow-1001,0e4c9eb2b903d2292906257a692b897732d69d98,f4476c1ceb32cb2cceab8217e2141ca672d81188,f4476c1ceb32cb2cceab8217e2141ca672d81188,1,25,cross-cutting,false,true,true,UNKNOWN,EMPTY,688,1013,NO_CONFLICT_REPORTED,FAILURE,ALREADY_IN_MAIN,HIGH,"commit reachability: 1/1 PR commits reachable from origin/main | patch equivalence: NOT_APPLICABLE_ALL_COMMITS_DIRECTLY_REACHABLE; git cherry equivalent=0, unmatched=0, unrepresented=0 | three-dot diff origin/main...head: EMPTY (0 paths) | GitHub target diff: 25 files, +2112/-564 | GitHub mergeability: MERGEABLE/UNSTABLE | branch ancestry: 177 open ancestors, 235 open descendants; base=cursor/rental-rules-ui-1001 | file overlap: 10 paths overlap 563 open PRs",Phase 2: verify representative patch/tree evidence before any close decision.
691,feat(bookings): database-level double-booking protection (Prompt 11),true,main,cursor/booking-double-booking-guard-6eff,36ffe51b4f272b53e93352a607efa38341a6f00a,d0d2ab25ade84c6ffc7f4a1a4ecc7e196805fa1e,36ffe51b4f272b53e93352a607efa38341a6f00a,11,129,cross-cutting,true,true,false,false,NON_EMPTY,682,692,UNKNOWN,FAILURE,STACKED,HIGH,"commit reachability: 0/11 PR commits reachable from origin/main | patch equivalence: GIT_CHERRY_HAS_UNMATCHED_PATCHES; git cherry equivalent=0, unmatched=11, unrepresented=0 | three-dot diff origin/main...head: NON_EMPTY (129 paths) | GitHub target diff: 129 files, +12949/-674 | GitHub mergeability: UNKNOWN/UNKNOWN | branch ancestry: 185 open ancestors, 1 open descendants; base=main | file overlap: 129 paths overlap 579 open PRs","Phase 2: review the cumulative stack tip first, then evaluate ancestors without treating ancestry as duplication."
692,feat(bookings): unified idempotency for critical booking mutations (Prompt 12/34),true,main,cursor/booking-idempotency-6eff,afb28c31639550b4242630f8b70f8d502c5f32ff,863f8a73b9f3f903fccccb9372a70accba04d1e8,36ffe51b4f272b53e93352a607efa38341a6f00a,12,141,cross-cutting,true,true,false,false,NON_EMPTY,691,692,UNKNOWN,NO_CHECKS_REPORTED,CUMULATIVE_STACK_TIP,HIGH,"commit reachability: 0/12 PR commits reachable from origin/main | patch equivalence: GIT_CHERRY_HAS_UNMATCHED_PATCHES; git cherry equivalent=0, unmatched=12, unrepresented=0 | three-dot diff origin/main...head: NON_EMPTY (141 paths) | GitHub target diff: 141 files, +14469/-713 | GitHub mergeability: UNKNOWN/UNKNOWN | branch ancestry: 186 open ancestors, 0 open descendants; base=main | file overlap: 131 paths overlap 579 open PRs","Phase 2: review the cumulative stack tip first, then evaluate ancestors without treating ancestry as duplication."
693,docs(audit): Data Authorization remediation baseline (Prompt 1/44),true,main,cursor/data-authorization-baseline-26b5,ba9eaa31e469d725c826218f79cea644b094a243,5562d8b7d2f44e62e078f8bea4a3748fd49b3048,546c4cb7c33f33b01b16bb61af049fae409f0389,1,1,documentation,true,true,false,false,NON_EMPTY,687,695,NO_CONFLICT_REPORTED,NO_CHECKS_REPORTED,STACKED,HIGH,"commit reachability: 0/1 PR commits reachable from origin/main | patch equivalence: GIT_CHERRY_HAS_UNMATCHED_PATCHES; git cherry equivalent=0, unmatched=1, unrepresented=0 | three-dot diff origin/main...head: NON_EMPTY (1 paths) | GitHub target diff: 1 files, +654/-0 | GitHub mergeability: MERGEABLE/CLEAN | branch ancestry: 179 open ancestors, 1 open descendants; base=main | file overlap: 1 paths overlap 1 open PRs | all 1 changed files are documentation paths","Phase 2: review the cumulative stack tip first, then evaluate ancestors without treating ancestry as duplication."
694,fix(bookings): tenant isolation for secondary booking lookups (Prompt 13/34),true,main,cursor/booking-tenant-isolation-6eff,ba9eaa31e469d725c826218f79cea644b094a243,5cd204124b520dd07aeeaa7a28d539f3728c3cb3,afb28c31639550b4242630f8b70f8d502c5f32ff,1,19,cross-cutting,true,true,false,false,NON_EMPTY,687,697,UNKNOWN,FAILURE,STACKED,HIGH,"commit reachability: 0/1 PR commits reachable from origin/main | patch equivalence: GIT_CHERRY_HAS_UNMATCHED_PATCHES; git cherry equivalent=0, unmatched=1, unrepresented=0 | three-dot diff origin/main...head: NON_EMPTY (19 paths) | GitHub target diff: 19 files, +627/-125 | GitHub mergeability: UNKNOWN/UNKNOWN | branch ancestry: 179 open ancestors, 2 open descendants; base=main | file overlap: 19 paths overlap 547 open PRs","Phase 2: review the cumulative stack tip first, then evaluate ancestors without treating ancestry as duplication."
695,docs(architecture): Data Authorization dataflow & enforcement map (Prompt 2/44),true,main,cursor/data-authorization-dataflow-map-26b5,ba9eaa31e469d725c826218f79cea644b094a243,87aa6a4ec4564b100854843c7547d2a1f3ed995b,546c4cb7c33f33b01b16bb61af049fae409f0389,4,6,infrastructure,true,true,false,false,NON_EMPTY,693,695,UNKNOWN,NO_CHECKS_REPORTED,CUMULATIVE_STACK_TIP,HIGH,"commit reachability: 0/4 PR commits reachable from origin/main | patch equivalence: GIT_CHERRY_HAS_UNMATCHED_PATCHES; git cherry equivalent=0, unmatched=4, unrepresented=0 | three-dot diff origin/main...head: NON_EMPTY (6 paths) | GitHub target diff: 6 files, +5498/-0 | GitHub mergeability: UNKNOWN/UNKNOWN | branch ancestry: 180 open ancestors, 0 open descendants; base=main | file overlap: 2 paths overlap 5 open PRs","Phase 2: review the cumulative stack tip first, then evaluate ancestors without treating ancestry as duplication."
696,feat(bookings): optimistic concurrency via expectedUpdatedAt (Prompt 14),true,main,cursor/booking-optimistic-concurrency-6eff,c2d0851d5524cde9c0ac18fed67defac8fdecf22,006f42c2ca672c2864493bf8e72df4ed42a80ff5,afb28c31639550b4242630f8b70f8d502c5f32ff,2,43,cross-cutting,true,true,false,false,NON_EMPTY,694,697,UNKNOWN,NO_CHECKS_REPORTED,STACKED,HIGH,"commit reachability: 0/2 PR commits reachable from origin/main | patch equivalence: GIT_CHERRY_HAS_UNMATCHED_PATCHES; git cherry equivalent=0, unmatched=2, unrepresented=0 | three-dot diff origin/main...head: NON_EMPTY (43 paths) | GitHub target diff: 43 files, +1550/-197 | GitHub mergeability: UNKNOWN/UNKNOWN | branch ancestry: 180 open ancestors, 1 open descendants; base=main | file overlap: 43 paths overlap 566 open PRs","Phase 2: review the cumulative stack tip first, then evaluate ancestors without treating ancestry as duplication."
697,Booking Production-Readiness — Atomic Pricing / Quote / Snapshot (Prompt 15),true,main,cursor/booking-atomic-pricing-6eff,c2d0851d5524cde9c0ac18fed67defac8fdecf22,9cfda723cbd11c10c5e4ba5719ff9fed5e7d4fbd,afb28c31639550b4242630f8b70f8d502c5f32ff,3,66,cross-cutting,true,true,false,false,NON_EMPTY,696,697,UNKNOWN,NO_CHECKS_REPORTED,CUMULATIVE_STACK_TIP,HIGH,"commit reachability: 0/3 PR commits reachable from origin/main | patch equivalence: GIT_CHERRY_HAS_UNMATCHED_PATCHES; git cherry equivalent=0, unmatched=3, unrepresented=0 | three-dot diff origin/main...head: NON_EMPTY (66 paths) | GitHub target diff: 66 files, +2806/-377 | GitHub mergeability: UNKNOWN/UNKNOWN | branch ancestry: 181 open ancestors, 0 open descendants; base=main | file overlap: 52 paths overlap 578 open PRs","Phase 2: review the cumulative stack tip first, then evaluate ancestors without treating ancestry as duplication."
698,"V4.9.791 — Consent, Provider-Grant & Data Sharing domain separation (Prompt 8)",true,main,cursor/data-authorization-domain-split-26b5,c2d0851d5524cde9c0ac18fed67defac8fdecf22,0de01c6fc70c1b2c3f3f999ca7b1740e935d2526,c2d0851d5524cde9c0ac18fed67defac8fdecf22,3,36,legal-compliance,true,true,false,false,NON_EMPTY,687,890,UNKNOWN,NO_CHECKS_REPORTED,STACKED,HIGH,"commit reachability: 0/3 PR commits reachable from origin/main | patch equivalence: GIT_CHERRY_HAS_UNMATCHED_PATCHES; git cherry equivalent=0, unmatched=3, unrepresented=0 | three-dot diff origin/main...head: NON_EMPTY (36 paths) | GitHub target diff: 36 files, +5963/-611 | GitHub mergeability: UNKNOWN/UNKNOWN | branch ancestry: 179 open ancestors, 35 open descendants; base=main | file overlap: 36 paths overlap 566 open PRs","Phase 2: review the cumulative stack tip first, then evaluate ancestors without treating ancestry as duplication."
699,Booking Production-Readiness — Financial State / Invoice / Payment Link (Prompt 16),true,main,cursor/booking-financial-state-6eff,c2d0851d5524cde9c0ac18fed67defac8fdecf22,50d00ce9f55511578c5c3e8ff1dfb1b68d9b0322,c2d0851d5524cde9c0ac18fed67defac8fdecf22,1,21,cross-cutting,true,true,false,false,NON_EMPTY,687,699,UNKNOWN,FAILURE,CUMULATIVE_STACK_TIP,HIGH,"commit reachability: 0/1 PR commits reachable from origin/main | patch equivalence: GIT_CHERRY_HAS_UNMATCHED_PATCHES; git cherry equivalent=0, unmatched=1, unrepresented=0 | three-dot diff origin/main...head: NON_EMPTY (21 paths) | GitHub target diff: 21 files, +1315/-39 | GitHub mergeability: UNKNOWN/UNKNOWN | branch ancestry: 179 open ancestors, 0 open descendants; base=main | file overlap: 13 paths overlap 577 open PRs","Phase 2: review the cumulative stack tip first, then evaluate ancestors without treating ancestry as duplication."
700,feat(bookings): revision-safe legal acceptance data model (Prompt 17),true,main,cursor/booking-legal-acceptance-6eff,a3ccad28486f3e222ca2b823bc23fac08dc66a7d,b39b4a569f5b5c55d488709f322017f704ff74d6,c2d0851d5524cde9c0ac18fed67defac8fdecf22,1,19,cross-cutting,true,true,false,false,NON_EMPTY,687,707,UNKNOWN,NO_CHECKS_REPORTED,STACKED,HIGH,"commit reachability: 0/1 PR commits reachable from origin/main | patch equivalence: GIT_CHERRY_HAS_UNMATCHED_PATCHES; git cherry equivalent=0, unmatched=1, unrepresented=0 | three-dot diff origin/main...head: NON_EMPTY (19 paths) | GitHub target diff: 19 files, +1826/-0 | GitHub mergeability: UNKNOWN/UNKNOWN | branch ancestry: 179 open ancestors, 4 open descendants; base=main | file overlap: 19 paths overlap 561 open PRs","Phase 2: review the cumulative stack tip first, then evaluate ancestors without treating ancestry as duplication."
701,feat(bookings): immutable legal document snapshots with hash binding (Prompt 18),true,main,cursor/booking-legal-document-snapshot-6eff,51069d1318c8192894862f27d00a7b19bd4316da,0e0e2ade9d4991d2e6c0118119a3cb07fc1ee9c7,c2d0851d5524cde9c0ac18fed67defac8fdecf22,2,30,cross-cutting,true,true,false,false,NON_EMPTY,700,707,UNKNOWN,NO_CHECKS_REPORTED,STACKED,HIGH,"commit reachability: 0/2 PR commits reachable from origin/main | patch equivalence: GIT_CHERRY_HAS_UNMATCHED_PATCHES; git cherry equivalent=0, unmatched=2, unrepresented=0 | three-dot diff origin/main...head: NON_EMPTY (30 paths) | GitHub target diff: 30 files, +3131/-3 | GitHub mergeability: UNKNOWN/UNKNOWN | branch ancestry: 180 open ancestors, 3 open descendants; base=main | file overlap: 30 paths overlap 562 open PRs","Phase 2: review the cumulative stack tip first, then evaluate ancestors without treating ancestry as duplication."
702,V4.9.792 — Enforcement Policy relational scopes + tenant hardening (Prompt 9),true,main,cursor/enforcement-policy-relational-scopes-26b5,51069d1318c8192894862f27d00a7b19bd4316da,73ed54eaa0a557871813273af9dd8801caa69b10,c2d0851d5524cde9c0ac18fed67defac8fdecf22,4,50,legal-compliance,true,true,false,false,NON_EMPTY,698,890,UNKNOWN,NO_CHECKS_REPORTED,STACKED,HIGH,"commit reachability: 0/4 PR commits reachable from origin/main | patch equivalence: GIT_CHERRY_HAS_UNMATCHED_PATCHES; git cherry equivalent=0, unmatched=4, unrepresented=0 | three-dot diff origin/main...head: NON_EMPTY (50 paths) | GitHub target diff: 50 files, +7521/-616 | GitHub mergeability: UNKNOWN/UNKNOWN | branch ancestry: 180 open ancestors, 34 open descendants; base=main | file overlap: 50 paths overlap 566 open PRs","Phase 2: review the cumulative stack tip first, then evaluate ancestors without treating ancestry as duplication."
703,feat(bookings): server-side legal confirmation enforcement (Prompt 19),true,main,cursor/booking-legal-confirmation-enforcement-6eff,51069d1318c8192894862f27d00a7b19bd4316da,eb7bde7985d6c33f541ef7ceed735b4e50e6649d,c2d0851d5524cde9c0ac18fed67defac8fdecf22,3,38,cross-cutting,true,true,false,false,NON_EMPTY,701,707,UNKNOWN,NO_CHECKS_REPORTED,STACKED,HIGH,"commit reachability: 0/3 PR commits reachable from origin/main | patch equivalence: GIT_CHERRY_HAS_UNMATCHED_PATCHES; git cherry equivalent=0, unmatched=3, unrepresented=0 | three-dot diff origin/main...head: NON_EMPTY (38 paths) | GitHub target diff: 38 files, +3781/-3 | GitHub mergeability: UNKNOWN/UNKNOWN | branch ancestry: 181 open ancestors, 2 open descendants; base=main | file overlap: 38 paths overlap 562 open PRs","Phase 2: review the cumulative stack tip first, then evaluate ancestors without treating ancestry as duplication."
704,V4.9.793 — Legacy migration & controlled backfill (Prompt 10),true,main,cursor/data-authorization-legacy-migration-26b5,51069d1318c8192894862f27d00a7b19bd4316da,4ddca93023e8081c4994b049a942102e10d704b3,c2d0851d5524cde9c0ac18fed67defac8fdecf22,5,58,legal-compliance,true,true,false,false,NON_EMPTY,702,890,UNKNOWN,NO_CHECKS_REPORTED,STACKED,HIGH,"commit reachability: 0/5 PR commits reachable from origin/main | patch equivalence: GIT_CHERRY_HAS_UNMATCHED_PATCHES; git cherry equivalent=0, unmatched=5, unrepresented=0 | three-dot diff origin/main...head: NON_EMPTY (58 paths) | GitHub target diff: 58 files, +9188/-616 | GitHub mergeability: UNKNOWN/UNKNOWN | branch ancestry: 181 open ancestors, 33 open descendants; base=main | file overlap: 58 paths overlap 566 open PRs","Phase 2: review the cumulative stack tip first, then evaluate ancestors without treating ancestry as duplication."
705,feat(bookings): Handover signature minimization & encrypted storage (Prompt 20),true,main,cursor/booking-signature-protection-6eff,51069d1318c8192894862f27d00a7b19bd4316da,e46ce9f9b9d555e724f5798582edf91b5443648b,c2d0851d5524cde9c0ac18fed67defac8fdecf22,4,60,cross-cutting,true,true,false,false,NON_EMPTY,703,707,UNKNOWN,NO_CHECKS_REPORTED,STACKED,HIGH,"commit reachability: 0/4 PR commits reachable from origin/main | patch equivalence: GIT_CHERRY_HAS_UNMATCHED_PATCHES; git cherry equivalent=0, unmatched=4, unrepresented=0 | three-dot diff origin/main...head: NON_EMPTY (60 paths) | GitHub target diff: 60 files, +5527/-107 | GitHub mergeability: UNKNOWN/UNKNOWN | branch ancestry: 182 open ancestors, 1 open descendants; base=main | file overlap: 60 paths overlap 579 open PRs","Phase 2: review the cumulative stack tip first, then evaluate ancestors without treating ancestry as duplication."
706,V4.9.794 — Versioned policy lifecycle (Data Authorization Prompt 11),true,main,cursor/policy-lifecycle-versioned-26b5,51069d1318c8192894862f27d00a7b19bd4316da,32fe208bf4a486f3cb39b27bcb81734bfea60e1e,c2d0851d5524cde9c0ac18fed67defac8fdecf22,6,74,cross-cutting,true,true,false,false,NON_EMPTY,704,890,UNKNOWN,NO_CHECKS_REPORTED,STACKED,HIGH,"commit reachability: 0/6 PR commits reachable from origin/main | patch equivalence: GIT_CHERRY_HAS_UNMATCHED_PATCHES; git cherry equivalent=0, unmatched=6, unrepresented=0 | three-dot diff origin/main...head: NON_EMPTY (74 paths) | GitHub target diff: 74 files, +11606/-616 | GitHub mergeability: UNKNOWN/UNKNOWN | branch ancestry: 182 open ancestors, 32 open descendants; base=main | file overlap: 74 paths overlap 566 open PRs","Phase 2: review the cumulative stack tip first, then evaluate ancestors without treating ancestry as duplication."
707,feat(bookings): explicit response DTOs and permission projections (Prompt 21),true,main,cursor/booking-response-dtos-6eff,51069d1318c8192894862f27d00a7b19bd4316da,5bcf3f4b7c0757ad343b152af8c80b97792b2cd9,c2d0851d5524cde9c0ac18fed67defac8fdecf22,5,78,cross-cutting,true,true,false,false,NON_EMPTY,705,707,UNKNOWN,NO_CHECKS_REPORTED,CUMULATIVE_STACK_TIP,HIGH,"commit reachability: 0/5 PR commits reachable from origin/main | patch equivalence: GIT_CHERRY_HAS_UNMATCHED_PATCHES; git cherry equivalent=0, unmatched=5, unrepresented=0 | three-dot diff origin/main...head: NON_EMPTY (78 paths) | GitHub target diff: 78 files, +7326/-459 | GitHub mergeability: UNKNOWN/UNKNOWN | branch ancestry: 183 open ancestors, 0 open descendants; base=main | file overlap: 62 paths overlap 579 open PRs","Phase 2: review the cumulative stack tip first, then evaluate ancestors without treating ancestry as duplication."
708,V4.9.795 — Central policy resolver (Data Authorization Prompt 12),true,cursor/policy-lifecycle-versioned-26b5,cursor/policy-resolver-central-26b5,32fe208bf4a486f3cb39b27bcb81734bfea60e1e,c0672c25b5798d19df0026e394df0faa21bb4b0c,c2d0851d5524cde9c0ac18fed67defac8fdecf22,1,13,unknown,false,true,false,false,NON_EMPTY,706,890,NO_CONFLICT_REPORTED,FAILURE,STACKED,HIGH,"commit reachability: 0/1 PR commits reachable from origin/main | patch equivalence: GIT_CHERRY_HAS_UNMATCHED_PATCHES; git cherry equivalent=0, unmatched=1, unrepresented=0 | three-dot diff origin/main...head: NON_EMPTY (84 paths) | GitHub target diff: 13 files, +1989/-17 | GitHub mergeability: MERGEABLE/UNSTABLE | branch ancestry: 183 open ancestors, 31 open descendants; base=cursor/policy-lifecycle-versioned-26b5 | file overlap: 13 paths overlap 551 open PRs","Phase 2: review the cumulative stack tip first, then evaluate ancestors without treating ancestry as duplication."
709,feat(bookings): transactional domain event outbox (Prompt 22),true,main,cursor/booking-domain-event-outbox-6eff,51069d1318c8192894862f27d00a7b19bd4316da,a2bec3b4075182992830bd7e518ed59202e50706,51069d1318c8192894862f27d00a7b19bd4316da,1,27,cross-cutting,true,true,false,false,NON_EMPTY,687,714,UNKNOWN,FAILURE,STACKED,HIGH,"commit reachability: 0/1 PR commits reachable from origin/main | patch equivalence: GIT_CHERRY_HAS_UNMATCHED_PATCHES; git cherry equivalent=0, unmatched=1, unrepresented=0 | three-dot diff origin/main...head: NON_EMPTY (27 paths) | GitHub target diff: 27 files, +1655/-42 | GitHub mergeability: UNKNOWN/UNKNOWN | branch ancestry: 179 open ancestors, 2 open descendants; base=main | file overlap: 27 paths overlap 568 open PRs","Phase 2: review the cumulative stack tip first, then evaluate ancestors without treating ancestry as duplication."
710,V4.9.796 — Fail-closed authorization decision engine (Data Authorization Prompt 13),true,cursor/policy-resolver-central-26b5,cursor/authorization-decision-engine-26b5,c0672c25b5798d19df0026e394df0faa21bb4b0c,e9f517d47ef58d9e498100ca41eba34b945ff888,c2d0851d5524cde9c0ac18fed67defac8fdecf22,1,22,unknown,false,true,false,false,NON_EMPTY,708,890,NO_CONFLICT_REPORTED,FAILURE,STACKED,HIGH,"commit reachability: 0/1 PR commits reachable from origin/main | patch equivalence: GIT_CHERRY_HAS_UNMATCHED_PATCHES; git cherry equivalent=0, unmatched=1, unrepresented=0 | three-dot diff origin/main...head: NON_EMPTY (101 paths) | GitHub target diff: 22 files, +1711/-38 | GitHub mergeability: MERGEABLE/UNSTABLE | branch ancestry: 184 open ancestors, 30 open descendants; base=cursor/policy-resolver-central-26b5 | file overlap: 22 paths overlap 553 open PRs","Phase 2: review the cumulative stack tip first, then evaluate ancestors without treating ancestry as duplication."
711,feat(bookings): idempotent outbox consumers for booking follow-ups (Prompt 23),true,main,cursor/booking-outbox-consumers-6eff,51069d1318c8192894862f27d00a7b19bd4316da,a6df81459132e19a6c6521c7001c2ff1317548fb,51069d1318c8192894862f27d00a7b19bd4316da,2,50,cross-cutting,true,true,false,false,NON_EMPTY,709,714,UNKNOWN,FAILURE,STACKED,HIGH,"commit reachability: 0/2 PR commits reachable from origin/main | patch equivalence: GIT_CHERRY_HAS_UNMATCHED_PATCHES; git cherry equivalent=0, unmatched=2, unrepresented=0 | three-dot diff origin/main...head: NON_EMPTY (50 paths) | GitHub target diff: 50 files, +3506/-318 | GitHub mergeability: UNKNOWN/UNKNOWN | branch ancestry: 180 open ancestors, 1 open descendants; base=main | file overlap: 50 paths overlap 568 open PRs","Phase 2: review the cumulative stack tip first, then evaluate ancestors without treating ancestry as duplication."
712,V4.9.797 — Data processing review & four-eyes workflow (Prompt 14),true,cursor/authorization-decision-engine-26b5,cursor/data-processing-review-workflow-26b5,e9f517d47ef58d9e498100ca41eba34b945ff888,516860e9ea1dadb08a028e45ba9a451bbe8541c6,c2d0851d5524cde9c0ac18fed67defac8fdecf22,1,19,cross-cutting,false,true,false,false,NON_EMPTY,710,890,NO_CONFLICT_REPORTED,FAILURE,STACKED,HIGH,"commit reachability: 0/1 PR commits reachable from origin/main | patch equivalence: GIT_CHERRY_HAS_UNMATCHED_PATCHES; git cherry equivalent=0, unmatched=1, unrepresented=0 | three-dot diff origin/main...head: NON_EMPTY (116 paths) | GitHub target diff: 19 files, +1414/-7 | GitHub mergeability: MERGEABLE/UNSTABLE | branch ancestry: 185 open ancestors, 29 open descendants; base=cursor/authorization-decision-engine-26b5 | file overlap: 19 paths overlap 282 open PRs","Phase 2: review the cumulative stack tip first, then evaluate ancestors without treating ancestry as duplication."
713,V4.9.798 — Append-only Lifecycle & Decision Logging (Prompt 15),true,cursor/data-processing-review-workflow-26b5,cursor/append-only-audit-logging-26b5,516860e9ea1dadb08a028e45ba9a451bbe8541c6,aabfc18c6f84baaa8c1d3f6fa634b94eb28e6954,c2d0851d5524cde9c0ac18fed67defac8fdecf22,1,23,cross-cutting,false,true,false,false,NON_EMPTY,712,890,NO_CONFLICT_REPORTED,FAILURE,STACKED,HIGH,"commit reachability: 0/1 PR commits reachable from origin/main | patch equivalence: GIT_CHERRY_HAS_UNMATCHED_PATCHES; git cherry equivalent=0, unmatched=1, unrepresented=0 | three-dot diff origin/main...head: NON_EMPTY (128 paths) | GitHub target diff: 23 files, +1538/-36 | GitHub mergeability: MERGEABLE/UNSTABLE | branch ancestry: 186 open ancestors, 28 open descendants; base=cursor/data-processing-review-workflow-26b5 | file overlap: 23 paths overlap 566 open PRs","Phase 2: review the cumulative stack tip first, then evaluate ancestors without treating ancestry as duplication."
714,feat(bookings): preparation artifact state + admin recovery (Prompt 24),true,main,cursor/booking-preparation-state-6eff,51069d1318c8192894862f27d00a7b19bd4316da,fd86bfd96337d2186452baa527e7199ec3dcfffd,51069d1318c8192894862f27d00a7b19bd4316da,3,76,cross-cutting,true,true,false,false,NON_EMPTY,711,714,UNKNOWN,FAILURE,CUMULATIVE_STACK_TIP,HIGH,"commit reachability: 0/3 PR commits reachable from origin/main | patch equivalence: GIT_CHERRY_HAS_UNMATCHED_PATCHES; git cherry equivalent=0, unmatched=3, unrepresented=0 | three-dot diff origin/main...head: NON_EMPTY (76 paths) | GitHub target diff: 76 files, +5715/-328 | GitHub mergeability: UNKNOWN/UNKNOWN | branch ancestry: 181 open ancestors, 0 open descendants; base=main | file overlap: 61 paths overlap 578 open PRs","Phase 2: review the cumulative stack tip first, then evaluate ancestors without treating ancestry as duplication."
715,V4.9.799 — Live GPS Enforcement Hardening (Prompt 16),true,cursor/append-only-audit-logging-26b5,cursor/live-gps-enforcement-26b5,aabfc18c6f84baaa8c1d3f6fa634b94eb28e6954,f50bdd745aceac64c21d9007cca82ea472665024,c2d0851d5524cde9c0ac18fed67defac8fdecf22,1,19,cross-cutting,false,true,false,false,NON_EMPTY,713,890,NO_CONFLICT_REPORTED,FAILURE,STACKED,HIGH,"commit reachability: 0/1 PR commits reachable from origin/main | patch equivalence: GIT_CHERRY_HAS_UNMATCHED_PATCHES; git cherry equivalent=0, unmatched=1, unrepresented=0 | three-dot diff origin/main...head: NON_EMPTY (142 paths) | GitHub target diff: 19 files, +807/-48 | GitHub mergeability: MERGEABLE/UNSTABLE | branch ancestry: 187 open ancestors, 27 open descendants; base=cursor/append-only-audit-logging-26b5 | file overlap: 19 paths overlap 564 open PRs","Phase 2: review the cumulative stack tip first, then evaluate ancestors without treating ancestry as duplication."
716,V4.9.790 — Booking observability & silent-error remediation (Prompt 25),true,main,cursor/booking-observability-6eff,51069d1318c8192894862f27d00a7b19bd4316da,276e9f92c05e3e5a7637d7b8c3d7e8b345e8819f,51069d1318c8192894862f27d00a7b19bd4316da,1,27,cross-cutting,true,true,false,false,NON_EMPTY,687,716,UNKNOWN,FAILURE,CUMULATIVE_STACK_TIP,HIGH,"commit reachability: 0/1 PR commits reachable from origin/main | patch equivalence: GIT_CHERRY_HAS_UNMATCHED_PATCHES; git cherry equivalent=0, unmatched=1, unrepresented=0 | three-dot diff origin/main...head: NON_EMPTY (27 paths) | GitHub target diff: 27 files, +1431/-155 | GitHub mergeability: UNKNOWN/UNKNOWN | branch ancestry: 179 open ancestors, 0 open descendants; base=main | file overlap: 15 paths overlap 578 open PRs","Phase 2: review the cumulative stack tip first, then evaluate ancestors without treating ancestry as duplication."
717,V4.9.800 — Telemetry ingestion authorization gate (Prompt 17),true,cursor/live-gps-enforcement-26b5,cursor/telemetry-ingestion-enforcement-26b5,f50bdd745aceac64c21d9007cca82ea472665024,8c01b4c4f581efa80619a80288dae01e3b132a48,c2d0851d5524cde9c0ac18fed67defac8fdecf22,1,21,cross-cutting,false,true,false,false,NON_EMPTY,715,890,NO_CONFLICT_REPORTED,FAILURE,STACKED,HIGH,"commit reachability: 0/1 PR commits reachable from origin/main | patch equivalence: GIT_CHERRY_HAS_UNMATCHED_PATCHES; git cherry equivalent=0, unmatched=1, unrepresented=0 | three-dot diff origin/main...head: NON_EMPTY (156 paths) | GitHub target diff: 21 files, +1146/-12 | GitHub mergeability: MERGEABLE/UNSTABLE | branch ancestry: 188 open ancestors, 26 open descendants; base=cursor/live-gps-enforcement-26b5 | file overlap: 21 paths overlap 558 open PRs","Phase 2: review the cumulative stack tip first, then evaluate ancestors without treating ancestry as duplication."
718,V4.9.801 — Trip & location history authorization (Prompt 18),true,cursor/telemetry-ingestion-enforcement-26b5,cursor/trip-location-enforcement-26b5,8c01b4c4f581efa80619a80288dae01e3b132a48,826b62db9406919dbe5b930423223430c64526d0,c2d0851d5524cde9c0ac18fed67defac8fdecf22,1,16,trips,false,true,false,false,NON_EMPTY,717,890,NO_CONFLICT_REPORTED,FAILURE,STACKED,HIGH,"commit reachability: 0/1 PR commits reachable from origin/main | patch equivalence: GIT_CHERRY_HAS_UNMATCHED_PATCHES; git cherry equivalent=0, unmatched=1, unrepresented=0 | three-dot diff origin/main...head: NON_EMPTY (166 paths) | GitHub target diff: 16 files, +1124/-15 | GitHub mergeability: MERGEABLE/UNSTABLE | branch ancestry: 189 open ancestors, 25 open descendants; base=cursor/telemetry-ingestion-enforcement-26b5 | file overlap: 16 paths overlap 553 open PRs","Phase 2: review the cumulative stack tip first, then evaluate ancestors without treating ancestry as duplication."
719,V4.9.792 — Booking planner frontend pagination wiring (Prompts 26–27),true,main,cursor/booking-pagination-6eff,51069d1318c8192894862f27d00a7b19bd4316da,ed0091f447c7e64f8311577744176ca1423a2c31,51069d1318c8192894862f27d00a7b19bd4316da,2,26,bookings,true,true,false,false,NON_EMPTY,687,726,UNKNOWN,FAILURE,STACKED,HIGH,"commit reachability: 0/2 PR commits reachable from origin/main | patch equivalence: GIT_CHERRY_HAS_UNMATCHED_PATCHES; git cherry equivalent=0, unmatched=2, unrepresented=0 | three-dot diff origin/main...head: NON_EMPTY (26 paths) | GitHub target diff: 26 files, +1705/-166 | GitHub mergeability: UNKNOWN/UNKNOWN | branch ancestry: 179 open ancestors, 4 open descendants; base=main | file overlap: 26 paths overlap 576 open PRs","Phase 2: review the cumulative stack tip first, then evaluate ancestors without treating ancestry as duplication."
720,"V4.9.802 — Vehicle Health, DTC und technische Beobachtungen geschützt (Prompt 19)",true,cursor/trip-location-enforcement-26b5,cursor/vehicle-health-enforcement-26b5,826b62db9406919dbe5b930423223430c64526d0,6646f1120309162f353169d5953e68cae8b55a2f,c2d0851d5524cde9c0ac18fed67defac8fdecf22,1,25,cross-cutting,false,true,false,false,NON_EMPTY,718,890,NO_CONFLICT_REPORTED,FAILURE,STACKED,HIGH,"commit reachability: 0/1 PR commits reachable from origin/main | patch equivalence: GIT_CHERRY_HAS_UNMATCHED_PATCHES; git cherry equivalent=0, unmatched=1, unrepresented=0 | three-dot diff origin/main...head: NON_EMPTY (185 paths) | GitHub target diff: 25 files, +1465/-19 | GitHub mergeability: MERGEABLE/UNSTABLE | branch ancestry: 190 open ancestors, 24 open descendants; base=cursor/trip-location-enforcement-26b5 | file overlap: 25 paths overlap 554 open PRs","Phase 2: review the cumulative stack tip first, then evaluate ancestors without treating ancestry as duplication."
721,V4.9.793 — Unified booking edit command layer (Prompt 28),true,main,cursor/booking-edit-commands-6eff,51069d1318c8192894862f27d00a7b19bd4316da,f5e1adff6a7f8926a8058d9ea3743b89d3107669,51069d1318c8192894862f27d00a7b19bd4316da,4,40,cross-cutting,true,true,false,false,NON_EMPTY,719,726,UNKNOWN,FAILURE,STACKED,HIGH,"commit reachability: 0/4 PR commits reachable from origin/main | patch equivalence: GIT_CHERRY_HAS_UNMATCHED_PATCHES; git cherry equivalent=0, unmatched=4, unrepresented=0 | three-dot diff origin/main...head: NON_EMPTY (40 paths) | GitHub target diff: 40 files, +2625/-535 | GitHub mergeability: UNKNOWN/UNKNOWN | branch ancestry: 180 open ancestors, 3 open descendants; base=main | file overlap: 40 paths overlap 576 open PRs","Phase 2: review the cumulative stack tip first, then evaluate ancestors without treating ancestry as duplication."
722,"V4.9.803 — Driving Behavior, Misuse und Profiling Enforcement (Prompt 20)",true,cursor/vehicle-health-enforcement-26b5,cursor/driving-behavior-enforcement-26b5,6646f1120309162f353169d5953e68cae8b55a2f,542e7538dc83544eff087c47b93bd5402984be0e,c2d0851d5524cde9c0ac18fed67defac8fdecf22,1,22,cross-cutting,false,true,false,false,NON_EMPTY,720,890,NO_CONFLICT_REPORTED,FAILURE,STACKED,HIGH,"commit reachability: 0/1 PR commits reachable from origin/main | patch equivalence: GIT_CHERRY_HAS_UNMATCHED_PATCHES; git cherry equivalent=0, unmatched=1, unrepresented=0 | three-dot diff origin/main...head: NON_EMPTY (200 paths) | GitHub target diff: 22 files, +1335/-18 | GitHub mergeability: MERGEABLE/UNSTABLE | branch ancestry: 191 open ancestors, 23 open descendants; base=cursor/vehicle-health-enforcement-26b5 | file overlap: 22 paths overlap 554 open PRs","Phase 2: review the cumulative stack tip first, then evaluate ancestors without treating ancestry as duplication."
723,feat(bookings): canonical org timezone strategy (Prompt 29),true,main,cursor/booking-timezone-6eff,51069d1318c8192894862f27d00a7b19bd4316da,2e1ec1462bb35ebdae8d7eb1369824fad1a961ab,51069d1318c8192894862f27d00a7b19bd4316da,5,59,cross-cutting,true,true,false,false,NON_EMPTY,721,726,UNKNOWN,FAILURE,STACKED,HIGH,"commit reachability: 0/5 PR commits reachable from origin/main | patch equivalence: GIT_CHERRY_HAS_UNMATCHED_PATCHES; git cherry equivalent=0, unmatched=5, unrepresented=0 | three-dot diff origin/main...head: NON_EMPTY (59 paths) | GitHub target diff: 59 files, +3542/-623 | GitHub mergeability: UNKNOWN/UNKNOWN | branch ancestry: 181 open ancestors, 2 open descendants; base=main | file overlap: 59 paths overlap 576 open PRs","Phase 2: review the cumulative stack tip first, then evaluate ancestors without treating ancestry as duplication."
724,"fix(bookings): calendar & timeline range, navigation, overlap (Prompt 30)",true,main,cursor/booking-calendar-timeline-6eff,51069d1318c8192894862f27d00a7b19bd4316da,543aeeaa0835da1a578e2091dedcd6d6a4f594bf,51069d1318c8192894862f27d00a7b19bd4316da,6,67,cross-cutting,true,true,false,false,NON_EMPTY,723,726,UNKNOWN,FAILURE,STACKED,HIGH,"commit reachability: 0/6 PR commits reachable from origin/main | patch equivalence: GIT_CHERRY_HAS_UNMATCHED_PATCHES; git cherry equivalent=0, unmatched=6, unrepresented=0 | three-dot diff origin/main...head: NON_EMPTY (67 paths) | GitHub target diff: 67 files, +4404/-688 | GitHub mergeability: UNKNOWN/UNKNOWN | branch ancestry: 182 open ancestors, 1 open descendants; base=main | file overlap: 67 paths overlap 576 open PRs","Phase 2: review the cumulative stack tip first, then evaluate ancestors without treating ancestry as duplication."
725,V4.9.804 — Alerts und Notifications authorization-aware (Prompt 21),true,cursor/driving-behavior-enforcement-26b5,cursor/notification-authorization-26b5,542e7538dc83544eff087c47b93bd5402984be0e,52ecb5ad141297c8160cd45b8876c4565142440a,c2d0851d5524cde9c0ac18fed67defac8fdecf22,1,28,cross-cutting,false,true,false,false,NON_EMPTY,722,890,NO_CONFLICT_REPORTED,FAILURE,STACKED,HIGH,"commit reachability: 0/1 PR commits reachable from origin/main | patch equivalence: GIT_CHERRY_HAS_UNMATCHED_PATCHES; git cherry equivalent=0, unmatched=1, unrepresented=0 | three-dot diff origin/main...head: NON_EMPTY (221 paths) | GitHub target diff: 28 files, +1650/-28 | GitHub mergeability: MERGEABLE/UNSTABLE | branch ancestry: 192 open ancestors, 22 open descendants; base=cursor/driving-behavior-enforcement-26b5 | file overlap: 28 paths overlap 554 open PRs","Phase 2: review the cumulative stack tip first, then evaluate ancestors without treating ancestry as duplication."
726,"V4.9.796 — Booking mobile, touch & accessibility (Prompt 31)",true,main,cursor/booking-a11y-mobile-6eff,51069d1318c8192894862f27d00a7b19bd4316da,eb4e82958a2e083971f83e30de2a289cc6873804,51069d1318c8192894862f27d00a7b19bd4316da,7,75,cross-cutting,true,true,false,false,NON_EMPTY,724,726,UNKNOWN,FAILURE,CUMULATIVE_STACK_TIP,HIGH,"commit reachability: 0/7 PR commits reachable from origin/main | patch equivalence: GIT_CHERRY_HAS_UNMATCHED_PATCHES; git cherry equivalent=0, unmatched=7, unrepresented=0 | three-dot diff origin/main...head: NON_EMPTY (75 paths) | GitHub target diff: 75 files, +4866/-954 | GitHub mergeability: UNKNOWN/UNKNOWN | branch ancestry: 183 open ancestors, 0 open descendants; base=main | file overlap: 70 paths overlap 576 open PRs","Phase 2: review the cumulative stack tip first, then evaluate ancestors without treating ancestry as duplication."
727,"V4.9.805 — External access enforcement for export, AI, MCP, and partner paths (Prompt 22)",true,cursor/notification-authorization-26b5,cursor/external-access-enforcement-26b5,52ecb5ad141297c8160cd45b8876c4565142440a,a2e87245f07ac96c798c6ad9e51bde02348fd323,c2d0851d5524cde9c0ac18fed67defac8fdecf22,1,29,cross-cutting,false,true,false,false,NON_EMPTY,725,890,NO_CONFLICT_REPORTED,FAILURE,STACKED,HIGH,"commit reachability: 0/1 PR commits reachable from origin/main | patch equivalence: GIT_CHERRY_HAS_UNMATCHED_PATCHES; git cherry equivalent=0, unmatched=1, unrepresented=0 | three-dot diff origin/main...head: NON_EMPTY (245 paths) | GitHub target diff: 29 files, +1525/-19 | GitHub mergeability: MERGEABLE/UNSTABLE | branch ancestry: 193 open ancestors, 21 open descendants; base=cursor/notification-authorization-26b5 | file overlap: 29 paths overlap 556 open PRs","Phase 2: review the cumulative stack tip first, then evaluate ancestors without treating ancestry as duplication."
728,V4.9.797 — Booking i18n & payment intent taxonomy (Prompt 32),true,main,cursor/booking-i18n-payment-6eff,51069d1318c8192894862f27d00a7b19bd4316da,1ffc510edc550f4dbf2936e2983ba3bd0c663d66,51069d1318c8192894862f27d00a7b19bd4316da,1,23,cross-cutting,true,true,false,false,NON_EMPTY,687,728,UNKNOWN,FAILURE,CUMULATIVE_STACK_TIP,HIGH,"commit reachability: 0/1 PR commits reachable from origin/main | patch equivalence: GIT_CHERRY_HAS_UNMATCHED_PATCHES; git cherry equivalent=0, unmatched=1, unrepresented=0 | three-dot diff origin/main...head: NON_EMPTY (23 paths) | GitHub target diff: 23 files, +629/-141 | GitHub mergeability: UNKNOWN/UNKNOWN | branch ancestry: 179 open ancestors, 0 open descendants; base=main | file overlap: 14 paths overlap 554 open PRs","Phase 2: review the cumulative stack tip first, then evaluate ancestors without treating ancestry as duplication."
729,V4.9.806 — Enforcement coverage registry and readiness status (Prompt 23),true,cursor/external-access-enforcement-26b5,cursor/enforcement-coverage-registry-26b5,a2e87245f07ac96c798c6ad9e51bde02348fd323,46dd11c7b6b62aeab44cf717ec81314d97e5fd55,c2d0851d5524cde9c0ac18fed67defac8fdecf22,1,18,cross-cutting,false,true,false,false,NON_EMPTY,727,729,NO_CONFLICT_REPORTED,FAILURE,CUMULATIVE_STACK_TIP,HIGH,"commit reachability: 0/1 PR commits reachable from origin/main | patch equivalence: GIT_CHERRY_HAS_UNMATCHED_PATCHES; git cherry equivalent=0, unmatched=1, unrepresented=0 | three-dot diff origin/main...head: NON_EMPTY (258 paths) | GitHub target diff: 18 files, +1442/-1 | GitHub mergeability: MERGEABLE/UNSTABLE | branch ancestry: 194 open ancestors, 0 open descendants; base=cursor/external-access-enforcement-26b5 | file overlap: 18 paths overlap 552 open PRs","Phase 2: review the cumulative stack tip first, then evaluate ancestors without treating ancestry as duplication."
730,V4.9.807 — Persistent Revocation Orchestrator (Prompt 24),true,cursor/enforcement-coverage-registry-26b5,cursor/revocation-orchestrator-26b5,46dd11c7b6b62aeab44cf717ec81314d97e5fd55,566065f066ca1aba3d3fa9f97bca23cebe9d3a4d,c2d0851d5524cde9c0ac18fed67defac8fdecf22,2,38,cross-cutting,false,true,false,false,NON_EMPTY,729,890,CONFLICTING,NO_CHECKS_REPORTED,STACKED,HIGH,"commit reachability: 0/2 PR commits reachable from origin/main | patch equivalence: GIT_CHERRY_HAS_UNMATCHED_PATCHES; git cherry equivalent=0, unmatched=2, unrepresented=0 | three-dot diff origin/main...head: NON_EMPTY (270 paths) | GitHub target diff: 38 files, +3974/-12 | GitHub mergeability: CONFLICTING/DIRTY | branch ancestry: 194 open ancestors, 19 open descendants; base=cursor/enforcement-coverage-registry-26b5 | file overlap: 38 paths overlap 567 open PRs","Phase 2: review the cumulative stack tip first, then evaluate ancestors without treating ancestry as duplication."
732,V4.9.808 — Fail-closed Deny Switch with Redis propagation (Prompt 25),true,cursor/revocation-orchestrator-26b5,cursor/deny-switch-26b5,566065f066ca1aba3d3fa9f97bca23cebe9d3a4d,9d958453bc8afbc7b80ce7aff5f82598f1f2e970,c2d0851d5524cde9c0ac18fed67defac8fdecf22,1,29,workflow-automation,false,true,false,false,NON_EMPTY,730,890,NO_CONFLICT_REPORTED,FAILURE,STACKED,HIGH,"commit reachability: 0/1 PR commits reachable from origin/main | patch equivalence: GIT_CHERRY_HAS_UNMATCHED_PATCHES; git cherry equivalent=0, unmatched=1, unrepresented=0 | three-dot diff origin/main...head: NON_EMPTY (284 paths) | GitHub target diff: 29 files, +1903/-9 | GitHub mergeability: MERGEABLE/UNSTABLE | branch ancestry: 195 open ancestors, 18 open descendants; base=cursor/revocation-orchestrator-26b5 | file overlap: 29 paths overlap 567 open PRs","Phase 2: review the cumulative stack tip first, then evaluate ancestors without treating ancestry as duplication."
734,V4.9.809 — ProviderAccessGrant consolidation with internal policies (Prompt 26),true,cursor/deny-switch-26b5,cursor/provider-grant-consolidation-26b5,9d958453bc8afbc7b80ce7aff5f82598f1f2e970,082464aae4a8eea85350291a0a93f946d712a3cb,c2d0851d5524cde9c0ac18fed67defac8fdecf22,1,22,cross-cutting,false,true,false,false,NON_EMPTY,732,890,NO_CONFLICT_REPORTED,FAILURE,STACKED,HIGH,"commit reachability: 0/1 PR commits reachable from origin/main | patch equivalence: GIT_CHERRY_HAS_UNMATCHED_PATCHES; git cherry equivalent=0, unmatched=1, unrepresented=0 | three-dot diff origin/main...head: NON_EMPTY (294 paths) | GitHub target diff: 22 files, +1284/-35 | GitHub mergeability: MERGEABLE/UNSTABLE | branch ancestry: 196 open ancestors, 17 open descendants; base=cursor/deny-switch-26b5 | file overlap: 22 paths overlap 570 open PRs","Phase 2: review the cumulative stack tip first, then evaluate ancestors without treating ancestry as duplication."
735,V4.9.810 — Revocation queue & worker control (Prompt 27),true,cursor/provider-grant-consolidation-26b5,cursor/revocation-queue-control-26b5,082464aae4a8eea85350291a0a93f946d712a3cb,9c1d6c231bc257de310d4e8357ae451eb3076689,c2d0851d5524cde9c0ac18fed67defac8fdecf22,1,24,cross-cutting,false,true,false,false,NON_EMPTY,734,890,NO_CONFLICT_REPORTED,FAILURE,STACKED,HIGH,"commit reachability: 0/1 PR commits reachable from origin/main | patch equivalence: GIT_CHERRY_HAS_UNMATCHED_PATCHES; git cherry equivalent=0, unmatched=1, unrepresented=0 | three-dot diff origin/main...head: NON_EMPTY (309 paths) | GitHub target diff: 24 files, +1812/-76 | GitHub mergeability: MERGEABLE/UNSTABLE | branch ancestry: 197 open ancestors, 16 open descendants; base=cursor/provider-grant-consolidation-26b5 | file overlap: 24 paths overlap 568 open PRs","Phase 2: review the cumulative stack tip first, then evaluate ancestors without treating ancestry as duplication."
736,feat(data-auth): Policy Lifecycle Status Semantics (Prompt 28),true,cursor/revocation-queue-control-26b5,cursor/policy-lifecycle-semantics-26b5,9c1d6c231bc257de310d4e8357ae451eb3076689,b93fec4bd133c120c629bf764480d9dadb269fca,c2d0851d5524cde9c0ac18fed67defac8fdecf22,1,26,cross-cutting,false,true,false,false,NON_EMPTY,735,890,NO_CONFLICT_REPORTED,FAILURE,STACKED,HIGH,"commit reachability: 0/1 PR commits reachable from origin/main | patch equivalence: GIT_CHERRY_HAS_UNMATCHED_PATCHES; git cherry equivalent=0, unmatched=1, unrepresented=0 | three-dot diff origin/main...head: NON_EMPTY (318 paths) | GitHub target diff: 26 files, +1523/-15 | GitHub mergeability: MERGEABLE/UNSTABLE | branch ancestry: 198 open ancestors, 15 open descendants; base=cursor/revocation-queue-control-26b5 | file overlap: 26 paths overlap 553 open PRs","Phase 2: review the cumulative stack tip first, then evaluate ancestors without treating ancestry as duplication."
737,feat(data-auth): Art. 30 Processing Activity Register (Prompt 29),true,cursor/policy-lifecycle-semantics-26b5,cursor/processing-activity-register-26b5,b93fec4bd133c120c629bf764480d9dadb269fca,a3a4957a8c76d0853a1078c936c0e8741507f792,c2d0851d5524cde9c0ac18fed67defac8fdecf22,1,19,cross-cutting,false,true,false,false,NON_EMPTY,736,890,NO_CONFLICT_REPORTED,FAILURE,STACKED,HIGH,"commit reachability: 0/1 PR commits reachable from origin/main | patch equivalence: GIT_CHERRY_HAS_UNMATCHED_PATCHES; git cherry equivalent=0, unmatched=1, unrepresented=0 | three-dot diff origin/main...head: NON_EMPTY (331 paths) | GitHub target diff: 19 files, +2075/-0 | GitHub mergeability: MERGEABLE/UNSTABLE | branch ancestry: 199 open ancestors, 14 open descendants; base=cursor/policy-lifecycle-semantics-26b5 | file overlap: 19 paths overlap 566 open PRs","Phase 2: review the cumulative stack tip first, then evaluate ancestors without treating ancestry as duplication."
738,V4.9.813 — DPIA Workflow & Privacy Risk Assessment (Prompt 30),true,cursor/processing-activity-register-26b5,cursor/dpia-workflow-26b5,a3a4957a8c76d0853a1078c936c0e8741507f792,c24c8aba36211ef62cdb6a4236821179d50c8bd7,c2d0851d5524cde9c0ac18fed67defac8fdecf22,1,24,cross-cutting,false,true,false,false,NON_EMPTY,737,890,NO_CONFLICT_REPORTED,FAILURE,STACKED,HIGH,"commit reachability: 0/1 PR commits reachable from origin/main | patch equivalence: GIT_CHERRY_HAS_UNMATCHED_PATCHES; git cherry equivalent=0, unmatched=1, unrepresented=0 | three-dot diff origin/main...head: NON_EMPTY (343 paths) | GitHub target diff: 24 files, +2024/-10 | GitHub mergeability: MERGEABLE/UNSTABLE | branch ancestry: 200 open ancestors, 13 open descendants; base=cursor/processing-activity-register-26b5 | file overlap: 24 paths overlap 566 open PRs","Phase 2: review the cumulative stack tip first, then evaluate ancestors without treating ancestry as duplication."
739,"V4.9.814 — Processor, DPA, Subprocessor & Drittlandtransfer (Prompt 31)",true,cursor/dpia-workflow-26b5,cursor/processor-dpa-management-26b5,c24c8aba36211ef62cdb6a4236821179d50c8bd7,723a7d135026e2a32c42a9d010f1bdeba88ea411,c2d0851d5524cde9c0ac18fed67defac8fdecf22,1,26,cross-cutting,false,true,false,false,NON_EMPTY,738,890,NO_CONFLICT_REPORTED,FAILURE,STACKED,HIGH,"commit reachability: 0/1 PR commits reachable from origin/main | patch equivalence: GIT_CHERRY_HAS_UNMATCHED_PATCHES; git cherry equivalent=0, unmatched=1, unrepresented=0 | three-dot diff origin/main...head: NON_EMPTY (356 paths) | GitHub target diff: 26 files, +2368/-35 | GitHub mergeability: MERGEABLE/UNSTABLE | branch ancestry: 201 open ancestors, 12 open descendants; base=cursor/dpia-workflow-26b5 | file overlap: 26 paths overlap 566 open PRs","Phase 2: review the cumulative stack tip first, then evaluate ancestors without treating ancestry as duplication."
740,"V4.9.815 — Retention, Löschung & Legal Hold (Prompt 32)",true,cursor/processor-dpa-management-26b5,cursor/retention-deletion-legal-hold-26b5,723a7d135026e2a32c42a9d010f1bdeba88ea411,cc76e872061ed5867188d6812b7d03b509e22931,c2d0851d5524cde9c0ac18fed67defac8fdecf22,1,21,cross-cutting,false,true,false,false,NON_EMPTY,739,890,NO_CONFLICT_REPORTED,FAILURE,STACKED,HIGH,"commit reachability: 0/1 PR commits reachable from origin/main | patch equivalence: GIT_CHERRY_HAS_UNMATCHED_PATCHES; git cherry equivalent=0, unmatched=1, unrepresented=0 | three-dot diff origin/main...head: NON_EMPTY (369 paths) | GitHub target diff: 21 files, +2217/-0 | GitHub mergeability: MERGEABLE/UNSTABLE | branch ancestry: 202 open ancestors, 11 open descendants; base=cursor/processor-dpa-management-26b5 | file overlap: 21 paths overlap 566 open PRs","Phase 2: review the cumulative stack tip first, then evaluate ancestors without treating ancestry as duplication."
741,V4.9.816 — Compliance Evidence & prüfbare Reports (Prompt 33),true,cursor/retention-deletion-legal-hold-26b5,cursor/compliance-evidence-26b5,cc76e872061ed5867188d6812b7d03b509e22931,ae301b2832574daf8a775d8328785715dfd9b90d,c2d0851d5524cde9c0ac18fed67defac8fdecf22,1,19,cross-cutting,false,true,false,false,NON_EMPTY,740,890,NO_CONFLICT_REPORTED,FAILURE,STACKED,HIGH,"commit reachability: 0/1 PR commits reachable from origin/main | patch equivalence: GIT_CHERRY_HAS_UNMATCHED_PATCHES; git cherry equivalent=0, unmatched=1, unrepresented=0 | three-dot diff origin/main...head: NON_EMPTY (382 paths) | GitHub target diff: 19 files, +1695/-0 | GitHub mergeability: MERGEABLE/UNSTABLE | branch ancestry: 203 open ancestors, 10 open descendants; base=cursor/retention-deletion-legal-hold-26b5 | file overlap: 19 paths overlap 566 open PRs","Phase 2: review the cumulative stack tip first, then evaluate ancestors without treating ancestry as duplication."
742,V4.9.817 — Datenverarbeitung & Freigaben IA (Prompt 34),true,cursor/compliance-evidence-26b5,cursor/data-processing-information-architecture-26b5,ae301b2832574daf8a775d8328785715dfd9b90d,99b749daee3ccc0998b9fe8fbbe246f90685eaaa,c2d0851d5524cde9c0ac18fed67defac8fdecf22,2,24,unknown,false,true,false,false,NON_EMPTY,741,890,NO_CONFLICT_REPORTED,FAILURE,STACKED,HIGH,"commit reachability: 0/2 PR commits reachable from origin/main | patch equivalence: GIT_CHERRY_HAS_UNMATCHED_PATCHES; git cherry equivalent=0, unmatched=2, unrepresented=0 | three-dot diff origin/main...head: NON_EMPTY (404 paths) | GitHub target diff: 24 files, +2359/-626 | GitHub mergeability: MERGEABLE/UNSTABLE | branch ancestry: 204 open ancestors, 9 open descendants; base=cursor/compliance-evidence-26b5 | file overlap: 24 paths overlap 564 open PRs","Phase 2: review the cumulative stack tip first, then evaluate ancestors without treating ancestry as duplication."
743,V4.9.818 — Geführter Erstellungs-Wizard (Prompt 35),true,cursor/data-processing-information-architecture-26b5,cursor/data-processing-wizard-26b5,99b749daee3ccc0998b9fe8fbbe246f90685eaaa,438f757d3fce17b4bf75991dc08baec41e4db47d,c2d0851d5524cde9c0ac18fed67defac8fdecf22,1,18,unknown,false,true,false,false,NON_EMPTY,742,890,NO_CONFLICT_REPORTED,FAILURE,STACKED,HIGH,"commit reachability: 0/1 PR commits reachable from origin/main | patch equivalence: GIT_CHERRY_HAS_UNMATCHED_PATCHES; git cherry equivalent=0, unmatched=1, unrepresented=0 | three-dot diff origin/main...head: NON_EMPTY (415 paths) | GitHub target diff: 18 files, +2440/-5 | GitHub mergeability: MERGEABLE/UNSTABLE | branch ancestry: 205 open ancestors, 8 open descendants; base=cursor/data-processing-information-architecture-26b5 | file overlap: 18 paths overlap 244 open PRs","Phase 2: review the cumulative stack tip first, then evaluate ancestors without treating ancestry as duplication."
744,V4.9.819 — Data processing detail views & lifecycle dialogs (Prompt 36),true,cursor/data-processing-wizard-26b5,cursor/data-processing-detail-views-26b5,438f757d3fce17b4bf75991dc08baec41e4db47d,e66c899e43a7cf9ec2a3e3ac9af61dd9d9547b54,c2d0851d5524cde9c0ac18fed67defac8fdecf22,1,34,workflow-automation,false,true,false,false,NON_EMPTY,743,890,NO_CONFLICT_REPORTED,FAILURE,STACKED,HIGH,"commit reachability: 0/1 PR commits reachable from origin/main | patch equivalence: GIT_CHERRY_HAS_UNMATCHED_PATCHES; git cherry equivalent=0, unmatched=1, unrepresented=0 | three-dot diff origin/main...head: NON_EMPTY (439 paths) | GitHub target diff: 34 files, +3377/-29 | GitHub mergeability: MERGEABLE/UNSTABLE | branch ancestry: 206 open ancestors, 7 open descendants; base=cursor/data-processing-wizard-26b5 | file overlap: 34 paths overlap 564 open PRs","Phase 2: review the cumulative stack tip first, then evaluate ancestors without treating ancestry as duplication."
745,"V4.9.820 — KPI, Filter, Pagination & Performance (Prompt 37)",true,cursor/data-processing-detail-views-26b5,cursor/data-processing-kpi-filters-26b5,e66c899e43a7cf9ec2a3e3ac9af61dd9d9547b54,d80610e42ec3dcd8333f91b4feca70708e40d06c,c2d0851d5524cde9c0ac18fed67defac8fdecf22,1,40,observability,false,true,false,false,NON_EMPTY,744,890,NO_CONFLICT_REPORTED,FAILURE,STACKED,HIGH,"commit reachability: 0/1 PR commits reachable from origin/main | patch equivalence: GIT_CHERRY_HAS_UNMATCHED_PATCHES; git cherry equivalent=0, unmatched=1, unrepresented=0 | three-dot diff origin/main...head: NON_EMPTY (457 paths) | GitHub target diff: 40 files, +2568/-520 | GitHub mergeability: MERGEABLE/UNSTABLE | branch ancestry: 207 open ancestors, 6 open descendants; base=cursor/data-processing-detail-views-26b5 | file overlap: 40 paths overlap 565 open PRs","Phase 2: review the cumulative stack tip first, then evaluate ancestors without treating ancestry as duplication."
746,"feat(data-processing): mobile, i18n, and accessibility audit (Prompt 38)",true,cursor/data-processing-kpi-filters-26b5,cursor/data-processing-a11y-i18n-26b5,d80610e42ec3dcd8333f91b4feca70708e40d06c,6523ae79df63dccf03f15417f0886c0a0de58cfb,c2d0851d5524cde9c0ac18fed67defac8fdecf22,1,30,cross-cutting,false,true,false,false,NON_EMPTY,745,890,NO_CONFLICT_REPORTED,FAILURE,STACKED,HIGH,"commit reachability: 0/1 PR commits reachable from origin/main | patch equivalence: GIT_CHERRY_HAS_UNMATCHED_PATCHES; git cherry equivalent=0, unmatched=1, unrepresented=0 | three-dot diff origin/main...head: NON_EMPTY (466 paths) | GitHub target diff: 30 files, +780/-73 | GitHub mergeability: MERGEABLE/UNSTABLE | branch ancestry: 208 open ancestors, 5 open descendants; base=cursor/data-processing-kpi-filters-26b5 | file overlap: 30 paths overlap 553 open PRs","Phase 2: review the cumulative stack tip first, then evaluate ancestors without treating ancestry as duplication."
747,test(data-auth): PostgreSQL integration and security negative suite (Prompt 39),true,cursor/data-processing-a11y-i18n-26b5,cursor/data-auth-backend-tests-26b5,6523ae79df63dccf03f15417f0886c0a0de58cfb,21e15d444d3cffcb853a83b49c78b9a84999bf5f,c2d0851d5524cde9c0ac18fed67defac8fdecf22,1,10,cross-cutting,false,true,false,false,NON_EMPTY,746,890,NO_CONFLICT_REPORTED,FAILURE,STACKED,HIGH,"commit reachability: 0/1 PR commits reachable from origin/main | patch equivalence: GIT_CHERRY_HAS_UNMATCHED_PATCHES; git cherry equivalent=0, unmatched=1, unrepresented=0 | three-dot diff origin/main...head: NON_EMPTY (473 paths) | GitHub target diff: 10 files, +1619/-0 | GitHub mergeability: MERGEABLE/UNSTABLE | branch ancestry: 209 open ancestors, 4 open descendants; base=cursor/data-processing-a11y-i18n-26b5 | file overlap: 10 paths overlap 545 open PRs","Phase 2: review the cumulative stack tip first, then evaluate ancestors without treating ancestry as duplication."
748,V4.9.823 — Data Processing E2E flow tests (Prompt 40),true,cursor/data-auth-backend-tests-26b5,cursor/data-processing-e2e-flow-26b5,21e15d444d3cffcb853a83b49c78b9a84999bf5f,2bc4237497fb33b54b1d99c1cd0ae586cff30268,c2d0851d5524cde9c0ac18fed67defac8fdecf22,1,9,unknown,false,true,false,false,NON_EMPTY,747,890,NO_CONFLICT_REPORTED,FAILURE,STACKED,HIGH,"commit reachability: 0/1 PR commits reachable from origin/main | patch equivalence: GIT_CHERRY_HAS_UNMATCHED_PATCHES; git cherry equivalent=0, unmatched=1, unrepresented=0 | three-dot diff origin/main...head: NON_EMPTY (480 paths) | GitHub target diff: 9 files, +1418/-2 | GitHub mergeability: MERGEABLE/UNSTABLE | branch ancestry: 210 open ancestors, 3 open descendants; base=cursor/data-auth-backend-tests-26b5 | file overlap: 9 paths overlap 544 open PRs","Phase 2: review the cumulative stack tip first, then evaluate ancestors without treating ancestry as duplication."
749,"feat(data-auth): monitoring, alerts, and mandatory CI gates (Prompt 41)",true,main,cursor/data-auth-monitoring-ci-26b5,51069d1318c8192894862f27d00a7b19bd4316da,63e8c8e10a169eda4f34a57f2408bf4a5205eb82,c2d0851d5524cde9c0ac18fed67defac8fdecf22,42,502,cross-cutting,true,true,false,false,NON_EMPTY,748,890,UNKNOWN,FAILURE,STACKED,HIGH,"commit reachability: 0/42 PR commits reachable from origin/main | patch equivalence: GIT_CHERRY_HAS_UNMATCHED_PATCHES; git cherry equivalent=0, unmatched=42, unrepresented=0 | three-dot diff origin/main...head: NON_EMPTY (502 paths) | GitHub target diff: 502 files, +65743/-1640 | GitHub mergeability: UNKNOWN/UNKNOWN | branch ancestry: 211 open ancestors, 2 open descendants; base=main | file overlap: 502 paths overlap 583 open PRs","Phase 2: review the cumulative stack tip first, then evaluate ancestors without treating ancestry as duplication."
751,"audit(vehicle-detail): dependency map, canonical sources, and baseline",true,main,cursor/vehicle-detail-dependency-map-af44,b88f11b05412db6c03d9c04fa334f88524f5d437,4ef38635dc93a02f894190c2d0382ee3e6d5bcc6,51069d1318c8192894862f27d00a7b19bd4316da,12,67,cross-cutting,true,true,false,false,NON_EMPTY,687,781,UNKNOWN,FAILURE,STACKED,HIGH,"commit reachability: 0/12 PR commits reachable from origin/main | patch equivalence: GIT_CHERRY_HAS_UNMATCHED_PATCHES; git cherry equivalent=0, unmatched=12, unrepresented=0 | three-dot diff origin/main...head: NON_EMPTY (67 paths) | GitHub target diff: 67 files, +7886/-637 | GitHub mergeability: UNKNOWN/UNKNOWN | branch ancestry: 179 open ancestors, 14 open descendants; base=main | file overlap: 67 paths overlap 245 open PRs","Phase 2: review the cumulative stack tip first, then evaluate ancestors without treating ancestry as duplication."
753,"Data Auth: migration fix, staging verification, production shadow rollout (Prompt 42–43)",true,main,cursor/data-auth-migration-fix-26b5,57f6b06fbf1b5e9c942206b09163d96f3ead443a,1faf06e475917931fc31a56e4a3e33608313e553,c2d0851d5524cde9c0ac18fed67defac8fdecf22,60,506,cross-cutting,true,true,false,false,NON_EMPTY,749,890,CONFLICTING,FAILURE,STACKED,HIGH,"commit reachability: 0/60 PR commits reachable from origin/main | patch equivalence: GIT_CHERRY_HAS_UNMATCHED_PATCHES; git cherry equivalent=0, unmatched=60, unrepresented=0 | three-dot diff origin/main...head: NON_EMPTY (506 paths) | GitHub target diff: 506 files, +66058/-1645 | GitHub mergeability: CONFLICTING/DIRTY | branch ancestry: 212 open ancestors, 1 open descendants; base=main | file overlap: 503 paths overlap 583 open PRs","Phase 2: review the cumulative stack tip first, then evaluate ancestors without treating ancestry as duplication."
754,"Auswertungen: metric registry, calculation versioning, timezone period model (Prompts 5–7/54)",true,main,cursor/evaluations-timezone-period-8427,57f6b06fbf1b5e9c942206b09163d96f3ead443a,f23e6bdab173c9e4705f56316737a2497d147ae1,312ee93f5315af7c8a4474a5014976a68584a7c6,8,62,evaluations,true,true,false,false,NON_EMPTY,687,765,UNKNOWN,FAILURE,STACKED,HIGH,"commit reachability: 7/8 PR commits reachable from origin/main | patch equivalence: GIT_CHERRY_HAS_UNMATCHED_PATCHES; git cherry equivalent=0, unmatched=1, unrepresented=0 | three-dot diff origin/main...head: NON_EMPTY (22 paths) | GitHub target diff: 62 files, +7958/-43 | GitHub mergeability: UNKNOWN/UNKNOWN | branch ancestry: 179 open ancestors, 6 open descendants; base=main | file overlap: 62 paths overlap 577 open PRs","Phase 2: review the cumulative stack tip first, then evaluate ancestors without treating ancestry as duplication."
755,"Auswertungen: registry, versioning, periods, unified KPI contract (Prompts 5–8/54)",true,main,cursor/evaluations-metric-response-8427,57f6b06fbf1b5e9c942206b09163d96f3ead443a,59cbd9f1f8f2e5f55601b5f2385f9fc5701c49b2,312ee93f5315af7c8a4474a5014976a68584a7c6,9,74,evaluations,true,true,false,false,NON_EMPTY,754,765,UNKNOWN,FAILURE,STACKED,HIGH,"commit reachability: 7/9 PR commits reachable from origin/main | patch equivalence: GIT_CHERRY_HAS_UNMATCHED_PATCHES; git cherry equivalent=0, unmatched=2, unrepresented=0 | three-dot diff origin/main...head: NON_EMPTY (34 paths) | GitHub target diff: 74 files, +9398/-43 | GitHub mergeability: UNKNOWN/UNKNOWN | branch ancestry: 180 open ancestors, 5 open descendants; base=main | file overlap: 74 paths overlap 577 open PRs","Phase 2: review the cumulative stack tip first, then evaluate ancestors without treating ancestry as duplication."
756,V4.9.807–808 — Money Domain Model + Auswertungen Migration (Prompts 9–10/54),true,main,cursor/money-domain-model-8427,57f6b06fbf1b5e9c942206b09163d96f3ead443a,de17de779d1c3a5de9358268ecbc50da98270849,312ee93f5315af7c8a4474a5014976a68584a7c6,11,96,cross-cutting,true,true,false,false,NON_EMPTY,755,765,UNKNOWN,FAILURE,STACKED,HIGH,"commit reachability: 7/11 PR commits reachable from origin/main | patch equivalence: GIT_CHERRY_HAS_UNMATCHED_PATCHES; git cherry equivalent=0, unmatched=4, unrepresented=0 | three-dot diff origin/main...head: NON_EMPTY (61 paths) | GitHub target diff: 96 files, +11078/-104 | GitHub mergeability: UNKNOWN/UNKNOWN | branch ancestry: 181 open ancestors, 4 open descendants; base=main | file overlap: 96 paths overlap 577 open PRs","Phase 2: review the cumulative stack tip first, then evaluate ancestors without treating ancestry as duplication."
757,V4.9.809 — Receivables analytics for Auswertungen (Prompt 11/54),true,main,cursor/receivables-analytics-8427,57f6b06fbf1b5e9c942206b09163d96f3ead443a,d966961c2dc9d6690f5ea21d32d8360b77c0ab1c,312ee93f5315af7c8a4474a5014976a68584a7c6,12,105,cross-cutting,true,true,false,false,NON_EMPTY,756,765,UNKNOWN,FAILURE,STACKED,HIGH,"commit reachability: 7/12 PR commits reachable from origin/main | patch equivalence: GIT_CHERRY_HAS_UNMATCHED_PATCHES; git cherry equivalent=0, unmatched=5, unrepresented=0 | three-dot diff origin/main...head: NON_EMPTY (71 paths) | GitHub target diff: 105 files, +12099/-136 | GitHub mergeability: UNKNOWN/UNKNOWN | branch ancestry: 182 open ancestors, 3 open descendants; base=main | file overlap: 105 paths overlap 577 open PRs","Phase 2: review the cumulative stack tip first, then evaluate ancestors without treating ancestry as duplication."
758,Vehicle Detail: canonical telemetry state (Prompts 12–13/36),true,main,cursor/vehicle-detail-canonical-telemetry-af44,57f6b06fbf1b5e9c942206b09163d96f3ead443a,258dce7b90ec3d791d743286f237d135b47d0d32,51069d1318c8192894862f27d00a7b19bd4316da,13,69,cross-cutting,true,true,false,false,NON_EMPTY,751,781,UNKNOWN,FAILURE,STACKED,HIGH,"commit reachability: 0/13 PR commits reachable from origin/main | patch equivalence: GIT_CHERRY_HAS_UNMATCHED_PATCHES; git cherry equivalent=0, unmatched=13, unrepresented=0 | three-dot diff origin/main...head: NON_EMPTY (69 paths) | GitHub target diff: 69 files, +8184/-642 | GitHub mergeability: UNKNOWN/UNKNOWN | branch ancestry: 180 open ancestors, 13 open descendants; base=main | file overlap: 69 paths overlap 245 open PRs","Phase 2: review the cumulative stack tip first, then evaluate ancestors without treating ancestry as duplication."
759,docs: GPS/position path inventory audit (Prompt 14/36),true,main,cursor/vehicle-detail-gps-inventory-af44,57f6b06fbf1b5e9c942206b09163d96f3ead443a,16a3a38956e18dc682c486374afaaddda6370b14,51069d1318c8192894862f27d00a7b19bd4316da,14,70,cross-cutting,true,true,false,false,NON_EMPTY,758,781,UNKNOWN,FAILURE,STACKED,HIGH,"commit reachability: 0/14 PR commits reachable from origin/main | patch equivalence: GIT_CHERRY_HAS_UNMATCHED_PATCHES; git cherry equivalent=0, unmatched=14, unrepresented=0 | three-dot diff origin/main...head: NON_EMPTY (70 paths) | GitHub target diff: 70 files, +8469/-642 | GitHub mergeability: UNKNOWN/UNKNOWN | branch ancestry: 181 open ancestors, 12 open descendants; base=main | file overlap: 70 paths overlap 245 open PRs","Phase 2: review the cumulative stack tip first, then evaluate ancestors without treating ancestry as duplication."
760,"V4.9.810 — Separate revenue, cashflow & result metrics (Prompt 12/54)",true,main,cursor/revenue-cashflow-contribution-8427,57f6b06fbf1b5e9c942206b09163d96f3ead443a,e340795d2f22198c867401becfa99217c321c0f5,312ee93f5315af7c8a4474a5014976a68584a7c6,13,112,cross-cutting,true,true,false,false,NON_EMPTY,757,765,UNKNOWN,FAILURE,STACKED,HIGH,"commit reachability: 7/13 PR commits reachable from origin/main | patch equivalence: GIT_CHERRY_HAS_UNMATCHED_PATCHES; git cherry equivalent=0, unmatched=6, unrepresented=0 | three-dot diff origin/main...head: NON_EMPTY (80 paths) | GitHub target diff: 112 files, +13201/-167 | GitHub mergeability: UNKNOWN/UNKNOWN | branch ancestry: 183 open ancestors, 2 open descendants; base=main | file overlap: 112 paths overlap 577 open PRs","Phase 2: review the cumulative stack tip first, then evaluate ancestors without treating ancestry as duplication."
761,Vehicle Detail: consolidate GPS authorization via central gate (Prompt 15/36),true,main,cursor/vehicle-detail-gps-auth-consolidation-af44,57f6b06fbf1b5e9c942206b09163d96f3ead443a,2207fea344003c81a4a17dea49f24f613abcba7b,51069d1318c8192894862f27d00a7b19bd4316da,15,81,cross-cutting,true,true,false,false,NON_EMPTY,759,781,UNKNOWN,FAILURE,STACKED,HIGH,"commit reachability: 0/15 PR commits reachable from origin/main | patch equivalence: GIT_CHERRY_HAS_UNMATCHED_PATCHES; git cherry equivalent=0, unmatched=15, unrepresented=0 | three-dot diff origin/main...head: NON_EMPTY (81 paths) | GitHub target diff: 81 files, +9216/-672 | GitHub mergeability: UNKNOWN/UNKNOWN | branch ancestry: 182 open ancestors, 11 open descendants; base=main | file overlap: 81 paths overlap 319 open PRs","Phase 2: review the cumulative stack tip first, then evaluate ancestors without treating ancestry as duplication."
762,V4.9.811 — Multi-Currency Auswertungen (Prompt 13/54),true,main,cursor/multi-currency-analytics-8427,57f6b06fbf1b5e9c942206b09163d96f3ead443a,efb3abc5feda78818a04849b19d24226c8396282,312ee93f5315af7c8a4474a5014976a68584a7c6,14,124,cross-cutting,true,true,false,false,NON_EMPTY,760,765,UNKNOWN,FAILURE,STACKED,HIGH,"commit reachability: 7/14 PR commits reachable from origin/main | patch equivalence: GIT_CHERRY_HAS_UNMATCHED_PATCHES; git cherry equivalent=0, unmatched=7, unrepresented=0 | three-dot diff origin/main...head: NON_EMPTY (92 paths) | GitHub target diff: 124 files, +14712/-167 | GitHub mergeability: UNKNOWN/UNKNOWN | branch ancestry: 184 open ancestors, 1 open descendants; base=main | file overlap: 124 paths overlap 577 open PRs","Phase 2: review the cumulative stack tip first, then evaluate ancestors without treating ancestry as duplication."
763,Vehicle Detail: secure device-connection endpoints and UI states (Prompt 16/36),true,main,cursor/vehicle-detail-device-connection-security-af44,57f6b06fbf1b5e9c942206b09163d96f3ead443a,c47634e1ece01dc5912e72a764fe2308823e07c9,51069d1318c8192894862f27d00a7b19bd4316da,16,95,cross-cutting,true,true,false,false,NON_EMPTY,761,781,UNKNOWN,FAILURE,STACKED,HIGH,"commit reachability: 0/16 PR commits reachable from origin/main | patch equivalence: GIT_CHERRY_HAS_UNMATCHED_PATCHES; git cherry equivalent=0, unmatched=16, unrepresented=0 | three-dot diff origin/main...head: NON_EMPTY (95 paths) | GitHub target diff: 95 files, +9970/-703 | GitHub mergeability: UNKNOWN/UNKNOWN | branch ancestry: 183 open ancestors, 10 open descendants; base=main | file overlap: 95 paths overlap 321 open PRs","Phase 2: review the cumulative stack tip first, then evaluate ancestors without treating ancestry as duplication."
764,feat(vehicle-detail): privacy-aware audit logging for detail page access (Prompt 17/36),true,main,cursor/vehicle-detail-privacy-audit-af44,57f6b06fbf1b5e9c942206b09163d96f3ead443a,0085151ab385516e0a867ddaf0c8bf11abb2bece,51069d1318c8192894862f27d00a7b19bd4316da,17,106,cross-cutting,true,true,false,false,NON_EMPTY,763,781,UNKNOWN,FAILURE,STACKED,HIGH,"commit reachability: 0/17 PR commits reachable from origin/main | patch equivalence: GIT_CHERRY_HAS_UNMATCHED_PATCHES; git cherry equivalent=0, unmatched=17, unrepresented=0 | three-dot diff origin/main...head: NON_EMPTY (106 paths) | GitHub target diff: 106 files, +10820/-786 | GitHub mergeability: UNKNOWN/UNKNOWN | branch ancestry: 184 open ancestors, 9 open descendants; base=main | file overlap: 106 paths overlap 322 open PRs","Phase 2: review the cumulative stack tip first, then evaluate ancestors without treating ancestry as duplication."
765,test(evaluations): comprehensive finance test suite (Prompt 14/54),true,main,cursor/evaluations-finance-tests-8427,57f6b06fbf1b5e9c942206b09163d96f3ead443a,7ab6d01dac0cf6a979c321327b03289ed31afe92,312ee93f5315af7c8a4474a5014976a68584a7c6,15,139,cross-cutting,true,true,false,false,NON_EMPTY,762,765,UNKNOWN,FAILURE,CUMULATIVE_STACK_TIP,HIGH,"commit reachability: 7/15 PR commits reachable from origin/main | patch equivalence: GIT_CHERRY_HAS_UNMATCHED_PATCHES; git cherry equivalent=0, unmatched=8, unrepresented=0 | three-dot diff origin/main...head: NON_EMPTY (108 paths) | GitHub target diff: 139 files, +15982/-167 | GitHub mergeability: UNKNOWN/UNKNOWN | branch ancestry: 185 open ancestors, 0 open descendants; base=main | file overlap: 125 paths overlap 577 open PRs","Phase 2: review the cumulative stack tip first, then evaluate ancestors without treating ancestry as duplication."
766,feat(vehicle-detail): demand-driven GPS/telemetry polling lifecycle (Prompt 18/36),true,main,cursor/vehicle-detail-polling-lifecycle-af44,57f6b06fbf1b5e9c942206b09163d96f3ead443a,75a5931acb1fefd175923ba9f78ade8df7d6efe0,51069d1318c8192894862f27d00a7b19bd4316da,18,118,cross-cutting,true,true,false,false,NON_EMPTY,764,781,UNKNOWN,FAILURE,STACKED,HIGH,"commit reachability: 0/18 PR commits reachable from origin/main | patch equivalence: GIT_CHERRY_HAS_UNMATCHED_PATCHES; git cherry equivalent=0, unmatched=18, unrepresented=0 | three-dot diff origin/main...head: NON_EMPTY (118 paths) | GitHub target diff: 118 files, +11604/-864 | GitHub mergeability: UNKNOWN/UNKNOWN | branch ancestry: 185 open ancestors, 8 open descendants; base=main | file overlap: 118 paths overlap 322 open PRs","Phase 2: review the cumulative stack tip first, then evaluate ancestors without treating ancestry as duplication."
767,feat(evaluations): separate insight summary from paginated detail (Prompt 15/54),true,main,cursor/summary-detail-separation-8427,57f6b06fbf1b5e9c942206b09163d96f3ead443a,515cd44e5b4beac30ffe8b9d63f3d941a9fb578b,57f6b06fbf1b5e9c942206b09163d96f3ead443a,1,24,evaluations,true,true,false,false,NON_EMPTY,687,808,UNKNOWN,FAILURE,STACKED,HIGH,"commit reachability: 0/1 PR commits reachable from origin/main | patch equivalence: GIT_CHERRY_HAS_UNMATCHED_PATCHES; git cherry equivalent=0, unmatched=1, unrepresented=0 | three-dot diff origin/main...head: NON_EMPTY (24 paths) | GitHub target diff: 24 files, +1370/-184 | GitHub mergeability: UNKNOWN/UNKNOWN | branch ancestry: 179 open ancestors, 23 open descendants; base=main | file overlap: 24 paths overlap 576 open PRs","Phase 2: review the cumulative stack tip first, then evaluate ancestors without treating ancestry as duplication."
768,"feat(vdp): request control, abort, and backoff for live telemetry",true,main,cursor/vehicle-detail-request-control-af44,57f6b06fbf1b5e9c942206b09163d96f3ead443a,58a5a9492339dd5e4c0b4c31be8e114028851a67,51069d1318c8192894862f27d00a7b19bd4316da,19,127,cross-cutting,true,true,false,false,NON_EMPTY,766,781,UNKNOWN,FAILURE,STACKED,HIGH,"commit reachability: 0/19 PR commits reachable from origin/main | patch equivalence: GIT_CHERRY_HAS_UNMATCHED_PATCHES; git cherry equivalent=0, unmatched=19, unrepresented=0 | three-dot diff origin/main...head: NON_EMPTY (127 paths) | GitHub target diff: 127 files, +12989/-956 | GitHub mergeability: UNKNOWN/UNKNOWN | branch ancestry: 186 open ancestors, 7 open descendants; base=main | file overlap: 127 paths overlap 322 open PRs","Phase 2: review the cumulative stack tip first, then evaluate ancestors without treating ancestry as duplication."
769,perf(vdp): live map marker animation without per-frame React state,true,main,cursor/vehicle-detail-map-animation-af44,57f6b06fbf1b5e9c942206b09163d96f3ead443a,80c6bc0f83f4902887caea9a1f00a0c37656308b,51069d1318c8192894862f27d00a7b19bd4316da,20,131,cross-cutting,true,true,false,false,NON_EMPTY,768,781,UNKNOWN,FAILURE,STACKED,HIGH,"commit reachability: 0/20 PR commits reachable from origin/main | patch equivalence: GIT_CHERRY_HAS_UNMATCHED_PATCHES; git cherry equivalent=0, unmatched=20, unrepresented=0 | three-dot diff origin/main...head: NON_EMPTY (131 paths) | GitHub target diff: 131 files, +13492/-1078 | GitHub mergeability: UNKNOWN/UNKNOWN | branch ancestry: 187 open ancestors, 6 open descendants; base=main | file overlap: 131 paths overlap 323 open PRs","Phase 2: review the cumulative stack tip first, then evaluate ancestors without treating ancestry as duplication."
770,feat(insights): typed entity references and correct grouping KPIs (Prompt 16/54),true,cursor/summary-detail-separation-8427,cursor/insight-grouping-model-8427,515cd44e5b4beac30ffe8b9d63f3d941a9fb578b,da79b28aa4ad0d84202d332c1f20e10cad8f06dd,57f6b06fbf1b5e9c942206b09163d96f3ead443a,1,23,cross-cutting,false,true,false,false,NON_EMPTY,767,808,NO_CONFLICT_REPORTED,FAILURE,STACKED,HIGH,"commit reachability: 0/1 PR commits reachable from origin/main | patch equivalence: GIT_CHERRY_HAS_UNMATCHED_PATCHES; git cherry equivalent=0, unmatched=1, unrepresented=0 | three-dot diff origin/main...head: NON_EMPTY (35 paths) | GitHub target diff: 23 files, +951/-59 | GitHub mergeability: MERGEABLE/UNSTABLE | branch ancestry: 180 open ancestors, 22 open descendants; base=cursor/summary-detail-separation-8427 | file overlap: 23 paths overlap 576 open PRs","Phase 2: review the cumulative stack tip first, then evaluate ancestors without treating ancestry as duplication."
771,fix(vdp): stabilize Mapbox instance lifecycle on live overview map,true,main,cursor/vehicle-detail-map-instance-af44,57f6b06fbf1b5e9c942206b09163d96f3ead443a,1f7967d81bc044f358116aef7fe7571941ce2c53,51069d1318c8192894862f27d00a7b19bd4316da,21,135,cross-cutting,true,true,false,false,NON_EMPTY,769,781,UNKNOWN,FAILURE,STACKED,HIGH,"commit reachability: 0/21 PR commits reachable from origin/main | patch equivalence: GIT_CHERRY_HAS_UNMATCHED_PATCHES; git cherry equivalent=0, unmatched=21, unrepresented=0 | three-dot diff origin/main...head: NON_EMPTY (135 paths) | GitHub target diff: 135 files, +14143/-1111 | GitHub mergeability: UNKNOWN/UNKNOWN | branch ancestry: 188 open ancestors, 5 open descendants; base=main | file overlap: 135 paths overlap 323 open PRs","Phase 2: review the cumulative stack tip first, then evaluate ancestors without treating ancestry as duplication."
772,"feat(vehicle-detail): live map attribution, follow mode, and error states (Prompt 22/36)",true,cursor/vehicle-detail-map-instance-af44,cursor/vehicle-detail-map-behavior-af44,1f7967d81bc044f358116aef7fe7571941ce2c53,f2a1812ba26417c95ff553a43d5418cb47902c93,51069d1318c8192894862f27d00a7b19bd4316da,1,12,vehicle-detail,false,true,false,false,NON_EMPTY,771,781,NO_CONFLICT_REPORTED,FAILURE,STACKED,HIGH,"commit reachability: 0/1 PR commits reachable from origin/main | patch equivalence: GIT_CHERRY_HAS_UNMATCHED_PATCHES; git cherry equivalent=0, unmatched=1, unrepresented=0 | three-dot diff origin/main...head: NON_EMPTY (143 paths) | GitHub target diff: 12 files, +695/-20 | GitHub mergeability: MERGEABLE/UNSTABLE | branch ancestry: 189 open ancestors, 4 open descendants; base=cursor/vehicle-detail-map-instance-af44 | file overlap: 12 paths overlap 545 open PRs","Phase 2: review the cumulative stack tip first, then evaluate ancestors without treating ancestry as duplication."
773,feat(evaluations): canonical analytics summary endpoint (Prompt 17/54),true,cursor/insight-grouping-model-8427,cursor/evaluations-analytics-summary-8427,da79b28aa4ad0d84202d332c1f20e10cad8f06dd,e65b88dbefb34b99d6c9520a6d785f571a8f33e6,57f6b06fbf1b5e9c942206b09163d96f3ead443a,1,17,cross-cutting,false,true,false,false,NON_EMPTY,770,808,NO_CONFLICT_REPORTED,FAILURE,STACKED,HIGH,"commit reachability: 0/1 PR commits reachable from origin/main | patch equivalence: GIT_CHERRY_HAS_UNMATCHED_PATCHES; git cherry equivalent=0, unmatched=1, unrepresented=0 | three-dot diff origin/main...head: NON_EMPTY (47 paths) | GitHub target diff: 17 files, +2029/-3 | GitHub mergeability: MERGEABLE/UNSTABLE | branch ancestry: 181 open ancestors, 21 open descendants; base=cursor/insight-grouping-model-8427 | file overlap: 17 paths overlap 565 open PRs","Phase 2: review the cumulative stack tip first, then evaluate ancestors without treating ancestry as duplication."
774,V4.9.816 — Einheitliche Auswertungen-Filterarchitektur (Prompt 18/54),true,main,cursor/evaluations-filter-contract-8427,57f6b06fbf1b5e9c942206b09163d96f3ead443a,642a210403b63cb719af7566f2019c76044933aa,57f6b06fbf1b5e9c942206b09163d96f3ead443a,4,58,cross-cutting,true,true,false,false,NON_EMPTY,773,808,UNKNOWN,FAILURE,STACKED,HIGH,"commit reachability: 0/4 PR commits reachable from origin/main | patch equivalence: GIT_CHERRY_HAS_UNMATCHED_PATCHES; git cherry equivalent=0, unmatched=4, unrepresented=0 | three-dot diff origin/main...head: NON_EMPTY (58 paths) | GitHub target diff: 58 files, +5692/-216 | GitHub mergeability: UNKNOWN/UNKNOWN | branch ancestry: 182 open ancestors, 20 open descendants; base=main | file overlap: 58 paths overlap 576 open PRs","Phase 2: review the cumulative stack tip first, then evaluate ancestors without treating ancestry as duplication."
775,feat(vehicle-detail): URL sync for vehicleId and tab (Prompt 23/36),true,main,cursor/vehicle-detail-url-sync-af44,57f6b06fbf1b5e9c942206b09163d96f3ead443a,56bc981ce2de380ea6f89306652d627280e42372,51069d1318c8192894862f27d00a7b19bd4316da,23,148,cross-cutting,true,true,false,false,NON_EMPTY,772,781,UNKNOWN,NO_CHECKS_REPORTED,STACKED,HIGH,"commit reachability: 0/23 PR commits reachable from origin/main | patch equivalence: GIT_CHERRY_HAS_UNMATCHED_PATCHES; git cherry equivalent=0, unmatched=23, unrepresented=0 | three-dot diff origin/main...head: NON_EMPTY (148 paths) | GitHub target diff: 148 files, +15461/-1167 | GitHub mergeability: UNKNOWN/UNKNOWN | branch ancestry: 190 open ancestors, 3 open descendants; base=main | file overlap: 148 paths overlap 570 open PRs","Phase 2: review the cumulative stack tip first, then evaluate ancestors without treating ancestry as duplication."
776,V4.9.817 — Auswertungen Mandantenisolation gehärtet (Prompt 19/54),true,main,cursor/evaluations-tenant-isolation-8427,57f6b06fbf1b5e9c942206b09163d96f3ead443a,1724bd92bf8e4dfab742767ded38fbc18dabb19e,57f6b06fbf1b5e9c942206b09163d96f3ead443a,5,62,cross-cutting,true,true,false,false,NON_EMPTY,774,808,UNKNOWN,FAILURE,STACKED,HIGH,"commit reachability: 0/5 PR commits reachable from origin/main | patch equivalence: GIT_CHERRY_HAS_UNMATCHED_PATCHES; git cherry equivalent=0, unmatched=5, unrepresented=0 | three-dot diff origin/main...head: NON_EMPTY (62 paths) | GitHub target diff: 62 files, +6437/-225 | GitHub mergeability: UNKNOWN/UNKNOWN | branch ancestry: 183 open ancestors, 19 open descendants; base=main | file overlap: 62 paths overlap 576 open PRs","Phase 2: review the cumulative stack tip first, then evaluate ancestors without treating ancestry as duplication."
777,V4.9.792 — Vehicle Detail: selectedVehicle & query data sync (Prompt 24/36),true,main,cursor/vehicle-detail-selection-sync-af44,57f6b06fbf1b5e9c942206b09163d96f3ead443a,f5ccc64d8bcf2128fe2ebd96789873e1b4508e84,51069d1318c8192894862f27d00a7b19bd4316da,24,151,cross-cutting,true,true,false,false,NON_EMPTY,775,781,UNKNOWN,NO_CHECKS_REPORTED,STACKED,HIGH,"commit reachability: 0/24 PR commits reachable from origin/main | patch equivalence: GIT_CHERRY_HAS_UNMATCHED_PATCHES; git cherry equivalent=0, unmatched=24, unrepresented=0 | three-dot diff origin/main...head: NON_EMPTY (151 paths) | GitHub target diff: 151 files, +15843/-1175 | GitHub mergeability: UNKNOWN/UNKNOWN | branch ancestry: 191 open ancestors, 2 open descendants; base=main | file overlap: 151 paths overlap 570 open PRs","Phase 2: review the cumulative stack tip first, then evaluate ancestors without treating ancestry as duplication."
778,V4.9.818 — Analytics-DTOs und API-Contracts konsolidiert (Prompt 20/54),true,main,cursor/evaluations-analytics-contracts-8427,57f6b06fbf1b5e9c942206b09163d96f3ead443a,26e4532201c94ddf0f72d17c324b42add7dec9cc,57f6b06fbf1b5e9c942206b09163d96f3ead443a,6,72,cross-cutting,true,true,false,false,NON_EMPTY,776,808,UNKNOWN,FAILURE,STACKED,HIGH,"commit reachability: 0/6 PR commits reachable from origin/main | patch equivalence: GIT_CHERRY_HAS_UNMATCHED_PATCHES; git cherry equivalent=0, unmatched=6, unrepresented=0 | three-dot diff origin/main...head: NON_EMPTY (72 paths) | GitHub target diff: 72 files, +7181/-226 | GitHub mergeability: UNKNOWN/UNKNOWN | branch ancestry: 184 open ancestors, 18 open descendants; base=main | file overlap: 72 paths overlap 576 open PRs","Phase 2: review the cumulative stack tip first, then evaluate ancestors without treating ancestry as duplication."
779,V4.9.793 — Vehicle Detail: live map store race conditions (Prompt 25/36),true,main,cursor/vehicle-detail-store-race-af44,57f6b06fbf1b5e9c942206b09163d96f3ead443a,cc051316459fa25b89f3846ac22ff6729111ed1c,51069d1318c8192894862f27d00a7b19bd4316da,25,155,cross-cutting,true,true,false,false,NON_EMPTY,777,781,UNKNOWN,NO_CHECKS_REPORTED,STACKED,HIGH,"commit reachability: 0/25 PR commits reachable from origin/main | patch equivalence: GIT_CHERRY_HAS_UNMATCHED_PATCHES; git cherry equivalent=0, unmatched=25, unrepresented=0 | three-dot diff origin/main...head: NON_EMPTY (155 paths) | GitHub target diff: 155 files, +16689/-1206 | GitHub mergeability: UNKNOWN/UNKNOWN | branch ancestry: 192 open ancestors, 1 open descendants; base=main | file overlap: 155 paths overlap 570 open PRs","Phase 2: review the cumulative stack tip first, then evaluate ancestors without treating ancestry as duplication."
780,V4.9.819 — Kanonisches Kostenmodell Auswertungen (Prompt 21/54),true,main,cursor/evaluations-cost-model-8427,57f6b06fbf1b5e9c942206b09163d96f3ead443a,d96ba7a8c6379e533ca17f2f3c77b46bbeb6ee43,57f6b06fbf1b5e9c942206b09163d96f3ead443a,7,77,cross-cutting,true,true,false,false,NON_EMPTY,778,808,UNKNOWN,FAILURE,STACKED,HIGH,"commit reachability: 0/7 PR commits reachable from origin/main | patch equivalence: GIT_CHERRY_HAS_UNMATCHED_PATCHES; git cherry equivalent=0, unmatched=7, unrepresented=0 | three-dot diff origin/main...head: NON_EMPTY (77 paths) | GitHub target diff: 77 files, +8451/-226 | GitHub mergeability: UNKNOWN/UNKNOWN | branch ancestry: 185 open ancestors, 17 open descendants; base=main | file overlap: 77 paths overlap 576 open PRs","Phase 2: review the cumulative stack tip first, then evaluate ancestors without treating ancestry as duplication."
781,V4.9.794 — Vehicle Detail UI terminology & i18n consistency (Prompt 26/36),true,main,cursor/vehicle-detail-i18n-af44,57f6b06fbf1b5e9c942206b09163d96f3ead443a,ee5198cc2393801722111a5ef672c43144cf7686,51069d1318c8192894862f27d00a7b19bd4316da,26,163,cross-cutting,true,true,false,false,NON_EMPTY,779,781,UNKNOWN,NO_CHECKS_REPORTED,CUMULATIVE_STACK_TIP,HIGH,"commit reachability: 0/26 PR commits reachable from origin/main | patch equivalence: GIT_CHERRY_HAS_UNMATCHED_PATCHES; git cherry equivalent=0, unmatched=26, unrepresented=0 | three-dot diff origin/main...head: NON_EMPTY (163 paths) | GitHub target diff: 163 files, +17442/-1312 | GitHub mergeability: UNKNOWN/UNKNOWN | branch ancestry: 193 open ancestors, 0 open descendants; base=main | file overlap: 157 paths overlap 572 open PRs","Phase 2: review the cumulative stack tip first, then evaluate ancestors without treating ancestry as duplication."
782,V4.9.820 — Kanonische Flottenauslastung Auswertungen (Prompt 22/54),true,main,cursor/evaluations-utilization-model-8427,57f6b06fbf1b5e9c942206b09163d96f3ead443a,46f533afc431d9c68a4486133313e4f5d7888de0,57f6b06fbf1b5e9c942206b09163d96f3ead443a,8,85,cross-cutting,true,true,false,false,NON_EMPTY,780,808,UNKNOWN,FAILURE,STACKED,HIGH,"commit reachability: 0/8 PR commits reachable from origin/main | patch equivalence: GIT_CHERRY_HAS_UNMATCHED_PATCHES; git cherry equivalent=0, unmatched=8, unrepresented=0 | three-dot diff origin/main...head: NON_EMPTY (85 paths) | GitHub target diff: 85 files, +10437/-226 | GitHub mergeability: UNKNOWN/UNKNOWN | branch ancestry: 186 open ancestors, 16 open descendants; base=main | file overlap: 85 paths overlap 576 open PRs","Phase 2: review the cumulative stack tip first, then evaluate ancestors without treating ancestry as duplication."
783,V4.9.821 — Regelbasierte Unternehmensstärken Auswertungen (Prompt 23/54),true,main,cursor/evaluations-strength-detection-8427,57f6b06fbf1b5e9c942206b09163d96f3ead443a,f5cfe0c5cda1bef260dca6a0417977701530210e,57f6b06fbf1b5e9c942206b09163d96f3ead443a,9,91,cross-cutting,true,true,false,false,NON_EMPTY,782,808,UNKNOWN,FAILURE,STACKED,HIGH,"commit reachability: 0/9 PR commits reachable from origin/main | patch equivalence: GIT_CHERRY_HAS_UNMATCHED_PATCHES; git cherry equivalent=0, unmatched=9, unrepresented=0 | three-dot diff origin/main...head: NON_EMPTY (91 paths) | GitHub target diff: 91 files, +12071/-226 | GitHub mergeability: UNKNOWN/UNKNOWN | branch ancestry: 187 open ancestors, 15 open descendants; base=main | file overlap: 91 paths overlap 576 open PRs","Phase 2: review the cumulative stack tip first, then evaluate ancestors without treating ancestry as duplication."
784,V4.9.822 — Unternehmensschwächen & Verbesserungspotenziale (Prompt 24/54),true,main,cursor/evaluations-weakness-detection-8427,57f6b06fbf1b5e9c942206b09163d96f3ead443a,32714750f7f197c5a8e4b9bb304011ca2444a05d,57f6b06fbf1b5e9c942206b09163d96f3ead443a,10,97,cross-cutting,true,true,false,false,NON_EMPTY,783,808,UNKNOWN,FAILURE,STACKED,HIGH,"commit reachability: 0/10 PR commits reachable from origin/main | patch equivalence: GIT_CHERRY_HAS_UNMATCHED_PATCHES; git cherry equivalent=0, unmatched=10, unrepresented=0 | three-dot diff origin/main...head: NON_EMPTY (97 paths) | GitHub target diff: 97 files, +14051/-226 | GitHub mergeability: UNKNOWN/UNKNOWN | branch ancestry: 188 open ancestors, 14 open descendants; base=main | file overlap: 97 paths overlap 576 open PRs","Phase 2: review the cumulative stack tip first, then evaluate ancestors without treating ancestry as duplication."
786,feat(analytics): Ursachen- und Einflussanalyse für Auswertungen (Prompt 25/54),true,main,cursor/evaluations-driver-analysis-8427,57f6b06fbf1b5e9c942206b09163d96f3ead443a,56b9efe22b059cedf5aff64188922aef6e10ba37,57f6b06fbf1b5e9c942206b09163d96f3ead443a,11,103,cross-cutting,true,true,false,false,NON_EMPTY,784,808,UNKNOWN,FAILURE,STACKED,HIGH,"commit reachability: 0/11 PR commits reachable from origin/main | patch equivalence: GIT_CHERRY_HAS_UNMATCHED_PATCHES; git cherry equivalent=0, unmatched=11, unrepresented=0 | three-dot diff origin/main...head: NON_EMPTY (103 paths) | GitHub target diff: 103 files, +16145/-226 | GitHub mergeability: UNKNOWN/UNKNOWN | branch ancestry: 189 open ancestors, 13 open descendants; base=main | file overlap: 103 paths overlap 576 open PRs","Phase 2: review the cumulative stack tip first, then evaluate ancestors without treating ancestry as duplication."
788,feat(analytics): Einheitliches Data-Quality-Modell für Auswertungen (Prompt 26/54),true,main,cursor/evaluations-data-quality-model-8427,57f6b06fbf1b5e9c942206b09163d96f3ead443a,2c32183956d3aa4ce56cd3ce4b02f33bcb3dc9b4,57f6b06fbf1b5e9c942206b09163d96f3ead443a,12,110,cross-cutting,true,true,false,false,NON_EMPTY,786,808,UNKNOWN,FAILURE,STACKED,HIGH,"commit reachability: 0/12 PR commits reachable from origin/main | patch equivalence: GIT_CHERRY_HAS_UNMATCHED_PATCHES; git cherry equivalent=0, unmatched=12, unrepresented=0 | three-dot diff origin/main...head: NON_EMPTY (110 paths) | GitHub target diff: 110 files, +18228/-226 | GitHub mergeability: UNKNOWN/UNKNOWN | branch ancestry: 190 open ancestors, 12 open descendants; base=main | file overlap: 110 paths overlap 576 open PRs","Phase 2: review the cumulative stack tip first, then evaluate ancestors without treating ancestry as duplication."
790,feat(analytics): Lineage & Freshness für Auswertungen (Prompt 27/54),true,main,cursor/evaluations-lineage-freshness-8427,57f6b06fbf1b5e9c942206b09163d96f3ead443a,5de5e0295658ae3e23f4025e9c316b54193d2872,57f6b06fbf1b5e9c942206b09163d96f3ead443a,13,116,cross-cutting,true,true,false,false,NON_EMPTY,788,808,UNKNOWN,FAILURE,STACKED,HIGH,"commit reachability: 0/13 PR commits reachable from origin/main | patch equivalence: GIT_CHERRY_HAS_UNMATCHED_PATCHES; git cherry equivalent=0, unmatched=13, unrepresented=0 | three-dot diff origin/main...head: NON_EMPTY (116 paths) | GitHub target diff: 116 files, +19800/-226 | GitHub mergeability: UNKNOWN/UNKNOWN | branch ancestry: 191 open ancestors, 11 open descendants; base=main | file overlap: 116 paths overlap 576 open PRs","Phase 2: review the cumulative stack tip first, then evaluate ancestors without treating ancestry as duplication."
792,V4.9.826 — Metric State UX Auswertungen (Prompt 28/54),true,main,cursor/evaluations-metric-state-ux-8427,57f6b06fbf1b5e9c942206b09163d96f3ead443a,c82e449362177a4c9d30ae308558464a2ab934f4,57f6b06fbf1b5e9c942206b09163d96f3ead443a,14,131,cross-cutting,true,true,false,false,NON_EMPTY,790,808,UNKNOWN,FAILURE,STACKED,HIGH,"commit reachability: 0/14 PR commits reachable from origin/main | patch equivalence: GIT_CHERRY_HAS_UNMATCHED_PATCHES; git cherry equivalent=0, unmatched=14, unrepresented=0 | three-dot diff origin/main...head: NON_EMPTY (131 paths) | GitHub target diff: 131 files, +21436/-277 | GitHub mergeability: UNKNOWN/UNKNOWN | branch ancestry: 192 open ancestors, 10 open descendants; base=main | file overlap: 131 paths overlap 577 open PRs","Phase 2: review the cumulative stack tip first, then evaluate ancestors without treating ancestry as duplication."
793,V4.9.827 — Datenqualitätsbereich für Administratoren (Prompt 29/54),true,main,cursor/evaluations-data-quality-panel-8427,57f6b06fbf1b5e9c942206b09163d96f3ead443a,ff34b66f0074e7f5efd155ff6301cae1790cc361,57f6b06fbf1b5e9c942206b09163d96f3ead443a,15,146,cross-cutting,true,true,false,false,NON_EMPTY,792,808,UNKNOWN,FAILURE,STACKED,HIGH,"commit reachability: 0/15 PR commits reachable from origin/main | patch equivalence: GIT_CHERRY_HAS_UNMATCHED_PATCHES; git cherry equivalent=0, unmatched=15, unrepresented=0 | three-dot diff origin/main...head: NON_EMPTY (146 paths) | GitHub target diff: 146 files, +22689/-279 | GitHub mergeability: UNKNOWN/UNKNOWN | branch ancestry: 193 open ancestors, 9 open descendants; base=main | file overlap: 146 paths overlap 579 open PRs","Phase 2: review the cumulative stack tip first, then evaluate ancestors without treating ancestry as duplication."
794,V4.9.828 — Auswertungen Informationsarchitektur (Prompt 30/54),true,main,cursor/evaluations-information-architecture-8427,57f6b06fbf1b5e9c942206b09163d96f3ead443a,14072b3141bbfc5001372334aca8c8df9311df76,57f6b06fbf1b5e9c942206b09163d96f3ead443a,16,166,cross-cutting,true,true,false,false,NON_EMPTY,793,808,UNKNOWN,FAILURE,STACKED,HIGH,"commit reachability: 0/16 PR commits reachable from origin/main | patch equivalence: GIT_CHERRY_HAS_UNMATCHED_PATCHES; git cherry equivalent=0, unmatched=16, unrepresented=0 | three-dot diff origin/main...head: NON_EMPTY (166 paths) | GitHub target diff: 166 files, +24698/-1296 | GitHub mergeability: UNKNOWN/UNKNOWN | branch ancestry: 194 open ancestors, 8 open descendants; base=main | file overlap: 166 paths overlap 579 open PRs","Phase 2: review the cumulative stack tip first, then evaluate ancestors without treating ancestry as duplication."
795,V4.9.829 — Executive KPI Strip für Auswertungen (Prompt 31/54),true,main,cursor/evaluations-executive-kpi-strip-8427,57f6b06fbf1b5e9c942206b09163d96f3ead443a,2759f22353106ac3c3804fce0e95f8e1aef32b25,57f6b06fbf1b5e9c942206b09163d96f3ead443a,17,174,cross-cutting,true,true,false,false,NON_EMPTY,794,808,UNKNOWN,FAILURE,STACKED,HIGH,"commit reachability: 0/17 PR commits reachable from origin/main | patch equivalence: GIT_CHERRY_HAS_UNMATCHED_PATCHES; git cherry equivalent=0, unmatched=17, unrepresented=0 | three-dot diff origin/main...head: NON_EMPTY (174 paths) | GitHub target diff: 174 files, +25986/-1296 | GitHub mergeability: UNKNOWN/UNKNOWN | branch ancestry: 195 open ancestors, 7 open descendants; base=main | file overlap: 174 paths overlap 579 open PRs","Phase 2: review the cumulative stack tip first, then evaluate ancestors without treating ancestry as duplication."
796,V4.9.830 — Stärken- und Schwächen-Cockpit (Prompt 32/54),true,main,cursor/evaluations-sw-cockpit-8427,57f6b06fbf1b5e9c942206b09163d96f3ead443a,cb2ced964d28bbbec11f1564e7081376cc12710d,57f6b06fbf1b5e9c942206b09163d96f3ead443a,18,183,cross-cutting,true,true,false,false,NON_EMPTY,795,808,UNKNOWN,FAILURE,STACKED,HIGH,"commit reachability: 0/18 PR commits reachable from origin/main | patch equivalence: GIT_CHERRY_HAS_UNMATCHED_PATCHES; git cherry equivalent=0, unmatched=18, unrepresented=0 | three-dot diff origin/main...head: NON_EMPTY (183 paths) | GitHub target diff: 183 files, +27939/-1296 | GitHub mergeability: UNKNOWN/UNKNOWN | branch ancestry: 196 open ancestors, 6 open descendants; base=main | file overlap: 183 paths overlap 579 open PRs","Phase 2: review the cumulative stack tip first, then evaluate ancestors without treating ancestry as duplication."
798,"V4.9.831 — Risiko-, Kosten- und Ausfallvisualisierungen (Prompt 33/54)",true,main,cursor/evaluations-risk-cost-viz-8427,57f6b06fbf1b5e9c942206b09163d96f3ead443a,7f6dde4c8c502dc238167d62c508ac9145e91c5c,57f6b06fbf1b5e9c942206b09163d96f3ead443a,19,194,cross-cutting,true,true,false,false,NON_EMPTY,796,808,UNKNOWN,FAILURE,STACKED,HIGH,"commit reachability: 0/19 PR commits reachable from origin/main | patch equivalence: GIT_CHERRY_HAS_UNMATCHED_PATCHES; git cherry equivalent=0, unmatched=19, unrepresented=0 | three-dot diff origin/main...head: NON_EMPTY (194 paths) | GitHub target diff: 194 files, +30164/-1296 | GitHub mergeability: UNKNOWN/UNKNOWN | branch ancestry: 197 open ancestors, 5 open descendants; base=main | file overlap: 194 paths overlap 579 open PRs","Phase 2: review the cumulative stack tip first, then evaluate ancestors without treating ancestry as duplication."
801,V4.9.832 — Auswertungen Mobile & Responsive Readiness (Prompt 34/54),true,main,cursor/evaluations-mobile-readiness-8427,57f6b06fbf1b5e9c942206b09163d96f3ead443a,6434434e750ad6890db6c6ff5f7c6f3e9d3ee36c,57f6b06fbf1b5e9c942206b09163d96f3ead443a,21,200,cross-cutting,true,true,false,false,NON_EMPTY,798,808,UNKNOWN,FAILURE,STACKED,HIGH,"commit reachability: 0/21 PR commits reachable from origin/main | patch equivalence: GIT_CHERRY_HAS_UNMATCHED_PATCHES; git cherry equivalent=0, unmatched=21, unrepresented=0 | three-dot diff origin/main...head: NON_EMPTY (200 paths) | GitHub target diff: 200 files, +31079/-1296 | GitHub mergeability: UNKNOWN/UNKNOWN | branch ancestry: 198 open ancestors, 4 open descendants; base=main | file overlap: 200 paths overlap 579 open PRs","Phase 2: review the cumulative stack tip first, then evaluate ancestors without treating ancestry as duplication."
803,V4.9.833 — Auswertungen Accessibility & i18n (Prompt 35/54),true,main,cursor/evaluations-a11y-i18n-8427,4e16a3864c5b0b2eccdcb5708bdfbb0bf1c1bb34,ddad560687ad7d42ca7a15bb033e85bc06b25187,57f6b06fbf1b5e9c942206b09163d96f3ead443a,22,205,cross-cutting,true,true,false,false,NON_EMPTY,801,808,UNKNOWN,NO_CHECKS_REPORTED,STACKED,HIGH,"commit reachability: 0/22 PR commits reachable from origin/main | patch equivalence: GIT_CHERRY_HAS_UNMATCHED_PATCHES; git cherry equivalent=0, unmatched=22, unrepresented=0 | three-dot diff origin/main...head: NON_EMPTY (205 paths) | GitHub target diff: 205 files, +31665/-1296 | GitHub mergeability: UNKNOWN/UNKNOWN | branch ancestry: 199 open ancestors, 3 open descendants; base=main | file overlap: 205 paths overlap 579 open PRs","Phase 2: review the cumulative stack tip first, then evaluate ancestors without treating ancestry as duplication."
804,V4.9.806 — Evaluations recommendation domain model (Prompt 36),true,main,cursor/evaluations-recommendation-domain-8427,358691ebe7bcc602109bc8c1fa650fa9855846df,9eae4b1246fcbfe5efa7f04caa2bb429600ccf3b,4e16a3864c5b0b2eccdcb5708bdfbb0bf1c1bb34,1,15,evaluations,true,true,false,false,NON_EMPTY,687,808,UNKNOWN,NO_CHECKS_REPORTED,STACKED,HIGH,"commit reachability: 0/1 PR commits reachable from origin/main | patch equivalence: GIT_CHERRY_HAS_UNMATCHED_PATCHES; git cherry equivalent=0, unmatched=1, unrepresented=0 | three-dot diff origin/main...head: NON_EMPTY (15 paths) | GitHub target diff: 15 files, +1775/-2 | GitHub mergeability: UNKNOWN/UNKNOWN | branch ancestry: 179 open ancestors, 3 open descendants; base=main | file overlap: 15 paths overlap 559 open PRs","Phase 2: review the cumulative stack tip first, then evaluate ancestors without treating ancestry as duplication."
806,feat(evaluations): Maßnahmen-Center UI (Prompt 37/54),true,main,cursor/evaluations-action-center-8427,358691ebe7bcc602109bc8c1fa650fa9855846df,723b566609908ff40d621e30efb8c95cff3f17c3,4e16a3864c5b0b2eccdcb5708bdfbb0bf1c1bb34,25,232,cross-cutting,true,true,false,false,NON_EMPTY,803,808,UNKNOWN,NO_CHECKS_REPORTED,STACKED,HIGH,"commit reachability: 0/25 PR commits reachable from origin/main | patch equivalence: GIT_CHERRY_HAS_UNMATCHED_PATCHES; git cherry equivalent=0, unmatched=24, unrepresented=1 | three-dot diff origin/main...head: NON_EMPTY (232 paths) | GitHub target diff: 232 files, +35343/-1297 | GitHub mergeability: UNKNOWN/UNKNOWN | branch ancestry: 201 open ancestors, 2 open descendants; base=main | file overlap: 232 paths overlap 579 open PRs","Phase 2: review the cumulative stack tip first, then evaluate ancestors without treating ancestry as duplication."
807,feat(evaluations): recommendation module integrations (Prompt 38/54),true,main,cursor/evaluations-action-integrations-8427,358691ebe7bcc602109bc8c1fa650fa9855846df,8829b6a56a0687994edde3ead74d6f95b3122d33,4e16a3864c5b0b2eccdcb5708bdfbb0bf1c1bb34,26,243,cross-cutting,true,true,false,false,NON_EMPTY,806,808,UNKNOWN,NO_CHECKS_REPORTED,STACKED,HIGH,"commit reachability: 0/26 PR commits reachable from origin/main | patch equivalence: GIT_CHERRY_HAS_UNMATCHED_PATCHES; git cherry equivalent=0, unmatched=25, unrepresented=1 | three-dot diff origin/main...head: NON_EMPTY (243 paths) | GitHub target diff: 243 files, +37040/-1297 | GitHub mergeability: UNKNOWN/UNKNOWN | branch ancestry: 202 open ancestors, 1 open descendants; base=main | file overlap: 232 paths overlap 579 open PRs","Phase 2: review the cumulative stack tip first, then evaluate ancestors without treating ancestry as duplication."
808,V4.9.836 — Evaluations Wirkungsmessung (Prompt 39/54),true,cursor/evaluations-action-integrations-8427,cursor/evaluations-impact-measurement-8427,8829b6a56a0687994edde3ead74d6f95b3122d33,038223bc18dc475a7f0908baa34c6da22986fd68,4e16a3864c5b0b2eccdcb5708bdfbb0bf1c1bb34,1,22,evaluations,false,true,false,false,NON_EMPTY,807,808,NO_CONFLICT_REPORTED,FAILURE,CUMULATIVE_STACK_TIP,HIGH,"commit reachability: 0/1 PR commits reachable from origin/main | patch equivalence: GIT_CHERRY_HAS_UNMATCHED_PATCHES; git cherry equivalent=0, unmatched=1, unrepresented=0 | three-dot diff origin/main...head: NON_EMPTY (254 paths) | GitHub target diff: 22 files, +2282/-0 | GitHub mergeability: MERGEABLE/UNSTABLE | branch ancestry: 203 open ancestors, 0 open descendants; base=cursor/evaluations-action-integrations-8427 | file overlap: 11 paths overlap 578 open PRs","Phase 2: review the cumulative stack tip first, then evaluate ancestors without treating ancestry as duplication."
809,V4.9.837 — Evaluations Predictive Analytics Zielarchitektur (Prompt 40/54),true,main,cursor/evaluations-predictive-analytics-architecture-8427,358691ebe7bcc602109bc8c1fa650fa9855846df,f988c3664bbe18edc49ba8a3e762bb1660a8e043,358691ebe7bcc602109bc8c1fa650fa9855846df,1,3,evaluations,true,true,false,false,NON_EMPTY,687,817,UNKNOWN,FAILURE,STACKED,HIGH,"commit reachability: 0/1 PR commits reachable from origin/main | patch equivalence: GIT_CHERRY_HAS_UNMATCHED_PATCHES; git cherry equivalent=0, unmatched=1, unrepresented=0 | three-dot diff origin/main...head: NON_EMPTY (3 paths) | GitHub target diff: 3 files, +594/-0 | GitHub mergeability: UNKNOWN/UNKNOWN | branch ancestry: 179 open ancestors, 8 open descendants; base=main | file overlap: 2 paths overlap 543 open PRs","Phase 2: review the cumulative stack tip first, then evaluate ancestors without treating ancestry as duplication."
810,feat(evaluations): versioned predictive feature store (Prompt 41),true,cursor/evaluations-predictive-analytics-architecture-8427,cursor/evaluations-feature-store-8427,f988c3664bbe18edc49ba8a3e762bb1660a8e043,9cb26ece2b380e456fc440c3e97a336dd80dd890,358691ebe7bcc602109bc8c1fa650fa9855846df,1,24,evaluations,false,true,false,false,NON_EMPTY,809,817,NO_CONFLICT_REPORTED,FAILURE,STACKED,HIGH,"commit reachability: 0/1 PR commits reachable from origin/main | patch equivalence: GIT_CHERRY_HAS_UNMATCHED_PATCHES; git cherry equivalent=0, unmatched=1, unrepresented=0 | three-dot diff origin/main...head: NON_EMPTY (25 paths) | GitHub target diff: 24 files, +2311/-5 | GitHub mergeability: MERGEABLE/UNSTABLE | branch ancestry: 180 open ancestors, 7 open descendants; base=cursor/evaluations-predictive-analytics-architecture-8427 | file overlap: 9 paths overlap 560 open PRs","Phase 2: review the cumulative stack tip first, then evaluate ancestors without treating ancestry as duplication."
811,feat(evaluations): baseline demand/revenue/utilization forecasts (Prompt 42),true,cursor/evaluations-feature-store-8427,cursor/evaluations-baseline-forecasts-8427,9cb26ece2b380e456fc440c3e97a336dd80dd890,96edda271330a5904843034b98e16990f9ed76e7,358691ebe7bcc602109bc8c1fa650fa9855846df,1,19,evaluations,false,true,false,false,NON_EMPTY,810,817,NO_CONFLICT_REPORTED,FAILURE,STACKED,HIGH,"commit reachability: 0/1 PR commits reachable from origin/main | patch equivalence: GIT_CHERRY_HAS_UNMATCHED_PATCHES; git cherry equivalent=0, unmatched=1, unrepresented=0 | three-dot diff origin/main...head: NON_EMPTY (39 paths) | GitHub target diff: 19 files, +1796/-1 | GitHub mergeability: MERGEABLE/UNSTABLE | branch ancestry: 181 open ancestors, 6 open descendants; base=cursor/evaluations-feature-store-8427 | file overlap: 7 paths overlap 559 open PRs","Phase 2: review the cumulative stack tip first, then evaluate ancestors without treating ancestry as duplication."
812,V4.9.840 — Maintenance & Failure Risk Forecast Baselines (Prompt 43),true,cursor/evaluations-baseline-forecasts-8427,cursor/evaluations-maintenance-risk-forecasts-8427,96edda271330a5904843034b98e16990f9ed76e7,8488537978d8294e8ac04c436866104b99958886,358691ebe7bcc602109bc8c1fa650fa9855846df,1,18,evaluations,false,true,false,false,NON_EMPTY,811,817,NO_CONFLICT_REPORTED,FAILURE,STACKED,HIGH,"commit reachability: 0/1 PR commits reachable from origin/main | patch equivalence: GIT_CHERRY_HAS_UNMATCHED_PATCHES; git cherry equivalent=0, unmatched=1, unrepresented=0 | three-dot diff origin/main...head: NON_EMPTY (51 paths) | GitHub target diff: 18 files, +1985/-0 | GitHub mergeability: MERGEABLE/UNSTABLE | branch ancestry: 182 open ancestors, 5 open descendants; base=cursor/evaluations-baseline-forecasts-8427 | file overlap: 7 paths overlap 559 open PRs","Phase 2: review the cumulative stack tip first, then evaluate ancestors without treating ancestry as duplication."
813,V4.9.841 — Forecast Backtesting & Drift Monitoring (Prompt 44),true,cursor/evaluations-maintenance-risk-forecasts-8427,cursor/evaluations-forecast-backtesting-8427,8488537978d8294e8ac04c436866104b99958886,e3c8966a51c00a80eadfc2bc69cdca0e398e9b9d,358691ebe7bcc602109bc8c1fa650fa9855846df,1,15,evaluations,false,true,false,false,NON_EMPTY,812,817,NO_CONFLICT_REPORTED,FAILURE,STACKED,HIGH,"commit reachability: 0/1 PR commits reachable from origin/main | patch equivalence: GIT_CHERRY_HAS_UNMATCHED_PATCHES; git cherry equivalent=0, unmatched=1, unrepresented=0 | three-dot diff origin/main...head: NON_EMPTY (64 paths) | GitHub target diff: 15 files, +2979/-0 | GitHub mergeability: MERGEABLE/UNSTABLE | branch ancestry: 183 open ancestors, 4 open descendants; base=cursor/evaluations-maintenance-risk-forecasts-8427 | file overlap: 4 paths overlap 247 open PRs","Phase 2: review the cumulative stack tip first, then evaluate ancestors without treating ancestry as duplication."
814,V4.9.842 — Auswertungen Forecast UX (Prompt 45),true,cursor/evaluations-forecast-backtesting-8427,cursor/evaluations-forecast-ux-8427,e3c8966a51c00a80eadfc2bc69cdca0e398e9b9d,46b905ad6a441f3c16a3f66c17ff88afc1fa7318,358691ebe7bcc602109bc8c1fa650fa9855846df,1,15,evaluations,false,true,false,false,NON_EMPTY,813,817,NO_CONFLICT_REPORTED,FAILURE,STACKED,HIGH,"commit reachability: 0/1 PR commits reachable from origin/main | patch equivalence: GIT_CHERRY_HAS_UNMATCHED_PATCHES; git cherry equivalent=0, unmatched=1, unrepresented=0 | three-dot diff origin/main...head: NON_EMPTY (77 paths) | GitHub target diff: 15 files, +1687/-0 | GitHub mergeability: MERGEABLE/UNSTABLE | branch ancestry: 184 open ancestors, 3 open descendants; base=cursor/evaluations-forecast-backtesting-8427 | file overlap: 5 paths overlap 562 open PRs","Phase 2: review the cumulative stack tip first, then evaluate ancestors without treating ancestry as duplication."
815,feat(evaluations): GDPR privacy-by-design for Auswertungen (Prompt 46),true,cursor/evaluations-forecast-ux-8427,cursor/evaluations-gdpr-privacy-8427,46b905ad6a441f3c16a3f66c17ff88afc1fa7318,c8714b1f9e9760b29a282a294412bf9ebe31cec2,358691ebe7bcc602109bc8c1fa650fa9855846df,1,22,cross-cutting,false,true,false,false,NON_EMPTY,814,817,NO_CONFLICT_REPORTED,FAILURE,STACKED,HIGH,"commit reachability: 0/1 PR commits reachable from origin/main | patch equivalence: GIT_CHERRY_HAS_UNMATCHED_PATCHES; git cherry equivalent=0, unmatched=1, unrepresented=0 | three-dot diff origin/main...head: NON_EMPTY (91 paths) | GitHub target diff: 22 files, +913/-40 | GitHub mergeability: MERGEABLE/UNSTABLE | branch ancestry: 185 open ancestors, 2 open descendants; base=cursor/evaluations-forecast-ux-8427 | file overlap: 18 paths overlap 563 open PRs","Phase 2: review the cumulative stack tip first, then evaluate ancestors without treating ancestry as duplication."
816,V4.9.844 — Auswertungen Rollen- und Berechtigungsmatrix (Prompt 47),true,cursor/evaluations-gdpr-privacy-8427,cursor/evaluations-role-permissions-8427,c8714b1f9e9760b29a282a294412bf9ebe31cec2,549c0e237d862eee491943b87077d3ce931ae8a8,358691ebe7bcc602109bc8c1fa650fa9855846df,1,33,cross-cutting,false,true,false,false,NON_EMPTY,815,817,NO_CONFLICT_REPORTED,FAILURE,STACKED,HIGH,"commit reachability: 0/1 PR commits reachable from origin/main | patch equivalence: GIT_CHERRY_HAS_UNMATCHED_PATCHES; git cherry equivalent=0, unmatched=1, unrepresented=0 | three-dot diff origin/main...head: NON_EMPTY (107 paths) | GitHub target diff: 33 files, +1624/-104 | GitHub mergeability: MERGEABLE/UNSTABLE | branch ancestry: 186 open ancestors, 1 open descendants; base=cursor/evaluations-gdpr-privacy-8427 | file overlap: 22 paths overlap 545 open PRs","Phase 2: review the cumulative stack tip first, then evaluate ancestors without treating ancestry as duplication."
817,V4.9.845 — Auswertungen Audit Logging (Prompt 48),true,cursor/evaluations-role-permissions-8427,cursor/evaluations-audit-logging-8427,549c0e237d862eee491943b87077d3ce931ae8a8,d10d072efce62980e7732d086dd8f6f8f1e2f875,358691ebe7bcc602109bc8c1fa650fa9855846df,1,22,cross-cutting,false,true,false,false,NON_EMPTY,816,817,NO_CONFLICT_REPORTED,FAILURE,CUMULATIVE_STACK_TIP,HIGH,"commit reachability: 0/1 PR commits reachable from origin/main | patch equivalence: GIT_CHERRY_HAS_UNMATCHED_PATCHES; git cherry equivalent=0, unmatched=1, unrepresented=0 | three-dot diff origin/main...head: NON_EMPTY (117 paths) | GitHub target diff: 22 files, +1223/-74 | GitHub mergeability: MERGEABLE/UNSTABLE | branch ancestry: 187 open ancestors, 0 open descendants; base=cursor/evaluations-role-permissions-8427 | file overlap: 15 paths overlap 544 open PRs","Phase 2: review the cumulative stack tip first, then evaluate ancestors without treating ancestry as duplication."
823,docs(audit): Workflow Automation Runtime Baseline 2026-07,true,main,cursor/workflow-automation-baseline-audit-2a81,f5a5b4e33006585774cf728814404eebde3578cb,bb0b16c2a9860cdd49b83a9caf068f296e8f00e2,f5a5b4e33006585774cf728814404eebde3578cb,1,1,documentation,true,true,false,false,NON_EMPTY,687,825,NO_CONFLICT_REPORTED,NO_CHECKS_REPORTED,STACKED,HIGH,"commit reachability: 0/1 PR commits reachable from origin/main | patch equivalence: GIT_CHERRY_HAS_UNMATCHED_PATCHES; git cherry equivalent=0, unmatched=1, unrepresented=0 | three-dot diff origin/main...head: NON_EMPTY (1 paths) | GitHub target diff: 1 files, +732/-0 | GitHub mergeability: MERGEABLE/CLEAN | branch ancestry: 179 open ancestors, 2 open descendants; base=main | file overlap: 1 paths overlap 2 open PRs | all 1 changed files are documentation paths","Phase 2: review the cumulative stack tip first, then evaluate ancestors without treating ancestry as duplication."
824,docs(adr): Workflow Automation Runtime target architecture (Accepted),true,main,cursor/workflow-runtime-adr-2a81,1de96fd1d07971926f66bdadffa88dc165e30ae4,f5f4ab7f8ac68d164d7313f1fe74127b58125a17,f5a5b4e33006585774cf728814404eebde3578cb,2,2,documentation,true,true,false,false,NON_EMPTY,823,825,UNKNOWN,NO_CHECKS_REPORTED,STACKED,HIGH,"commit reachability: 0/2 PR commits reachable from origin/main | patch equivalence: GIT_CHERRY_HAS_UNMATCHED_PATCHES; git cherry equivalent=0, unmatched=2, unrepresented=0 | three-dot diff origin/main...head: NON_EMPTY (2 paths) | GitHub target diff: 2 files, +1539/-0 | GitHub mergeability: UNKNOWN/UNKNOWN | branch ancestry: 180 open ancestors, 1 open descendants; base=main | file overlap: 2 paths overlap 2 open PRs | all 2 changed files are documentation paths","Phase 2: review the cumulative stack tip first, then evaluate ancestors without treating ancestry as duplication."
825,docs(plan): Workflow Automation production remediation backlog 2026-07,true,main,cursor/workflow-remediation-plan-2a81,1de96fd1d07971926f66bdadffa88dc165e30ae4,fa9b297f5275c92f1fcff8f3de5ab483c1e01001,f5a5b4e33006585774cf728814404eebde3578cb,3,3,documentation,true,true,false,false,NON_EMPTY,824,825,UNKNOWN,NO_CHECKS_REPORTED,CUMULATIVE_STACK_TIP,HIGH,"commit reachability: 0/3 PR commits reachable from origin/main | patch equivalence: GIT_CHERRY_HAS_UNMATCHED_PATCHES; git cherry equivalent=0, unmatched=3, unrepresented=0 | three-dot diff origin/main...head: NON_EMPTY (3 paths) | GitHub target diff: 3 files, +2475/-0 | GitHub mergeability: UNKNOWN/UNKNOWN | branch ancestry: 181 open ancestors, 0 open descendants; base=main | file overlap: 2 paths overlap 2 open PRs | all 3 changed files are documentation paths","Phase 2: review the cumulative stack tip first, then evaluate ancestors without treating ancestry as duplication."
826,feat(workflows): DRY_RUN execution plan — fix test/simulate side effects (P0),true,main,cursor/workflow-dry-run-2a81,62aaf1fe8541840fcb7a5d05836ae0abeea3a9aa,9c02947e27a477402a2e3b774ab0d001c6fc8206,1de96fd1d07971926f66bdadffa88dc165e30ae4,1,20,cross-cutting,true,true,false,false,NON_EMPTY,687,828,UNKNOWN,FAILURE,STACKED,HIGH,"commit reachability: 0/1 PR commits reachable from origin/main | patch equivalence: GIT_CHERRY_HAS_UNMATCHED_PATCHES; git cherry equivalent=0, unmatched=1, unrepresented=0 | three-dot diff origin/main...head: NON_EMPTY (20 paths) | GitHub target diff: 20 files, +1316/-54 | GitHub mergeability: UNKNOWN/UNKNOWN | branch ancestry: 179 open ancestors, 2 open descendants; base=main | file overlap: 20 paths overlap 562 open PRs","Phase 2: review the cumulative stack tip first, then evaluate ancestors without treating ancestry as duplication."
827,fix(workflows): fail-closed tenant isolation & scope enforcement (P0),true,main,cursor/workflow-tenant-isolation-2a81,e8f758db42ae5ea731fc4d863358310b48ec212a,8718daad62262893034264f248d239ee621b8181,1de96fd1d07971926f66bdadffa88dc165e30ae4,2,31,cross-cutting,true,true,false,false,NON_EMPTY,826,828,UNKNOWN,FAILURE,STACKED,HIGH,"commit reachability: 0/2 PR commits reachable from origin/main | patch equivalence: GIT_CHERRY_HAS_UNMATCHED_PATCHES; git cherry equivalent=0, unmatched=2, unrepresented=0 | three-dot diff origin/main...head: NON_EMPTY (31 paths) | GitHub target diff: 31 files, +2126/-89 | GitHub mergeability: UNKNOWN/UNKNOWN | branch ancestry: 180 open ancestors, 1 open descendants; base=main | file overlap: 31 paths overlap 562 open PRs","Phase 2: review the cumulative stack tip first, then evaluate ancestors without treating ancestry as duplication."
828,V4.9.813 — Workflow lifecycle archive (no hard delete),true,main,cursor/workflow-lifecycle-archive-2a81,e8f758db42ae5ea731fc4d863358310b48ec212a,497c5a94a14999ebd3eefddde8988008d3d0517f,1de96fd1d07971926f66bdadffa88dc165e30ae4,3,37,cross-cutting,true,true,false,false,NON_EMPTY,827,828,UNKNOWN,FAILURE,CUMULATIVE_STACK_TIP,HIGH,"commit reachability: 0/3 PR commits reachable from origin/main | patch equivalence: GIT_CHERRY_HAS_UNMATCHED_PATCHES; git cherry equivalent=0, unmatched=3, unrepresented=0 | three-dot diff origin/main...head: NON_EMPTY (37 paths) | GitHub target diff: 37 files, +2999/-145 | GitHub mergeability: UNKNOWN/UNKNOWN | branch ancestry: 181 open ancestors, 0 open descendants; base=main | file overlap: 33 paths overlap 576 open PRs","Phase 2: review the cumulative stack tip first, then evaluate ancestors without treating ancestry as duplication."
829,V4.9.814 — Workflow action capability registry & server allowlist,true,main,cursor/workflow-action-capabilities-2a81,e8f758db42ae5ea731fc4d863358310b48ec212a,a61eef2b747d134b264ce95a77bc94a1b40fcc48,e8f758db42ae5ea731fc4d863358310b48ec212a,1,17,workflow-automation,true,true,false,false,NON_EMPTY,687,830,UNKNOWN,FAILURE,STACKED,HIGH,"commit reachability: 0/1 PR commits reachable from origin/main | patch equivalence: GIT_CHERRY_HAS_UNMATCHED_PATCHES; git cherry equivalent=0, unmatched=1, unrepresented=0 | three-dot diff origin/main...head: NON_EMPTY (17 paths) | GitHub target diff: 17 files, +1227/-62 | GitHub mergeability: UNKNOWN/UNKNOWN | branch ancestry: 179 open ancestors, 1 open descendants; base=main | file overlap: 17 paths overlap 576 open PRs","Phase 2: review the cumulative stack tip first, then evaluate ancestors without treating ancestry as duplication."
830,"V4.9.815 — Workflow approval interim safeguards (Phase 2, Prompt 8)",true,main,cursor/workflow-approval-interim-2a81,e8f758db42ae5ea731fc4d863358310b48ec212a,451ef8fac7abee1381a877ebcbb934bbddae56e9,e8f758db42ae5ea731fc4d863358310b48ec212a,2,26,workflow-automation,true,true,false,false,NON_EMPTY,829,830,UNKNOWN,FAILURE,CUMULATIVE_STACK_TIP,HIGH,"commit reachability: 0/2 PR commits reachable from origin/main | patch equivalence: GIT_CHERRY_HAS_UNMATCHED_PATCHES; git cherry equivalent=0, unmatched=2, unrepresented=0 | three-dot diff origin/main...head: NON_EMPTY (26 paths) | GitHub target diff: 26 files, +2251/-124 | GitHub mergeability: UNKNOWN/UNKNOWN | branch ancestry: 180 open ancestors, 0 open descendants; base=main | file overlap: 20 paths overlap 576 open PRs","Phase 2: review the cumulative stack tip first, then evaluate ancestors without treating ancestry as duplication."
831,"V4.9.816 — Workflow runtime canonical data model (Phase 3, Prompt 9)",true,main,cursor/workflow-data-model-2a81,e8f758db42ae5ea731fc4d863358310b48ec212a,2d299be6581ed5e1d01b1c85a92756baadf1faac,e8f758db42ae5ea731fc4d863358310b48ec212a,1,3,workflow-automation,true,true,false,false,NON_EMPTY,687,857,UNKNOWN,FAILURE,STACKED,HIGH,"commit reachability: 0/1 PR commits reachable from origin/main | patch equivalence: GIT_CHERRY_HAS_UNMATCHED_PATCHES; git cherry equivalent=0, unmatched=1, unrepresented=0 | three-dot diff origin/main...head: NON_EMPTY (3 paths) | GitHub target diff: 3 files, +728/-3 | GitHub mergeability: UNKNOWN/UNKNOWN | branch ancestry: 179 open ancestors, 7 open descendants; base=main | file overlap: 3 paths overlap 543 open PRs","Phase 2: review the cumulative stack tip first, then evaluate ancestors without treating ancestry as duplication."
832,"V4.9.817 — Workflow canonical Prisma schema + additive migration (Phase 3, Prompt 10)",true,main,cursor/workflow-prisma-migration-2a81,e8f758db42ae5ea731fc4d863358310b48ec212a,65fe125442f3408020dd108941bd105f6b93000a,e8f758db42ae5ea731fc4d863358310b48ec212a,2,7,workflow-automation,true,true,false,false,NON_EMPTY,831,857,UNKNOWN,FAILURE,STACKED,HIGH,"commit reachability: 0/2 PR commits reachable from origin/main | patch equivalence: GIT_CHERRY_HAS_UNMATCHED_PATCHES; git cherry equivalent=0, unmatched=2, unrepresented=0 | three-dot diff origin/main...head: NON_EMPTY (7 paths) | GitHub target diff: 7 files, +2900/-646 | GitHub mergeability: UNKNOWN/UNKNOWN | branch ancestry: 180 open ancestors, 6 open descendants; base=main | file overlap: 7 paths overlap 559 open PRs","Phase 2: review the cumulative stack tip first, then evaluate ancestors without treating ancestry as duplication."
838,Fleet Chat policy v1.0.0 — versioned system prompt & answer rules (Prompt 18),true,main,cursor/fleet-chat-policy-eafa,e8f758db42ae5ea731fc4d863358310b48ec212a,6e4bc4ee775e5a0cdfd3b233e958cb2451d5a8b7,3d0fa0f62c95151894b7bed6650de78224fb727e,24,103,cross-cutting,true,true,false,false,NON_EMPTY,687,838,UNKNOWN,FAILURE,CUMULATIVE_STACK_TIP,HIGH,"commit reachability: 23/24 PR commits reachable from origin/main | patch equivalence: GIT_CHERRY_HAS_UNMATCHED_PATCHES; git cherry equivalent=0, unmatched=1, unrepresented=0 | three-dot diff origin/main...head: NON_EMPTY (12 paths) | GitHub target diff: 103 files, +19692/-164 | GitHub mergeability: UNKNOWN/UNKNOWN | branch ancestry: 179 open ancestors, 0 open descendants; base=main | file overlap: 5 paths overlap 550 open PRs","Phase 2: review the cumulative stack tip first, then evaluate ancestors without treating ancestry as duplication."
851,feat(workflows): WorkflowDefinition/Version lifecycle API (Phase 3 Prompt 11),true,main,cursor/workflow-lifecycle-2a81,20adcf6459c6dbf5238320c9a3ed8ba7cf3f192c,540c13ceb9aa865a3efb1d7f7d3466758d28421e,e8f758db42ae5ea731fc4d863358310b48ec212a,3,19,workflow-automation,true,true,false,false,NON_EMPTY,832,857,UNKNOWN,NO_CHECKS_REPORTED,STACKED,HIGH,"commit reachability: 0/3 PR commits reachable from origin/main | patch equivalence: GIT_CHERRY_HAS_UNMATCHED_PATCHES; git cherry equivalent=0, unmatched=3, unrepresented=0 | three-dot diff origin/main...head: NON_EMPTY (19 paths) | GitHub target diff: 19 files, +5248/-650 | GitHub mergeability: UNKNOWN/UNKNOWN | branch ancestry: 181 open ancestors, 5 open descendants; base=main | file overlap: 19 paths overlap 576 open PRs","Phase 2: review the cumulative stack tip first, then evaluate ancestors without treating ancestry as duplication."
852,"V4.9.810 — VD open items: IAM outbox, A11y, prod smoke runbook",false,main,cursor/vd-open-items-af44,581ee4008725ef77afde8f60eeec666c4dbb56c2,423ae6fb152e6c9835934a858632058d3bc77378,f5a5b4e33006585774cf728814404eebde3578cb,1,11,vehicle-detail,true,true,false,false,NON_EMPTY,687,852,CONFLICTING,NO_CHECKS_REPORTED,CUMULATIVE_STACK_TIP,HIGH,"commit reachability: 0/1 PR commits reachable from origin/main | patch equivalence: GIT_CHERRY_HAS_UNMATCHED_PATCHES; git cherry equivalent=0, unmatched=1, unrepresented=0 | three-dot diff origin/main...head: NON_EMPTY (11 paths) | GitHub target diff: 11 files, +355/-127 | GitHub mergeability: CONFLICTING/DIRTY | branch ancestry: 179 open ancestors, 0 open descendants; base=main | file overlap: 5 paths overlap 577 open PRs","Phase 2: review the cumulative stack tip first, then evaluate ancestors without treating ancestry as duplication."
853,feat(workflows): WorkflowRun/ActionRun runtime status foundation (Phase 3 Prompt 12),true,main,cursor/workflow-runtime-status-2a81,581ee4008725ef77afde8f60eeec666c4dbb56c2,27ac36ad1ce4c98ba6d7d73088cde6cefcf030c2,e8f758db42ae5ea731fc4d863358310b48ec212a,4,32,workflow-automation,true,true,false,false,NON_EMPTY,851,857,UNKNOWN,NO_CHECKS_REPORTED,STACKED,HIGH,"commit reachability: 0/4 PR commits reachable from origin/main | patch equivalence: GIT_CHERRY_HAS_UNMATCHED_PATCHES; git cherry equivalent=0, unmatched=4, unrepresented=0 | three-dot diff origin/main...head: NON_EMPTY (32 paths) | GitHub target diff: 32 files, +6867/-650 | GitHub mergeability: UNKNOWN/UNKNOWN | branch ancestry: 182 open ancestors, 4 open descendants; base=main | file overlap: 32 paths overlap 576 open PRs","Phase 2: review the cumulative stack tip first, then evaluate ancestors without treating ancestry as duplication."
854,feat(workflows): immutable execution snapshot at run start (Phase 3 Prompt 13),true,main,cursor/workflow-execution-snapshot-2a81,581ee4008725ef77afde8f60eeec666c4dbb56c2,e9da77b114f4f22ad30d995a6737e7a8e4a2188d,e8f758db42ae5ea731fc4d863358310b48ec212a,5,42,workflow-automation,true,true,false,false,NON_EMPTY,853,857,UNKNOWN,NO_CHECKS_REPORTED,STACKED,HIGH,"commit reachability: 0/5 PR commits reachable from origin/main | patch equivalence: GIT_CHERRY_HAS_UNMATCHED_PATCHES; git cherry equivalent=0, unmatched=5, unrepresented=0 | three-dot diff origin/main...head: NON_EMPTY (42 paths) | GitHub target diff: 42 files, +8022/-650 | GitHub mergeability: UNKNOWN/UNKNOWN | branch ancestry: 183 open ancestors, 3 open descendants; base=main | file overlap: 42 paths overlap 576 open PRs","Phase 2: review the cumulative stack tip first, then evaluate ancestors without treating ancestry as duplication."
855,feat(workflows): central versioned domain event registry (Phase 4 Prompt 14),true,main,cursor/workflow-domain-event-registry-2a81,ed742a0eb697487230723a0cf4ff59ed111da207,032f336e6f3f6ae19daa9e786b5285863dbcf49c,e8f758db42ae5ea731fc4d863358310b48ec212a,6,53,workflow-automation,true,true,false,false,NON_EMPTY,854,857,UNKNOWN,NO_CHECKS_REPORTED,STACKED,HIGH,"commit reachability: 0/6 PR commits reachable from origin/main | patch equivalence: GIT_CHERRY_HAS_UNMATCHED_PATCHES; git cherry equivalent=0, unmatched=6, unrepresented=0 | three-dot diff origin/main...head: NON_EMPTY (53 paths) | GitHub target diff: 53 files, +9807/-682 | GitHub mergeability: UNKNOWN/UNKNOWN | branch ancestry: 184 open ancestors, 2 open descendants; base=main | file overlap: 53 paths overlap 576 open PRs","Phase 2: review the cumulative stack tip first, then evaluate ancestors without treating ancestry as duplication."
856,feat(workflows): unified domain event envelope (Phase 4 Prompt 15),true,main,cursor/workflow-domain-event-envelope-2a81,ed742a0eb697487230723a0cf4ff59ed111da207,f7e3974c6f54df43caedda0399d6c3a78a38657a,e8f758db42ae5ea731fc4d863358310b48ec212a,7,63,workflow-automation,true,true,false,false,NON_EMPTY,855,857,UNKNOWN,NO_CHECKS_REPORTED,STACKED,HIGH,"commit reachability: 0/7 PR commits reachable from origin/main | patch equivalence: GIT_CHERRY_HAS_UNMATCHED_PATCHES; git cherry equivalent=0, unmatched=7, unrepresented=0 | three-dot diff origin/main...head: NON_EMPTY (63 paths) | GitHub target diff: 63 files, +11044/-681 | GitHub mergeability: UNKNOWN/UNKNOWN | branch ancestry: 185 open ancestors, 1 open descendants; base=main | file overlap: 63 paths overlap 576 open PRs","Phase 2: review the cumulative stack tip first, then evaluate ancestors without treating ancestry as duplication."
857,feat(workflows): transactional domain event outbox (Phase 4 Prompt 16),true,main,cursor/workflow-transactional-outbox-2a81,69a483f6566f36a3d77621fc4408eabd88685f5f,d6d801a8a9c08c487ac0b9008d6d17acb1d86a5e,e8f758db42ae5ea731fc4d863358310b48ec212a,8,77,cross-cutting,true,true,false,false,NON_EMPTY,856,857,UNKNOWN,NO_CHECKS_REPORTED,CUMULATIVE_STACK_TIP,HIGH,"commit reachability: 0/8 PR commits reachable from origin/main | patch equivalence: GIT_CHERRY_HAS_UNMATCHED_PATCHES; git cherry equivalent=0, unmatched=8, unrepresented=0 | three-dot diff origin/main...head: NON_EMPTY (77 paths) | GitHub target diff: 77 files, +11937/-709 | GitHub mergeability: UNKNOWN/UNKNOWN | branch ancestry: 186 open ancestors, 0 open descendants; base=main | file overlap: 77 paths overlap 579 open PRs","Phase 2: review the cumulative stack tip first, then evaluate ancestors without treating ancestry as duplication."
858,feat(workflows): workflow event outbox worker (Phase 4 Prompt 17),true,main,cursor/workflow-event-outbox-worker-2a81,1d0f2caebe56aa1ecd23295aa33d20e953daa95d,e4d696e9ab76f402194693c9eb289d37f947f305,1d0f2caebe56aa1ecd23295aa33d20e953daa95d,1,63,cross-cutting,true,true,false,false,NON_EMPTY,687,870,UNKNOWN,FAILURE,STACKED,HIGH,"commit reachability: 0/1 PR commits reachable from origin/main | patch equivalence: GIT_CHERRY_HAS_UNMATCHED_PATCHES; git cherry equivalent=0, unmatched=1, unrepresented=0 | three-dot diff origin/main...head: NON_EMPTY (63 paths) | GitHub target diff: 63 files, +7121/-768 | GitHub mergeability: UNKNOWN/UNKNOWN | branch ancestry: 179 open ancestors, 12 open descendants; base=main | file overlap: 63 paths overlap 569 open PRs","Phase 2: review the cumulative stack tip first, then evaluate ancestors without treating ancestry as duplication."
859,feat(workflows): wire priority domain event sources to transactional outbox (Phase 4 Prompt 18),true,main,cursor/workflow-domain-event-sources-2a81,1d0f2caebe56aa1ecd23295aa33d20e953daa95d,3b077188f197657ac9ce451a3a9264b224b50d80,1d0f2caebe56aa1ecd23295aa33d20e953daa95d,2,86,cross-cutting,true,true,false,false,NON_EMPTY,858,870,UNKNOWN,FAILURE,STACKED,HIGH,"commit reachability: 0/2 PR commits reachable from origin/main | patch equivalence: GIT_CHERRY_HAS_UNMATCHED_PATCHES; git cherry equivalent=0, unmatched=2, unrepresented=0 | three-dot diff origin/main...head: NON_EMPTY (86 paths) | GitHub target diff: 86 files, +8588/-856 | GitHub mergeability: UNKNOWN/UNKNOWN | branch ancestry: 180 open ancestors, 11 open descendants; base=main | file overlap: 86 paths overlap 574 open PRs","Phase 2: review the cumulative stack tip first, then evaluate ancestors without treating ancestry as duplication."
860,feat(workflows): canonical WorkflowMatcherService (Phase 5 Prompt 19),true,main,cursor/workflow-matcher-2a81,1d0f2caebe56aa1ecd23295aa33d20e953daa95d,4d8618878e06d8b595f6455312308e6d2ba2c459,1d0f2caebe56aa1ecd23295aa33d20e953daa95d,3,99,cross-cutting,true,true,false,false,NON_EMPTY,859,870,UNKNOWN,FAILURE,STACKED,HIGH,"commit reachability: 0/3 PR commits reachable from origin/main | patch equivalence: GIT_CHERRY_HAS_UNMATCHED_PATCHES; git cherry equivalent=0, unmatched=3, unrepresented=0 | three-dot diff origin/main...head: NON_EMPTY (99 paths) | GitHub target diff: 99 files, +10602/-856 | GitHub mergeability: UNKNOWN/UNKNOWN | branch ancestry: 181 open ancestors, 10 open descendants; base=main | file overlap: 99 paths overlap 574 open PRs","Phase 2: review the cumulative stack tip first, then evaluate ancestors without treating ancestry as duplication."
861,feat(workflows): persistent workflow run state machine (Phase 5 Prompt 20),true,cursor/workflow-matcher-2a81,cursor/workflow-run-state-machine-2a81,4d8618878e06d8b595f6455312308e6d2ba2c459,61cf4e45fdb7b2fb3a5e4af20bc67e876374daca,1d0f2caebe56aa1ecd23295aa33d20e953daa95d,1,31,workflow-automation,false,true,false,false,NON_EMPTY,860,870,NO_CONFLICT_REPORTED,FAILURE,STACKED,HIGH,"commit reachability: 0/1 PR commits reachable from origin/main | patch equivalence: GIT_CHERRY_HAS_UNMATCHED_PATCHES; git cherry equivalent=0, unmatched=1, unrepresented=0 | three-dot diff origin/main...head: NON_EMPTY (123 paths) | GitHub target diff: 31 files, +3134/-5 | GitHub mergeability: MERGEABLE/UNSTABLE | branch ancestry: 182 open ancestors, 9 open descendants; base=cursor/workflow-matcher-2a81 | file overlap: 31 paths overlap 559 open PRs","Phase 2: review the cumulative stack tip first, then evaluate ancestors without treating ancestry as duplication."
862,feat(workflows): persistent idempotent action run executor (Phase 5 Prompt 21),true,cursor/workflow-run-state-machine-2a81,cursor/workflow-action-run-executor-2a81,61cf4e45fdb7b2fb3a5e4af20bc67e876374daca,93fac6e462a6c2650d60e4420d985ca13356aa80,1d0f2caebe56aa1ecd23295aa33d20e953daa95d,1,16,workflow-automation,false,true,false,false,NON_EMPTY,861,870,NO_CONFLICT_REPORTED,FAILURE,STACKED,HIGH,"commit reachability: 0/1 PR commits reachable from origin/main | patch equivalence: GIT_CHERRY_HAS_UNMATCHED_PATCHES; git cherry equivalent=0, unmatched=1, unrepresented=0 | three-dot diff origin/main...head: NON_EMPTY (130 paths) | GitHub target diff: 16 files, +1389/-141 | GitHub mergeability: MERGEABLE/UNSTABLE | branch ancestry: 183 open ancestors, 8 open descendants; base=cursor/workflow-run-state-machine-2a81 | file overlap: 16 paths overlap 273 open PRs","Phase 2: review the cumulative stack tip first, then evaluate ancestors without treating ancestry as duplication."
863,feat(workflows): persistent approval pause-and-resume (Phase 5 Prompt 22),true,cursor/workflow-action-run-executor-2a81,cursor/workflow-approval-resume-2a81,93fac6e462a6c2650d60e4420d985ca13356aa80,556a58f93a38a8492cd99911f09e8de6a5d11fc8,1d0f2caebe56aa1ecd23295aa33d20e953daa95d,1,22,cross-cutting,false,true,false,false,NON_EMPTY,862,870,NO_CONFLICT_REPORTED,FAILURE,STACKED,HIGH,"commit reachability: 0/1 PR commits reachable from origin/main | patch equivalence: GIT_CHERRY_HAS_UNMATCHED_PATCHES; git cherry equivalent=0, unmatched=1, unrepresented=0 | three-dot diff origin/main...head: NON_EMPTY (142 paths) | GitHub target diff: 22 files, +1575/-13 | GitHub mergeability: MERGEABLE/UNSTABLE | branch ancestry: 184 open ancestors, 7 open descendants; base=cursor/workflow-action-run-executor-2a81 | file overlap: 22 paths overlap 559 open PRs","Phase 2: review the cumulative stack tip first, then evaluate ancestors without treating ancestry as duplication."
864,"feat(workflows): cancellation, timeouts, and stale run recovery (Phase 5 Prompt 23)",true,cursor/workflow-approval-resume-2a81,cursor/workflow-cancellation-timeouts-2a81,556a58f93a38a8492cd99911f09e8de6a5d11fc8,afb227534ca47d65a97b67434a509ede00b2c564,1d0f2caebe56aa1ecd23295aa33d20e953daa95d,1,22,workflow-automation,false,true,false,false,NON_EMPTY,863,870,NO_CONFLICT_REPORTED,FAILURE,STACKED,HIGH,"commit reachability: 0/1 PR commits reachable from origin/main | patch equivalence: GIT_CHERRY_HAS_UNMATCHED_PATCHES; git cherry equivalent=0, unmatched=1, unrepresented=0 | three-dot diff origin/main...head: NON_EMPTY (151 paths) | GitHub target diff: 22 files, +1349/-14 | GitHub mergeability: MERGEABLE/UNSTABLE | branch ancestry: 185 open ancestors, 6 open descendants; base=cursor/workflow-approval-resume-2a81 | file overlap: 22 paths overlap 559 open PRs","Phase 2: review the cumulative stack tip first, then evaluate ancestors without treating ancestry as duplication."
865,feat(workflows): error strategies and partial failure model (Phase 5 Prompt 24),true,cursor/workflow-cancellation-timeouts-2a81,cursor/workflow-error-strategies-2a81,afb227534ca47d65a97b67434a509ede00b2c564,e3fe1513e6931e58f30b41138bba37ea694146a1,1d0f2caebe56aa1ecd23295aa33d20e953daa95d,1,30,workflow-automation,false,true,false,false,NON_EMPTY,864,870,NO_CONFLICT_REPORTED,FAILURE,STACKED,HIGH,"commit reachability: 0/1 PR commits reachable from origin/main | patch equivalence: GIT_CHERRY_HAS_UNMATCHED_PATCHES; git cherry equivalent=0, unmatched=1, unrepresented=0 | three-dot diff origin/main...head: NON_EMPTY (161 paths) | GitHub target diff: 30 files, +1209/-36 | GitHub mergeability: MERGEABLE/UNSTABLE | branch ancestry: 186 open ancestors, 5 open descendants; base=cursor/workflow-cancellation-timeouts-2a81 | file overlap: 30 paths overlap 559 open PRs","Phase 2: review the cumulative stack tip first, then evaluate ancestors without treating ancestry as duplication."
866,feat(workflows): strictly typed condition engine (Phase 6 Prompt 25),true,cursor/workflow-error-strategies-2a81,cursor/workflow-condition-engine-2a81,e3fe1513e6931e58f30b41138bba37ea694146a1,14eb5aa433fe2b0c231476a251c478e596ba6c2b,1d0f2caebe56aa1ecd23295aa33d20e953daa95d,1,16,workflow-automation,false,true,false,false,NON_EMPTY,865,870,NO_CONFLICT_REPORTED,FAILURE,STACKED,HIGH,"commit reachability: 0/1 PR commits reachable from origin/main | patch equivalence: GIT_CHERRY_HAS_UNMATCHED_PATCHES; git cherry equivalent=0, unmatched=1, unrepresented=0 | three-dot diff origin/main...head: NON_EMPTY (173 paths) | GitHub target diff: 16 files, +1217/-119 | GitHub mergeability: MERGEABLE/UNSTABLE | branch ancestry: 187 open ancestors, 4 open descendants; base=cursor/workflow-error-strategies-2a81 | file overlap: 16 paths overlap 544 open PRs","Phase 2: review the cumulative stack tip first, then evaluate ancestors without treating ancestry as duplication."
867,feat(workflows): nested condition tree engine (Phase 6 Prompt 26),true,cursor/workflow-condition-engine-2a81,cursor/workflow-condition-tree-2a81,14eb5aa433fe2b0c231476a251c478e596ba6c2b,d571a8491eb3cf15af7e24762cb90ac0e4a71424,1d0f2caebe56aa1ecd23295aa33d20e953daa95d,1,20,cross-cutting,false,true,false,false,NON_EMPTY,866,870,NO_CONFLICT_REPORTED,FAILURE,STACKED,HIGH,"commit reachability: 0/1 PR commits reachable from origin/main | patch equivalence: GIT_CHERRY_HAS_UNMATCHED_PATCHES; git cherry equivalent=0, unmatched=1, unrepresented=0 | three-dot diff origin/main...head: NON_EMPTY (182 paths) | GitHub target diff: 20 files, +1495/-273 | GitHub mergeability: MERGEABLE/UNSTABLE | branch ancestry: 188 open ancestors, 3 open descendants; base=cursor/workflow-condition-engine-2a81 | file overlap: 20 paths overlap 559 open PRs","Phase 2: review the cumulative stack tip first, then evaluate ancestors without treating ancestry as duplication."
868,feat(workflows): condition operator matrix (Phase 6 Prompt 27),true,cursor/workflow-condition-tree-2a81,cursor/workflow-condition-operators-2a81,d571a8491eb3cf15af7e24762cb90ac0e4a71424,f69bfbe65bda93235bfbaf7b38a895adca4c1382,1d0f2caebe56aa1ecd23295aa33d20e953daa95d,1,11,workflow-automation,false,true,false,false,NON_EMPTY,867,870,NO_CONFLICT_REPORTED,FAILURE,STACKED,HIGH,"commit reachability: 0/1 PR commits reachable from origin/main | patch equivalence: GIT_CHERRY_HAS_UNMATCHED_PATCHES; git cherry equivalent=0, unmatched=1, unrepresented=0 | three-dot diff origin/main...head: NON_EMPTY (185 paths) | GitHub target diff: 11 files, +1013/-182 | GitHub mergeability: MERGEABLE/UNSTABLE | branch ancestry: 189 open ancestors, 2 open descendants; base=cursor/workflow-condition-tree-2a81 | file overlap: 11 paths overlap 559 open PRs","Phase 2: review the cumulative stack tip first, then evaluate ancestors without treating ancestry as duplication."
869,feat(workflows): durable timers & delay steps (Phase 6 Prompt 28),true,cursor/workflow-condition-operators-2a81,cursor/workflow-durable-timers-2a81,f69bfbe65bda93235bfbaf7b38a895adca4c1382,5c501567e23ac4fae97ce441ab3cad1ee315594d,1d0f2caebe56aa1ecd23295aa33d20e953daa95d,1,22,cross-cutting,false,true,false,false,NON_EMPTY,868,870,NO_CONFLICT_REPORTED,FAILURE,STACKED,HIGH,"commit reachability: 0/1 PR commits reachable from origin/main | patch equivalence: GIT_CHERRY_HAS_UNMATCHED_PATCHES; git cherry equivalent=0, unmatched=1, unrepresented=0 | three-dot diff origin/main...head: NON_EMPTY (195 paths) | GitHub target diff: 22 files, +1086/-18 | GitHub mergeability: MERGEABLE/UNSTABLE | branch ancestry: 190 open ancestors, 1 open descendants; base=cursor/workflow-condition-operators-2a81 | file overlap: 22 paths overlap 559 open PRs","Phase 2: review the cumulative stack tip first, then evaluate ancestors without treating ancestry as duplication."
870,V4.9.839 — Workflow occurrence/action idempotency (Phase 6 Prompt 29),true,main,cursor/workflow-idempotency-2a81,1d0f2caebe56aa1ecd23295aa33d20e953daa95d,a04bf52af43e265cfd6a17339c4a8bc33b3730fe,1d0f2caebe56aa1ecd23295aa33d20e953daa95d,13,204,cross-cutting,true,true,false,false,NON_EMPTY,869,870,UNKNOWN,FAILURE,CUMULATIVE_STACK_TIP,HIGH,"commit reachability: 0/13 PR commits reachable from origin/main | patch equivalence: GIT_CHERRY_HAS_UNMATCHED_PATCHES; git cherry equivalent=0, unmatched=13, unrepresented=0 | three-dot diff origin/main...head: NON_EMPTY (204 paths) | GitHub target diff: 204 files, +24470/-1030 | GitHub mergeability: UNKNOWN/UNKNOWN | branch ancestry: 191 open ancestors, 0 open descendants; base=main | file overlap: 195 paths overlap 574 open PRs","Phase 2: review the cumulative stack tip first, then evaluate ancestors without treating ancestry as duplication."
871,V4.9.841 — Workflow production action adapters (Phase 7 Prompt 31),true,main,cursor/workflow-action-registry-2a81,1d0f2caebe56aa1ecd23295aa33d20e953daa95d,ffe408b17174886d43b2761f60fc8eb75245d34f,1d0f2caebe56aa1ecd23295aa33d20e953daa95d,3,36,cross-cutting,true,true,false,false,NON_EMPTY,687,881,UNKNOWN,FAILURE,STACKED,HIGH,"commit reachability: 0/3 PR commits reachable from origin/main | patch equivalence: GIT_CHERRY_HAS_UNMATCHED_PATCHES; git cherry equivalent=0, unmatched=3, unrepresented=0 | three-dot diff origin/main...head: NON_EMPTY (36 paths) | GitHub target diff: 36 files, +2979/-230 | GitHub mergeability: UNKNOWN/UNKNOWN | branch ancestry: 179 open ancestors, 10 open descendants; base=main | file overlap: 36 paths overlap 543 open PRs","Phase 2: review the cumulative stack tip first, then evaluate ancestors without treating ancestry as duplication."
872,V4.9.842 — Workflow action technical policies (Phase 7 Prompt 32),true,main,cursor/workflow-action-policies-2a81,1d0f2caebe56aa1ecd23295aa33d20e953daa95d,85ea0c83106c202bcfba762ba7a96842bd93675f,1d0f2caebe56aa1ecd23295aa33d20e953daa95d,4,46,cross-cutting,true,true,false,false,NON_EMPTY,871,881,UNKNOWN,FAILURE,STACKED,HIGH,"commit reachability: 0/4 PR commits reachable from origin/main | patch equivalence: GIT_CHERRY_HAS_UNMATCHED_PATCHES; git cherry equivalent=0, unmatched=4, unrepresented=0 | three-dot diff origin/main...head: NON_EMPTY (46 paths) | GitHub target diff: 46 files, +4280/-231 | GitHub mergeability: UNKNOWN/UNKNOWN | branch ancestry: 180 open ancestors, 9 open descendants; base=main | file overlap: 46 paths overlap 559 open PRs","Phase 2: review the cumulative stack tip first, then evaluate ancestors without treating ancestry as duplication."
873,V4.9.843 — Task Automation → Workflow Runtime Bridge (Phase 7 Prompt 33),true,main,cursor/task-automation-workflow-bridge-2a81,1d0f2caebe56aa1ecd23295aa33d20e953daa95d,ed31381a14c6335258a393d5cc129371e3ceef58,1d0f2caebe56aa1ecd23295aa33d20e953daa95d,5,61,cross-cutting,true,true,false,false,NON_EMPTY,872,881,UNKNOWN,FAILURE,STACKED,HIGH,"commit reachability: 0/5 PR commits reachable from origin/main | patch equivalence: GIT_CHERRY_HAS_UNMATCHED_PATCHES; git cherry equivalent=0, unmatched=5, unrepresented=0 | three-dot diff origin/main...head: NON_EMPTY (61 paths) | GitHub target diff: 61 files, +5584/-260 | GitHub mergeability: UNKNOWN/UNKNOWN | branch ancestry: 181 open ancestors, 8 open descendants; base=main | file overlap: 61 paths overlap 559 open PRs","Phase 2: review the cumulative stack tip first, then evaluate ancestors without treating ancestry as duplication."
874,V4.9.844 — Workflow email.send Action Adapter (Phase 8 Prompt 34),true,main,cursor/email-send-adapter-2a81,1d0f2caebe56aa1ecd23295aa33d20e953daa95d,6b3416370d7c5df7fa1606c0cbda8745cb2a8f47,1d0f2caebe56aa1ecd23295aa33d20e953daa95d,6,68,cross-cutting,true,true,false,false,NON_EMPTY,873,881,UNKNOWN,FAILURE,STACKED,HIGH,"commit reachability: 0/6 PR commits reachable from origin/main | patch equivalence: GIT_CHERRY_HAS_UNMATCHED_PATCHES; git cherry equivalent=0, unmatched=6, unrepresented=0 | three-dot diff origin/main...head: NON_EMPTY (68 paths) | GitHub target diff: 68 files, +7007/-260 | GitHub mergeability: UNKNOWN/UNKNOWN | branch ancestry: 182 open ancestors, 7 open descendants; base=main | file overlap: 68 paths overlap 559 open PRs","Phase 2: review the cumulative stack tip first, then evaluate ancestors without treating ancestry as duplication."
875,V4.9.845 — Workflow WhatsApp Action Adapters (Phase 8 Prompt 35),true,main,cursor/whatsapp-workflow-actions-2a81,1d0f2caebe56aa1ecd23295aa33d20e953daa95d,4cfdeb06b81766826661184aac4570c3509e780a,1d0f2caebe56aa1ecd23295aa33d20e953daa95d,7,78,cross-cutting,true,true,false,false,NON_EMPTY,874,881,UNKNOWN,FAILURE,STACKED,HIGH,"commit reachability: 0/7 PR commits reachable from origin/main | patch equivalence: GIT_CHERRY_HAS_UNMATCHED_PATCHES; git cherry equivalent=0, unmatched=7, unrepresented=0 | three-dot diff origin/main...head: NON_EMPTY (78 paths) | GitHub target diff: 78 files, +9002/-260 | GitHub mergeability: UNKNOWN/UNKNOWN | branch ancestry: 183 open ancestors, 6 open descendants; base=main | file overlap: 78 paths overlap 559 open PRs","Phase 2: review the cumulative stack tip first, then evaluate ancestors without treating ancestry as duplication."
876,"feat(workflows): production sms.send action adapter (Phase 8, Prompt 36)",true,main,cursor/sms-send-adapter-2a81,1d0f2caebe56aa1ecd23295aa33d20e953daa95d,ef322c0ad600fb41003a713bf6752a014e19f81d,1d0f2caebe56aa1ecd23295aa33d20e953daa95d,8,97,cross-cutting,true,true,false,false,NON_EMPTY,875,881,UNKNOWN,FAILURE,STACKED,HIGH,"commit reachability: 0/8 PR commits reachable from origin/main | patch equivalence: GIT_CHERRY_HAS_UNMATCHED_PATCHES; git cherry equivalent=0, unmatched=8, unrepresented=0 | three-dot diff origin/main...head: NON_EMPTY (97 paths) | GitHub target diff: 97 files, +11317/-260 | GitHub mergeability: UNKNOWN/UNKNOWN | branch ancestry: 184 open ancestors, 5 open descendants; base=main | file overlap: 97 paths overlap 559 open PRs","Phase 2: review the cumulative stack tip first, then evaluate ancestors without treating ancestry as duplication."
877,"feat(workflows): production voice.call.start via Voice Orchestrator (Phase 8, Prompt 37)",true,main,cursor/voice-call-start-adapter-2a81,1d0f2caebe56aa1ecd23295aa33d20e953daa95d,ad90706d8fd6a467016b8de3a1c0f3d598ecec81,1d0f2caebe56aa1ecd23295aa33d20e953daa95d,9,106,cross-cutting,true,true,false,false,NON_EMPTY,876,881,UNKNOWN,FAILURE,STACKED,HIGH,"commit reachability: 0/9 PR commits reachable from origin/main | patch equivalence: GIT_CHERRY_HAS_UNMATCHED_PATCHES; git cherry equivalent=0, unmatched=9, unrepresented=0 | three-dot diff origin/main...head: NON_EMPTY (106 paths) | GitHub target diff: 106 files, +13051/-272 | GitHub mergeability: UNKNOWN/UNKNOWN | branch ancestry: 185 open ancestors, 4 open descendants; base=main | file overlap: 106 paths overlap 559 open PRs","Phase 2: review the cumulative stack tip first, then evaluate ancestors without treating ancestry as duplication."
878,"feat(workflows): governed AI communication pipeline (Phase 8, Prompt 38)",true,main,cursor/workflow-ai-communication-pipeline-2a81,1d0f2caebe56aa1ecd23295aa33d20e953daa95d,ed2f5fa4ca76b267ee27d1877462a7beca318102,1d0f2caebe56aa1ecd23295aa33d20e953daa95d,10,115,cross-cutting,true,true,false,false,NON_EMPTY,877,881,UNKNOWN,FAILURE,STACKED,HIGH,"commit reachability: 0/10 PR commits reachable from origin/main | patch equivalence: GIT_CHERRY_HAS_UNMATCHED_PATCHES; git cherry equivalent=0, unmatched=10, unrepresented=0 | three-dot diff origin/main...head: NON_EMPTY (115 paths) | GitHub target diff: 115 files, +14321/-272 | GitHub mergeability: UNKNOWN/UNKNOWN | branch ancestry: 186 open ancestors, 3 open descendants; base=main | file overlap: 115 paths overlap 559 open PRs","Phase 2: review the cumulative stack tip first, then evaluate ancestors without treating ancestry as duplication."
879,V4.9.849 — Central Workflow Communication Policy Engine (Phase 9 Prompt 39),true,main,cursor/workflow-communication-policy-engine-2a81,1d0f2caebe56aa1ecd23295aa33d20e953daa95d,5aacd210d9860e2e03cf7cfabd0e1541b8c7f459,1d0f2caebe56aa1ecd23295aa33d20e953daa95d,11,125,cross-cutting,true,true,false,false,NON_EMPTY,878,881,CONFLICTING,FAILURE,STACKED,HIGH,"commit reachability: 0/11 PR commits reachable from origin/main | patch equivalence: GIT_CHERRY_HAS_UNMATCHED_PATCHES; git cherry equivalent=0, unmatched=11, unrepresented=0 | three-dot diff origin/main...head: NON_EMPTY (125 paths) | GitHub target diff: 125 files, +15504/-272 | GitHub mergeability: CONFLICTING/DIRTY | branch ancestry: 187 open ancestors, 2 open descendants; base=main | file overlap: 125 paths overlap 559 open PRs","Phase 2: review the cumulative stack tip first, then evaluate ancestors without treating ancestry as duplication."
880,V4.9.850 — Workflow Risk Classification Registry & Calculator (Phase 9 Prompt 40),true,main,cursor/workflow-risk-classification-2a81,1d0f2caebe56aa1ecd23295aa33d20e953daa95d,678a9eb7c710389429ccf7a1f2824fdec5e9cfc0,1d0f2caebe56aa1ecd23295aa33d20e953daa95d,12,137,cross-cutting,true,true,false,false,NON_EMPTY,879,881,UNKNOWN,FAILURE,STACKED,HIGH,"commit reachability: 0/12 PR commits reachable from origin/main | patch equivalence: GIT_CHERRY_HAS_UNMATCHED_PATCHES; git cherry equivalent=0, unmatched=12, unrepresented=0 | three-dot diff origin/main...head: NON_EMPTY (137 paths) | GitHub target diff: 137 files, +16754/-274 | GitHub mergeability: UNKNOWN/UNKNOWN | branch ancestry: 188 open ancestors, 1 open descendants; base=main | file overlap: 137 paths overlap 559 open PRs","Phase 2: review the cumulative stack tip first, then evaluate ancestors without treating ancestry as duplication."
881,V4.9.851 — Workflow Granular Permissions (Phase 9 Prompt 41),true,main,cursor/workflow-granular-permissions-2a81,1d0f2caebe56aa1ecd23295aa33d20e953daa95d,bb9d0c1e15bc9328e3eccfffbdca40b2e5c81ce3,1d0f2caebe56aa1ecd23295aa33d20e953daa95d,13,154,cross-cutting,true,true,false,false,NON_EMPTY,880,881,UNKNOWN,FAILURE,CUMULATIVE_STACK_TIP,HIGH,"commit reachability: 0/13 PR commits reachable from origin/main | patch equivalence: GIT_CHERRY_HAS_UNMATCHED_PATCHES; git cherry equivalent=0, unmatched=13, unrepresented=0 | three-dot diff origin/main...head: NON_EMPTY (154 paths) | GitHub target diff: 154 files, +17708/-382 | GitHub mergeability: UNKNOWN/UNKNOWN | branch ancestry: 189 open ancestors, 0 open descendants; base=main | file overlap: 144 paths overlap 571 open PRs","Phase 2: review the cumulative stack tip first, then evaluate ancestors without treating ancestry as duplication."
886,"feat(workflows): dry-run simulation, revision diff, and execution history (Phase 10 P46)",true,cursor/workflow-config-drawer-2a81,cursor/workflow-simulate-history-2a81,f371eed43595e5c25b19692c8903532500ab2495,4b47d99feafc298311642e06b8763cfb5dea6fec,4b47d99feafc298311642e06b8763cfb5dea6fec,1,32,workflow-automation,false,true,true,UNKNOWN,EMPTY,687,1013,NO_CONFLICT_REPORTED,FAILURE,ALREADY_IN_MAIN,HIGH,"commit reachability: 1/1 PR commits reachable from origin/main | patch equivalence: NOT_APPLICABLE_ALL_COMMITS_DIRECTLY_REACHABLE; git cherry equivalent=0, unmatched=0, unrepresented=0 | three-dot diff origin/main...head: EMPTY (0 paths) | GitHub target diff: 32 files, +3061/-335 | GitHub mergeability: MERGEABLE/UNSTABLE | branch ancestry: 179 open ancestors, 47 open descendants; base=cursor/workflow-config-drawer-2a81 | file overlap: 32 paths overlap 564 open PRs",Phase 2: verify representative patch/tree evidence before any close decision.
887,fix(workflows): mobile readiness and accessibility for automation UI (Phase 10 P47),true,cursor/workflow-simulate-history-2a81,cursor/workflow-mobile-a11y-2a81,4b47d99feafc298311642e06b8763cfb5dea6fec,5293b0d6eb268115d8da50a167ba47edfe49d1cc,5293b0d6eb268115d8da50a167ba47edfe49d1cc,1,14,workflow-automation,false,true,true,UNKNOWN,EMPTY,886,1013,NO_CONFLICT_REPORTED,FAILURE,ALREADY_IN_MAIN,HIGH,"commit reachability: 1/1 PR commits reachable from origin/main | patch equivalence: NOT_APPLICABLE_ALL_COMMITS_DIRECTLY_REACHABLE; git cherry equivalent=0, unmatched=0, unrepresented=0 | three-dot diff origin/main...head: EMPTY (0 paths) | GitHub target diff: 14 files, +454/-153 | GitHub mergeability: MERGEABLE/UNSTABLE | branch ancestry: 180 open ancestors, 44 open descendants; base=cursor/workflow-simulate-history-2a81 | file overlap: 14 paths overlap 543 open PRs",Phase 2: verify representative patch/tree evidence before any close decision.
888,feat(workflows): Task Automation → Workflow Runtime Migration (Phase 11 Prompt 48),true,main,cursor/task-automation-migration-2a81,1d0f2caebe56aa1ecd23295aa33d20e953daa95d,f95023e65c4ff64bf607ce535c7597b7ca00beb6,f99b724cb916c3d97dce8301bd0bebdcb2bad0a3,9,103,cross-cutting,true,true,false,false,NON_EMPTY,887,898,UNKNOWN,FAILURE,STACKED,HIGH,"commit reachability: 8/9 PR commits reachable from origin/main | patch equivalence: GIT_CHERRY_HAS_UNMATCHED_PATCHES; git cherry equivalent=0, unmatched=1, unrepresented=0 | three-dot diff origin/main...head: NON_EMPTY (2 paths) | GitHub target diff: 103 files, +12586/-574 | GitHub mergeability: UNKNOWN/UNKNOWN | branch ancestry: 181 open ancestors, 1 open descendants; base=main | file overlap: 103 paths overlap 579 open PRs","Phase 2: review the cumulative stack tip first, then evaluate ancestors without treating ancestry as duplication."
890,"fix(data-auth): Providerzugriffe wieder ladbar — Sort-Validierung, Route-Shadowing, Prisma-Drift",true,cursor/data-auth-migration-fix-26b5,cursor/data-auth-provider-access-fix-2e0d,1faf06e475917931fc31a56e4a3e33608313e553,1cf66008cf18161fdc777f1392db6f79969aa481,c2d0851d5524cde9c0ac18fed67defac8fdecf22,3,16,legal-compliance,false,true,false,false,NON_EMPTY,753,890,NO_CONFLICT_REPORTED,FAILURE,CUMULATIVE_STACK_TIP,HIGH,"commit reachability: 0/3 PR commits reachable from origin/main | patch equivalence: GIT_CHERRY_HAS_UNMATCHED_PATCHES; git cherry equivalent=0, unmatched=3, unrepresented=0 | three-dot diff origin/main...head: NON_EMPTY (512 paths) | GitHub target diff: 16 files, +818/-42 | GitHub mergeability: MERGEABLE/UNSTABLE | branch ancestry: 213 open ancestors, 0 open descendants; base=cursor/data-auth-migration-fix-26b5 | file overlap: 10 paths overlap 576 open PRs","Phase 2: review the cumulative stack tip first, then evaluate ancestors without treating ancestry as duplication."
893,docs: Workflow Automation VPS control audit 2026-07 (Prompt 52),true,main,cursor/workflow-vps-audit-2a81,1d0f2caebe56aa1ecd23295aa33d20e953daa95d,2769ee911eac78d62b17d60d228044f121397919,5f992b91034714c043b0c0fde49f04cfb90a74ee,14,140,cross-cutting,true,true,false,false,NON_EMPTY,887,893,UNKNOWN,FAILURE,CUMULATIVE_STACK_TIP,HIGH,"commit reachability: 12/14 PR commits reachable from origin/main | patch equivalence: GIT_CHERRY_HAS_UNMATCHED_PATCHES; git cherry equivalent=1, unmatched=1, unrepresented=0 | three-dot diff origin/main...head: NON_EMPTY (2 paths) | GitHub target diff: 140 files, +17916/-575 | GitHub mergeability: UNKNOWN/UNKNOWN | branch ancestry: 181 open ancestors, 0 open descendants; base=main | file overlap: 140 paths overlap 579 open PRs","Phase 2: review the cumulative stack tip first, then evaluate ancestors without treating ancestry as duplication."
894,docs: Workflow Automation E2E production acceptance 2026-07 (Prompt 53),true,main,cursor/workflow-e2e-acceptance-2a81,1d0f2caebe56aa1ecd23295aa33d20e953daa95d,ec564c4d376113a9bf595d4cfab6f66c0c136d17,8669e52514f90537629a9b3a4802cae6216c1a7e,14,141,cross-cutting,true,true,false,false,NON_EMPTY,887,894,CONFLICTING,FAILURE,CUMULATIVE_STACK_TIP,HIGH,"commit reachability: 13/14 PR commits reachable from origin/main | patch equivalence: GIT_CHERRY_HAS_UNMATCHED_PATCHES; git cherry equivalent=0, unmatched=1, unrepresented=0 | three-dot diff origin/main...head: NON_EMPTY (2 paths) | GitHub target diff: 141 files, +18223/-575 | GitHub mergeability: CONFLICTING/DIRTY | branch ancestry: 181 open ancestors, 0 open descendants; base=main | file overlap: 140 paths overlap 579 open PRs","Phase 2: review the cumulative stack tip first, then evaluate ancestors without treating ancestry as duplication."
896,"feat(workflows): dry-run simulation, revision diff, and execution history UI (Phase 10 Prompt 46)",true,main,cursor/workflow-dry-run-simulation-2a81,1d0f2caebe56aa1ecd23295aa33d20e953daa95d,af9805e5d4e02f91f54632243a5e87c8b7e8ae7f,4b47d99feafc298311642e06b8763cfb5dea6fec,7,78,cross-cutting,true,true,false,false,NON_EMPTY,886,897,UNKNOWN,FAILURE,STACKED,HIGH,"commit reachability: 6/7 PR commits reachable from origin/main | patch equivalence: GIT_CHERRY_HAS_UNMATCHED_PATCHES; git cherry equivalent=0, unmatched=1, unrepresented=0 | three-dot diff origin/main...head: NON_EMPTY (11 paths) | GitHub target diff: 78 files, +9957/-456 | GitHub mergeability: UNKNOWN/UNKNOWN | branch ancestry: 180 open ancestors, 1 open descendants; base=main | file overlap: 78 paths overlap 579 open PRs","Phase 2: review the cumulative stack tip first, then evaluate ancestors without treating ancestry as duplication."
897,fix(workflows): Workflow Automation mobile readiness and accessibility (Phase 10 Prompt 47),true,main,cursor/workflow-ui-mobile-a11y-2a81,1d0f2caebe56aa1ecd23295aa33d20e953daa95d,dc7fbd6eeccadca122ec43feec4e35d978a42ea8,4b47d99feafc298311642e06b8763cfb5dea6fec,10,84,cross-cutting,true,true,false,false,NON_EMPTY,896,897,UNKNOWN,FAILURE,CUMULATIVE_STACK_TIP,HIGH,"commit reachability: 6/10 PR commits reachable from origin/main | patch equivalence: GIT_CHERRY_HAS_UNMATCHED_PATCHES; git cherry equivalent=1, unmatched=3, unrepresented=0 | three-dot diff origin/main...head: NON_EMPTY (21 paths) | GitHub target diff: 84 files, +10475/-560 | GitHub mergeability: UNKNOWN/UNKNOWN | branch ancestry: 181 open ancestors, 0 open descendants; base=main | file overlap: 84 paths overlap 579 open PRs","Phase 2: review the cumulative stack tip first, then evaluate ancestors without treating ancestry as duplication."
898,test(workflows): Workflow Automation Production Readiness Suite (Phase 11 Prompt 49),true,main,cursor/workflow-production-readiness-2a81,1d0f2caebe56aa1ecd23295aa33d20e953daa95d,4ff98d384f76244decb29610330b0160cfca05c0,f99b724cb916c3d97dce8301bd0bebdcb2bad0a3,10,122,cross-cutting,true,true,false,false,NON_EMPTY,888,898,CONFLICTING,FAILURE,CUMULATIVE_STACK_TIP,HIGH,"commit reachability: 8/10 PR commits reachable from origin/main | patch equivalence: GIT_CHERRY_HAS_UNMATCHED_PATCHES; git cherry equivalent=0, unmatched=2, unrepresented=0 | three-dot diff origin/main...head: NON_EMPTY (27 paths) | GitHub target diff: 122 files, +14917/-574 | GitHub mergeability: CONFLICTING/DIRTY | branch ancestry: 182 open ancestors, 0 open descendants; base=main | file overlap: 107 paths overlap 579 open PRs","Phase 2: review the cumulative stack tip first, then evaluate ancestors without treating ancestry as duplication."
899,audit(vehicle-warnings): production readiness assessment 2026-07 (26/26 complete),true,main,cursor/vehicle-warnings-audit-charter-c960,1d0f2caebe56aa1ecd23295aa33d20e953daa95d,f440945eca917404041a558367366892f71f12d8,1d0f2caebe56aa1ecd23295aa33d20e953daa95d,25,52,documentation,true,true,false,false,NON_EMPTY,687,899,NO_CONFLICT_REPORTED,NO_CHECKS_REPORTED,CUMULATIVE_STACK_TIP,HIGH,"commit reachability: 0/25 PR commits reachable from origin/main | patch equivalence: GIT_CHERRY_HAS_UNMATCHED_PATCHES; git cherry equivalent=0, unmatched=25, unrepresented=0 | three-dot diff origin/main...head: NON_EMPTY (52 paths) | GitHub target diff: 52 files, +16812/-0 | GitHub mergeability: MERGEABLE/CLEAN | branch ancestry: 179 open ancestors, 0 open descendants; base=main | all 52 changed files are documentation paths","Phase 2: review the cumulative stack tip first, then evaluate ancestors without treating ancestry as duplication."
900,Operator App: zentrale Frontend Access Gates (Prompt 6),true,audit/operator-app-production-readiness-2026-07,cursor/operator-permission-gates-46a7,c672ccfd3b2f8776b48968d5a5ed9e7c8b508f16,548cf80b135caa511ef7484d483116fb90b62030,1d0f2caebe56aa1ecd23295aa33d20e953daa95d,1,39,cross-cutting,false,true,false,false,NON_EMPTY,687,901,NO_CONFLICT_REPORTED,FAILURE,STACKED,HIGH,"commit reachability: 0/1 PR commits reachable from origin/main | patch equivalence: GIT_CHERRY_HAS_UNMATCHED_PATCHES; git cherry equivalent=0, unmatched=1, unrepresented=0 | three-dot diff origin/main...head: NON_EMPTY (50 paths) | GitHub target diff: 39 files, +901/-158 | GitHub mergeability: MERGEABLE/UNSTABLE | branch ancestry: 179 open ancestors, 1 open descendants; base=audit/operator-app-production-readiness-2026-07 | file overlap: 39 paths overlap 543 open PRs","Phase 2: review the cumulative stack tip first, then evaluate ancestors without treating ancestry as duplication."
901,Operator App: Backend-Autorisierungs-Audit (Prompt 7),true,audit/operator-app-production-readiness-2026-07,cursor/operator-backend-auth-audit-46a7,c672ccfd3b2f8776b48968d5a5ed9e7c8b508f16,61eaffed5b49f384d6e8930638d7d5d25ecddc94,1d0f2caebe56aa1ecd23295aa33d20e953daa95d,4,42,cross-cutting,false,true,false,false,NON_EMPTY,900,901,NO_CONFLICT_REPORTED,FAILURE,CUMULATIVE_STACK_TIP,HIGH,"commit reachability: 0/4 PR commits reachable from origin/main | patch equivalence: GIT_CHERRY_HAS_UNMATCHED_PATCHES; git cherry equivalent=0, unmatched=4, unrepresented=0 | three-dot diff origin/main...head: NON_EMPTY (53 paths) | GitHub target diff: 42 files, +1515/-166 | GitHub mergeability: MERGEABLE/UNSTABLE | branch ancestry: 180 open ancestors, 0 open descendants; base=audit/operator-app-production-readiness-2026-07 | file overlap: 39 paths overlap 543 open PRs","Phase 2: review the cumulative stack tip first, then evaluate ancestors without treating ancestry as duplication."
902,Operator App: Station- und Assignment-Autorisierung (Prompt 8),true,audit/operator-app-production-readiness-2026-07,cursor/operator-station-scope-46a7,c672ccfd3b2f8776b48968d5a5ed9e7c8b508f16,8c6a13999cadc0f035dc62d605f4f330dbc01a95,1d0f2caebe56aa1ecd23295aa33d20e953daa95d,1,25,cross-cutting,false,true,false,false,NON_EMPTY,687,906,NO_CONFLICT_REPORTED,FAILURE,STACKED,HIGH,"commit reachability: 0/1 PR commits reachable from origin/main | patch equivalence: GIT_CHERRY_HAS_UNMATCHED_PATCHES; git cherry equivalent=0, unmatched=1, unrepresented=0 | three-dot diff origin/main...head: NON_EMPTY (40 paths) | GitHub target diff: 25 files, +1201/-34 | GitHub mergeability: MERGEABLE/UNSTABLE | branch ancestry: 179 open ancestors, 4 open descendants; base=audit/operator-app-production-readiness-2026-07 | file overlap: 25 paths overlap 547 open PRs","Phase 2: review the cumulative stack tip first, then evaluate ancestors without treating ancestry as duplication."
903,V4.9.835 — Operator App: Provider-/Cache-Konsolidierung (Prompt 9),true,main,cursor/operator-provider-cache-46a7,1d0f2caebe56aa1ecd23295aa33d20e953daa95d,8f3376da14ac667ff7d9cc83cc6777d922b36284,1d0f2caebe56aa1ecd23295aa33d20e953daa95d,8,55,cross-cutting,true,true,false,false,NON_EMPTY,902,906,UNKNOWN,FAILURE,STACKED,HIGH,"commit reachability: 0/8 PR commits reachable from origin/main | patch equivalence: GIT_CHERRY_HAS_UNMATCHED_PATCHES; git cherry equivalent=0, unmatched=8, unrepresented=0 | three-dot diff origin/main...head: NON_EMPTY (55 paths) | GitHub target diff: 55 files, +4285/-119 | GitHub mergeability: UNKNOWN/UNKNOWN | branch ancestry: 180 open ancestors, 3 open descendants; base=main | file overlap: 55 paths overlap 547 open PRs","Phase 2: review the cumulative stack tip first, then evaluate ancestors without treating ancestry as duplication."
904,V4.9.836 — Operator App: zentrale Booking-Contracts (Prompt 10),true,main,cursor/operator-booking-contracts-46a7,1d0f2caebe56aa1ecd23295aa33d20e953daa95d,4c87906d5f819076c4a5374066faf6ad0462c6bc,1d0f2caebe56aa1ecd23295aa33d20e953daa95d,9,63,cross-cutting,true,true,false,false,NON_EMPTY,903,906,UNKNOWN,FAILURE,STACKED,HIGH,"commit reachability: 0/9 PR commits reachable from origin/main | patch equivalence: GIT_CHERRY_HAS_UNMATCHED_PATCHES; git cherry equivalent=0, unmatched=9, unrepresented=0 | three-dot diff origin/main...head: NON_EMPTY (63 paths) | GitHub target diff: 63 files, +4966/-250 | GitHub mergeability: UNKNOWN/UNKNOWN | branch ancestry: 181 open ancestors, 2 open descendants; base=main | file overlap: 63 paths overlap 547 open PRs","Phase 2: review the cumulative stack tip first, then evaluate ancestors without treating ancestry as duplication."
905,V4.9.837 — Operator App: zentrale Vehicle-Runtime-Wahrheit (Prompt 11),true,main,cursor/operator-vehicle-runtime-46a7,1d0f2caebe56aa1ecd23295aa33d20e953daa95d,d5beff16671a955cdb13036e77b995ee51fb779e,1d0f2caebe56aa1ecd23295aa33d20e953daa95d,10,68,cross-cutting,true,true,false,false,NON_EMPTY,904,906,UNKNOWN,FAILURE,STACKED,HIGH,"commit reachability: 0/10 PR commits reachable from origin/main | patch equivalence: GIT_CHERRY_HAS_UNMATCHED_PATCHES; git cherry equivalent=0, unmatched=10, unrepresented=0 | three-dot diff origin/main...head: NON_EMPTY (68 paths) | GitHub target diff: 68 files, +5382/-442 | GitHub mergeability: UNKNOWN/UNKNOWN | branch ancestry: 182 open ancestors, 1 open descendants; base=main | file overlap: 68 paths overlap 547 open PRs","Phase 2: review the cumulative stack tip first, then evaluate ancestors without treating ancestry as duplication."
906,V4.9.838 — Operator Today work queue (Prompt 12),true,main,cursor/operator-today-work-queue-46a7,1d0f2caebe56aa1ecd23295aa33d20e953daa95d,62aeea5b7e6539941125433b08fe25c17ea36fbe,1d0f2caebe56aa1ecd23295aa33d20e953daa95d,11,77,cross-cutting,true,true,false,false,NON_EMPTY,905,906,UNKNOWN,FAILURE,CUMULATIVE_STACK_TIP,HIGH,"commit reachability: 0/11 PR commits reachable from origin/main | patch equivalence: GIT_CHERRY_HAS_UNMATCHED_PATCHES; git cherry equivalent=0, unmatched=11, unrepresented=0 | three-dot diff origin/main...head: NON_EMPTY (77 paths) | GitHub target diff: 77 files, +6234/-485 | GitHub mergeability: UNKNOWN/UNKNOWN | branch ancestry: 183 open ancestors, 0 open descendants; base=main | file overlap: 72 paths overlap 547 open PRs","Phase 2: review the cumulative stack tip first, then evaluate ancestors without treating ancestry as duplication."
907,V4.9.839 — Handover state-machine analysis (Prompt 13),true,main,cursor/operator-handover-state-machine-46a7,1d0f2caebe56aa1ecd23295aa33d20e953daa95d,11fb372b1678eb7c100bbb2f8616bd5798e1f3d7,1d0f2caebe56aa1ecd23295aa33d20e953daa95d,1,4,operator-app,true,true,false,false,NON_EMPTY,687,924,UNKNOWN,FAILURE,STACKED,HIGH,"commit reachability: 0/1 PR commits reachable from origin/main | patch equivalence: GIT_CHERRY_HAS_UNMATCHED_PATCHES; git cherry equivalent=0, unmatched=1, unrepresented=0 | three-dot diff origin/main...head: NON_EMPTY (4 paths) | GitHub target diff: 4 files, +2069/-0 | GitHub mergeability: UNKNOWN/UNKNOWN | branch ancestry: 179 open ancestors, 17 open descendants; base=main | file overlap: 4 paths overlap 543 open PRs","Phase 2: review the cumulative stack tip first, then evaluate ancestors without treating ancestry as duplication."
908,V4.9.840 — Operator handover session state machine (Prompt 14),true,main,cursor/operator-handover-session-sm-46a7,1d0f2caebe56aa1ecd23295aa33d20e953daa95d,8d82e63b1dc25c59fff2bf61dfe092566051e4e4,1d0f2caebe56aa1ecd23295aa33d20e953daa95d,2,27,cross-cutting,true,true,false,false,NON_EMPTY,907,924,UNKNOWN,FAILURE,STACKED,HIGH,"commit reachability: 0/2 PR commits reachable from origin/main | patch equivalence: GIT_CHERRY_HAS_UNMATCHED_PATCHES; git cherry equivalent=0, unmatched=2, unrepresented=0 | three-dot diff origin/main...head: NON_EMPTY (27 paths) | GitHub target diff: 27 files, +4246/-1 | GitHub mergeability: UNKNOWN/UNKNOWN | branch ancestry: 180 open ancestors, 16 open descendants; base=main | file overlap: 27 paths overlap 560 open PRs","Phase 2: review the cumulative stack tip first, then evaluate ancestors without treating ancestry as duplication."
909,V4.9.841 — Atomic pickup handover complete command (Prompt 15),true,main,cursor/operator-complete-pickup-handover-46a7,1d0f2caebe56aa1ecd23295aa33d20e953daa95d,0bb004274484633c202bf51b58b01b65208cbc8b,1d0f2caebe56aa1ecd23295aa33d20e953daa95d,3,36,cross-cutting,true,true,false,false,NON_EMPTY,908,924,UNKNOWN,FAILURE,STACKED,HIGH,"commit reachability: 0/3 PR commits reachable from origin/main | patch equivalence: GIT_CHERRY_HAS_UNMATCHED_PATCHES; git cherry equivalent=0, unmatched=3, unrepresented=0 | three-dot diff origin/main...head: NON_EMPTY (36 paths) | GitHub target diff: 36 files, +5669/-2 | GitHub mergeability: UNKNOWN/UNKNOWN | branch ancestry: 181 open ancestors, 15 open descendants; base=main | file overlap: 36 paths overlap 577 open PRs","Phase 2: review the cumulative stack tip first, then evaluate ancestors without treating ancestry as duplication."
910,feat(operator): atomic return handover completion command (Prompt 16),true,main,cursor/operator-complete-return-handover-46a7,1d0f2caebe56aa1ecd23295aa33d20e953daa95d,f3bfff7cc8864250b341aeb39154f401756f4380,1d0f2caebe56aa1ecd23295aa33d20e953daa95d,4,43,cross-cutting,true,true,false,false,NON_EMPTY,909,924,UNKNOWN,FAILURE,STACKED,HIGH,"commit reachability: 0/4 PR commits reachable from origin/main | patch equivalence: GIT_CHERRY_HAS_UNMATCHED_PATCHES; git cherry equivalent=0, unmatched=4, unrepresented=0 | three-dot diff origin/main...head: NON_EMPTY (43 paths) | GitHub target diff: 43 files, +7081/-5 | GitHub mergeability: UNKNOWN/UNKNOWN | branch ancestry: 182 open ancestors, 14 open descendants; base=main | file overlap: 43 paths overlap 577 open PRs","Phase 2: review the cumulative stack tip first, then evaluate ancestors without treating ancestry as duplication."
911,feat(operator): tamper-evident handover completion records (Prompt 17),true,main,cursor/operator-handover-completion-record-46a7,1d0f2caebe56aa1ecd23295aa33d20e953daa95d,539ac1c28bc31e69c6fdf51ff83d87e740a796e0,1d0f2caebe56aa1ecd23295aa33d20e953daa95d,5,54,cross-cutting,true,true,false,false,NON_EMPTY,910,924,UNKNOWN,FAILURE,STACKED,HIGH,"commit reachability: 0/5 PR commits reachable from origin/main | patch equivalence: GIT_CHERRY_HAS_UNMATCHED_PATCHES; git cherry equivalent=0, unmatched=5, unrepresented=0 | three-dot diff origin/main...head: NON_EMPTY (54 paths) | GitHub target diff: 54 files, +8733/-16 | GitHub mergeability: UNKNOWN/UNKNOWN | branch ancestry: 183 open ancestors, 13 open descendants; base=main | file overlap: 54 paths overlap 578 open PRs","Phase 2: review the cumulative stack tip first, then evaluate ancestors without treating ancestry as duplication."
912,feat(operator): server-side handover draft lifecycle (Prompt 18),true,main,cursor/operator-handover-draft-lifecycle-46a7,1d0f2caebe56aa1ecd23295aa33d20e953daa95d,0a2ed2b5cc561cb0d7c7d813d64728df023950f8,1d0f2caebe56aa1ecd23295aa33d20e953daa95d,7,65,cross-cutting,true,true,false,false,NON_EMPTY,911,924,UNKNOWN,FAILURE,STACKED,HIGH,"commit reachability: 0/7 PR commits reachable from origin/main | patch equivalence: GIT_CHERRY_HAS_UNMATCHED_PATCHES; git cherry equivalent=0, unmatched=7, unrepresented=0 | three-dot diff origin/main...head: NON_EMPTY (65 paths) | GitHub target diff: 65 files, +10491/-22 | GitHub mergeability: UNKNOWN/UNKNOWN | branch ancestry: 184 open ancestors, 12 open descendants; base=main | file overlap: 65 paths overlap 578 open PRs","Phase 2: review the cumulative stack tip first, then evaluate ancestors without treating ancestry as duplication."
913,V4.9.845 — Operator Handover Wizard ↔ Draft Sync (Prompt 19),true,main,cursor/operator-handover-draft-wizard-sync-46a7,1d0f2caebe56aa1ecd23295aa33d20e953daa95d,7c15b604ee26378d8a7642cfb816f841bbe77fa4,1d0f2caebe56aa1ecd23295aa33d20e953daa95d,8,77,cross-cutting,true,true,false,false,NON_EMPTY,912,924,UNKNOWN,FAILURE,STACKED,HIGH,"commit reachability: 0/8 PR commits reachable from origin/main | patch equivalence: GIT_CHERRY_HAS_UNMATCHED_PATCHES; git cherry equivalent=0, unmatched=8, unrepresented=0 | three-dot diff origin/main...head: NON_EMPTY (77 paths) | GitHub target diff: 77 files, +11690/-90 | GitHub mergeability: UNKNOWN/UNKNOWN | branch ancestry: 185 open ancestors, 11 open descendants; base=main | file overlap: 77 paths overlap 578 open PRs","Phase 2: review the cumulative stack tip first, then evaluate ancestors without treating ancestry as duplication."
914,V4.9.846 — Operator Upload Queue & Retry (Prompt 20),true,cursor/operator-handover-draft-wizard-sync-46a7,cursor/operator-upload-queue-46a7,7c15b604ee26378d8a7642cfb816f841bbe77fa4,b6657e3632221ad8db829ecf1922768e640eabf0,1d0f2caebe56aa1ecd23295aa33d20e953daa95d,1,22,cross-cutting,false,true,false,false,NON_EMPTY,913,924,NO_CONFLICT_REPORTED,FAILURE,STACKED,HIGH,"commit reachability: 0/1 PR commits reachable from origin/main | patch equivalence: GIT_CHERRY_HAS_UNMATCHED_PATCHES; git cherry equivalent=0, unmatched=1, unrepresented=0 | three-dot diff origin/main...head: NON_EMPTY (93 paths) | GitHub target diff: 22 files, +1818/-1 | GitHub mergeability: MERGEABLE/UNSTABLE | branch ancestry: 186 open ancestors, 10 open descendants; base=cursor/operator-handover-draft-wizard-sync-46a7 | file overlap: 22 paths overlap 576 open PRs","Phase 2: review the cumulative stack tip first, then evaluate ancestors without treating ancestry as duplication."
915,V4.9.847 — Operator Connectivity Banner & Status (Prompt 21),true,cursor/operator-upload-queue-46a7,cursor/operator-connectivity-banner-46a7,b6657e3632221ad8db829ecf1922768e640eabf0,bf46853632278ac9865311cb8f7ac8d8f331eacb,1d0f2caebe56aa1ecd23295aa33d20e953daa95d,1,16,cross-cutting,false,true,false,false,NON_EMPTY,914,924,NO_CONFLICT_REPORTED,FAILURE,STACKED,HIGH,"commit reachability: 0/1 PR commits reachable from origin/main | patch equivalence: GIT_CHERRY_HAS_UNMATCHED_PATCHES; git cherry equivalent=0, unmatched=1, unrepresented=0 | three-dot diff origin/main...head: NON_EMPTY (104 paths) | GitHub target diff: 16 files, +906/-17 | GitHub mergeability: MERGEABLE/UNSTABLE | branch ancestry: 187 open ancestors, 9 open descendants; base=cursor/operator-upload-queue-46a7 | file overlap: 16 paths overlap 562 open PRs","Phase 2: review the cumulative stack tip first, then evaluate ancestors without treating ancestry as duplication."
916,V4.9.848 — Operator Upload Pipeline Security Hardening (Prompt 22),true,cursor/operator-connectivity-banner-46a7,cursor/operator-upload-security-46a7,bf46853632278ac9865311cb8f7ac8d8f331eacb,3d7d9224a0858dad2bfa4f171bd33a94b4cf0b6f,1d0f2caebe56aa1ecd23295aa33d20e953daa95d,1,28,cross-cutting,false,true,false,false,NON_EMPTY,915,924,NO_CONFLICT_REPORTED,FAILURE,STACKED,HIGH,"commit reachability: 0/1 PR commits reachable from origin/main | patch equivalence: GIT_CHERRY_HAS_UNMATCHED_PATCHES; git cherry equivalent=0, unmatched=1, unrepresented=0 | three-dot diff origin/main...head: NON_EMPTY (115 paths) | GitHub target diff: 28 files, +1007/-156 | GitHub mergeability: MERGEABLE/UNSTABLE | branch ancestry: 188 open ancestors, 8 open descendants; base=cursor/operator-connectivity-banner-46a7 | file overlap: 28 paths overlap 577 open PRs","Phase 2: review the cumulative stack tip first, then evaluate ancestors without treating ancestry as duplication."
917,feat(operator): Signatur-Bindung an Protokollinhalt (Prompt 24),true,cursor/operator-upload-security-46a7,cursor/operator-signature-binding-46a7,3d7d9224a0858dad2bfa4f171bd33a94b4cf0b6f,33451e262dd0b7b33ac5d40f889dee614280059d,1d0f2caebe56aa1ecd23295aa33d20e953daa95d,1,26,cross-cutting,false,true,false,false,NON_EMPTY,916,924,NO_CONFLICT_REPORTED,FAILURE,STACKED,HIGH,"commit reachability: 0/1 PR commits reachable from origin/main | patch equivalence: GIT_CHERRY_HAS_UNMATCHED_PATCHES; git cherry equivalent=0, unmatched=1, unrepresented=0 | three-dot diff origin/main...head: NON_EMPTY (128 paths) | GitHub target diff: 26 files, +1520/-59 | GitHub mergeability: MERGEABLE/UNSTABLE | branch ancestry: 189 open ancestors, 7 open descendants; base=cursor/operator-upload-security-46a7 | file overlap: 26 paths overlap 559 open PRs","Phase 2: review the cumulative stack tip first, then evaluate ancestors without treating ancestry as duplication."
918,feat(operator): Datenminimierung Dokumente & Kundendaten (Prompt 25),true,cursor/operator-signature-binding-46a7,cursor/operator-data-minimization-46a7,33451e262dd0b7b33ac5d40f889dee614280059d,76912bfb4264f1f83c288f10c8b79316715f7912,1d0f2caebe56aa1ecd23295aa33d20e953daa95d,1,30,cross-cutting,false,true,false,false,NON_EMPTY,917,924,NO_CONFLICT_REPORTED,FAILURE,STACKED,HIGH,"commit reachability: 0/1 PR commits reachable from origin/main | patch equivalence: GIT_CHERRY_HAS_UNMATCHED_PATCHES; git cherry equivalent=0, unmatched=1, unrepresented=0 | three-dot diff origin/main...head: NON_EMPTY (151 paths) | GitHub target diff: 30 files, +1966/-310 | GitHub mergeability: MERGEABLE/UNSTABLE | branch ancestry: 190 open ancestors, 6 open descendants; base=cursor/operator-signature-binding-46a7 | file overlap: 30 paths overlap 546 open PRs","Phase 2: review the cumulative stack tip first, then evaluate ancestors without treating ancestry as duplication."
919,feat(operator): konsolidierte Damage-Capture-Domain (Prompt 26),true,cursor/operator-data-minimization-46a7,cursor/operator-damage-consolidation-46a7,76912bfb4264f1f83c288f10c8b79316715f7912,08da09699c308ad383dbc783d51f05eda40a61a4,1d0f2caebe56aa1ecd23295aa33d20e953daa95d,1,24,operator-app,false,true,false,false,NON_EMPTY,918,924,NO_CONFLICT_REPORTED,FAILURE,STACKED,HIGH,"commit reachability: 0/1 PR commits reachable from origin/main | patch equivalence: GIT_CHERRY_HAS_UNMATCHED_PATCHES; git cherry equivalent=0, unmatched=1, unrepresented=0 | three-dot diff origin/main...head: NON_EMPTY (167 paths) | GitHub target diff: 24 files, +1235/-35 | GitHub mergeability: MERGEABLE/UNSTABLE | branch ancestry: 191 open ancestors, 5 open descendants; base=cursor/operator-data-minimization-46a7 | file overlap: 24 paths overlap 559 open PRs","Phase 2: review the cumulative stack tip first, then evaluate ancestors without treating ancestry as duplication."
920,V4.9.852 — Operator App: Technical Observations Consolidation (Prompt 27),true,cursor/operator-damage-consolidation-46a7,cursor/operator-observations-consolidation-46a7,08da09699c308ad383dbc783d51f05eda40a61a4,c05a9ac4f10f60e6962d8554f9de2c938de9c0f3,1d0f2caebe56aa1ecd23295aa33d20e953daa95d,1,19,cross-cutting,false,true,false,false,NON_EMPTY,919,924,NO_CONFLICT_REPORTED,FAILURE,STACKED,HIGH,"commit reachability: 0/1 PR commits reachable from origin/main | patch equivalence: GIT_CHERRY_HAS_UNMATCHED_PATCHES; git cherry equivalent=0, unmatched=1, unrepresented=0 | three-dot diff origin/main...head: NON_EMPTY (177 paths) | GitHub target diff: 19 files, +759/-153 | GitHub mergeability: MERGEABLE/UNSTABLE | branch ancestry: 192 open ancestors, 4 open descendants; base=cursor/operator-damage-consolidation-46a7 | file overlap: 19 paths overlap 558 open PRs","Phase 2: review the cumulative stack tip first, then evaluate ancestors without treating ancestry as duplication."
921,V4.9.853 — Operator App: Tire Measurement Hardening (Prompt 28),true,cursor/operator-observations-consolidation-46a7,cursor/operator-tire-measure-hardening-46a7,c05a9ac4f10f60e6962d8554f9de2c938de9c0f3,4a7dfd3cf739ed96d8735bedf7a45e10434ddda6,1d0f2caebe56aa1ecd23295aa33d20e953daa95d,1,22,cross-cutting,false,true,false,false,NON_EMPTY,920,924,NO_CONFLICT_REPORTED,FAILURE,STACKED,HIGH,"commit reachability: 0/1 PR commits reachable from origin/main | patch equivalence: GIT_CHERRY_HAS_UNMATCHED_PATCHES; git cherry equivalent=0, unmatched=1, unrepresented=0 | three-dot diff origin/main...head: NON_EMPTY (191 paths) | GitHub target diff: 22 files, +1195/-66 | GitHub mergeability: MERGEABLE/UNSTABLE | branch ancestry: 193 open ancestors, 3 open descendants; base=cursor/operator-observations-consolidation-46a7 | file overlap: 22 paths overlap 559 open PRs","Phase 2: review the cumulative stack tip first, then evaluate ancestors without treating ancestry as duplication."
922,"V4.9.854 — Operator App: Routing, Deep Links & Process Resume (Prompt 29)",true,main,cursor/operator-routing-resume-46a7,1d0f2caebe56aa1ecd23295aa33d20e953daa95d,1152b2d76258c174255b95ce4cdbf8baa3b9bd8f,1d0f2caebe56aa1ecd23295aa33d20e953daa95d,17,204,cross-cutting,true,true,false,false,NON_EMPTY,921,924,UNKNOWN,FAILURE,STACKED,HIGH,"commit reachability: 0/17 PR commits reachable from origin/main | patch equivalence: GIT_CHERRY_HAS_UNMATCHED_PATCHES; git cherry equivalent=0, unmatched=17, unrepresented=0 | three-dot diff origin/main...head: NON_EMPTY (204 paths) | GitHub target diff: 204 files, +23182/-681 | GitHub mergeability: UNKNOWN/UNKNOWN | branch ancestry: 194 open ancestors, 2 open descendants; base=main | file overlap: 204 paths overlap 578 open PRs","Phase 2: review the cumulative stack tip first, then evaluate ancestors without treating ancestry as duplication."
923,V4.9.855 — Operator App: Today & Tasks UX (Prompt 30),true,main,cursor/operator-today-tasks-ux-46a7,1d0f2caebe56aa1ecd23295aa33d20e953daa95d,2c6272d666e9511362f92edcb4c903ece373cf89,1d0f2caebe56aa1ecd23295aa33d20e953daa95d,18,214,cross-cutting,true,true,false,false,NON_EMPTY,922,924,UNKNOWN,FAILURE,STACKED,HIGH,"commit reachability: 0/18 PR commits reachable from origin/main | patch equivalence: GIT_CHERRY_HAS_UNMATCHED_PATCHES; git cherry equivalent=0, unmatched=18, unrepresented=0 | three-dot diff origin/main...head: NON_EMPTY (214 paths) | GitHub target diff: 214 files, +23601/-714 | GitHub mergeability: UNKNOWN/UNKNOWN | branch ancestry: 195 open ancestors, 1 open descendants; base=main | file overlap: 214 paths overlap 578 open PRs","Phase 2: review the cumulative stack tip first, then evaluate ancestors without treating ancestry as duplication."
924,V4.9.856 — Operator Pickup/Return Wizard UX (Prompt 31),true,main,cursor/operator-handover-wizard-ux-46a7,1d0f2caebe56aa1ecd23295aa33d20e953daa95d,85b773239dc743908e623c82d062d581157ae0df,1d0f2caebe56aa1ecd23295aa33d20e953daa95d,19,222,cross-cutting,true,true,false,false,NON_EMPTY,923,924,UNKNOWN,FAILURE,CUMULATIVE_STACK_TIP,HIGH,"commit reachability: 0/19 PR commits reachable from origin/main | patch equivalence: GIT_CHERRY_HAS_UNMATCHED_PATCHES; git cherry equivalent=0, unmatched=19, unrepresented=0 | three-dot diff origin/main...head: NON_EMPTY (222 paths) | GitHub target diff: 222 files, +24378/-762 | GitHub mergeability: UNKNOWN/UNKNOWN | branch ancestry: 196 open ancestors, 0 open descendants; base=main | file overlap: 214 paths overlap 578 open PRs","Phase 2: review the cumulative stack tip first, then evaluate ancestors without treating ancestry as duplication."
925,V4.9.857 — Operator device/viewport capabilities (Prompt 32),true,main,cursor/operator-device-capabilities-46a7,1d0f2caebe56aa1ecd23295aa33d20e953daa95d,56acbe0d0aa52894a3085dd6028664406ca0a717,1d0f2caebe56aa1ecd23295aa33d20e953daa95d,1,15,operator-app,true,true,false,false,NON_EMPTY,687,926,UNKNOWN,FAILURE,STACKED,HIGH,"commit reachability: 0/1 PR commits reachable from origin/main | patch equivalence: GIT_CHERRY_HAS_UNMATCHED_PATCHES; git cherry equivalent=0, unmatched=1, unrepresented=0 | three-dot diff origin/main...head: NON_EMPTY (15 paths) | GitHub target diff: 15 files, +565/-94 | GitHub mergeability: UNKNOWN/UNKNOWN | branch ancestry: 179 open ancestors, 1 open descendants; base=main | file overlap: 4 paths overlap 542 open PRs","Phase 2: review the cumulative stack tip first, then evaluate ancestors without treating ancestry as duplication."
926,Operator App: Accessibility audit (Prompt 33),true,cursor/operator-device-capabilities-46a7,cursor/operator-a11y-46a7,56acbe0d0aa52894a3085dd6028664406ca0a717,21e2e1a46c3b43ac4d2e5c226ba92229e69c5faa,1d0f2caebe56aa1ecd23295aa33d20e953daa95d,1,33,cross-cutting,false,true,false,false,NON_EMPTY,925,926,NO_CONFLICT_REPORTED,FAILURE,CUMULATIVE_STACK_TIP,HIGH,"commit reachability: 0/1 PR commits reachable from origin/main | patch equivalence: GIT_CHERRY_HAS_UNMATCHED_PATCHES; git cherry equivalent=0, unmatched=1, unrepresented=0 | three-dot diff origin/main...head: NON_EMPTY (45 paths) | GitHub target diff: 33 files, +1084/-319 | GitHub mergeability: MERGEABLE/UNSTABLE | branch ancestry: 180 open ancestors, 0 open descendants; base=cursor/operator-device-capabilities-46a7 | file overlap: 16 paths overlap 543 open PRs","Phase 2: review the cumulative stack tip first, then evaluate ancestors without treating ancestry as duplication."
927,V4.9.827 — Operator App Datenschutz & Retention (Prompt 34),true,main,cursor/operator-privacy-retention-46a7,1d0f2caebe56aa1ecd23295aa33d20e953daa95d,604c061e6858216c443aa38c2d116142c849ef80,1d0f2caebe56aa1ecd23295aa33d20e953daa95d,1,28,cross-cutting,true,true,false,false,NON_EMPTY,687,927,UNKNOWN,FAILURE,CUMULATIVE_STACK_TIP,HIGH,"commit reachability: 0/1 PR commits reachable from origin/main | patch equivalence: GIT_CHERRY_HAS_UNMATCHED_PATCHES; git cherry equivalent=0, unmatched=1, unrepresented=0 | three-dot diff origin/main...head: NON_EMPTY (28 paths) | GitHub target diff: 28 files, +1680/-7 | GitHub mergeability: UNKNOWN/UNKNOWN | branch ancestry: 179 open ancestors, 0 open descendants; base=main | file overlap: 9 paths overlap 561 open PRs","Phase 2: review the cumulative stack tip first, then evaluate ancestors without treating ancestry as duplication."
928,V4.9.828 — Operator App Audit Logging (Prompt 35),true,main,cursor/operator-audit-logging-46a7,1d0f2caebe56aa1ecd23295aa33d20e953daa95d,60444e81da01a31767255d3b171fa77eb83ab147,1d0f2caebe56aa1ecd23295aa33d20e953daa95d,1,27,cross-cutting,true,true,false,false,NON_EMPTY,687,928,UNKNOWN,FAILURE,CUMULATIVE_STACK_TIP,HIGH,"commit reachability: 0/1 PR commits reachable from origin/main | patch equivalence: GIT_CHERRY_HAS_UNMATCHED_PATCHES; git cherry equivalent=0, unmatched=1, unrepresented=0 | three-dot diff origin/main...head: NON_EMPTY (27 paths) | GitHub target diff: 27 files, +1014/-15 | GitHub mergeability: UNKNOWN/UNKNOWN | branch ancestry: 179 open ancestors, 0 open descendants; base=main | file overlap: 20 paths overlap 554 open PRs","Phase 2: review the cumulative stack tip first, then evaluate ancestors without treating ancestry as duplication."
929,V4.9.829 — Operator App security hardening (Prompt 36),true,main,cursor/operator-security-hardening-46a7,1d0f2caebe56aa1ecd23295aa33d20e953daa95d,5ed7fc50d7b2f3d8fc66720b306a2bf1f4e50511,1d0f2caebe56aa1ecd23295aa33d20e953daa95d,1,31,cross-cutting,true,true,false,false,NON_EMPTY,687,929,UNKNOWN,FAILURE,CUMULATIVE_STACK_TIP,HIGH,"commit reachability: 0/1 PR commits reachable from origin/main | patch equivalence: GIT_CHERRY_HAS_UNMATCHED_PATCHES; git cherry equivalent=0, unmatched=1, unrepresented=0 | three-dot diff origin/main...head: NON_EMPTY (31 paths) | GitHub target diff: 31 files, +1076/-64 | GitHub mergeability: UNKNOWN/UNKNOWN | branch ancestry: 179 open ancestors, 0 open descendants; base=main | file overlap: 16 paths overlap 564 open PRs","Phase 2: review the cumulative stack tip first, then evaluate ancestors without treating ancestry as duplication."
930,V4.9.830 — Operator App observability (Prompt 37),true,main,cursor/operator-observability-46a7,1d0f2caebe56aa1ecd23295aa33d20e953daa95d,1b16a389b50dcc8066f33fd2f45b8b3343943c1e,1d0f2caebe56aa1ecd23295aa33d20e953daa95d,1,22,cross-cutting,true,true,false,false,NON_EMPTY,687,930,CONFLICTING,FAILURE,CUMULATIVE_STACK_TIP,HIGH,"commit reachability: 0/1 PR commits reachable from origin/main | patch equivalence: GIT_CHERRY_HAS_UNMATCHED_PATCHES; git cherry equivalent=0, unmatched=1, unrepresented=0 | three-dot diff origin/main...head: NON_EMPTY (22 paths) | GitHub target diff: 22 files, +1339/-15 | GitHub mergeability: CONFLICTING/DIRTY | branch ancestry: 179 open ancestors, 0 open descendants; base=main | file overlap: 10 paths overlap 551 open PRs","Phase 2: review the cumulative stack tip first, then evaluate ancestors without treating ancestry as duplication."
935,refactor(notifications): remove synthetic dashboard notification truth,true,main,cursor/remove-synthetic-dashboard-notifications-45b7,3cdf772b3bdddd78d333a74496ed16929d1ab945,71df07611ae4bd19d581a366e76ad743f852ac9f,3cdf772b3bdddd78d333a74496ed16929d1ab945,15,116,cross-cutting,true,true,false,false,NON_EMPTY,887,937,CONFLICTING,FAILURE,STACKED,HIGH,"commit reachability: 0/15 PR commits reachable from origin/main | patch equivalence: GIT_CHERRY_HAS_UNMATCHED_PATCHES; git cherry equivalent=0, unmatched=15, unrepresented=0 | three-dot diff origin/main...head: NON_EMPTY (116 paths) | GitHub target diff: 116 files, +10100/-982 | GitHub mergeability: CONFLICTING/DIRTY | branch ancestry: 181 open ancestors, 2 open descendants; base=main | file overlap: 116 paths overlap 562 open PRs","Phase 2: review the cumulative stack tip first, then evaluate ancestors without treating ancestry as duplication."
936,refactor(notifications): decouple legacy action queue from notification truth,true,main,cursor/decouple-action-queue-notifications-45b7,3cdf772b3bdddd78d333a74496ed16929d1ab945,53fa7b5a4dd57f66bdce3502b14e10a66ee0f5dc,3cdf772b3bdddd78d333a74496ed16929d1ab945,16,131,cross-cutting,true,true,false,false,NON_EMPTY,935,937,CONFLICTING,FAILURE,STACKED,HIGH,"commit reachability: 0/16 PR commits reachable from origin/main | patch equivalence: GIT_CHERRY_HAS_UNMATCHED_PATCHES; git cherry equivalent=0, unmatched=16, unrepresented=0 | three-dot diff origin/main...head: NON_EMPTY (131 paths) | GitHub target diff: 131 files, +10825/-1005 | GitHub mergeability: CONFLICTING/DIRTY | branch ancestry: 182 open ancestors, 1 open descendants; base=main | file overlap: 131 paths overlap 562 open PRs","Phase 2: review the cumulative stack tip first, then evaluate ancestors without treating ancestry as duplication."
937,refactor(notifications): migrate remaining domain notification producers,true,main,cursor/migrate-domain-notification-producers-45b7,3cdf772b3bdddd78d333a74496ed16929d1ab945,fa88b96edf0c6bd38b7e56951ec24ec4feef50b9,3cdf772b3bdddd78d333a74496ed16929d1ab945,17,147,cross-cutting,true,true,false,false,NON_EMPTY,936,937,UNKNOWN,FAILURE,CUMULATIVE_STACK_TIP,HIGH,"commit reachability: 0/17 PR commits reachable from origin/main | patch equivalence: GIT_CHERRY_HAS_UNMATCHED_PATCHES; git cherry equivalent=0, unmatched=17, unrepresented=0 | three-dot diff origin/main...head: NON_EMPTY (147 paths) | GitHub target diff: 147 files, +11650/-1020 | GitHub mergeability: UNKNOWN/UNKNOWN | branch ancestry: 183 open ancestors, 0 open descendants; base=main | file overlap: 137 paths overlap 563 open PRs","Phase 2: review the cumulative stack tip first, then evaluate ancestors without treating ancestry as duplication."
938,feat(notifications): harden canonical notification API,true,main,cursor/harden-notification-api-45b7,3cdf772b3bdddd78d333a74496ed16929d1ab945,2dc7b828436711651aaf0b4b7738d9fb13cf8bd9,3cdf772b3bdddd78d333a74496ed16929d1ab945,1,16,cross-cutting,true,true,false,false,NON_EMPTY,887,940,UNKNOWN,FAILURE,STACKED,HIGH,"commit reachability: 0/1 PR commits reachable from origin/main | patch equivalence: GIT_CHERRY_HAS_UNMATCHED_PATCHES; git cherry equivalent=0, unmatched=1, unrepresented=0 | three-dot diff origin/main...head: NON_EMPTY (16 paths) | GitHub target diff: 16 files, +794/-153 | GitHub mergeability: UNKNOWN/UNKNOWN | branch ancestry: 181 open ancestors, 2 open descendants; base=main | file overlap: 8 paths overlap 543 open PRs","Phase 2: review the cumulative stack tip first, then evaluate ancestors without treating ancestry as duplication."
939,refactor(frontend): use canonical notification data source (Prompt 19),true,cursor/harden-notification-api-45b7,cursor/canonical-notification-data-source-45b7,2dc7b828436711651aaf0b4b7738d9fb13cf8bd9,6110a4817c27678d76ebae8b7143329bda017542,3cdf772b3bdddd78d333a74496ed16929d1ab945,1,13,notifications,false,true,false,false,NON_EMPTY,938,940,NO_CONFLICT_REPORTED,FAILURE,STACKED,HIGH,"commit reachability: 0/1 PR commits reachable from origin/main | patch equivalence: GIT_CHERRY_HAS_UNMATCHED_PATCHES; git cherry equivalent=0, unmatched=1, unrepresented=0 | three-dot diff origin/main...head: NON_EMPTY (27 paths) | GitHub target diff: 13 files, +856/-533 | GitHub mergeability: MERGEABLE/UNSTABLE | branch ancestry: 182 open ancestors, 1 open descendants; base=cursor/harden-notification-api-45b7 | file overlap: 5 paths overlap 562 open PRs","Phase 2: review the cumulative stack tip first, then evaluate ancestors without treating ancestry as duplication."
940,fix(frontend): normalize notification center UX and mobile behavior (Prompt 20),true,cursor/canonical-notification-data-source-45b7,cursor/notification-center-ux-45b7,6110a4817c27678d76ebae8b7143329bda017542,a32f46faad0f128314d33a355115fd1f15620403,3cdf772b3bdddd78d333a74496ed16929d1ab945,1,20,cross-cutting,false,true,false,false,NON_EMPTY,939,940,NO_CONFLICT_REPORTED,FAILURE,CUMULATIVE_STACK_TIP,HIGH,"commit reachability: 0/1 PR commits reachable from origin/main | patch equivalence: GIT_CHERRY_HAS_UNMATCHED_PATCHES; git cherry equivalent=0, unmatched=1, unrepresented=0 | three-dot diff origin/main...head: NON_EMPTY (46 paths) | GitHub target diff: 20 files, +429/-180 | GitHub mergeability: MERGEABLE/UNSTABLE | branch ancestry: 183 open ancestors, 0 open descendants; base=cursor/canonical-notification-data-source-45b7 | file overlap: 5 paths overlap 552 open PRs","Phase 2: review the cumulative stack tip first, then evaluate ancestors without treating ancestry as duplication."
941,feat(notifications): centralize localized notification templates,true,main,cursor/notification-templates-45b7,3cdf772b3bdddd78d333a74496ed16929d1ab945,73ebf81792bf8fb02ab1da2d23126ffe6e6f5e4d,3cdf772b3bdddd78d333a74496ed16929d1ab945,1,17,notifications,true,true,false,false,NON_EMPTY,887,941,UNKNOWN,FAILURE,CUMULATIVE_STACK_TIP,HIGH,"commit reachability: 0/1 PR commits reachable from origin/main | patch equivalence: GIT_CHERRY_HAS_UNMATCHED_PATCHES; git cherry equivalent=0, unmatched=1, unrepresented=0 | three-dot diff origin/main...head: NON_EMPTY (17 paths) | GitHub target diff: 17 files, +523/-99 | GitHub mergeability: UNKNOWN/UNKNOWN | branch ancestry: 181 open ancestors, 0 open descendants; base=main | file overlap: 11 paths overlap 110 open PRs","Phase 2: review the cumulative stack tip first, then evaluate ancestors without treating ancestry as duplication."
956,docs(audit): Master-Admin VPS read-only production audit — FINAL,true,main,cursor/master-admin-vps-audit-step6-b5f0,3cdf772b3bdddd78d333a74496ed16929d1ab945,621e3b0bea08c96d1629a7681f5613e3f16e6ec3,3cdf772b3bdddd78d333a74496ed16929d1ab945,15,6,documentation,true,true,false,false,NON_EMPTY,887,960,NO_CONFLICT_REPORTED,NO_CHECKS_REPORTED,STACKED,HIGH,"commit reachability: 0/15 PR commits reachable from origin/main | patch equivalence: GIT_CHERRY_HAS_UNMATCHED_PATCHES; git cherry equivalent=0, unmatched=15, unrepresented=0 | three-dot diff origin/main...head: NON_EMPTY (6 paths) | GitHub target diff: 6 files, +5002/-0 | GitHub mergeability: MERGEABLE/CLEAN | branch ancestry: 181 open ancestors, 4 open descendants; base=main | file overlap: 6 paths overlap 4 open PRs | all 6 changed files are documentation paths","Phase 2: review the cumulative stack tip first, then evaluate ancestors without treating ancestry as duplication."
957,docs(audit): Phase 1E — Master Admin Audit kanonisieren,true,main,cursor/master-admin-audit-canonicalize-1e-b5f0,f8528d98a50cc84278a6e6e672a772ba2ebfbab8,fe4d117616a3f9b2341463af40556bbc40834776,3cdf772b3bdddd78d333a74496ed16929d1ab945,16,7,documentation,true,true,false,false,NON_EMPTY,956,960,UNKNOWN,NO_CHECKS_REPORTED,STACKED,HIGH,"commit reachability: 0/16 PR commits reachable from origin/main | patch equivalence: GIT_CHERRY_HAS_UNMATCHED_PATCHES; git cherry equivalent=0, unmatched=16, unrepresented=0 | three-dot diff origin/main...head: NON_EMPTY (7 paths) | GitHub target diff: 7 files, +5248/-0 | GitHub mergeability: UNKNOWN/UNKNOWN | branch ancestry: 182 open ancestors, 3 open descendants; base=main | file overlap: 7 paths overlap 4 open PRs | all 7 changed files are documentation paths","Phase 2: review the cumulative stack tip first, then evaluate ancestors without treating ancestry as duplication."
958,ops(remediation): Phase 2A.1 secret management hardening,true,main,cursor/master-admin-secret-hardening-2a1-b5f0,f8528d98a50cc84278a6e6e672a772ba2ebfbab8,21b5d47c36cdfa0b10f9fadf430e4d2b25b5489b,3cdf772b3bdddd78d333a74496ed16929d1ab945,17,11,master-admin,true,true,false,false,NON_EMPTY,957,960,UNKNOWN,FAILURE,STACKED,HIGH,"commit reachability: 0/17 PR commits reachable from origin/main | patch equivalence: GIT_CHERRY_HAS_UNMATCHED_PATCHES; git cherry equivalent=0, unmatched=17, unrepresented=0 | three-dot diff origin/main...head: NON_EMPTY (11 paths) | GitHub target diff: 11 files, +5460/-3 | GitHub mergeability: UNKNOWN/UNKNOWN | branch ancestry: 183 open ancestors, 2 open descendants; base=main | file overlap: 11 paths overlap 18 open PRs","Phase 2: review the cumulative stack tip first, then evaluate ancestors without treating ancestry as duplication."
959,ops(remediation): Phase 2A.2 SSH hardening,true,main,cursor/master-admin-ssh-hardening-2a2-b5f0,f8528d98a50cc84278a6e6e672a772ba2ebfbab8,5bb96676c83497ab63a4a7221e749665e9a20e27,3cdf772b3bdddd78d333a74496ed16929d1ab945,18,14,master-admin,true,true,false,false,NON_EMPTY,958,960,UNKNOWN,FAILURE,STACKED,HIGH,"commit reachability: 0/18 PR commits reachable from origin/main | patch equivalence: GIT_CHERRY_HAS_UNMATCHED_PATCHES; git cherry equivalent=0, unmatched=18, unrepresented=0 | three-dot diff origin/main...head: NON_EMPTY (14 paths) | GitHub target diff: 14 files, +5686/-6 | GitHub mergeability: UNKNOWN/UNKNOWN | branch ancestry: 184 open ancestors, 1 open descendants; base=main | file overlap: 14 paths overlap 18 open PRs","Phase 2: review the cumulative stack tip first, then evaluate ancestors without treating ancestry as duplication."
960,ops(remediation): Phase 2A.3 production firewall (UFW),true,main,cursor/master-admin-firewall-2a3-b5f0,f8528d98a50cc84278a6e6e672a772ba2ebfbab8,6cad4e883a3ca02933de32cabc7f1e37ce85f537,3cdf772b3bdddd78d333a74496ed16929d1ab945,19,18,master-admin,true,true,false,false,NON_EMPTY,959,960,UNKNOWN,FAILURE,CUMULATIVE_STACK_TIP,HIGH,"commit reachability: 0/19 PR commits reachable from origin/main | patch equivalence: GIT_CHERRY_HAS_UNMATCHED_PATCHES; git cherry equivalent=0, unmatched=19, unrepresented=0 | three-dot diff origin/main...head: NON_EMPTY (18 paths) | GitHub target diff: 18 files, +6095/-9 | GitHub mergeability: UNKNOWN/UNKNOWN | branch ancestry: 185 open ancestors, 0 open descendants; base=main | file overlap: 14 paths overlap 18 open PRs","Phase 2: review the cumulative stack tip first, then evaluate ancestors without treating ancestry as duplication."
965,Master Admin Remediation Phase 2A.8 — Security Acceptance,true,main,cursor/master-admin-security-acceptance-2a8-b5f0,f8528d98a50cc84278a6e6e672a772ba2ebfbab8,26b11f0a6d55fa5b4cc273da52ec951817d7cb22,f8528d98a50cc84278a6e6e672a772ba2ebfbab8,1,1,documentation,true,true,false,false,NON_EMPTY,887,966,UNKNOWN,NO_CHECKS_REPORTED,STACKED,HIGH,"commit reachability: 0/1 PR commits reachable from origin/main | patch equivalence: GIT_CHERRY_HAS_UNMATCHED_PATCHES; git cherry equivalent=0, unmatched=1, unrepresented=0 | three-dot diff origin/main...head: NON_EMPTY (1 paths) | GitHub target diff: 1 files, +430/-0 | GitHub mergeability: UNKNOWN/UNKNOWN | branch ancestry: 181 open ancestors, 1 open descendants; base=main | file overlap: 1 paths overlap 1 open PRs | all 1 changed files are documentation paths","Phase 2: review the cumulative stack tip first, then evaluate ancestors without treating ancestry as duplication."
966,Master Admin Remediation Phase 2B.1 — Billing Source of Truth,true,main,cursor/master-admin-billing-source-of-truth-2b1-b5f0,f8528d98a50cc84278a6e6e672a772ba2ebfbab8,1934fcf05e45b8e706a9df4962c8fb414efeef51,f8528d98a50cc84278a6e6e672a772ba2ebfbab8,2,2,documentation,true,true,false,false,NON_EMPTY,965,966,UNKNOWN,NO_CHECKS_REPORTED,CUMULATIVE_STACK_TIP,HIGH,"commit reachability: 0/2 PR commits reachable from origin/main | patch equivalence: GIT_CHERRY_HAS_UNMATCHED_PATCHES; git cherry equivalent=0, unmatched=2, unrepresented=0 | three-dot diff origin/main...head: NON_EMPTY (2 paths) | GitHub target diff: 2 files, +928/-0 | GitHub mergeability: UNKNOWN/UNKNOWN | branch ancestry: 182 open ancestors, 0 open descendants; base=main | file overlap: 1 paths overlap 1 open PRs | all 2 changed files are documentation paths","Phase 2: review the cumulative stack tip first, then evaluate ancestors without treating ancestry as duplication."
969,Master Admin 2B.5 — Billing reconciliation engine hardening,true,main,cursor/master-admin-billing-reconciliation-2b5-b5f0,f8528d98a50cc84278a6e6e672a772ba2ebfbab8,c0252b2d33f558a428d9256317b5d904793a399e,f8528d98a50cc84278a6e6e672a772ba2ebfbab8,1,11,cross-cutting,true,true,false,false,NON_EMPTY,887,969,UNKNOWN,FAILURE,CUMULATIVE_STACK_TIP,HIGH,"commit reachability: 0/1 PR commits reachable from origin/main | patch equivalence: GIT_CHERRY_HAS_UNMATCHED_PATCHES; git cherry equivalent=0, unmatched=1, unrepresented=0 | three-dot diff origin/main...head: NON_EMPTY (11 paths) | GitHub target diff: 11 files, +681/-9 | GitHub mergeability: UNKNOWN/UNKNOWN | branch ancestry: 181 open ancestors, 0 open descendants; base=main | file overlap: 3 paths overlap 559 open PRs","Phase 2: review the cumulative stack tip first, then evaluate ancestors without treating ancestry as duplication."
970,Master Admin 2B.6: Trial model documentation,true,main,cursor/master-admin-trial-model-2b6-b5f0,f8528d98a50cc84278a6e6e672a772ba2ebfbab8,b0857c855ae011a98dfa0f0fd737c486b3af3de9,f8528d98a50cc84278a6e6e672a772ba2ebfbab8,1,4,master-admin,true,true,false,false,NON_EMPTY,887,970,UNKNOWN,FAILURE,CUMULATIVE_STACK_TIP,HIGH,"commit reachability: 0/1 PR commits reachable from origin/main | patch equivalence: GIT_CHERRY_HAS_UNMATCHED_PATCHES; git cherry equivalent=0, unmatched=1, unrepresented=0 | three-dot diff origin/main...head: NON_EMPTY (4 paths) | GitHub target diff: 4 files, +376/-0 | GitHub mergeability: UNKNOWN/UNKNOWN | branch ancestry: 181 open ancestors, 0 open descendants; base=main | file overlap: 2 paths overlap 543 open PRs","Phase 2: review the cumulative stack tip first, then evaluate ancestors without treating ancestry as duplication."
971,Master Admin 2B.7: Billing activation guards,true,main,cursor/master-admin-billing-guards-2b7-b5f0,f8528d98a50cc84278a6e6e672a772ba2ebfbab8,7bb49859c1e9ddcff210e51312fab578eea51552,f8528d98a50cc84278a6e6e672a772ba2ebfbab8,2,14,cross-cutting,true,true,false,false,NON_EMPTY,887,971,UNKNOWN,FAILURE,CUMULATIVE_STACK_TIP,HIGH,"commit reachability: 0/2 PR commits reachable from origin/main | patch equivalence: GIT_CHERRY_HAS_UNMATCHED_PATCHES; git cherry equivalent=0, unmatched=2, unrepresented=0 | three-dot diff origin/main...head: NON_EMPTY (14 paths) | GitHub target diff: 14 files, +654/-27 | GitHub mergeability: UNKNOWN/UNKNOWN | branch ancestry: 181 open ancestors, 0 open descendants; base=main | file overlap: 3 paths overlap 543 open PRs","Phase 2: review the cumulative stack tip first, then evaluate ancestors without treating ancestry as duplication."
972,Master Admin 2B.8: Billing data migration plan,true,main,cursor/master-admin-billing-data-migration-2b8-b5f0,f8528d98a50cc84278a6e6e672a772ba2ebfbab8,c0943edae1238553d7c3c5f3dd552380736f7ae4,f8528d98a50cc84278a6e6e672a772ba2ebfbab8,1,4,cross-cutting,true,true,false,false,NON_EMPTY,887,972,UNKNOWN,FAILURE,CUMULATIVE_STACK_TIP,HIGH,"commit reachability: 0/1 PR commits reachable from origin/main | patch equivalence: GIT_CHERRY_HAS_UNMATCHED_PATCHES; git cherry equivalent=0, unmatched=1, unrepresented=0 | three-dot diff origin/main...head: NON_EMPTY (4 paths) | GitHub target diff: 4 files, +628/-0 | GitHub mergeability: UNKNOWN/UNKNOWN | branch ancestry: 181 open ancestors, 0 open descendants; base=main | file overlap: 2 paths overlap 543 open PRs","Phase 2: review the cumulative stack tip first, then evaluate ancestors without treating ancestry as duplication."
973,Master Admin 2B.9: Billing acceptance test report,true,main,cursor/master-admin-billing-acceptance-2b9-b5f0,f8528d98a50cc84278a6e6e672a772ba2ebfbab8,802c7826efbd6326ba004d0550ad1310c217381a,f8528d98a50cc84278a6e6e672a772ba2ebfbab8,1,4,cross-cutting,true,true,false,false,NON_EMPTY,887,973,UNKNOWN,FAILURE,CUMULATIVE_STACK_TIP,HIGH,"commit reachability: 0/1 PR commits reachable from origin/main | patch equivalence: GIT_CHERRY_HAS_UNMATCHED_PATCHES; git cherry equivalent=0, unmatched=1, unrepresented=0 | three-dot diff origin/main...head: NON_EMPTY (4 paths) | GitHub target diff: 4 files, +408/-0 | GitHub mergeability: UNKNOWN/UNKNOWN | branch ancestry: 181 open ancestors, 0 open descendants; base=main | file overlap: 2 paths overlap 543 open PRs","Phase 2: review the cumulative stack tip first, then evaluate ancestors without treating ancestry as duplication."
974,docs(billing): Phase 2B.10 — Billing Production Readiness Assessment,true,main,cursor/master-admin-billing-production-readiness-2b10-b5f0,f8528d98a50cc84278a6e6e672a772ba2ebfbab8,8ff279397534b2128965feae1d5d55f1159145b3,f8528d98a50cc84278a6e6e672a772ba2ebfbab8,1,4,cross-cutting,true,true,false,false,NON_EMPTY,887,975,UNKNOWN,FAILURE,STACKED,HIGH,"commit reachability: 0/1 PR commits reachable from origin/main | patch equivalence: GIT_CHERRY_HAS_UNMATCHED_PATCHES; git cherry equivalent=0, unmatched=1, unrepresented=0 | three-dot diff origin/main...head: NON_EMPTY (4 paths) | GitHub target diff: 4 files, +426/-0 | GitHub mergeability: UNKNOWN/UNKNOWN | branch ancestry: 181 open ancestors, 1 open descendants; base=main | file overlap: 4 paths overlap 543 open PRs","Phase 2: review the cumulative stack tip first, then evaluate ancestors without treating ancestry as duplication."
975,docs(ops): Phase 2C.1 — Disaster Recovery & Backup Architecture,true,main,cursor/master-admin-disaster-recovery-2c1-b5f0,f8528d98a50cc84278a6e6e672a772ba2ebfbab8,1c88b8fa83e54c6f5c685480cf85ab141a8ad8cd,f8528d98a50cc84278a6e6e672a772ba2ebfbab8,2,6,cross-cutting,true,true,false,false,NON_EMPTY,974,975,UNKNOWN,FAILURE,CUMULATIVE_STACK_TIP,HIGH,"commit reachability: 0/2 PR commits reachable from origin/main | patch equivalence: GIT_CHERRY_HAS_UNMATCHED_PATCHES; git cherry equivalent=0, unmatched=2, unrepresented=0 | three-dot diff origin/main...head: NON_EMPTY (6 paths) | GitHub target diff: 6 files, +975/-0 | GitHub mergeability: UNKNOWN/UNKNOWN | branch ancestry: 182 open ancestors, 0 open descendants; base=main | file overlap: 4 paths overlap 543 open PRs","Phase 2: review the cumulative stack tip first, then evaluate ancestors without treating ancestry as duplication."
976,feat(ops): Phase 2C.2 — Production PostgreSQL backup pipeline,true,main,cursor/master-admin-postgresql-backup-2c2-b5f0,f8528d98a50cc84278a6e6e672a772ba2ebfbab8,d5139d7604c156ad07a4f4f90c570cea73e33103,f8528d98a50cc84278a6e6e672a772ba2ebfbab8,1,12,master-admin,true,true,false,false,NON_EMPTY,887,976,UNKNOWN,FAILURE,CUMULATIVE_STACK_TIP,HIGH,"commit reachability: 0/1 PR commits reachable from origin/main | patch equivalence: GIT_CHERRY_HAS_UNMATCHED_PATCHES; git cherry equivalent=0, unmatched=1, unrepresented=0 | three-dot diff origin/main...head: NON_EMPTY (12 paths) | GitHub target diff: 12 files, +1154/-2 | GitHub mergeability: UNKNOWN/UNKNOWN | branch ancestry: 181 open ancestors, 0 open descendants; base=main | file overlap: 7 paths overlap 547 open PRs","Phase 2: review the cumulative stack tip first, then evaluate ancestors without treating ancestry as duplication."
980,Master Admin 2C.6: Isolated restore validation,true,main,cursor/master-admin-restore-validation-2c6-b5f0,f8528d98a50cc84278a6e6e672a772ba2ebfbab8,60ad7fd64b7d5f63e232fbb3cfa0d7f8ef593323,1094868b7f30b90580fc0a001273e775e6779954,3,36,cross-cutting,true,true,false,false,NON_EMPTY,887,982,UNKNOWN,FAILURE,STACKED,HIGH,"commit reachability: 2/3 PR commits reachable from origin/main | patch equivalence: GIT_CHERRY_HAS_UNMATCHED_PATCHES; git cherry equivalent=0, unmatched=1, unrepresented=0 | three-dot diff origin/main...head: NON_EMPTY (17 paths) | GitHub target diff: 36 files, +3828/-0 | GitHub mergeability: UNKNOWN/UNKNOWN | branch ancestry: 181 open ancestors, 2 open descendants; base=main | file overlap: 36 paths overlap 544 open PRs","Phase 2: review the cumulative stack tip first, then evaluate ancestors without treating ancestry as duplication."
981,Master Admin 2C.7: Unified backup automation,true,main,cursor/master-admin-backup-automation-2c7-b5f0,f8528d98a50cc84278a6e6e672a772ba2ebfbab8,532c66600a7113724b1c516a0f6e74acd2abbbd6,1094868b7f30b90580fc0a001273e775e6779954,4,50,cross-cutting,true,true,false,false,NON_EMPTY,980,982,UNKNOWN,FAILURE,STACKED,HIGH,"commit reachability: 2/4 PR commits reachable from origin/main | patch equivalence: GIT_CHERRY_HAS_UNMATCHED_PATCHES; git cherry equivalent=0, unmatched=2, unrepresented=0 | three-dot diff origin/main...head: NON_EMPTY (33 paths) | GitHub target diff: 50 files, +4918/-0 | GitHub mergeability: UNKNOWN/UNKNOWN | branch ancestry: 182 open ancestors, 1 open descendants; base=main | file overlap: 50 paths overlap 544 open PRs","Phase 2: review the cumulative stack tip first, then evaluate ancestors without treating ancestry as duplication."
982,Master Admin 2C.9: DR production readiness (NO-GO),true,main,cursor/master-admin-backup-acceptance-2c9-b5f0,f8528d98a50cc84278a6e6e672a772ba2ebfbab8,de6b5f167edf6094a8da7428083848e4b633e63c,1094868b7f30b90580fc0a001273e775e6779954,5,53,cross-cutting,true,true,false,false,NON_EMPTY,981,982,UNKNOWN,FAILURE,CUMULATIVE_STACK_TIP,HIGH,"commit reachability: 2/5 PR commits reachable from origin/main | patch equivalence: GIT_CHERRY_HAS_UNMATCHED_PATCHES; git cherry equivalent=0, unmatched=3, unrepresented=0 | three-dot diff origin/main...head: NON_EMPTY (36 paths) | GitHub target diff: 53 files, +5409/-0 | GitHub mergeability: UNKNOWN/UNKNOWN | branch ancestry: 183 open ancestors, 0 open descendants; base=main | file overlap: 51 paths overlap 544 open PRs","Phase 2: review the cumulative stack tip first, then evaluate ancestors without treating ancestry as duplication."
992,Master Admin 2E.1: Tenant boundary validation (analysis only),true,main,cursor/master-admin-tenant-boundary-validation-2e1-b5f0,f8528d98a50cc84278a6e6e672a772ba2ebfbab8,aa4ac57d972215e92a600b1a17d8f2914295abf0,92a966605780e9ea5605ec835afacf6b32a8c573,10,59,cross-cutting,true,true,false,false,NON_EMPTY,887,992,UNKNOWN,FAILURE,CUMULATIVE_STACK_TIP,HIGH,"commit reachability: 9/10 PR commits reachable from origin/main | patch equivalence: GIT_CHERRY_HAS_UNMATCHED_PATCHES; git cherry equivalent=0, unmatched=1, unrepresented=0 | three-dot diff origin/main...head: NON_EMPTY (4 paths) | GitHub target diff: 59 files, +6983/-86 | GitHub mergeability: UNKNOWN/UNKNOWN | branch ancestry: 181 open ancestors, 0 open descendants; base=main | file overlap: 14 paths overlap 561 open PRs","Phase 2: review the cumulative stack tip first, then evaluate ancestors without treating ancestry as duplication."
993,Master Admin 2E.2: DIMO vehicle integrity audit (analysis only),true,main,cursor/master-admin-dimo-vehicle-integrity-2e2-b5f0,f8528d98a50cc84278a6e6e672a772ba2ebfbab8,cbf05aaada19320e19077eddfc0e8541b64ccb4f,f8528d98a50cc84278a6e6e672a772ba2ebfbab8,1,4,cross-cutting,true,true,false,false,NON_EMPTY,887,993,UNKNOWN,FAILURE,CUMULATIVE_STACK_TIP,HIGH,"commit reachability: 0/1 PR commits reachable from origin/main | patch equivalence: GIT_CHERRY_HAS_UNMATCHED_PATCHES; git cherry equivalent=0, unmatched=1, unrepresented=0 | three-dot diff origin/main...head: NON_EMPTY (4 paths) | GitHub target diff: 4 files, +522/-1 | GitHub mergeability: UNKNOWN/UNKNOWN | branch ancestry: 181 open ancestors, 0 open descendants; base=main | file overlap: 2 paths overlap 543 open PRs","Phase 2: review the cumulative stack tip first, then evaluate ancestors without treating ancestry as duplication."
1001,feat(monitoring): Master Admin 2F.3 — Infrastructure monitoring exporters,true,main,cursor/master-admin-infrastructure-monitoring-2f3-b5f0,f8528d98a50cc84278a6e6e672a772ba2ebfbab8,1a72c39b7ae8bc7538f73dc6522676e4505ba4ad,6ff543fd0cbabb4dd6894eb3193fa32469eca4c0,9,67,cross-cutting,true,true,false,false,NON_EMPTY,887,1006,UNKNOWN,FAILURE,STACKED,HIGH,"commit reachability: 8/9 PR commits reachable from origin/main | patch equivalence: GIT_CHERRY_HAS_UNMATCHED_PATCHES; git cherry equivalent=0, unmatched=1, unrepresented=0 | three-dot diff origin/main...head: NON_EMPTY (18 paths) | GitHub target diff: 67 files, +5957/-74 | GitHub mergeability: UNKNOWN/UNKNOWN | branch ancestry: 181 open ancestors, 2 open descendants; base=main | file overlap: 67 paths overlap 562 open PRs","Phase 2: review the cumulative stack tip first, then evaluate ancestors without treating ancestry as duplication."
1002,MASTER ADMIN REMEDIATION – Phase 2F.4 – Worker Observability,true,main,cursor/master-admin-worker-observability-2f4-b5f0,f8528d98a50cc84278a6e6e672a772ba2ebfbab8,2ddcb8830d72137ea839e1f01acbb854b9fe321b,6ff543fd0cbabb4dd6894eb3193fa32469eca4c0,10,101,cross-cutting,true,true,false,false,NON_EMPTY,1001,1006,UNKNOWN,FAILURE,STACKED,HIGH,"commit reachability: 8/10 PR commits reachable from origin/main | patch equivalence: GIT_CHERRY_HAS_UNMATCHED_PATCHES; git cherry equivalent=0, unmatched=2, unrepresented=0 | three-dot diff origin/main...head: NON_EMPTY (56 paths) | GitHub target diff: 101 files, +6868/-99 | GitHub mergeability: UNKNOWN/UNKNOWN | branch ancestry: 182 open ancestors, 1 open descendants; base=main | file overlap: 101 paths overlap 562 open PRs","Phase 2: review the cumulative stack tip first, then evaluate ancestors without treating ancestry as duplication."
1003,MASTER ADMIN REMEDIATION – Phase 2F.5 – Application Health,true,main,cursor/master-admin-application-health-2f5-b5f0,f8528d98a50cc84278a6e6e672a772ba2ebfbab8,12c0f482caf67fe59252f01377d2aa18f2d5cae1,f8528d98a50cc84278a6e6e672a772ba2ebfbab8,1,23,cross-cutting,true,true,false,false,NON_EMPTY,887,1004,UNKNOWN,FAILURE,STACKED,HIGH,"commit reachability: 0/1 PR commits reachable from origin/main | patch equivalence: GIT_CHERRY_HAS_UNMATCHED_PATCHES; git cherry equivalent=0, unmatched=1, unrepresented=0 | three-dot diff origin/main...head: NON_EMPTY (23 paths) | GitHub target diff: 23 files, +1434/-214 | GitHub mergeability: UNKNOWN/UNKNOWN | branch ancestry: 181 open ancestors, 1 open descendants; base=main | file overlap: 23 paths overlap 545 open PRs","Phase 2: review the cumulative stack tip first, then evaluate ancestors without treating ancestry as duplication."
1004,MASTER ADMIN REMEDIATION – Phase 2F.6 – Grafana Production Dashboards,true,main,cursor/master-admin-grafana-2f6-b5f0,f8528d98a50cc84278a6e6e672a772ba2ebfbab8,aaf8ee544f64803f68c6458e8530fc9074a9ff8d,f8528d98a50cc84278a6e6e672a772ba2ebfbab8,2,38,cross-cutting,true,true,false,false,NON_EMPTY,1003,1004,UNKNOWN,FAILURE,CUMULATIVE_STACK_TIP,HIGH,"commit reachability: 0/2 PR commits reachable from origin/main | patch equivalence: GIT_CHERRY_HAS_UNMATCHED_PATCHES; git cherry equivalent=0, unmatched=2, unrepresented=0 | three-dot diff origin/main...head: NON_EMPTY (38 paths) | GitHub target diff: 38 files, +8857/-224 | GitHub mergeability: UNKNOWN/UNKNOWN | branch ancestry: 182 open ancestors, 0 open descendants; base=main | file overlap: 25 paths overlap 548 open PRs","Phase 2: review the cumulative stack tip first, then evaluate ancestors without treating ancestry as duplication."
1005,Master Admin Remediation Phase 2F.7 — SLI/SLO definitions,true,main,cursor/master-admin-sli-slo-2f7-b5f0,f8528d98a50cc84278a6e6e672a772ba2ebfbab8,4ba0e6ec8f010fd65f50c2340d1d0ad610d43123,f8528d98a50cc84278a6e6e672a772ba2ebfbab8,1,11,master-admin,true,true,false,false,NON_EMPTY,887,1005,UNKNOWN,FAILURE,CUMULATIVE_STACK_TIP,HIGH,"commit reachability: 0/1 PR commits reachable from origin/main | patch equivalence: GIT_CHERRY_HAS_UNMATCHED_PATCHES; git cherry equivalent=0, unmatched=1, unrepresented=0 | three-dot diff origin/main...head: NON_EMPTY (11 paths) | GitHub target diff: 11 files, +873/-0 | GitHub mergeability: UNKNOWN/UNKNOWN | branch ancestry: 181 open ancestors, 0 open descendants; base=main | file overlap: 8 paths overlap 546 open PRs","Phase 2: review the cumulative stack tip first, then evaluate ancestors without treating ancestry as duplication."
1006,Master Admin Remediation Phase 2F.9 — Observability production acceptance,true,main,cursor/master-admin-observability-acceptance-2f9-b5f0,f8528d98a50cc84278a6e6e672a772ba2ebfbab8,8b4c9b106bfa4f4c7eda51204a1c77600e2ddfa1,6ff543fd0cbabb4dd6894eb3193fa32469eca4c0,11,104,cross-cutting,true,true,false,false,NON_EMPTY,1002,1006,UNKNOWN,FAILURE,CUMULATIVE_STACK_TIP,HIGH,"commit reachability: 8/11 PR commits reachable from origin/main | patch equivalence: GIT_CHERRY_HAS_UNMATCHED_PATCHES; git cherry equivalent=0, unmatched=3, unrepresented=0 | three-dot diff origin/main...head: NON_EMPTY (59 paths) | GitHub target diff: 104 files, +7457/-99 | GitHub mergeability: UNKNOWN/UNKNOWN | branch ancestry: 183 open ancestors, 0 open descendants; base=main | file overlap: 101 paths overlap 562 open PRs","Phase 2: review the cumulative stack tip first, then evaluate ancestors without treating ancestry as duplication."
1007,Master Admin Remediation Phase 2G.1 — Architecture conformance audit,true,main,cursor/master-admin-architecture-conformance-2g1-b5f0,f8528d98a50cc84278a6e6e672a772ba2ebfbab8,6e2adec4c4793dd3a205f512ab5df910fa1d8615,f8528d98a50cc84278a6e6e672a772ba2ebfbab8,1,1,documentation,true,true,false,false,NON_EMPTY,887,1008,UNKNOWN,NO_CHECKS_REPORTED,STACKED,HIGH,"commit reachability: 0/1 PR commits reachable from origin/main | patch equivalence: GIT_CHERRY_HAS_UNMATCHED_PATCHES; git cherry equivalent=0, unmatched=1, unrepresented=0 | three-dot diff origin/main...head: NON_EMPTY (1 paths) | GitHub target diff: 1 files, +466/-0 | GitHub mergeability: UNKNOWN/UNKNOWN | branch ancestry: 181 open ancestors, 1 open descendants; base=main | file overlap: 1 paths overlap 1 open PRs | all 1 changed files are documentation paths","Phase 2: review the cumulative stack tip first, then evaluate ancestors without treating ancestry as duplication."
1008,Master Admin Remediation Phase 2G.2 — End-to-end acceptance tests,true,main,cursor/master-admin-e2e-acceptance-2g2-b5f0,f8528d98a50cc84278a6e6e672a772ba2ebfbab8,93b5c16b102609736b9e167f687f89a024710fe3,f8528d98a50cc84278a6e6e672a772ba2ebfbab8,2,2,documentation,true,true,false,false,NON_EMPTY,1007,1008,UNKNOWN,NO_CHECKS_REPORTED,CUMULATIVE_STACK_TIP,HIGH,"commit reachability: 0/2 PR commits reachable from origin/main | patch equivalence: GIT_CHERRY_HAS_UNMATCHED_PATCHES; git cherry equivalent=0, unmatched=2, unrepresented=0 | three-dot diff origin/main...head: NON_EMPTY (2 paths) | GitHub target diff: 2 files, +1171/-0 | GitHub mergeability: UNKNOWN/UNKNOWN | branch ancestry: 182 open ancestors, 0 open descendants; base=main | file overlap: 1 paths overlap 1 open PRs | all 2 changed files are documentation paths","Phase 2: review the cumulative stack tip first, then evaluate ancestors without treating ancestry as duplication."
1009,docs: Master Admin RBAC acceptance audit (Phase 2G.3),true,main,cursor/master-admin-rbac-acceptance-2g3-b5f0,f8528d98a50cc84278a6e6e672a772ba2ebfbab8,451c322c51e654cb9ce9ee121f6a9d4819825455,f8528d98a50cc84278a6e6e672a772ba2ebfbab8,1,1,documentation,true,true,false,false,NON_EMPTY,887,1009,UNKNOWN,NO_CHECKS_REPORTED,CUMULATIVE_STACK_TIP,HIGH,"commit reachability: 0/1 PR commits reachable from origin/main | patch equivalence: GIT_CHERRY_HAS_UNMATCHED_PATCHES; git cherry equivalent=0, unmatched=1, unrepresented=0 | three-dot diff origin/main...head: NON_EMPTY (1 paths) | GitHub target diff: 1 files, +413/-0 | GitHub mergeability: UNKNOWN/UNKNOWN | branch ancestry: 181 open ancestors, 0 open descendants; base=main | all 1 changed files are documentation paths","Phase 2: review the cumulative stack tip first, then evaluate ancestors without treating ancestry as duplication."
1010,docs: Master Admin platform load validation (Phase 2G.4),true,main,cursor/master-admin-load-validation-2g4-b5f0,f8528d98a50cc84278a6e6e672a772ba2ebfbab8,db862c52b618fe3a4aa5184df128151c99c67ecc,f8528d98a50cc84278a6e6e672a772ba2ebfbab8,1,1,documentation,true,true,false,false,NON_EMPTY,887,1010,UNKNOWN,NO_CHECKS_REPORTED,CUMULATIVE_STACK_TIP,HIGH,"commit reachability: 0/1 PR commits reachable from origin/main | patch equivalence: GIT_CHERRY_HAS_UNMATCHED_PATCHES; git cherry equivalent=0, unmatched=1, unrepresented=0 | three-dot diff origin/main...head: NON_EMPTY (1 paths) | GitHub target diff: 1 files, +397/-0 | GitHub mergeability: UNKNOWN/UNKNOWN | branch ancestry: 181 open ancestors, 0 open descendants; base=main | all 1 changed files are documentation paths","Phase 2: review the cumulative stack tip first, then evaluate ancestors without treating ancestry as duplication."
1011,docs: Master Admin DSGVO/ISO compliance review (Phase 2G.5),true,main,cursor/master-admin-compliance-review-2g5-b5f0,f8528d98a50cc84278a6e6e672a772ba2ebfbab8,0001c3afdb2361fa4e1216e5a03981c470724148,f8528d98a50cc84278a6e6e672a772ba2ebfbab8,1,1,documentation,true,true,false,false,NON_EMPTY,887,1012,UNKNOWN,NO_CHECKS_REPORTED,STACKED,HIGH,"commit reachability: 0/1 PR commits reachable from origin/main | patch equivalence: GIT_CHERRY_HAS_UNMATCHED_PATCHES; git cherry equivalent=0, unmatched=1, unrepresented=0 | three-dot diff origin/main...head: NON_EMPTY (1 paths) | GitHub target diff: 1 files, +403/-0 | GitHub mergeability: UNKNOWN/UNKNOWN | branch ancestry: 181 open ancestors, 1 open descendants; base=main | file overlap: 1 paths overlap 1 open PRs | all 1 changed files are documentation paths","Phase 2: review the cumulative stack tip first, then evaluate ancestors without treating ancestry as duplication."
1012,docs: Master Admin final production readiness review (Phase 2G.6),true,main,cursor/master-admin-production-readiness-2g6-b5f0,f8528d98a50cc84278a6e6e672a772ba2ebfbab8,3c481d9bd3c5cc012dd5bfc712f9d16b83a907e8,f8528d98a50cc84278a6e6e672a772ba2ebfbab8,2,2,documentation,true,true,false,false,NON_EMPTY,1011,1012,NO_CONFLICT_REPORTED,NO_CHECKS_REPORTED,CUMULATIVE_STACK_TIP,HIGH,"commit reachability: 0/2 PR commits reachable from origin/main | patch equivalence: GIT_CHERRY_HAS_UNMATCHED_PATCHES; git cherry equivalent=0, unmatched=2, unrepresented=0 | three-dot diff origin/main...head: NON_EMPTY (2 paths) | GitHub target diff: 2 files, +726/-0 | GitHub mergeability: MERGEABLE/CLEAN | branch ancestry: 182 open ancestors, 0 open descendants; base=main | file overlap: 1 paths overlap 1 open PRs | all 2 changed files are documentation paths","Phase 2: review the cumulative stack tip first, then evaluate ancestors without treating ancestry as duplication."
1013,docs(master-admin): Phase 2G.7 go-live certification,true,main,cursor/master-admin-go-live-certification-2g7-b5f0,f8528d98a50cc84278a6e6e672a772ba2ebfbab8,da581048ddcb137922d4a4d09a055db4b4018798,f8528d98a50cc84278a6e6e672a772ba2ebfbab8,1,1,documentation,true,true,false,false,NON_EMPTY,887,1013,CONFLICTING,NO_CHECKS_REPORTED,CUMULATIVE_STACK_TIP,HIGH,"commit reachability: 0/1 PR commits reachable from origin/main | patch equivalence: GIT_CHERRY_HAS_UNMATCHED_PATCHES; git cherry equivalent=0, unmatched=1, unrepresented=0 | three-dot diff origin/main...head: NON_EMPTY (1 paths) | GitHub target diff: 1 files, +425/-0 | GitHub mergeability: CONFLICTING/DIRTY | branch ancestry: 181 open ancestors, 0 open descendants; base=main | all 1 changed files are documentation paths","Phase 2: review the cumulative stack tip first, then evaluate ancestors without treating ancestry as duplication."
